url,publisher,title,body,authors,topics,publishing_date,event_label,event_type,is_control,topic_id,topic_label
https://www.dw.com/ha/chadi-ta-bukaci-taimako-kan-yaki-da-taaddanci/a-70634731,Deutsche Welle,Chadi ta bukaci taimako kan yaki da ta'addanci,"Chadi ta nemi taimakon kasashen duniya bayan harin Boko Haram

Kasar Chadi ta bukaci gamaiyar kasa da kasa su kara azama ta fuskar taimako na yaki da ta'addanci a yankin Sahel, bayan harin mayakan Jihadi da ya kashe sojojin Chadi 40 a wani harin ba zata.

Kungiyar Jihadin a ranar Lahadin da ta gabata, ta kai hari kan wata bataliyar soji a yankin tafkin Chadi, yankin da ya yi kaurin suna wajen kungiyoyin yan bindiga a cewar wata sanarwa da mai magana da yawun rundunar sojin Abderaman Koulamallah ya fitar.

Majiyoyin sojin sun ce wasu mutanen kimanin 20 sun sami raunuka a harin.",Abdullahi Tanko Bala,Siyasa,2024-10-29,CONTROL_Polish_Womens_Strike_2020_2024,sustained,True,0,"In, The, To"
https://www.dw.com/ha/georgia-za-a-sake-kidayar-kuriu-a-wasu-mazabu/a-70634730,Deutsche Welle,Georgia: Za a sake kidayar kuri'u a wasu mazabu,"Hukumar zabe a kasar Georgia na shirin sake kidaya kuri'un wasu mazabu bayan da yan adawa suka yi korafin cewa an tafka magudi na satar kuri'iu. Sai dai shugaban kasar ya yi kiran gudanar da bincike na kasa da kasa.

Alkaluman sakamakon da hukumar zaben ta fitar a farko ya nuna jam'iyya mai mulki ta Georgian Dream Party na kan hanyar lashe zaben da gagarumin rinjaye inda ta sami kusan kashi 54 cikin dari na kuri'iun da aka kada.

Sakamakon ya kuma nuna kawancen Jam'iyyu hudu na adawa sun sami kashi 38 cikin dari na kuri'un

Jam'iyyun adawar dai da kuma shugabar kasar Salome Zourabichvili wadda ta yi kaurin suna wajen sukar lamirin gwamnatin Firaminista Irakil Kobakhidez sun ce an tafka magudi.

Dubban jama'a sun fita titunan Tbilisi don nuna fushinsu da sakamakon zaben.",Abdullahi Tanko Bala,"Siyasa, Jojiya",2024-10-29,CONTROL_Polish_Womens_Strike_2020_2024,sustained,True,0,"In, The, To"
https://www.dw.com/en/chinese-space-mission-blasts-off-to-test-lunar-bricks/a-70635495?maca=en-rss-en-all-1573-rdf,Deutsche Welle,Chinese space mission blasts off to test lunar bricks,"The Shenzhou-19 mission is set to carry out a number of experiments, including tests of bricks made of simulated lunar soil that could one day be used to build a research base on the moon.

Three Chinese astronauts blasted off on a mission to China's Tiangong space station in the early hours of Wednesday.

The Shenzhou-19 mission took off carrying crew leader Cai Xuzhe, Song Lingdong, and Wang Haoze, who is China's first female spaceflight engineer.

""Like everyone else, I dream of going to the space station to have a look,"" Wang told reporters.

""I want to meticulously complete each task and protect our home in space.""

Chinese astronauts to test lunar bricks

China is hoping to achieve a manned moon landing by 2030 and to construct a lunar research station by 2035.

To that end, the Shenzhou-19 mission crew is planning to conduct a number of experiments including testing how bricks made from simulated lunar soil withstand the high-radiation, low-gravity conditions of space.

China is aiming to build a future base out of bricks made from lunar soil due to the high cost associated with sending up construction materials from Earth.

""During the Shenzhou-19 flight ... 86 space sci-tech experiments will be carried out in the fields of space life sciences, microgravity physics, materials, medicine, new technologies,"" said Lin Xiqiang, deputy director of the China Manned Space Agency (CMSA).",,"Science, China",2024-10-29,CONTROL_Polish_Womens_Strike_2020_2024,sustained,True,0,"In, The, To"
https://www.dw.com/sq/shqip%C3%ABri-opozita-n%C3%AB-protest%C3%AB-mbar%C3%ABkomb%C3%ABtare-bllokon-akset-kryesore-n%C3%AB-vend/a-70635295,Deutsche Welle,Shqipëri: Opozita në protestë mbarëkombëtare,"Opozita në Shqipëri protestoi këtë të martë (29.10) duke e shtrirë në gjashtë akse kryesore të vendit “aktin e revoltës së mosbindjes civile”, e dyta radhazi pas asaj të 7 tetorit.

Protestuesit përsëritën kërkesat për formimin e një qeverie teknike deri në zgjedhjet parlamentare të vitit të ardhshëm, si dhe lirimin e liderëve të opozitës në Shqipëri. Protesta u shoqërua me djegie të gomave dhe disa përplasje mes protestuesve dhe policisë.

Opozita vijon ""mosbindjen civile”

Deputetët e opozitës shqiptare ndaluan makinat e tyre në mbikalimin e Kamzës, në hyrje të Tiranës, duke njoftuar zyrtarisht nisjen e protestës, prej orës 17:00 të së martës. E njëjta skenë u përsërit edhe në pesë rrethrrotullime të tjera të vendit, në Shkozet, Bradashesh, Rrogozhinë, Levan dhe Milot, duke sjellë bllokimin e qarkullimit rrugor. Vetëm autoambulancat u lejuan që të kalonin. Me qindra simpatizantë të djathtë iu bashkuan deputetëve në mosbindjen civile të nisur prej 7 tetorit, duke artikuluar për rreth tri orë kërkesën për krijimin e një kabineti teknik, që do ta udhëheqë vendin deri në zgjedhjet e pranverës së ardhshme. Po ashtu ata përsëriten thirrjet për lirimin e lidershipit të opozitës, kryetarin e Partisë Demokrate, Sali Berisha, dhe kryetarin e Partisë së Lirisë, Ilir Meta, ky i fundit i arrestuar nga SPAK gjatë javës së kaluar.

Protestuesit djegin goma dhe përplasen me policinë

Protesta e opozitës e përqëndruar në akset kryesore të vendit, u shoqërua me diegie të gomave dhe me disa momente tensioni mes mbështetësve të opozitës dhe policisë së shtetit. Kjo e fundit kërkoi disa herë nga protestuesit që të zhbllokonin rrugët për të bërë të mundur kalimin e automjeteve, duke hasur në kundështimin e tyre.

""Kauza e opozitës është për votën e lirë dhe një Shqipëri demokratike” – u shpreh Sekretari i Përgjithshëm i PD, Flamur Noka. Më tej ai paralajmëroi se opozita do ta vijojë mosbindjen civile përmes akteve të tjera ""deri në rrëzimin e regjimit të Edi Ramës”. Protestës së opozitës iu bashkua në rrethrrotullimin e Kamzës, aty ku u arrestua gjatë javës së kaluar ish-presidenti Ilir Meta, edhe sekretari i përgjithshëm i Partisë së Lirisë, Tedi Blushi. Ai lëshoi akuza ndaj drejtësisë shqiptare, teksa bëri thirrje se kjo lëvizje e opozitës do të përshkallëzohet edhe më tej, në një përballje ""dhëmb për dhëmb” me qeverinë. Protesta e 29 tetorit u njoftua nga kryetari i partisë demokrate,Sali Berisha, gjatë një komunikimi me gazetarët, vetëm pak orë pas arrestimit të ish- presidentit, Ilir Meta, aleatit të tij në opozitë. Berisha e cilësoi arrestimin e Metës si politik, dhe drejtësinë të vendosur nën urdhërat e kryeministrit të Shqipërisë, Edi Rama. Opozita ka paralajmëruar se ""mosbindja civile” - siç e cilësojnë ata këtë lëvizje, do të vijojë edhe më tej, por ende nuk kanë përcaktuar një datë të radhës.",Rashela Shehu,"Politikë, Shqipëri",2024-10-29,CONTROL_Polish_Womens_Strike_2020_2024,sustained,True,1,"De, En, La"
https://www.dw.com/ru/ft-moskva-i-kiev-vedut-peregovory-o-prekrasenii-udarov-po-energoobektam/a-70635668,Deutsche Welle,FT: РФ и Киев обсуждают прекращение ударов по энергообъектам,"Представители воюющих сторон находятся на этапе консультаций по поводу приостановки взаимных ударов по объектам энергоинфраструктуры, пишет газета Financial Times со ссылкой на источники. Посредником выступает Катар.

По словам осведомленных источников британской газеты Financial Times (FT), среди которых ""высокопоставленные украинские чиновники"", Украина и Россия ведут предварительные переговоры о прекращении взаимных ударов по энергетической инфраструктуре каждой из сторон. ""Киев стремился возобновить переговоры при посредничестве Катара, которые в августе были близки к соглашению, но были сорваны вторжением Украины в Курскую область"", - говорится в материале газеты, опубликованном во вторник, 29 октября.

FT уточняет, что на данном этапе речь идет об ""очень ранних переговорах о возможном перезапуске чего-либо"", ссылаясь на слова осведомленного о переговорах дипломата. ""Соглашение ознаменовало бы самую значительную деэскалацию войны с тех пор, как президент России Владимир Путин отдал приказ о полномасштабном вторжении в Украину"", - пишет Financial Times. Собеседники FT предположили, что Москва вряд ли пойдет на такую сделку, пока в Курской области РФ продолжают находиться военнослужащие Вооруженных сил Украины (ВСУ). По данным газеты, на данный момент ВСУ контролируют около 600 кв. км российской территории.

Катар начал выступать посредником в этих переговорах в июне после того, как по инициативе президента Украины Владимира Зеленского прошел мирный саммит в Швейцарии, на который Россия не была приглашена, отмечает Financial Times.

Стороны нанесли значительный урон инфраструктурам

В рамках украинской военной кампании с начала 2024 года ударам подверглись по меньшей мере девять из 32 крупнейших нефтеперерабатывающих заводов России, приводит собственные данные FT, уточняя также, что на ""пике атак"" в мае пострадало 17 процентов нефтеперерабатывающих мощностей РФ, но с тех пор большая их часть была восстановлена.

При этом ""удары России на атаки Киева погрузили большую часть Украины во временную темноту и сократили 9 ГВт мощности генерации электроэнергии - половину того, что Украине было нужно, чтобы пережить зиму"", - говорится в материале.

Зеленский - за взаимный отказ от ударов по энергообъектам

Взаимное прекращение ударов по объектам энергетической инфраструктуры может стать первым шагом к завершению активных боевых действий в Украине, заявил 23 октября президент Украины в интервью FT. ""Мы видели во время первого мирного саммита, что возможно решение по энергетической безопасности. Иными словами, мы не атакуем их энергетическую инфраструктуру, они - нашу. Может ли это привести к завершению горячей фазы этой войны? Я думаю, да"", - сказал Зеленский.

Он также потребовал, чтобы Россия прекратила удары по грузовым судам в украинских портах (Москва утверждает, что удары наносятся по военным грузам). По данным ООН, только за период с 1 сентября удары РФ по украинским черноморским портам повредили шесть гражданских судов и инфраструктуру для загрузки зерна. При этом Зеленский уверен, что Россия будет дожидаться результатов президентских выборов в США и лишь потом примет решение, идти ли на переговоры с Киевом.

Путин исключил уступки Украине на возможных переговорах

Россия готова идти на ""разумные компромиссы с Украиной"", но прямые переговоры на данный момент не ведутся, заявил президент России 25 октября. ""Мы готовы искать компромиссы, мы готовы идти на эти компромиссы разумные. Но я сейчас не хочу вдаваться в детали, потому что предметных переговоров нет, противная сторона отказывается от этого"", - сказал Путин.

По его словам, речь не идет об уступках и ""разменах"". ""Исход должен быть в пользу России, я говорю прямо, без всякого стеснения, и должен исходить из тех реалий, которые складываются на поле боя. Без всяких сомнений, никаких уступок мы здесь делать не собираемся, никаких разменов не будет"", - продолжил российский президент.

В свою очередь, Владимир Зеленский неоднократно подчеркивал, что единственный путь к справедливости - ""исключительно украинская формула мира, нормы международного права, территориальная целостность и суверенитет Украины"".",Роман Сулима,"Конфликты, Украина",2024-10-30,CONTROL_Polish_Womens_Strike_2020_2024,sustained,True,3,"За, На, Рф"
https://www.dw.com/en/us-election-harris-says-trump-wants-unchecked-power/live-70625066?maca=en-rss-en-top-1022-rdf,Deutsche Welle,US election: Harris says Trump wants 'unchecked power',"As Donald Trump campaigned in Pennsylvania, Kamala Harris delivered a plea to voters at the same spot where her rival spoke before the Capitol riots on January 6, 2021. Follow DW's election digest.

Polls show the US presidential election is on a knife's edge with both candidates neck and neck. Vice President Kamala Harris and former President Donald Trump are making their final pitches in key battlegrounds as they face off in the race for the White House with 7 days to go.

Democrat presidential candidate Kamala Harris told tens of thousands of people gathered in Washington DC that her Republican opponent, Donald Trump, is seeking ""unchecked power"" as president.

""We know who Donald Trump is,"" Harris said, adding that the former president ""sent an armed mob"" to the US Capitol in an attempt to overturn the results of the 2020 election.

""This is someone who is unstable, obsessed with revenge, consumed with grievance and out for unchecked power,"" Harris said at the Ellipse, the site near the White House where Trump addressed his supporters on January 6, 2021, before they attacked the US Capitol.

Trump ""has spent a decade trying to keep the American people divided and afraid of each other: That's who he is,"" Harris said. ""But America, I am here tonight to say: That's not who we are.""

Harris promised to ""put country above party and above self"" as she delivered the ""closing argument"" of her presidential campaign.

The rally, which comes just a week before Election Day, drew 75,000 people, according to the organizers. The number could not be immediately verified.

Large crowds have turned out to hear Vice President Kamala Harris deliver her campaign's ""closing argument"" in front of the White House in Washington DC.

Organizers told police they expect the rally may attract more than 50,000 people, NBC4 Washington reported.

One voter attending the event, 21-year-old Liam, told DW correspondent Carla Bleiker he's excited about the possibility of the US getting its first female president.

""We need change in this country, and I think a woman could do that,"" he said.

The rally is taking place at the same spot where former President Donald Trump spoke on January 6, 2021, before his supporters staged an assault on the US Capitol.

The US Supreme Court has rejected a bid by former independent presidential candidate Robert F. Kennedy Jr. to be removed from the November 5 ballot in Wisconsin and Michigan.

Kennedy suspended his campaign in August and endorsed former President Donald Trump's candidacy. Kennedy has urged his supporters everywhere to support the Republican nominee and has withdrawn from the ballot in a number of Republican-leaning states.

Michigan and Wisconsin are among a handful of battleground states expected to determine the outcome of the race between Trump and Democrat Kamala Harris.

Kennedy, an environmental lawyer and anti-vaccine activist known by his initials RFK Jr., has sought Supreme Court intervention in his attempts to stay on the ballot in some states while dropping out in others.

Many in Iran believe that a Harris victory would mean a continuation of the status quo in their country, and are hopeful that a Trump victory could remove the Islamic regime from power.

""Trump's statements are perceived selectively not only in the US but also in Iran,"" Iranian political journalist Fariba Pajooh told DW.

""Many Iranians believe he could topple the regime in Iran,"" and end the country's economic crisis, Pajooh said, bu also pointed out that Trump has never said he intends to take down the government in Tehran.

Read more: Why many in Iran want Donald Trump to win the US election

Politicians say the only poll that matters is the one on election day, and right now, polls are pointing to a historically tight race between Kamala Harris and Donald Trump.

Polls might show Harris leads Trump by around 2%, but it's also true that Trump has never been closer in the national polls to a Democratic rival.

Even though most pollsters correctly predicted Joe Biden's 2020 election win, his eventual margin over Trump was far closer than pre-election polls suggested.

There's an art to the science of correctly representing the opinions of hundreds of millions of American voters. We asked pollsters how it's done.

Speaking at a campaign event in his Mar-a-Lago resort in Florida, Trump spoke of his New York rally days earlier that featured speakers who made offensive and racist remarks.

A comedian at that event had joked about Puerto Rico, a US territory, calling it a ""floating island of garbage.""

""Politicians that have been doing this for a long time — 30 and 40 years — said there's never been an event so beautiful. It was like a love fest, an absolute love fest, and it was my honor to be involved,"" Trump said of his Sunday rally at Madison Square Garden.

Trump, however, did not directly address the backlash.

The Republican nominee is set to head later to the battleground state of Pennsylvania.

US entertainment news magazine People published exclusive statements from Barbara Pierce Bush on Tuesday, the daughter of former President George W. Bush, in support of Vice President Harris.

Bush told the magazine that she spent the weekend campaigning in Pennsylvania for Harris and her VP nominee Tim Walz.

""It was inspiring to join friends and meet voters with the Harris-Walz campaign in Pennsylvania this weekend,"" the 42-year-old said. ""I’m hopeful they'll move our country forward and protect women's rights.""

Bush has previously said that she is not a member of any US political party.

Kamala Harris is set to deliver her ""closing arguments"" speech at the same spot in Washington, DC where her rival Trump addressed a crowd of supporters shortly before they stormed the US Capitol on January 6, 2021.

The Ellipse, a park outside the White House, is preparing to welcome some 20,000 Harris supporters.

Her campaign said in a statement that the former prosecutor would deliver a ""major closing argument"" and ""make the case that it is time to turn the page on Trump and chart a new way forward.""

The speech is set to be an ""optimistic and hopeful message"" to voters, the campaign said, following rumblings from within the Democratic party that she has focused too much on Trump and not enough on her policy proposals in recent days.

Despite framing the speech as ""closing,"" Harris is still on track to keep up a grueling campaign schedule through Election Day on November 5.

Both Republicans and Democratics have highlighted the US' strategic partnership with India on the campaign trail. But what do Indians think? Our video looks into what awaits New Delhi and Washington after the Election Day.

The United States is made up of 50 states, but when it comes to presidential elections, some states matter more than others.

While many ""safe states"" usually vote reliably one way or the other, ""swing states"" could be won by either the Democratic or Republican candidate. This toss-up potential makes them attractive to candidates since these votes could push the election either way.

Over the years, the list of swing states has changed because of things like population, demographics or moves on wider cultural issues. Still, for US voters, the economy and inflation are at the top of the list of important issues.

The main battleground states to watch this election are Nevada, Arizona, Wisconsin, Michigan, Pennsylvania, North Carolina and Georgia.

Each swing state has its own set of key issues. DW takes a deeper look into each state.

US media outlets reported that longtime Trump ally Steve Bannon was released from a Connecticut prison.

He was serving a four-month sentence for defying a subpoena to appear before a congressional hearing regarding the January 6, 2021 riots.

Bannon was found guilty of contempt of Congress in 2022. He reported to jail in July after the Supreme Court declined to accept his bid to stay out of prison as he appeals his conviction.

The 70-year-old Breitbart News chairman is expected to resume his popular arch-conservative podcast following his release.

The US presidential race between Trump and Harris will be decided in the swing states, the biggest of which is Pennsylvania. We visited the state to get a sense of the political mood there:

Democratic candidate Harris is scheduled to deliver her campaign's ""closing argument"" speech at an event in Washington DC, while former First Lady Michelle Obama stumps for the vice president in the battleground state of Georgia.

Trump will also be campaigning in a swing state, holding a rally in Pennsylvania.

Arizona will be running a mock election to test its voting systems after Trump and some Republicans falsely claimed its voting machines malfunctioned in 2020.

At a rally in New York to begin the week, a comedian supporting Trump called US territory Puerto Rico a ""floating pile of garbage,"" prompting outrage so severe the campaign issued a rare statement walking back the comment.

In the Pacific Northwest, incendiary devices were set off at two ballot drop boxes, destroying hundreds of ballots.

The early morning fire at the drop box in Portland, Oregon, was extinguished quickly thanks to a suppression system inside the box as well as a nearby security guard, police said, and just three ballots were damaged there.

But within a few hours, another fire was discovered at a transit center drop box across the Columbia River in Vancouver, Washington.

In Pennsylvania, one of the most hotly contested swing states, a district attorney filed a lawsuit seeking to stop Elon Musk and his pro-Trump political action committee (or ""PAC"") from giving away $1 million each day to a random registered voter in a US swing state.

He described the action as an ""illegal lottery"" and also said it might interfere with the integrity of the elections.",,"Politics, United States of America",2024-10-29,CONTROL_Polish_Womens_Strike_2020_2024,sustained,True,0,"In, The, To"
https://www.dw.com/es/austria-atribuye-a-hezbol%C3%A1-ataque-que-hiri%C3%B3-a-8-de-sus-cascos-azules/a-70635898,Deutsche Welle,Austria atribuye a Hezbolá ataque que hirió a cascos azules,"El Gobierno austríaco descartó una retirada de los soldados austríacos del contingente de la FINUL.

El Gobierno de Austria atribuyó este martes (29.10.2024) al grupo chií libanés Hezbolá el ataque con cohetes en el que resultaron heridos levemente ocho soldados de ese país, que participan en la misión de mantenimiento de paz de la ONU en el sur del Líbano (FINUL).

""Condenamos de la forma más rotunda en grave incidente de hoy, presumiblemente causado por Hezbolá o por grupos aliados, y reclamamos una rápida investigación"", declaró el canciller federal (primer ministro), Karl Nehammer, acerca de ese ataque al cuartel general de FINUL en Naqura.

Nehammer afirmó que la labor de las tropas de la ONU es decisiva para mantener la estabilidad en regiones en crisis y afirmó que Austria, un país que no es miembro de la OTAN, participa activamente en esas misiones de paz.

""La seguridad de los cascos azules debe quedar garantizada en todo momento"", exigió.

También el ministro de Exteriores, Alexander Schallenberg, condenó las acciones de Hezbolá y reclamó un inmediato cese del lanzamiento de cohetes por parte de ese grupo contra Israel.

Ataques a Líbano

Los ataques israelíes del lunes contra distintas localidades del Líbano causaron al menos 82 muertos y 180 heridos, con lo que se eleva a 2.792 el número de muertos desde el estallido del conflicto armado entre Israel y Hezbolá, informó este martes el Ministerio de Salud Pública libanés.

Schallenberg telefoneó a su homólogo libanés, Bou Habib, en relación al ataque en el que quedaron heridos los soldados austríacos de FINUL, según un comunicado de Exteriores de Austria.

""El hecho de que los soldados de la FINUL vuelvan a ser víctimas de ataques es absolutamente inaceptable y constituye una violación del derecho internacional"", denunció el Ministerio de Exteriores de Austria en esa nota.

La FINUL también responsabilizó a ""Hezbulá o a algún grupo afín"" del ataque contra su cuartel general de Naqura.

El Gobierno de Austria descartó una retirada de los soldados austríacos del contingente de la FINUL.",,"Conflictos, Austria",2024-10-30,CONTROL_Polish_Womens_Strike_2020_2024,sustained,True,1,"De, En, La"
https://www.dw.com/ar/%D9%88%D8%A7%D8%B4%D9%86%D8%B7%D9%86-%D8%AA%D8%B7%D9%84%D8%A8-%D9%85%D9%86-%D8%A5%D8%B3%D8%B1%D8%A7%D8%A6%D9%8A%D9%84-%D8%AA%D9%88%D8%B6%D9%8A%D8%AD%D8%A7-%D8%A8%D8%B4%D8%A3%D9%86-%D8%BA%D8%A7%D8%B1%D8%A9-%D9%85%D8%B1%D9%88%D8%B9%D8%A9-%D8%B4%D9%85%D8%A7%D9%84%D9%8A-%D8%BA%D8%B2%D8%A9/a-70635342,Deutsche Welle,"واشنطن تطلب من إسرائيل توضيحا بشأن غارة ""مروعة"" شمالي غزة","قالت واشنطن إنها طلبت من إسرائيل توضيحا بشأن غارة ""مروعة"" في شمال غزة. وقالت مصادر فلسطينية إنها أسفرت عن مقتل وفقدان ما لا يقل عن 93 فلسطينيا في المجمل، فيما قال الجيش الإسرائيلي إنه يدقق في هذه المعلومات.

أعربت الولايات المتحدة الثلاثاء (29 تشرين الأول/أكتوبر 2024) عن قلقها إزاء غارة إسرائيلية ""مروعة"" في شمالغزة أسفرت عن مقتل عدد كبير من الضحايا إنها طلبت من حليفتها إجابات.

وقال المتحدث باسم وزارة الخارجية الأمريكية ماثيو ميلر للصحافيين ""نشعر بقلق عميق إزاء مقتل مدنيين في هذه الحادثة. إنها حادثة مروعة نتيجتها مروعة""، مشيرا إلى ""تقارير عن مقتل عشرين طفلا"" في القصف الذي دمر مبنى مكونا من خمسة طوابق في بيت لاهيا في شمال قطاع غزة المحاصر. وأضاف ميلر ""لقد تواصلنا مع الحكومة الإسرائيلية لنسألها عما حدث"".

وقالت وزارة الصحة التابعة لحناس في غزة إن هناك 93 فلسطينيا على الأقل بين قتيل ومفقود وأُصيب عشرات آخرون في قصف إسرائيلي استهدف مبنى سكنيا ببلدة بيت لاهيا في شمال القطاع اليوم الثلاثاء. وقال مسعفون إن 20 طفلا على الأقل من بين القتلى.

من جانبه قال بيان: ""الجيش الإسرائيلي على علم بالتقارير التي تفيد بإصابة مدنيين اليوم (الثلاثاء) في منطقة بيت لاهيا. ويجري النظر في تفاصيل الحادث""، حسب ما نقلت وكالة الأنباء الألمانية (د ب أ).

وفي رد على سؤال لوكالة فرانس برس، قال الجيش الإسرائيلي انه يدقق في هذه المعلومات.

وكثيرا ما يشكك الجيش الإسرائيلي في عدد القتلى الذي تنشره سلطات حماس، قائلا إنه غالبا ما يكون مبالغا فيه.

وأضاف الجيش في البيان، ""يقوم جيش الدفاع الإسرائيلي بعمليات محددة الأهداف ويبذل جهودا لتجنب إلحاق الأذى بالمدنيين غير الضالعين (في عمليات). ونؤكد أن المنطقة تم إخلاؤها من قبل جيش الدفاع الإسرائيلي وهي حاليا منطقة قتال نشطة"".

وكرر المتحدث باسم الخارجية الأمريكية دعوة الولايات المتحدة إلى إنهاء الحرب في غزة عن طريق التفاوض. واعتبر ميلر أن ""التكلفة المأسوية التي تكبدها المدنيون"" في الضربة الأخيرة ""هي تذكير آخر بالسبب الذي يجعلنا بحاجة إلى إنهاء هذه الحرب"". وتابع ""لقد مضى عام على الحملة العسكرية التي تشنها حكومة إسرائيل في غزة، وقد نجحت إسرائيل في تقويض القدرات العسكرية لحماس، كما نجحت في تقويض قيادة حماس، ومن خلال عملها العسكري نجحت في ضمان عدم قدرة حماس على تكرار هجمات السابع من تشرين الأول/أكتوبر"" 2023 التي أشعلت شرارة الحرب.

كذلك، أعربت الخارجية الأمريكية مجددا عن قلقها إزاء إقرار الكنيست الإسرائيلي الاثنين قانونا يحظر وكالة الأمم المتحدة لغوث وتشغيل اللاجئين الفلسطينيين (الأونروا) رغم دعوات دول غربية للامتناع عن ذلك.

وفي وقت سابق من هذا الشهر، حذّر وزير الخارجية أنتوني بلينكن ووزير الدفاع لويد أوستن إسرائيل من أن الولايات المتحدة قد تحجب المساعدات العسكرية في حال عدم زيادة المساعدات الإنسانية إلى غزة.

وقال ميلر إن بلينكن ""أوضح أننا نعارض تمرير هذا التشريع، وأوضح أنه قد تكون هناك تداعيات قانونية وسياسية لتنفيذ هذا التشريع"".

وعند سؤاله عن توجه النرويج إلى محكمة العدل الدولية لتوضيح واجبات إسرائيل في ما يتعلق بالمساعدات، قال ماثيو ميلر عن إسرائيل ""من المؤكد أن لديهم واجبا قانونيا بالسماح بدخول المساعدات الإنسانية وعدم إقامة حواجز على الطرق أمام المساعدات الإنسانية للناس في غزة"".

ويشار أن حركة حماس، وهي مجموعة مسلحة فلسطينية إسلاموية، تصنفها ألمانيا والاتحاد الأوروبي والولايات المتحدة ودول أخرى على أنها منظمة إرهابية.

خ.س/ع.ج.م/ه.د (أ ف ب، رويترز، د ب أ)",,"سياسة, إسرائيل",2024-10-29,CONTROL_Polish_Womens_Strike_2020_2024,sustained,True,6,"به, در, های"
https://www.dw.com/fa-ir/%D8%A8%D8%AD%D8%AB-%D8%AF%D8%B1-%D8%A2%D9%84%D9%85%D8%A7%D9%86-%D8%AF%D8%B1-%D8%A8%D8%A7%D8%B1%D9%87-%D9%88%D8%A7%DA%A9%D9%86%D8%B4%D9%87%D8%A7%DB%8C-%D8%A8%D8%B9%D8%AF%DB%8C-%D8%A8%D9%87-%D8%A7%D8%B9%D8%AF%D8%A7%D9%85-%D8%AC%D9%85%D8%B4%DB%8C%D8%AF-%D8%B4%D8%A7%D8%B1%D9%85%D9%87%D8%AF/a-70634806,Deutsche Welle,بحث در آلمان در باره واکنش‌های بعدی به اعدام جمشید شارمهد,"در آلمان این بحث جاری است که علاوه بر اعتراض دیپلماتیک به ایران چه اقدامات دیگری را می توان در در رابطه با اعدام جمشید شارمهد به کار گرفت. اخراج سفیر و بستن کنسولگری فرانکفورت یا تشدید تحریم ها از جمله موارد بحث هستند.

در پی اجرای حکم اعدام جمشید شارمهد، تبعه ایرانی- آلمانی در ایران، دولت فدرال آلمان در اولین اقدام، کاردار سفارت ایران را احضار کرد، رویه ای متداول که برای ابراز اعتراض رسمی در سطح دیپلماتیک استفاده می شود.

آنالنا بربوک، وزیر خارجه آلمان در واکنش به اعدام شارمهد آن را به وضوح یک ""ترور"" توصیف کرد و سفیر آلمان در تهران نیز مراتب اعتراض خود را به وزیر خارجه ایران ابلاغ کرد. سفیر آلمان در تهران نیز به برلین فراخوانده شده تا در مورد واکنش های بعدی به اقدام ایران با او رایزنی شود. صدراعظم آلمان نیز اعدام شارمهد را ""یک رسوایی"" خواند.

به نوشته سایت شبکه اول تلویزیون آلمان، انتظار نمی رود که دولت آلمان به این اقدامات معمول دیپلماتیک بسنده کند. اقدامات مختلفی در حال حاضر مورد بحث است که از تشدید تحریم ها تا کاهش سطح روابط دیپلماتیک را شامل می شود.

""اخراج سفیر و بستن کنسولگری فرانکفورت""

فریدریش مرتس، رهبر حزب اپوزیسیون دموکرات مسیحی که وکالت سیاسی شارمهد را به عهده گرفته بود گفته است که از اخراج سفیر ایران حمایت می کند، اقدامی که آشکارا به معنای کاهش سطح روابط دیپلماتیک با ایران است. مشکل اما این است که ایران در حال حاضر سفیری در برلین ندارد. سفیر قبلی در ژوئیه فراخوانده شد و جانشینی هنوز اعزام نشده است. از نظر محافل سیاسی در برلین اگر تهران تعیین سفیر را همچنان به تعویق بیاندازد، عملا اقدام مورد نظر مرتس بلاموضوع و بی نتیجه خواهد بود.

پیشنهاد دیگری که در حزب اپوزیسیون مطرح است بستن کنسولگری ایران در فرانکفورت است، اقدامی که وزیر خارجه آلمان قبلا با آن مخالفت کرده است. در وزارت خارجه این نگرانی وجود دارد که جمهوری اسلامی در اقدامی متقابل سفارت آلمان در تهران را ببندد. این بدان معناست که آلمان یک حلقه اصلی تماس و منبع اطلاعات مهم خود را از دست خواهد داد.

از دیرباز درخواست هایی مبنی بر تشدید تحریم های اقتصادی موجود یا اعمال تحریم های جدید هم مطرح شده است. آلمان همچنان یکی از مهمترین شرکای تجاری ایران است. به همین دلیل است که از دیدگاه یورگن هارت، کارشناس سیاست خارجی حزب اپوزیسیون دمکرات مسیحی، قطعاً ایران باید بداند که هر اعدام سیاسی عواقب مستقیم و محسوسی دارد. او پیشنهاد کرده است که با هر اقدام ایران در نقض حقوق بشر یا بی ثبات کردن اوضاع منطقه فهرستی از کالاهایی که به این کشور صادر می شود مشمول تحریم شود.

صادرات آلمان به ایران از جمله ماشین آلات و دستگاه ها و کالاهای پزشکی و دارویی را شامل می شود، از این رو این نگرانی وجود دارد که تحریم ها در این زمینه احتمالاً پیامدهای محسوسی برای مردم و جامعه ایران داشته باشد.

حساسیت و پیامدهای اقداماتی که مطرح شده اند

همچنین مدتی است که در سطح اتحادیه اروپا درباره واردکردن سپاه پاسداران ایران به فهرست تروریستی این اتحادیه بحث های مختلفی جاری است. سپاه پاسداران نه تنها تکیه گاه رژیم ملاها در امور امنیتی و کنترل جامعه به شمار می رود، بلکه سهمی عمده در اقتصاد ایران دارد. لذا واردکردن آن در فهرست تروریستی اتحادیه اروپا می تواند رابطه با ایران را به کلی تغییر می دهد، موضوعی که با توجه به مناقشه خاورمیانه امر کم پیامدی نیست.

برای تهران، دولت آلمان از دیرباز و بسیار پیش تر از مذاکرات هسته ا ی با ایران یک طرف تماس مهم در اروپا بوده و هست. اما به نوشته سایت شبکه اول تلویزیون آلمان، اعدام شارمهد می تواند به تغییر جدی در روابط بیانجامد. بسیاری از ناظران سیاسی در آلمان و اروپا اکنون دیپلماسی آرام و تلاش دپپلماتیک پشت پرده برای برای یافتن راه حل را شکست خورده و مستلزم تجدیدنظر می دانند. در مورد شارمهد، علیرغم تلاش های فشرده، دولت فدرال حتی قادر به جلب نظر مساعد تهران برای حمایت کنسولی از او هم نشد، چه رسد به اینکه بتواند با رویکردهای تا کنونی او را آزاد کند.",,"سیاست, آلمان",2024-10-29,CONTROL_Polish_Womens_Strike_2020_2024,sustained,True,6,"به, در, های"
https://www.dw.com/es/eeuu-hija-de-george-bush-llama-a-votar-por-kamala-harris/a-70635491,Deutsche Welle,EE.UU.: hija de George Bush llama a votar por Kamala Harris,"Barbara Pierce Bush, hija y nieta de expresidentes republicanos, dijo en una entrevista que apoya a la demócrata e incluso ha hecho campaña a favor de ella.

Una de las hijas del expresidente republicano George W. Bush (2001-2009), Barbara Pierce Bush, pidió el voto para la candidata demócrata, la vicepresidenta Kamala Harris, en la reñida carrera por la Casa Blanca e hizo campaña por ella durante el fin de semana en el disputado estado de Pensilvania, reveló este martes (29.10.2024) la revista People.

Barbara Pierce, de 42 años y que además es nieta del expresidente republicano George H.W. Bush, dijo en una entrevista con dicha publicación que dice tener la esperanza de que los demócratas hagan avanzar a Estados Unidos y ""protejan los derechos de las mujeres"". ""Fue inspirador reunirme con amigos y conocer a votantes con la campaña Harris-Walz en Pensilvania este fin de semana"", apuntó.

Su decisión fue celebrada por la exlegisladora Liz Cheney, hija del exvicepresidente (durante el mandato de Bush) Dick Cheney, y una de las voces más críticas del expresidente Donald Trump desde la derecha. ""Gracias, Barbara Bush, por defender la verdad, la decencia y la libertad"", apuntó a través de un mensaje en la red social X (Twitter). Liz Cheney pidió el voto para Harris, al igual que su padre.

""EE.UU. no puede retroceder”

Harris también obtuvo el respaldo de Susan Ford Bales, la hija de otro expresidente republicano, el fallecido Gerald Ford, quien asumió el cargo después de que Richard Nixon renunciara tras el escándalo del Watergate en 1974. ""Estados Unidos no puede retroceder a un paradigma divisivo de odio mutuo y desdén por nuestra Constitución"", apuntó Bales el 21 de octubre.

Algunos republicanos desengañados con la retórica de Trump sobre temas como la migración y la democracia han respaldado a Harris. Por su parte, George Bush, de 78 años, y la exprimera dama Laura Bush, no han participado por el momento en la campaña y no han opinado sobre las elecciones presidenciales de 2024, sin ofrecer su apoyo tampoco a Donald Trump.

Barbara Pierce Bush, que en el pasado se ha declarado a favor del derecho al aborto -tema central de la campaña de Harris- se define como independiente.",,"Política, Estados Unidos",2024-10-29,CONTROL_Polish_Womens_Strike_2020_2024,sustained,True,1,"De, En, La"
https://www.dw.com/pt-br/antonio-guterres-diz-que-unrwa-%C3%A9-indispens%C3%A1vel-em-gaza/a-70635480,Deutsche Welle,"Antonio Guterres diz que UNRWA é ""indispensável"" em Gaza","Secretário-geral da ONU lamenta decisão do parlamento israelense de vetar atuação da principal agência de ajuda humanitária; bombardeios deixam centenas de mortos em Gaza nesta terça, incluindo crianças.

O Secretário-Geral das Nações Unidas, Antonio Guterres, disse nesta terça-feira (29/10) que a decisão de proibir a atuação da agência de refugiados palestinos da ONU (UNRWA) em Israel ""pode ter consequências devastadoras para os refugiados palestinos no Território Palestino Ocupado, o que é inaceitável"".

""Em meio a toda essa agitação, a UNRWA, mais do que nunca, é indispensável. A UNRWA, mais do que nunca, é insubstituível"", disse Guterres, em comunicado.

O Knesset – o parlamento israelense – aprovou na segunda-feira, com maioria esmagadora, duas leis que ameaçam o trabalho de ajuda da UNRWA na Faixa de Gaza, apesar das objeções dos Estados Unidos e dos alertas do Conselho de Segurança da ONU.

As leis têm o poder de proibir as operações da UNRWA em territórios israelenses e dissolver a organização, classificada por Israel como uma organização terrorista.

A agência da ONU é a principal fornecedora de ajuda humanitária na Faixa de Gaza. A decisão do parlamento israelense pode ameaçar não só o seu trabalho, como gerar um efeito cascata em toda a ajuda ao enclave, dado o controle de travessias de fronteira por Israel.

O governo israelense acusa a UNRWA de estar envolvida no ataque terrorista de 7 de outubro, alegando que a organização de ajuda foi infiltrada pelo Hamas.

As alegações levaram vários países doadores — incluindo os Estados Unidos, a União Europeia e a Alemanha — a suspender as contribuições para a UNRWA.

A ONU iniciou uma investigação interna sobre as acusações. Em uma declaração publicada em 5 de agosto de 2024, disse que nove funcionários da UNRWA foram demitidos devido a um possível envolvimento nos ataques liderados pelo Hamas contra Israel em 7 de outubro de 2023. Denúncias contra dez outros funcionários não puderam ser comprovadas.

Bombardeios israelenses matam mais de cem

Nesta terça-feira (29/10), um dia após a decisão do parlamento israelense, dois ataques aéreos mataram mais de cem palestinos no norte da Faixa de Gaza, incluindo dezenas de mulheres e crianças, conforme informou o Ministério da Saúde de Gaza.

Um dos bombardeios destruiu um prédio residencial de cinco andares que abrigava famílias deslocadas pela guerra na área densamente povoada de Beit Lahiya.

Israel intensificou seus ataques aéreos e operações terrestres no norte de Gaza nas últimas três semanas, sob o argumento de que quer eliminar militantes do Hamas que se reagruparam após mais de um ano de guerra.

De acordo com autoridades palestinas, as forças israelenses mataram mais de mil pessoas nesse cerco recente ao norte da Faixa.

Em pouco mais de um ano de acirramento do conflito, mais de 40 mil palestinos foram mortos, a maioria civis. O conflito também obrigou quase toda a população palestina a se deslocar – há cerca de 2,3 milhões de pessoas vivendo em tendas improvisadas, sem acesso a itens e serviços básicos como água potável, comida e assistência médica.

Ajuda humanitária insuficiente

O porta-voz do Departamento de Estado americano, Matthew Miller, afirmou que autoridades dos Estados Unidos entraram em contato com Israel para pedir explicações sobre o que aconteceu em Beit Lahiya nesta terça.

""Estamos profundamente preocupados com a perda de vidas civis neste incidente. Foi um incidente horrível com um resultado horrível"", declarou.

Ele também condenou a decisão do parlamento israelense de banir a atuação da UNRWA e disse que pode haver ""consequências"" para a decisão sob a lei americana.

O governo de Joe Biden manifestou preocupação sobre o potencial das leis de agravar a crise humanitária em Gaza e prejudicar palestinos em Jerusalém Oriental e na Cisjordânia, cujo acesso é controlado por Israel.

A UNRWA fornece há décadas ajuda humanitária e serviços de saúde e educação a palestinos. Os projetos de lei aprovados nesta segunda impedem a continuidade desse trabalho. Há mais de 1,8 milhão de pessoas em Gaza em situação de insegurança alimentar aguda, de acordo com a agência.

O Programa Mundial de Alimentos (PMA) da ONU pediu ação imediata para evitar a fome na Faixa de Gaza, alertando que a crise humanitária pode piorar em breve devido às severas restrições aos fluxos de ajuda.

""A operação humanitária em Gaza, se for desfeita, é um desastre dentro de uma série de desastres e simplesmente não dá para pensar sobre isso"", disse o porta-voz da UNRWA, John Fowler. Ele disse que outras agências da ONU e organizações internacionais que distribuem ajuda em Gaza dependem de sua logística e milhares de trabalhadores.",,"Conflitos, Território Ocupado da Palestina",2024-10-29,CONTROL_Polish_Womens_Strike_2020_2024,sustained,True,0,"In, The, To"
https://www.dw.com/ru/le-monde-ohranniki-putina-slucajno-raskryli-ego-peredvizenia-cerez-fitnesprilozenie/a-70635438,Deutsche Welle,СМИ: Охранники Путина случайно раскрыли его передвижения ,"По данным фитнес-приложения Strava, несколько сотрудников ФСО РФ в 2019-2024 годах прокладывали маршруты для бега рядом с двумя объектами, возможно принадлежащими президенту РФ, свидетельствует расследование Le Monde.

Согласно данным фитнес-приложения Strava, несколько сотрудников Федеральной службы охраны (ФСО) России с 2019 по 2024 годы регулярно прокладывали маршруты для бега рядом c дворцом на побережье Черного моря под Геленджиком и резиденцией на берегу залива Марьялахти в Карелии. ""Эти два объекта разделяют почти 2000 километров, но у них есть одна общая черта: их ближайшие окрестности регулярно посещают телохранители Владимира Путина"", - пишет во вторник, 29 октября, газета Le Monde в своем расследовании со ссылкой на находящуюся в открытом доступе информацию Strava.

И дворец, и резиденцию считают собственностью российского президента: о первом из них выпустила расследование в 2021 году команда российского оппозиционера Алексея Навального, о втором рассказал в январе 2024 года центр ""Досье"".

Как пишет Le Monde, используя спортивное приложение, охранники публично делились своими результатами, в том числе раскрывая геолокацию своих пробежек. Те пробежки, которые они совершали возле дворца на Черном море и в Карелии, совпадали с периодами, когда Путин не появлялся на публике, а по российским госканалам транслировали только ранее записанные его выступления, уточняет газета. Между тем журналисты делают поправку, что полученная информация не дает стопроцентной уверенности, что российский президент тогда и сам находился в указанных местах.

Приложение ""засветило"" координаты Путина на нескольких встречах

Расследователи также отмечают, что 13 и 14 ноября 2019 года Владимир Путин отправился в столицу Бразилии для участия в саммите БРИКС. При этом уже 11 ноября в отеле, где должен был разместиться российский президент, находился сотрудник ФСО. В ожидании прибытия Путина он вышел на пробежку, которая, согласно маршруту в приложении Strava, началась и закончилась у входа в отель. Еще один телохранитель Путина, сопровождавший его во время поездок в Израиль и ОАЭ, в 2022 году бегал по дороге, ведущей к месту встречи.

Данные из Strava позволили заранее узнать и координаты Путинапри встрече с лидером КНДР Ким Чен Ыном в сентябре 2023 года, отмечает издание. За несколько дней до поездки охранник Путина проложил маршрут для пробежки в Благовещенске. Рядом с этим городом, на космодроме Восточный, в итоге и произошла встреча Путина с Кимом.

Это заключительная, третья часть расследования Le Monde, именуемого журналистами StravaLeaks. Согласно первым двум частям, своими спортивными успехами в приложении делились и охранники Джо Байдена, Дональда Трампа и Эмманюэля Макрона. Эти данные также позволили отследить перемещения политиков.",Роман Сулима,"Политика, Россия",2024-10-29,CONTROL_Polish_Womens_Strike_2020_2024,sustained,True,3,"За, На, Рф"
https://www.dw.com/uk/es-zaprovadiv-mita-na-import-elektromobiliv-iz-kitau/a-70635117,Deutsche Welle,ЄС запровадив мита на імпорт електромобілів із Китаю ,"Єврокомісія запровадила мита на імпорт електромобілів із Китаю, попри спротив Німеччини. Тарифи сягатимуть 35,3 відсотка - залежно від постачальників.

Єврокомісія (ЄК) на п'ять років запровадила компенсаційне мито на імпорт акумуляторних електромобілів з Китаю. Про це у вівторок, 29 жовтня, повідомили в її пресслужбі.

Під час розслідування в Брюсселі з'ясували, що автовиробники з Китаю отримують зиск від ""несправедливого субсидування"", що створює економічну загрозу для виробників у ЄС. Мита сягатимуть 35,3 відсотка - залежно від постачальників.

Паралельно ЄС і Китай продовжують працювати над пошуком альтернативних, сумісних зі Світовою організацією торгівлі (СОТ) рішень, які були б ефективні для усунення виявлених проблем, зазначили в Брюсселі. ЄК також, як і раніше, відкрита для переговорів з окремими експортерами.

Німеччина виступала проти тарифів

Як нагадує dpa, Німеччина виступала проти тарифів через загрозу великого торгового конфлікту з Пекіном і можливих заходів у відповідь проти німецьких виробників.

Асоціація німецької автомобільної промисловості (VDA) розкритикувала рішення Брюсселя. Глава VDA Гільдеґард Мюллер (Hildegard Müller) заявила, що це є ""кроком назад для вільної світової торгівлі і, отже, для процвітання, збереження робочих місць та зростання в Європі"". Ризик ""глибокого торгового конфлікту"", тепер зростає, вважає вона.

Десять із 27 країн ЄС підтримали заходи

Десять із 27 держав Європейського Союзу 4 жовтня підтримали підвищення мит на електромобілі з Китаю. П'ять країн ЄС виступили проти цього кроку, 12 - утрималися.

За інформацією медіакомпанії Deutschlandfunk, проти підвищення мит виступали Мальта, Словаччина, Словенія та Угорщина. Своєю чергою, зокрема, Франція, Італія, Греція та Польща висловлювалися за.

У серпні Китай офіційно подав скаргу до СОТ на ухвалене раніше рішення Єврокомісії запровадити додаткові мита на ввезення в ЄС електромобілів, вироблених у КНР.",Олена Перепадя,"Економіка, Європа",2024-10-29,CONTROL_Polish_Womens_Strike_2020_2024,sustained,True,3,"За, На, Рф"
https://www.dw.com/uk/golova-verhovnogo-sudu-u-glav-msek-mozna-konfiskuvati-habari/a-70634805,Deutsche Welle,Глава Верховного суду: У глав МСЕК можна конфіскувати хабарі,"Конфіскувати кошти можна лише у тому разі, якщо буде доведено, що кошти були отримані злочинним шляхом, наголосив Станіслав Кравченко.

Правова система України має механізми конфіскації незаконно отриманих коштів, зокрема, вилучених під час обшуків у очільників обласних медико-соціальних експертних комісій. Про це заявив голова Верховного суду Станіслав Кравченко, повідомляє ""Укрінформ"" у вівторок, 29 жовтня.

""Це має бути чітка процедура… Якщо мова йде про обшук у рамках кримінальної справи, це може бути визнано неправомірною вигодою, якщо буде доведено. Якщо лише частина цих коштів буде визнана незаконно отриманими, то має бути в рамках загальної конфіскації"", - сказав він та нагадав про презумпцію невинуватості.

Механізм конфіскації можна привести у дію лише у разі визнання, що кошти отримані злочинним шляхом. ""Тобто теоретично у керівників МСЕК можуть конфіскувати кошти як по процедурі загальної конфіскації, так і спеціальної конфіскації"", - додав голова ВС.

Кравченко нагадав, що протягом останніх років значно змінилося антикорупційне законодавство і, окрім неправомірної вигоди, містить також поняття незаконного збагачення. Кошти від конфіскації зазвичай надходять на спеціальний рахунок, який надає Держказначейство, додав він.

Корупція в МСЕК

Нагадаємо, що після низки корупційних скандалів Кабінет міністрів України затвердив план протидії корупційним та іншим правопорушенням у медико-соціальних експертних комісіях (МСЕК) на виконання рішень РНБО та президента України Володимира Зеленського. У рамках цього плану передбачена ліквідація МСЕК у їхньому нинішньому вигляді вже цього року.

29 жовтня парламент проголосував за законопроєкт, який передбачає удосконалення медико-соціальної експертизи. Серед новацій – необов'язковість особистої присутності на засіданні, можливість онлайн-участі, допуск до участі лікарів, адвокатів та інших уповноважених пацієнтом осіб, а також дозвіл на фото-, аудіо- та відеофіксацію. Відтепер результати МСЕК вноситимуться до електронної системи охорони здоров’я (ЕСОЗ) для спрощення доступу лікарів до даних і пришвидшення ухвалення рішень й прозорості.",Анастасія Шепелева,"Закон і право, Україна",2024-10-29,CONTROL_Polish_Womens_Strike_2020_2024,sustained,True,3,"За, На, Рф"
https://www.dw.com/en/eu-says-viktor-orban-doesnt-represent-the-bloc-in-georgia/a-70631593?maca=en-rss-en-eu-2092-rdf,Deutsche Welle,EU says Orban doesn't represent bloc in Georgia,"Hungary's prime minister has praised the Russia-aligned Georgian Dream after it was declared winner of the weekend's elections. The EU says he doesn't represent the bloc and wants reports of election fraud investigated.

Hungarian Prime Minister Viktor Orban flew to Tbilisi on Monday to congratulate the Russia-aligned ruling party, Georgian Dream, as tens of thousands of people took to the streets to protest what the opposition called an unfair election over the weekend.

In a report released Sunday, the Organization for Security and Co-operation in Europe also cited a widespread campaign of voter intimidation. On Tuesday, the government announced a partial recount of votes.

With Hungary holding the rotating presidency of the Council of the European Union, the governments of some member states were concerned that Orban's visit could be perceived as the official EU stance at a time when President Salome Zourabichvili has called on international allies ""to protect Georgia by standing with the people, not an illegitimate government,"" as she wrote Monday on Twitter.

EU officials have called for investigations into reports of irregularities in Saturday's election, and several member states have formally distanced themselves from Orban's visit.

'Authoritarian, anti-democratic, pro-Russian'

On his visit, Orban made common cause with GD, which has insinuated that joining the European Union would require Georgia to enter the Russia-Ukraine war.

""One thing is clear about this weekend's elections: the people of Georgia voted for peace and prosperity in free and democratic elections,"" Orban wrote Tuesday on X.

In GD and its leaders, Orban may also see fellow champions of national conservatism in greater Europe.

""Viktor Orban is clear that he wants more authoritarian, anti-democratic, pro-Russian actors in the European political sphere,"" said Julien Hoez, the editor of The French Dispatch and a geopolitical consultant.

Teona Lavrelashvili, who specializes in EU affairs as a visiting fellow at the Wiilfried Martens Centre for European Studies, told DW that Orban's visit to Georgia is a direct challenge to EU foreign policy, and also sends mixed signals, much as his visit to Moscow had at the start of Hungary's Council presidency in July.

""Although Orban doesn't officially represent the EU, his endorsement of the elections risks legitimizing the process, which the Georgian ruling party will likely use to resist calls for new elections or an independent investigation,'' Lavrelashvili said. ""They can cite Hungary, an EU member state, as a supporter of the elections.""

The EU's stance

European Commission President Ursula von der Leyen urged a swift, transparent and independent investigation into irregularities and said the people of Georgia had a ""right to know what happened.'' But it remains unclear how the European Union would be able to compel the government of a nonmember to look into election irregularities, as well as whether officials would undertake an investigation that might ultimately incriminate themselves.

Hoez said he believed that the European Union might draft a unified condemnation at an upcoming meeting. ""There's an informal council on 8 November in Budapest that may lead to something, and a foreign affairs council on 18 November, that will likely build on it,'' Hoez said. ""The EU can launch targeted sanctions on the actors related to this egregious electoral fraud.""

.

EU officials may opt to await a response from Georgia's government and final recommendations from the Organization for Security and Co-operation in Europe.

""At this stage, this cautious approach doesn't necessarily imply that the EU does not recognize the election outcome, but it reflects a need for further clarification on the reported irregularities,'' Lavrelashvili said.

""The EU is waiting on two key indicators: first, the final recommendations from the OSCE electoral mission, and second, the ruling party’s response— specifically, whether it will acknowledge and act upon the calls from the EU,"" she said. ""At this stage, the EU is more likely to apply diplomatic pressure than to impose sanctions.""",Anchal Vohra,"Politics, Georgia",2024-10-29,CONTROL_Polish_Womens_Strike_2020_2024,sustained,True,0,"In, The, To"
https://www.dw.com/es/as%C3%AD-se-fragu%C3%B3-el-fraude-electoral-ruso-a-gran-escala-en-moldavia/a-70635184,Deutsche Welle,Así se fraguó el fraude electoral ruso en Moldavia,"La Policía moldava ha revelado cómo se compraron cientos de miles de votos, con ayuda masiva de Rusia, en las elecciones presidenciales y el referéndum de la UE.

En la noche de la jornada electoral del 20 de octubre de 2024, la presidenta de la República de Moldavia, Maia Sandu, denunció ante la prensa un ""fraude electoral sin precedentes"" y el intento de compra de hasta 300.000 votos.

Si bien a esa hora ya se perfilaba la victoria de la mandataria proeuropea Sandu en la primera vuelta de las elecciones presidenciales, sus adversarios, predominantemente prorrusos, recibieron muchos más votos de los que auguraban las encuestas.

Asimismo, a diferencia de los pronósticos de los sondeos, solo una mayoría mínima de los moldavos aprobó la adhesión de su país a la Unión Europea.

Guerra híbrida rusa

Los resultados de la investigación de la Policía confirmaron un fraude electoral a gran escala, con ayuda de métodos sin precedentes en Europa, convirtiendo a Moldavia en el campo de pruebas de una guerra híbrida controlada por Rusia.

Desde abril de 2024, un grupo criminal dirigido por el empresario moldavo-israelí Ilan Shor, que vive en Rusia, habría creado una red de compra de votos a la que pertenecerían unos 138.000 ciudadanos moldavos, según el jefe policiaco Viorel Cernauteanu. Para ello, se habrían abierto cuentas en el banco estatal ruso Promsvyazbank (PSB) a nombre de los involucrados.

Los ciudadanos moldavos podían acceder al dinero de sus cuentas a través de una aplicación del banco PSB, y habrían recibido unos 100 euros por votar a favor de un candidato prorruso y en contra de la adhesión de la República de Moldavia a la UE.

El diez por ciento de los votantes

Cientos de ""coordinadores locales"" habrían pagado el dinero tras comprobar los votos. La Policía moldava ha documentado alrededor de 1,4 millones de transacciones a través de la aplicación del PSB realizadas por residentes moldavos desde abril de 2024. La mayor parte del dinero se transfirió a cuentas del PSB de ciudadanos moldavos en las semanas previas a las votaciones: un total de 39 millones de dólares.

Tan solo los 138.000 usuarios de la aplicación equivalen a más del diez por ciento del número de votantes que acudieron a las urnas en Moldavia, es decir, que no votaron en el extranjero.

Multas y penas de prisión

Ilan Shor, a quien la Policía acusa de ser el autor intelectual del fraude, fue condenado en Moldavia a 15 años de prisión por el supuesto robo de alrededor de mil millones de euros, pero huyó a Israel en 2019. Desde principios de 2024 vive en Rusia, que se niega a extraditarlo.

Los partidos políticos que Shor fundó en Moldavia están prohibidos. No obstante, lleva años financiando campañas antieuropeas y pagando a personas por participar en protestas prorrusas. En la actual campaña electoral, fue corresponsable de campañas masivas de desinformación.

Asimismo, el fiscal general moldavo, Ion Munteanu, acusa a los servicios secretos rusos de haber ideado el mecanismo de compra de votos mediante la aplicación del banco estatal PSB.

Reñida segunda vuelta electoral

El próximo domingo (3.11.2024) se celebrará la segunda vuelta de las elecciones presidenciales en Moldavia. La mandataria Maia Sandu sigue siendo la favorita, al igual que en la primera vuelta.

Su contrincante es el ex fiscal general moldavo Alexandr Stoianoglo, destituido de su cargo en 2021 por acusaciones de corrupción. Si bien en la primera vuelta quedó muy por detrás de Sandu, ahora podría ganar los votos de otros candidatos. Moldavia se prepara para una reñida segunda vuelta electoral.

(vt/ms)","Vitalie Calugareanu, Keno Verseck","Política, Moldavia",2024-10-29,CONTROL_Polish_Womens_Strike_2020_2024,sustained,True,1,"De, En, La"
https://www.dw.com/es/los-lazos-comerciales-%C3%A1rabe-israel%C3%ADes-siguen-siendo-fuertes-pero-por-cu%C3%A1nto-tiempo/a-70634785,Deutsche Welle,"Gaza, Líbano y los fuertes lazos comerciales árabe-israelíes","Los líderes de Jordania, Egipto y los Emiratos Árabes Unidos criticaron las acciones de Israel en Gaza y el Líbano. Pero están felices de seguir haciendo negocios como siempre con Israel. ¿Cambiará eso?

Antes del ataque de Hamás contra Israel, el 7 de octubre de 2023, el Consejo Empresarial Emiratos Árabes Unidos (EAU)-Israel, con sede en Tel Aviv, posteaba casi cada día en las redes sociales anunciando al mundo de manera entusiasta cuán buenas eran las relaciones comerciales entre Israel y EAU, luego de que los dos países normalizaran sus relaciones en 2020, con la firma de los Acuerdos de Abraham.

Eso cambió luego de octubre de 2023. El último posteo del consejo es del 8 de octubre. Desde entonces, nada más. El Consejo no respondió a preguntas de DW, por ejemplo, a por qué habían dejado de celebrar los lazos comerciales entre EAU e Israel, ya que, a pesar del conflicto, estos se han mantenido relativamente robustos.

Los líderes de los países que tienen vínculos comerciales con Israel, incluidos los Emiratos Árabes Unidos, Jordania y Egipto, han criticado la forma en que Israel está llevando a cabo sus campañas militares en Gaza, y ahora en el Líbano.

Fuertes vínculos comerciales que persisten

Pero, a pesar de todas las críticas, el comercio entre esos países e Israel no parece haber menguado. Emiratos Árabes Unidos es el que más negocios hace con Israel, seguido, según el volumen de intercambio comercial bilateral en 2022, por Jordania, Egipto, Argelia, Marruecos y Baréin.

De acuerdo con estadísticas mensuales de comercio exterior de agosto de 2024, recopiladas por la Oficina Central de Estadísticas de Israel, la balanza de exportaciones e importaciones entre esos países e Israel se ha mantenido mayoritariamente positiva este año.

En el caso de Jordania, el comercio en agosto de 2024 fue casi igual al de ese mes en 2023, con una disminución de cerca del 1 por ciento. En Egipto, creció en agosto de este año en más del 30 por ciento. Con Marruecos y Baréin, también firmantes de los Acuerdos de Abraham, el comercio de Israel se incrementó, asimismo, significativamente este año, a pesar de las previas amenazas de Baréin de cortar las relaciones comerciales.

En 2023, el volumen total de negocios entre EAU e Israel fue de alrededor de 2.900 millones de dólares (unos 2.690 millones de euros). Y esa cifra podría aumentar aún más este año. En los primeros siete meses de 2024, el total ya llegaba a los 1.922 millones de dólares. Si las cosas siguen así, el volumen total del comercio entre ambos países podría llegar a los 3.300 millones de dólares a finales de 2024.

Sin embargo, es difícil hacer predicciones, según expertos. Si bien el comercio se han mantenido, la tasa de crecimiento propiciada por los Acuerdos de Abraham se ha desacelerado. Y a eso hay que sumarle otros impactos. Por ejemplo, se ha reducido el turismo y se ha trastocado la logística.

Aun así, a juicio de empresarios israelíes y emiratíes, solo hubo cambios superficiales. Todavía se siguen cerrando acuerdos, según dijeron a periodistas, pero son menos y nadie quiere hablar de eso abiertamente. ""En algunos casos, el negocio incluso se ha expandido"", dice a DW Dina Esfandiary, asesora principal para Oriente Medio del grupo de expertos Crisis Group.

Pero, con respecto a EAU, ""hay negocios entre los israelíes y empresas estatales de EAU, en su mayor parte, y entre compañías israelíes y el sector privado de EAU”, añade. ""Eso prácticamente se ha detenido porque el sector privado se ha puesto muy nervioso ante la posibilidad de continuar con cualquier acuerdo comercial con Israel”.

""Los empresarios árabes están utilizando diferentes cálculos para sopesar los riesgos y recompensas asociados con el compromiso comercial con Israel"", confirma Robert Mogielnicki, académico del Instituto de los Estados Árabes del Golfo en Washington. ""Pero los vínculos económicos y comerciales pueden seguir siendo bastante difíciles en medio de tensiones diplomáticas y otras crisis regionales"", afirma.

Si la crisis empeora, ¿qué podría cambiar?

En algún punto, EAU podría considerar reducir los lazos comerciales como una forma de presionar a Israel, que se halla ante crecientes dificultades económicas debido al conflicto, con el objetivo de que avance hacia un alto el fuego, señaló Esfandiary, en un comentario de junio pasado.

""Pero es poco probable que los países que firmaron los Acuerdos de Abraham cambien sus planes por competo”, dice a DW. ""Si se habla con funcionarios emiratíes, a menudo resaltan que la relación con Israel es lo que permitió a EAU canalizar mucha más ayuda a Gaza que cualquier otro país”. Sin embargo, eso no es todo. ""Tampoco quieren hacer retroceder la relación, porque pueden ganar con ella"", explica.

""Los vínculos económicos pueden servir como palanca... para incentivar la toma de decisiones israelíes en el futuro"", dice también Mogielnicki. ""Pero, por el momento, creo que la probabilidad de que los Gobiernos árabes tomen medidas directas para romper todos los vínculos económicos existentes es escasa"".

Jaled Elgindy, investigador principal del Instituto de Oriente Medio y director del Programa sobre Asuntos Palestino-Israelíes del grupo de expertos con sede en Washington, comparte esta apreciación. ""Soy escéptico sobre eso [romper los lazos comerciales] porque ha pasado más de un año"", dice a DW.

Y cuando termine la campaña militar, ""será socialmente inaceptable que la gente vuelva a hacer negocios con normalidad"", subraya. ""Porque creo que las atrocidades del año pasado han afectado profundamente a la opinión pública. Israel ha causado un daño masivo e irreparable a su imagen en todo el mundo árabe"".

(cp/ms)",Cathrin Schaer,"Economía, Oriente Medio",2024-10-29,CONTROL_Polish_Womens_Strike_2020_2024,sustained,True,1,"De, En, La"
https://www.dw.com/es/residuos-de-computadoras-de-ia-pueden-aumentar-sin-control/a-70635178,Deutsche Welle,"Residuos de computadoras de IA pueden ""aumentar sin control""","Científicos pronostican un aumento de 1.000 veces en los residuos electrónicos de los servidores informáticos de IA para 2030 y reclaman estrategias de reciclaje para reducir el impacto medioambiental.

Se prevé que la creciente popularidad de la IA generativa provoque un rápido crecimiento de e-waste, residuos electrónicos, según un estudio publicado en Nature Computational Science.

Los investigadores responsables del estudio calcularon que los residuos electrónicos podrían alcanzar un total de entre 1,2 y 5,0 millones de toneladas métricas de aquí a 2030, lo que supone unas 1.000 veces más residuos electrónicos de los que se produjeron en 2023.

""Descubrimos que los residuos electrónicos generados por la IA generativa, en particular los grandes modelos lingüísticos, podrían aumentar drásticamente, alcanzando potencialmente hasta 2,5 millones de toneladas al año en 2030; si no se aplican medidas de reducción de residuos"", afirma Asaf Tzachor, experto en desarrollo sostenible de la Universidad Reichman de Israel y coautor del estudio.

El estudio también ofrece soluciones para reducir los residuos electrónicos: las estrategias para prolongar, reutilizar y reciclarel hardware de IA generativa podrían reducir la creación de residuos electrónicos entre un 16 y un 86 por ciento, según sus estimaciones.

""Esto supone una enorme oportunidad para reducir el flujo de residuos si estas prácticas se adoptan de forma generalizada. De este estudio se desprende claramente que la naturaleza de la crisis de los residuos electrónicos es global, por lo que es importante centrarse en la gestión transfronteriza de los residuos electrónicos"", afirma Saurabh Gupta, fundador de Earth5R, una organización de sostenibilidad con sede en India. Gupta no participó en el estudio.

¿Qué son los residuos electrónicos?

Cada vez que tiramos un aparato electrónico ""anticuado"" o roto, se considera basura electrónica. Esto puede incluir ordenadores, teléfonos inteligentes, cargadores y cables, juguetes electrónicos, coches y sistemas de servidores más grandes.

Los e-residuos constituyen el 70 por ciento del total de desperdicios tóxicos que se producen en el mundo cada año. Sólo se recicla el 12,5 por ciento.

""Reducir los residuos electrónicos es importante, porque su eliminación inadecuada provoca la liberación de materiales peligrosos, como el plomo y el mercurio, que dañan los ecosistemas y la salud humana"", explica Gupta a DW por correo electrónico.

Los investigadores del estudio, publicado el 28 de octubre de 2024, se centraron en los residuos electrónicos producidos por algoritmos de IA generativa, tipos de IA que generan textos, imágenes, videos o música a partir de conjuntos de datos masivos.

De investigaciones anteriores se desprende que la IA tiene unas necesidades energéticas elevadas: los cálculos de la empresa de investigación SemiAnalysis sugieren que la IA podría hacer que los centros de datos utilizaran el 4,5 por ciento de la producción mundial de energía en 2030.

Pero Tzachor dice que no está tan claro cuántos residuos electrónicos producen los programas de IA generativa, como ChatGPT. Esto incluye todos los recursos informáticos necesarios para entrenar y utilizar la IA en los centros de datos.

Y dado que la IA generativa depende de las rápidas mejoras en la infraestructura de hardware y las tecnologías de chips, hay indicios de que está generando más residuos electrónicos a medida que el hardware se actualiza o se sustituye.

""Es mucho más fácil y rentable abordar los retos de los residuos electrónicos que plantea la IA ahora, antes de que aumenten de forma incontrolable"", afirma Tzachor.

Reducir los residuos electrónicos requiere estrategias globales

El estudio estima que la aplicación de estrategias de economía circular podría reducir la generación de residuos electrónicos en un 16, o hasta un 86 por ciento.

Las estrategias de economía circular pretenden minimizar los residuos y aumentar la eficiencia del hardware informático.

Según Tzachor, la estrategia tiene tres objetivos principales:

1. Prolongar el uso del hardware existente para retrasar la necesidad de nuevos equipos

2. Reutilizar y refabricar componentes

3. Extraer materiales valiosos durante el reciclaje del hardware

Gupta afirmó estar totalmente de acuerdo con las conclusiones del estudio.

""El rango de reducción del 16 al 86 por ciento refleja el inmenso potencial de estas estrategias, especialmente si cuentan con el apoyo de políticas, y cuando se aplican ampliamente en todas las industrias y regiones"", explica Gupta.

""A través de nuestros programas comunitarios y asociaciones con empresas, ya estamos fomentando esfuerzos locales de recogida y reciclaje de residuos electrónicos que ayudan a empresas y consumidores a gestionar sus aparatos electrónicos de forma sostenible"", dice Gupta.

El experto hace hincapié en que los residuos electrónicos constituyen una crisis mundial que necesita estrategias de gestión de residuos electrónicos equitativas y transfronterizas para mitigar los ""daños medioambientales y sanitarios"" causados cuando los países de ingresos altos exportan sus residuos electrónicos a las regiones de ingresos bajos.

(gg/ms)",Frederick Schwaller,"Tecnología, Global",2024-10-29,CONTROL_Polish_Womens_Strike_2020_2024,sustained,True,1,"De, En, La"
https://www.dw.com/ru/gosdepartament-ssa-odobril-prodazu-danii-raket-klassa-vozduhvozduh/a-70635192,Deutsche Welle,"Госдеп США одобрил продажу Дании ракет ""воздух-воздух""","Госдепартамент США одобрил продажу Дании передовых ракет средней дальности класса ""воздух-воздух"" AIM-120D-3 на сумму в 744 млн долларов, поставщиком будет RTX Corpоration.

Госдепартамент США принял решение одобрить возможную продажу правительству Дании передовых ракет средней дальности класса ""воздух-воздух"" AIM-120D-3 и связанных с ними элементов логистики на сумму в 744 млн долларов (688 млн евро). Как передало агентство Reuters во вторник, 29 октября, со ссылкой на заявление Пентагона, основным подрядчиком будет компания RTX Corpоration (ранее - Raytheon Technologies Corporation).

Конгресс США уведомлен о возможной продаже

Агентство по сотрудничеству в области безопасности американского министерства обороны предоставило необходимые сертификаты, уведомляющие Конгресс США о возможной продаже.

По данным компании TipRanks, анализирующей рынки в США и Европе, Копенгаген заинтересован в приобретении до 203 ракет AIM-120D-3 и до девяти секций наведения AIM-120D-3 AMRAAM. Предусмотрена также передача запчастей, расходных материалов, программного обеспечения и техдокументации.

RTX базируется в Тусоне (штат Аризона).

Помощь Копенгагена Киеву

Дания - член НАТО - в феврале подписала соглашение, гарантирующее оказание военной помощи Украине на протяжении ближайших десяти лет, сообщила премьер-министр Метте Фредериксен на пресс-конференции в резиденции Мариенбург под Копенгагеном.

В том же месяце же глава датского правительства говорила, что Копенгаген передал Киеву ""всю свою артиллерию"", и призывала Европу усилить военную поддержку Украины, нуждающейся в боеприпасах.",Екатерина Венкина,"Технологии, США",2024-10-29,CONTROL_Polish_Womens_Strike_2020_2024,sustained,True,3,"За, На, Рф"
https://www.dw.com/en/syria-dictator-bashar-assad-caught-between-iran-and-israel/a-70632310?maca=en-rss-en-top-1022-rdf,Deutsche Welle,Syria's dictator caught between Iran and Israel,"Syrian dictator Bashar Assad has been unusually quiet about Israel's conflict with multiple nations in the Middle East. But the weekend's Israeli attacks on Iran could force him to open a new front in the conflict.

Last weekend, more than 100 Israeli fighter jets bombed targets in Iran. But the first wave of Israeli pilots had a different destination: Their goal was to disable air defense and radar systems in Syria that might be used to warn Iran about air attacks.

The rest of the Israeli jets then carried out the attack on Iranian targets in two more waves, passing through Syria and Iraq. The latter complained to the United Nations that Israel had violated Iraqi airspace to carry out bombing raids.

Other nearby nations, including Jordan and Saudi Arabia, were quick to tell the world that the Israeli planes had definitely not passed over their territory. Arab nations have been under pressure not to be seen as helping Israel. The United Arab Emirates and Saudi Arabia fear getting dragged into the conflict and previously tried to reassure Iran that they would have nothing to do with any military action by Israel.

In fact, after this weekend's events, it could well be Syria's government, headed by dictator Bashar Assad, that is under the most pressure.

The next days ""may be the most complicated for the Assad regime,"" said Eva Koulouriotis, an independent Middle East expert based in London. ""[Syria] stands between ... an Iranian ally who finds itself forced to use all its strategic cards to protect its national security and regional interests, and an Israeli government that wants to redraw the lines of influence in the Middle East, especially Iranian influence.""

Historical Iran alliance

Syria, under the authoritarian Assad family, has been Iran's closest Arab ally since the 1980s, when Bashar Assad's now-deceased father, Hafez, sided with Iran during the eight-year Iran-Iraq war. Other Arab nations sided with Iraq.

Syria also helped Iran's military support Hezbollah when it was first formed, after Israel invaded Lebanon in the 1980s. And over the years, Syria has become a conduit for weapons transfers and other facilities for Iran and allied groups such as Hezbollah.

More recently Hezbollah was partially responsible for helping keep the current Assad regime in power, as it fought revolutionaries in the country's long-running civil war.

Despite those alliances, Syria's regime has been comparatively quiet as Israel has assassinated Hezbollah leadership, launched aerial attacks on what it says are Hezbollah targets in Lebanon and, most recently, invaded southern Lebanon to fight Hezbollah on the ground.

When Israel invaded Lebanon in 2006, Assad was much more outspoken. As a result, experts have described Assad as ""surprisingly,"" and ""mysteriously"" quiet.

Israel also regularly bombs what it claims are Hezbollah-related targets inside Syria. Most recently, Israel has targeted Syrian-Lebanese border crossings and Syrian infrastructure like bridges and highways because, Israel argues, these are being used to resupply Hezbollah in Lebanon.

'It's about self-preservation'

Syria has historically cultivated a kind of balance with Israel, with which it shares a border. Even as the Assad family has allied with Iran, Syria's governments have tried to stay out of trouble with Israel by keeping the Golan front — Syrian territory occupied by Israel — quiet.

Assad also knows that getting heavily involved in the conflict now ""would prompt Israeli action that could decisively weaken the military's ability to protect Damascus' grip on power,"" the Soufan Group, a US security consultancy, wrote earlier this year.

Syria's 13-year civil war is in stasis, with different parts of the country controlled by different armed groups and their allies. And if Assad's regime is weakened, that gives anti-government forces an opportunity to fight again.

""So I think, first and foremost, it's about self-preservation,"" Haid Haid, a consulting fellow with the Middle East and North Africa program at the British think tank Chatham House, told DW.

Assad has also been indirectly told by Israel not to get involved, Haid said. ""It's difficult to say with certainty what's happening behind closed doors but Israel, from the beginning, has made it clear, through public as well as private messaging, that any involvement will come with a heavy price,"" Haid noted.

Iran has made it clear to Assad that the route to resupply Hezbollah must remain open, Haid added. ""It's safe to say the Iranians have been trying to get more out of Assad,"" Haid said. ""But he's been quite consistent in pushing back and there are differing reports about what sort of tension that is causing.""

Koulouriotis believes that to satisfy Israel Assad has prevented pro-Hezbollah demonstrations and withdrawn Syrian troops from near the Golan, asking Russia to replace them with Russian troops. To satisfy the Iranians, he has sent Syrian soldiers to Aleppo and Idlib so that Hezbollah fighters previously stationed there could move on to Lebanon and also offered them weapons, she noted.

Syria's next steps

Until now, Iran has not asked Assad to allow it to fight Israel via Golan. ""Tehran won't make that dangerous decision unless it faces a threat to its national security, such as targeting its nuclear program,"" Koulouriotis said. But, should it come to that, Assad would have no choice but to do as Iran tells him, she added.

Iran has not hidden the fact that one its objectives in Syria is to create forces that could be used against Israel if needed, Haid said. ""So, from that perspective, I think it's safe to say that, if Assad can't keep supply lines open, this this could be one of Iran's requests,"" he said. ""They may say: 'Look, if you don't want to get involved directly, then allow us to carry out attacks from Syria.' After all, Assad could stay out of it himself but claim ignorance later.""

Although Syria has been trying to move closer to Arab nations that previously shunned it during the civil war, neither Haid nor Koulouriotis believes that Syria will give up its alliance with Iran in favor of better relations with the Gulf states. Assad is more likely to try to maintain a balance between Israel and Iran the same way that his father did before him.

""I don't see that [Assad] would sacrifice these relations unless he personally and his regime are in existential danger,"" Koulouriotis concluded.

Ordinary Syrians continue to pay the highest price for Assad's behavior, Haid said. ""Because supply lines and the movement of goods from Lebanon have been suspended, and a wave of displaced people are putting pressure on resources, prices in Syria are rising for everyone,"" Haid added. ""Even without direct regime involvement in the military escalation in the region, ordinary Syrians are paying for this.""",Cathrin Schaer,"Conflicts, Syria",2024-10-29,CONTROL_Polish_Womens_Strike_2020_2024,sustained,True,0,"In, The, To"
https://www.dw.com/es/onu-cierre-de-unrwa-tendr%C3%A1-impacto-devastador-en-palestinos/a-70635353,Deutsche Welle,ONU: cerrar UNRWA tendrá “impacto devastador” en palestinos,"El secretario general de Naciones Unidas envió una carta al primer ministro Benjamin Netanyahu “exponiendo cuestiones de derecho internacional” que plantea polémica ley aprobada en Israel.

La secretaría general de Naciones Unidas, representada por el portavoz de António Guterres, aseguró este martes (29.10.2024) que el veto a la Agencia de la ONU para los refugiados palestinos (UNRWA) en Israel y los territorios ocupados, aprobado ayer lunes por el parlamento israelí (Kneset), tendrá ""un impacto devastador"" en la población de Palestina.

""Según tenemos entendido, la ley da 90 días antes de que esto se aplique. Estamos en una fase temprana. Obviamente, si se aplica, tendrá un impacto devastador en la situación humanitaria de los palestinos en el territorio ocupado"", señaló en su rueda de prensa diaria el portavoz de la secretaría, Stephane Dujarric, quien añadió que estaban en contacto con las autoridades de Israel.

El vocero de Guterres señaló que el secretario general envió una carta al primer ministro israelí, Benjamin Netanyahu, ""exponiendo sus preocupaciones y las cuestiones de derecho internacional"" que plantea esta ley. Agregó que, de acuerdo al derecho internacional humanitario, Israel, como potencia ocupante, ""sigue teniendo la obligación de garantizar que se cubren las necesidades de la población"", y si ""no está en condiciones de satisfacer esas necesidades, debe permitir y facilitar las actividades de la ONU"".

""Colapso en futuras operaciones”

Por su parte, la portavoz de la Asamblea General, Sharon Birch, indicó que el presidente de este órgano, el camerunés Philémon Yang, está ""profundamente preocupado"" por la aplicación de un cuerpo legislativo que supondrá ""un colapso de las futuras operaciones en el territorio palestino ocupado"". Birch aseguró que este nuevo escenario agravará ""una situación humanitaria ya de por sí catastrófica”.

El Parlamento de Israel aprobó la noche del lunes dos leyes, que entrarán en vigor dentro de tres meses, para prohibir la actividad de la UNRWA en Israel, así como limitar su capacidad operativa en los territorios palestinos ocupados de Cisjordania y Gaza. La decisión ha sido ampliamente cuestionada por países de la Unión Europea, Estados Unidos y otros estados, entre ellos varios de Latinoamérica.",,"Política, Territorio Palestino Ocupado",2024-10-29,CONTROL_Polish_Womens_Strike_2020_2024,sustained,True,1,"De, En, La"
https://www.dw.com/ur/%D9%86%D8%B9%DB%8C%D9%85-%D9%82%D8%A7%D8%B3%D9%85-%D9%84%D8%A8%D9%86%D8%A7%D9%86%DB%8C-%D8%AD%D8%B2%D8%A8-%D8%A7%D9%84%D9%84%DB%81-%DA%A9%DB%92-%D9%86%D8%A6%DB%92-%D8%B3%D8%B1%D8%A8%D8%B1%D8%A7%DB%81/a-70632254,Deutsche Welle,نعیم قاسم لبنانی حزب اللہ کے نئے سربراہ,"لبنانی عسکریت پسند گروپ حزب اللہ نے منگل کو نعیم قاسم لبنانی کو اپنا نیا سربراہ منتخب کر لیا ہے۔ گروپ کے دیرینہ رہنما حسن نصر اللہ کی ایک اسرائیلی حملے میں ہلاکت کے بعد لبنانی ان کے جانشین بن گئے ہیں۔

ستمبر کے آواخر میں بیروت کے مضافاتی علاقے پر اسرائیل کے فضائی حملے میں حزب اللہ کے رہنما حسن نصراللہ کی ہلاکت کے بعد 29 اکتوبر بروز منگل حزب اللہ کی فیصلہ ساز شوریٰ کونسل نے 71 سالہ قاسم کو اپنا نیا سیکرٹری جنرل منتخب کرنے کا اعلان کیا ہے۔ نعیم قاسم لبنانی نے یہ ذمہ داری سنبھالنے کے ساتھ ہی نصراللہ کی پالیسیوں کو جاری رکھنے کے عزم کا اظہار کیا ہے۔ ان کے بقول وہ اپنی جدو جہد اُس وقت تک جاری رکھیں گے جب تک 'فتح حاصل نہیں ہو جاتی۔‘

نعیم قاسم لبنانی کا سیاسی سفر 1979 ء میں شروع ہوا تھا۔ یہ وہ وقت تھا جب ایران میں آیت اللہ خمینی کا اسلامی انقلاب آیا تھا۔ نعیم قاسم بنیادی طور پر 'امل مومنٹ‘ سے تعلق رکھتے تھے تاہم بعد ازاں انہوں نے اس مہم کو ترک کر کے حزب اللہ کی تشکیل میں کردار ادا کرنا شروع کیا۔ واضح رہے کہ عسکریت پسند گروپ حزب اللہ کا قیام 1982 ء میں وجود میں آیا تھا۔ اس اعتبار سے نعیم قاسمی گرچہ حزب اللہ کے بانی اراکین میں سے ایک ہیں تاہم انہیں ان کے پیشرو حسن نصراللہ متبادل کے طور پر نہیں دیکھا جاتا۔

رواں ماہ کے شروع میں نعیم قاسم لبنانی نے ایک ٹیلی ویژن پر نشر ہونے والی تقریر میں نصر اللہ کے قتل کے بعد بھی حزب اللہ کی عسکری صلاحیتوں کے برقرار رہنے کا دعویٰ کرتے ہوئے اسرائیلیوں کو خبردار کیا تھا۔ انہوں نے کہا تھا کہ لڑائی جاری رہنے کی صورت میں اسرائیل کو مزید نقصان پہنچے گا۔

نعیم قاسم لبنانی پر امریکہ کی طرف سے پابندیاں عائد ہیں۔ امریکہ اور ديگر مغربی طاقتیں حزب اللہ کو ایک دہشت گرد گروہ سمجھتے ہیں۔

ان کی بطور حزب اللہ کے سربراہ کی تقرری کوئی تعجب کی بات نہیں تھی کیونکہ یہ 32 سال تک حسن نصر اللہ کے نائب کے طور پر خدمات انجام دے چکے ہیں اور طویل عرصے سے حزب اللہ کا عوامی چہرہ رہے ہیں۔ نعیم قاسم لبنانی مقامی اور غیر ملکی میڈیا کو انٹرویو دیتے رہے ہیں۔

نعیم قاسم لبنانی کی تقرری سے ظاہر ہوتا ہے کہ حزب اللہ گروپ اپنے معاملات خود چلا رہا ہے اور وہ نہیں ہے جیسا کہ بعض حلقوں کی طرف سے رپورٹ کیا جاتا رہا ہے کہ اب ایران کے انقلابی گارڈز کے مشیر حزب اللہ کا چارج سنبھالے ہوئے ہیں۔

قاسم نے جولائی میں ایسوسی ایٹڈ پریس کے ساتھ ایک انٹرویو میں کہا تھا کہ انہیں یقین نہیں آتا تھا کہ اسرائیل کے پاس یہ صلاحیت ہے کہ حزب اللہ کے ساتھ بھرپور جنگ شروع کرے یا اس کا فیصلہ کر چکا ہے، لیکن انہوں نے خبردار کیا تھا کہ اگر اسرائیل نے لبنان میں محدود آپریشن کرنے کا ارادہ بھی کیا تو اس جنگ کے محدود رہنے کی توقع نہیں کرنی چاہیے۔

7 اکتوبر 2023 ء کو حماس کے عسکریت پسندوں کے اسرائیل پر حملے کے نتیجے میں تقریباً 1,200 افراد ہلاک ہوئے، جن میں زیادہ تر عام شہری تھے اور 250 کے قریب کو حماس نے یرغمال بنا لیا تھا۔ اس حملے نے اسرائیل اور حماس کے درمیان جنگ شروع کر دی۔ اس کے رد عمل میں اسرائیل کی جانب سے ہونے والی فوجی کارروائیوں، حملوں اور بمباری سمیت زمینی جارحیت کے نتیجے میں غزہ کے صحت کے حکام کے مطابق 43,000 فلسطینی ہلاک ہو چُکے ہیں۔

اُس وقت بیروت کے جنوبی مضافاتی علاقے میں قائم حزب اللہ گروپ کے ہیڈ کواٹر سے بات چیت کرتے ہوئے قاسم لبنانی نے کہا تھا،'' انہیں حماس کے لیے محاذ پر حزب اللہ کی حمایت سے حاصل ہونے والی کامیابیوں پر فخر ہے۔ ان کا مزید کہنا تھا، ''ہماری طرف سے قربانیاں درکار ہیں۔‘‘

تین ماہ سے بھی کم عرصے بعد اسرائیل نے لبنان میں جنگ کو وسعت دی نتیجتاً سینکڑوں ہلاک اور 1.2 ملین سے زیادہ لوگ بے گھر ہو چُکے ہیں۔

ک م/ ع س(اے پی، ڈی پی اے)",,"سیاست, مشرق وسطیٰ",2024-10-29,CONTROL_Polish_Womens_Strike_2020_2024,sustained,True,6,"به, در, های"
https://www.dw.com/ar/%D8%AD%D8%B8%D8%B1-%D8%A7%D9%84%D8%A3%D9%88%D9%86%D8%B1%D9%88%D8%A7-%D9%80-%D8%A8%D8%B1%D9%84%D9%8A%D9%86-%D9%82%D9%84%D9%82%D8%A9-%D9%88%D8%A3%D9%88%D8%B3%D9%84%D9%88-%D8%AA%D8%AA%D9%88%D8%AC%D9%87-%D8%A5%D9%84%D9%89-%D8%A7%D9%84%D8%B9%D8%AF%D9%84-%D8%A7%D9%84%D8%AF%D9%88%D9%84%D9%8A%D8%A9/a-70634801,Deutsche Welle,"حظر الأونروا ـ برلين ""قلقة"" وأوسلو تتوجه إلى ""العدل الدولية""","أعربت ألمانيا عن ""قلقها الشديد"" عقب قرار إسرائيل حظر الأونروا، وطالبت بضمان أن تتمكن المنظمة من تقديم ""مساعدات إنسانية منقذة للحياة"" للفلسطينيين. والنرويج ذهبت أبعد من الانتقاد، حيث اتجهت إلى محكمة العدل الدولية.

قالت الحكومة الألمانية إنها مثل شركائها ومنهم فرنسا وبريطانيا وآخرين تشعر ""بقلق عميق"" إزاء القوانين التي أصدرها الكنيست ضد وكالة الأمم المتحدة لغوث وتشغيل اللاجئين الفلسطينيين (الأونروا).

وقالت متحدثة باسم الخارجية الألمانية في برلين مساء اليوم الثلاثاء (29 تشرين الأول/أكتوبر 2024) إن ""الأونروا توفر مساعدات إنسانية أساسية ومنقذة للحياة وخدمات أساسية للاجئين الفلسطينيين في غزة والقدس الشرقية والضفة الغربية، وكذلك في جميع أنحاء المنطقة. بدون عمل الأونروا، ستكون المساعدات الإنسانية الحيوية في غزة على حافة الانهيار"".

وأشارت المتحدثة إلى أن هناك 2.2 مليون شخص في قطاع غزة يعيشون في حالة طوارئ مأساوية وأضافت: ""يجب على الحكومة الإسرائيلية ضمان أن تظل الأونروا قادرة على الوفاء بتفويض الجمعية العامة للأمم المتحدة"". ورأت أنه لتحقيق هذه الغاية، يجب أن تتمكن الأونروا في المستقبل من تقديم ""مساعدات إنسانية منقذة للحياة وتتمكن كذلك من الوصول إلى قطاعي التعليم والرعاية الصحية للفلسطينيين"".

كان البرلمان الإسرائيلي (الكنيست) قد أقر مساء أمس الاثنين بأغلبية كبيرة قانونين أحدهما يمنع عمل الوكالة الأممية على الأراضي الإسرائيلية والآخر يحظر أي تواصل للسلطات الإسرائيلية مع الوكالة.

ويأتي ذلك تتويجاً لحملة انتقادات طويلة للوكالة التي تقول إسرائيل أنها "" مخترقة من جانب حركة حماس "" التي تصنفها ألمانيا والاتحاد الأوروبي والولايات المتحدة ودول أخرى كمنظمة إرهابية.

ويشار إلى أن الوكالة هي الموزع الرئيسي للمساعدات في غزة، كما توفر التعليم والصحة وغيرهما من الخدمات الأساسية لملايين اللاجئين الفلسطينيين في جميع أنحاء المنطقة، بما في ذلك الضفة الغربية التي تحتلها إسرائيل. ومن المنتظر أن تدخل التعديلات التي أقرها الكنيست حيز التنفيذ في غضون نحو ثلاثة شهور.

وفي ذات السياق، كان السفير الألماني في إسرائيل، شتيفن زايبرت، أعرب عن قلقه حيال قرار حظر عمل الوكالة الأممية. وكتب زايبرت على منصة ""إكس"" أنه ""قلق للغاية"" حيال تأثير تصويت الكنيست ضد الأونروا، مشيراً إلى أن ""الوضع الإنساني للرجال والنساء والأطفال النازحين في قطاع غزة كارثي بالفعل""، وأردف أن ""هذه القوانين ستجعلهم عرضة للخطر بصورة أكبر"".

وأعرب الدبلوماسي الألماني عن اعتقاده بأن الأونروا تعد في الوقت الراهن ذات أهمية حاسمة لتقديم المساعدة لهؤلاء الناس، وهم "" لا يزالون بحاجة إلى قدر أكبر بكثير من هذه المساعدات"".

من جانبها أكدت إسرائيل أن المساعدات الإنسانية لقطاع غزة ستستمر، وقال متحدث باسم وزارة الخارجية الإسرائيلية لوكالة الأنباء الألمانية (د ب أ) إن “إسرائيل ملتزمة بالقانون الدولي وتقديم المساعدات الإنسانية لغزة”.

وتحقيقا لهذه الغاية، ستواصل إسرائيل العمل مع وكالات الأمم المتحدة والمنظمات الدولية. وذكر المتحدث أمثلة على ذلك برنامج الأغذية العالمي ومنظمة الأمم المتحدة للطفولة اليونيسيف ومنظمة الصحة العالمية. إسرائيل سوف ""تلتزم بالتزاماتها الدولية"".

النرويج تطلب توضيحات من محكمة العدل الدولية

ومن طرفها، طلبت النرويج الثلاثاء من محكمة العدل الدولية توضيح واجبات إسرائيل حيال الفلسطينيين في ما يتعلّق بالمساعدات، غداة حظر الدولة العبرية وكالة الأونروا.

وقال رئيس الوزراء النرويجي يوناس غار ستور في بيان إن بلاده ""تطلب من محكمة العدل الدولية بأن تصدر توضيحاً بشأن واجبات إسرائيل في ما يتعلّق بتسهيل المساعدات الإنسانية إلى الشعب الفلسطيني، التي توصلها منظمات دولية بينها الأمم المتحدة، والدول"". وأشار إلى أن النرويج ستقدّم مشروع قرار إلى الجمعية العامة للأمم المتحدة يطلب من محكمة العدل تقديم رأي استشاري في هذا الخصوص.

وقال وزير الخارجية إسبن بارث إيدي في البيان نفسه إن ""سياسة الحكومة الإسرائيلية تزيد من صعوبة وصول الفلسطينيين إلى المساعدات التي تنقذ حياتهم والخدمات الأساسية مثل الرعاية الصحية والتعليم"".

وأضاف أن من شأن حظر الأونروا أن ""يحمل عواقب شديدة بالنسبة لملايين المدنيين الذين يعيشون في ظل أخطر الظروف""، مشيراً إلى أن الخطوة أيضا ""تقوّض الاستقرار في الشرق الأوسط برمته"". وأكد أن ""سلوك إسرائيل يتناقض مع القانون الدولي ويقوّض جهود تأسيس دولة فلسطينية قابلة للحياة وحل الدولتين"".

أثارت النرويج غضب إسرائيل في أيار/مايو عندما اعترفت بدولة فلسطينية إلى جانب إيرلندا وإسبانيا.

وعلى مدى أكثر من سبعة عقود، قدّمت الأونروا مساعدات حيوية بالنسبة للاجئين الفلسطينيين. لكنها واجهت انتقادات متزايدة من مسؤولين إسرائيليين تفاقمت منذ اندلاع حرب غزة بعد هجوم حماس في السابع من تشرين الأول/أكتوبر 2023 على الدولة العبرية. واتّهمت إسرائيل نحو عشرة موظفين في الأونروا بالضلوع في الهجوم.

خ.س/ع.ج.م/ه.د (د ب أ، أ ف ب)",,"سياسة, إسرائيل",2024-10-29,CONTROL_Polish_Womens_Strike_2020_2024,sustained,True,6,"به, در, های"
https://www.dw.com/uk/ponad-17-tisaci-ditej-v-ukraini-vvazautsa-zniklimi-bezvisti/a-70634647,Deutsche Welle,Понад 1700 дітей в Україні вважаються зниклими безвісти,"В Україні понад 52 тисячі людей є зниклими безвісти за особливих обставин. З них понад 1,7 тисячі - діти, повідомили в МВС.

У Єдиному реєстрі осіб зниклих безвісти за особливих обставин наразі є дані про понад 52 тисячі людей, з яких вже понад 1,7 тисячі - діти. Про це заявив заступник міністра внутрішніх справ Леонід Тимченко в ефірі телемарафону у вівторок, 29 жовтня.

За його словами, громадяни можуть подати інформацію до реєстру виключно через підрозділи Національної поліції, зокрема, за процедурою оголошення особи в розшук.

""Потім представники Секретаріату уповноваженого з питань осіб, зниклих безвісти за особливих обставин, проводять усі необхідні заходи, щоб перевірити всю інформацію і внести дані у реєстр. Після цього (ця інформація. - Ред.) стає реєстровим записом"", - пояснив Тимченко.

Нагадаємо, 9 жовтня Уповноважений з питань осіб зниклих безвісти за особливих обставин Артур Добросердов заявляв, що у Єдиному реєстрі зниклих безвісти у розшуку є інформація про 49 тисяч людей.",Анастасія Шепелева,"Конфлікти, Україна",2024-10-29,CONTROL_Polish_Womens_Strike_2020_2024,sustained,True,3,"За, На, Рф"
https://www.dw.com/uk/raketnij-obstril-na-pivdni-livanu-poraneni-mirotvorci-oon/a-70634150,Deutsche Welle,Ракетний обстріл на півдні Лівану: поранені миротворці ООН,"В UNIFIL заявили, що ракету могли запустити бойовики ""Хезболли"". Поранення миротворців ООН підтвердило міністерство оборони Австрії.

Восьмеро австрійських військових зі складу миротворчих сил ООН UNIFIL зазнали поранень внаслідок ракетного обстрілу на півдні Лівану у вівторок, 29 жовтня. Відповідно до повідомленням міністерства оборони Австрії, поранення були ""незначними"", жоден з військових не потребував невідкладної медичної допомоги. Міністерство оборони у Відні додало, що наразі неможливо сказати, звідки був здійснений обстріл місця дислокації UNIFIL у ліванському місті Накура.

""Ми рішуче засуджуємо цей напад і вимагаємо його негайного розслідування"", - заявила міністерка оборони Австрії Клаудія Таннер (Klaudia Tanner). Вона закликала всі воюючі сторони забезпечити безпеку миротворців: ""Ми не можемо і не будемо миритися з тим, що миротворці ООН навмисно чи ненавмисно наражаються на небезпеку"".

У місії UNIFIL тим часом повідомили, що ракета влучила в її штаб-квартиру в Накурі на півдні Лівану. Ракета, ймовірно, була випущена з півночі шиїтським радикальним угрупованням ""Хезболла"" або одним з його союзників. Внаслідок атаки виникла пожежа у автомайстерні UNIFIL, кілька миротворців зазнали легких поранень, розпочато розслідування інциденту. Дані про поранених не наводяться. UNIFIL нагадала ""Хезболлі"" та ""всім суб'єктам про їхнє зобов'язання забезпечити безпеку персоналу і майна ООН"".

У конфлікті між армією Ізраїлю та проіранським угрупованням ""Хезболла"" в Лівані, який загострився з кінця вересня, UNIFIL дедалі частіше наражається на небезпеку. Близько двох з половиною тижнів тому п'ятеро ""блакитних шоломів"" були поранені під час кількох інцидентів. У них UNIFIL звинуватив ізраїльську армію. У вівторок місія ООН вперше звинуватила ""Хезболлу"" в нападі на UNIFIL.

Миротворчі сили UNIFIL дислокуються в Лівані з 1978 року і налічують понад 10 тисяч військових та цивільних. Серед європейських країн, які беруть найактивнішу участь у цій операції, - Італія, яка налічує близько тисячі солдатів, Іспанія - близько 680 і Франція - 670. Бундесвер бере участь у морській оперативній групі UNIFIL, метою якої є запобігання контрабанді зброї морем.",Анастасія Шепелева,"Конфлікти, Ліван",2024-10-29,CONTROL_Polish_Womens_Strike_2020_2024,sustained,True,3,"За, На, Рф"
https://www.dw.com/en/ikea-to-compensate-east-german-prisoners-for-forced-labor/a-70633944?maca=en-rss-en-top-1022-rdf,Deutsche Welle,IKEA to compensate East German prisoners for forced labor,"The German branch of IKEA has pledged millions to compensate victims of the former Communist East German regime, who were forced to make furniture components in the GDR.

Germany's Bundestag parliament and IKEA Deutschland on Tuesday announced that the furniture colossus would contribute €6 million (roughly $6.5 million) to a new German government fund designed to compensate victims of the former East German dictatorship.

The parliament's special representative for helping victims of the former East Germany (or GDR, for ""German Democratic Republic""), Evelyn Zupke, said on Tuesday that the company had confirmed its intention to pay into the mechanism. The fund has yet to be approved by the German parliament, but this is seen as a formality.

""For me IKEA's pledge to support the hardship fund is an expression of a conscientious approach also to darker chapters of the company history,"" Zupke said. ""We can't undo what prisoners had to suffer in GDR prisons. But we can offer them respect today and support them if they face particular hardships. IKEA has decided to take precisely this path and I am distinctly grateful.""

IKEA's contribution is voluntary, there is no legal obligation for it to act in this case.

What is the case about?

IKEA was one of several western companies that subcontracted some production to the former East Germany during the Cold War.

In some cases, East Germany would force prisoners to work on the production. Evidence tying this phenomenon to IKEA began to emerge around 2011 and 2012.

The company quickly commissioned an investigation by auditors Ernst & Young, which found both that the allegations had merit and that parts of IKEA's management at the time was aware of prisoners' involvement.

IKEA's German chairman says fulfilling promise to victims

""We deeply regret that this took place,"" IKEA Germany's CEO and CSO Walter Kadnar said on Tuesday. ""Since it became known, that IKEA products were also made by political prisoners in the GDR, IKEA has consistently worked towards a resolution.""

He noted IKEA's modern commitments to ""one of the most progressive and recognized supplier codes of conduct,"" referring to the company's IWAY policy, and said it was self-evident that the company would want to take steps to minimize damages of past transgressions against human rights or the environment.

""We gave our word to those affected that we would contribute to their support. Therefore, we welcome the implementation of the hardship fund and are happy to be able to keep our promise,"" Kadnar said.

Former prison laborer lauds move

Dieter Dombrowski, the chairman of the UOKG, whose name in English roughly translates to the Union of Victims' Associations of Communist Dictatorship, praised IKEA for its approach in recent years.

""IKEA accepted our invitation for talks after it became known that the company was involved in forced prison labor. Together, we charted the path of resolution and IKEA met directly with those affected. Today's decision is groundbreaking. We hope that other companies will follow IKEA's example,"" Dombrowski said.

Dombrowski was a political prisoner in the former East Germany, jailed for illegally entering West Germany. He became a Christian Democrat (CDU) politician after moving to West Berlin in the 1970s.

He then became a Bundestag member in 1994, after reunification, for a district in the former East in Brandenburg. He also actively campaigned on the issue of forced labor for many years.

""My three sisters were in the women's prison in Hoheneck [in Saxony],"" Dombrowski said in an interview with mass-circulation newspaper Bild in 2012. ""They made bed linens for Quelle and other delivery companies. I myself was bought free in 1976 and then saw all the things we'd been making in jail in the West.""

Dombrowski said that during his 20 months in a jail in Cottbus, he had made camera housings.

He said prisoners would work six-day weeks in three shifts, and be paid in the region of 18 to 25 East German Marks each week — a paltry sum even by East German standards.

""For the companies in the West, the profit margins must have been higher than they are today in China,"" he said.",,"History, Germany",2024-10-29,CONTROL_Polish_Womens_Strike_2020_2024,sustained,True,1,"De, En, La"
https://www.dw.com/en/middle-east-us-condemns-horrifying-israeli-strike-on-gaza/live-70624186?maca=en-rss-en-top-1022-rdf,Deutsche Welle,Middle East: US condemns 'horrifying' Israeli strike on Gaza,"The US has asked Israel for an explanation following a strike that killed scores in Beit Lahiya. Meanwhile, UN chief Antonio Guterres said Israel banning UNRWA ""could have devastating consequences."" DW has more.

The United States has condemned Israeli strikes on the city of Beit Lahiya in Gaza on Tuesday, saying it was ""deeply concerned by the loss of civilian life"" following reports that many children were killed in the bombing.

""This was a horrifying incident with a horrifying result,"" US State Department spokesperson Matthew Miller told reporters.

At least 93 people were killed or missing due to the attack, according to Palestinian medics.

Washington reached out to the Israeli government and ""made clear we want to know exactly what happened,"" Miller said.

One of the questions posed by the US was ""how you could have a result that produces, according to reports, dozens of children dead, and we don't yet know the answer to that question,"" according Miller.

The State Department spokesperson reiterated calls for a cease-fire in Gaza now that Israel ""has decimated Hamas' military capabilities.""

""It is critically important... that Israel be mindful of achieving a larger strategic success, and that (Israel) be mindful of finding a way to end this campaign in a way that brings the hostages home, in a way that ensures their security,and not just continuing in an endless, perpetual conflict,"" Miller said.

An Israeli human rights lawyer has condemned the Israeli government for banning the UN's aid agency for Palestinians, UNRWA, on Monday.

""When Israel denies the UN agency that is responsible for providing for these refugees and their descendants, it has the obligation to provide [aid] itself,"" Michael Sfard told DW's Emily Gordine.

""The laws that were passed yesterday in the Israeli parliament were passed without establishing any substitute for UNRWA. And that, of course, that would lead to a humanitarian catastrophe.""

Sfard also accused Germany of being ""a central actor"" that allows Israel to evade consequences of such moves internationally.

""Germany is probably the number one enabler, together with America, of course, of Israeli violations of international law,"" he said.

""If any other country would do it, let's say a country in Africa, I'm sure Germany would be in the top of the countries that would demand to put such pressure on this country that it will backtrack this horrendous violation, not only of international conventions and law, but also of the rights of innocent people,"" Sfard added.

""If Germany of all nations does not apply the same standards to Israel, it damages the whole notion of international law.""

Norway said it will put forward a UN General Assembly resolution asking the International Court of Justice (ICJ) to clarify Israel's responsibility to provide aid to Palestinians.

Norwegian Prime Minister Jonas Gahr Store said his government is ""requesting that the ICJ pronounces on Israel's obligations to facilitate humanitarian assistance to the Palestinian population, delivered by international organizations, including the UN, and states.""

The move is a response to Israel's decision on Monday to ban the the UN's aid agency for Palestinians, UNRWA, from operating in its territory.

""The Israeli government's policy is making it increasingly difficult for Palestinians to access life-saving assistance and basic services such as healthcare and education,"" Norway's Foreign Minister Espen Barth Eide added.

The United Nations peacekeeping force in Lebanon says a rocket that hit its headquarters in the country's south was likely linked to Hezbollah.

Some peacekeepers were left with minor injuries from the strike.

""A rocket hit UNIFIL's headquarters in Naqoura, setting a vehicle workshop on fire,"" the force said in a statement.

It added that the rocket ""was fired from north of UNIFIL's headquarters, likely by Hezbollah or an affiliated group.""

Austria's Defense Ministry says a rocket attack has injured eight of its soldiers with a UN peacekeeping contingent in southern Lebanon.

The ministry condemned the attack but added that it was ""currently not possible to say where the attack came from.""

""Eight Austrian army soldiers from the UNIFIL contingent [United Nations Interim Force in Lebanon] were injured today at 12:58 p.m. [1058 GMT] by a rocket hit in Camp Naqoura; none of them seriously,"" a statement said.

The injuries were ""minor and superficial,"" the statement added, with none of the soldiers, who are members of a repair platoon, needing emergency medical attention.

Israeli emergency services and the military say a barrage of projectiles fired from Lebanon into northern Israel has killed at least one person in the town of Maalot.

""We saw an unconscious male with no pulse and no breathing... but his injury was critical and we had to pronounce him deceased,"" emergency service provider Magen Adam David said after sirens were activated in the town.

The Israeli military said separately that some 50 projectiles had been identified crossing from Lebanon into the Upper and Western Galilee regions on Tuesday morning.

The rockets came as Israel's military continued to strike targets in southern Lebanon.

A tally by the AFP news agency says at least 1,700 people have been killed in Lebanon since September 23, when Israel launched a full air and ground offensive against Hezbollah.

Hezbollah says it is launching rockets at Israel to support of Hamas.

Israeli official figures say at least 63 people have been killed on the Israeli side, including 12 in the Israel-annexed Golan Heights.

The International Organization for Migration's director-general Amy Pope says the United Nations body is not capable of fully filling a gap left by UNRWA, describing the agency as ""absolutely essential.""

""They provide, education. They provide health care. They provide some of the most basic needs, for people who have been living there for decades,"" Pope said of UNRWA. ""That's not something that IOM does what IOM does well.""

Pope said the IOM was able to assist with some ongoing humanitarian support, such as offering help to displaced people and providing shelter and hygiene kits.

""There's no way for IOM to step in to do what UNRWA has done. UNRWA is absolutely essential to the people of Gaza, and I don't want to leave anyone with the misimpression that IOM can play that role, because we cannot,"" she said.

Turkey has condemned a ban passed by the Israeli parliament on the UN relief agency for Palestinians (UNRWA) as a violation of international law.

""By targeting UNRWA, Israel aims to destroy the two-state solution and prevent the return of Palestine refugees to their homeland,"" the Turkish Foreign Ministry said in a statement on Tuesday.

""It is the legal and moral obligation of the international community to take a strong stance against attempts to ban UNRWA, which was established by a UN General Assembly resolution,"" it said.

Turkey has pledged as chair of the UNRWA financing group to continue providing the agency with political and financial support.

The Israel Defense Forces (IDF) says a drone that came down near the Israeli coastal city of Ashkelon was launched from Yemen.

The statement was made after experts examined fragments of the drone.

It also said Israeli air defenses had intercepted another drone launched towards Western Galilee from Lebanon.

That drone landed in open ground in Nahariya on the coast near the border with Lebanon. Fragments were identified in the area.

Jordan has said the Israeli parliament's decision to ban the UN agency for Palestinian refugees is a violation of international law and part of its bid to dismantle the organization.

The kingdom's foreign ministry said the vote was ""part of the systematic targeting"" of UNRWA and a ""continuation of Israel's frantic efforts to assassinate the UN agency politically, in addition to its aggressive war on the Palestinian people.""

Israel's decision to ban the relief agency UNRWA could result in the deaths of more children and represent a form of collective punishment for Gazans if fully implemented.

The agency, which employs thousands of people in Gaza, provides almost all of the territory's population with basic supplies, but it requires access through Israel.

""If UNRWA is unable to operate, it'll likely see the collapse of the humanitarian system in Gaza,"" said UNICEF spokesperson James Elder, who has worked extensively in Gaza since the war began. ""So a decision such as this suddenly means that a new way has been found to kill children.""

Gaza's Hamas-run health authorities' data show that more than 13,300 children whose identities have been confirmed have been killed in the Gaza war. Many more are believed to have died of disease because of a collapsing medical system and food and water shortages.

Steffen Seibert,the German ambassador to Israel, said he was ""very worried about the effects"" of the Knesset vote to ban the United Nations Relief and Works Agency for Palestine Refugees in the Near East (UNRWA).

""The humanitarian situation of displaced men, women and children in Gaza is already disastrous. These laws put them at even greater risk,"" Seibert wrote on social media site X. ""Right now UNRWA is vital for bringing aid to them — and so much more is needed.""

The new laws are expected to make the UN's relief work in Gaza and the Occupied West Bank virtually impossible.

Lebanon's Iran-backed Hezbollah movement says it has chosen deputy leader Naim Qassem to succeed Hasan Nasrallah as its leader after he was killed in an Israeli strike on south Beirut last month.

""Hezbollah's [governing] Shura Council agreed to elect... Sheikh Naim Qassem as secretary general of Hezbollah,"" the Iran-backed group said more than a month after Nasrallah's killing.

Hezbollah vowed that it would continue with Nasrallah's policies ""until victory is achieved.""

Iran-backed Hezbollah is considered a terrorist organization by the US, Germany and several Sunni Arab countries, while the EU lists its armed wing as a terrorist group.

An overnight Israeli air strike killed more than 55 people in a residential building in the northern district of Beit Lahia, according to Gaza's Hamas-run civil defense agency.

The rescuers in Gaza said another 17 are missing under the rubble.

""More than 55 people have been martyred and dozens more wounded are under the rubble of a five-storey residential building belonging to the Abu Nasr family that was hit by the Israeli occupation last night in Beit Lahia,"" agency spokesman Mahmud Bassal said on Tuesday.

Many of the those killed included women and children, the Palestinian news agency WAFA reported.

Israel did not comment about the air strikes immediately.

Around 100,000 people were marooned in Jabalia, Beit Lahiya and Beit Hanoun without medical or food supplies, according to the Palestinian Civil Emergency Service.

United Nations Secretary-General Antonio Guterres said that an Israeli law that would ban the UN Palestinian refugee agency UNRWA in Israel ""could have devastating consequences for Palestine refugees in the Occupied Palestinian Territory, which is unacceptable.""

""In the midst of all the upheaval, UNRWA, more than ever, is indispensable. UNRWA, more than ever, is irreplaceable,"" UN Guterres said in a statement.

""There is no alternative to UNRWA,"" he added.

""The implementation of these laws would be detrimental for the resolution of the Israeli-Palestinian conflict and for peace and security in the region as a whole. As I said before, UNRWA is indispensable.""

Guterres said he would bring the matter to the attention of the 193-member UN General Assembly.

The Israeli parliament on Monday passed two laws threatening the aid work by UNRWA in war-torn Gaza.

The laws would ban UNRWA's operations in Israeli territories, lead to disasscoiation with it and deem it a terror organization.

The legislation, which will not be immediately implemented, is indicative of a new low for the already muddled realtionship between Israel and the UN.

The Knesset passed the bills with an overwhelming majority despite objections from the United States and warnings from the UN Security Council.

The UN agency is the main humanitarian aid provider in the Gaza Strip. The Israeli move could threaten its work in Gaza, given its reliance on Israeli border crossings to access the area.

The Israeli government accuses UNRWA of being involved in the October 7 terror attack, claiming that the aid organization has been infiltrated by Hamas.

The allegations prompted several donor countries — including the US, the EU and Germany — to suspend contributions to UNRWA.

The UN launched an internal investigation into the allegations. In a statement published on August 5, 2024, it said that nine UNRWA employees had been dismissed due to possible involvement in the Hamas-led attacks against Israel on October 7, 2023.

Allegations against 10 other employees could not be substantiated.",,"Politics, Middle East",2024-10-29,CONTROL_Polish_Womens_Strike_2020_2024,sustained,True,0,"In, The, To"
https://www.dw.com/es/eeuu-critica-ataque-que-dej%C3%B3-docenas-de-ni%C3%B1os-muertos-en-gaza/a-70635169,Deutsche Welle,EE.UU. critica ataque que dejó varios niños muertos en Gaza,"El Departamento de Estado calificó de “horrible” lo sucedido en un bombardeo israelí contra un edificio en Beit Lathia, donde casi un centenar de personas perdieron la vida.

Estados Unidos expresó este martes (29.10.2024) su preocupación por un ""horrible” ataque israelí en el norte de la Franja de Gaza que mató al menos a 93 personas, entre ellas a varios niños, y aseguró estar pidiendo explicaciones a sus aliados, aunque esas preguntas siguen sin ser respondidas. El Ministerio de Salud de Gaza reportó también decenas de personas heridas.

""Estamos profundamente preocupados por la pérdida de vidas civiles en este incidente. Fue algo horrible con un resultado horrible”, señaló el portavoz del Departamento de Estado, Matthew Miller, a la prensa, en referencia a reportes que aseguran que ""dos docenas de niños murieron” en el bombardeo que destruyó un edificio de cinco pisos en Beit Lathia, la madrugada de este martes.

""Nos hemos contactado con el Gobierno de Israel para saber exactamente qué ocurrió, cómo puede ser que, según los informes, haya docenas de niños muertos, pero aún no sabemos la respuesta a esa pregunta”, dijo Miller. El portavoz, sin embargo, no anunció ninguna acción inmediata de Washington en contra de su aliado. Sí llamó a buscar una salida negociada al conflicto que enfrenta a las fuerzas israelíes con el grupo Hamás, considerado terrorista por Estados Unidos y la Unión Europea.

Critican también nueva ley

Miller aseguró que ""el trágico costo” en vidas de civiles en este ataque ""es otro recordatorio de por qué necesitamos que esta guerra termine”. Añadió que ""estamos a un año del inicio de la campaña militar israelí en Gaza e Israel ha debilitado las capacidades de Hamás, su liderazgo, y a través de sus acciones militares se ha asegurado de que Hamás no sea capaz de repetir ataques como el del 7 de octubre”.

El Departamento de Estado también reiteró su alarma por la ley aprobada el lunes que prohíbe el funcionamiento dentro de territorio israelí, incluida la parte de Jerusalén anexionada unilateralmente, a la agencia de Naciones Unidas para los refugiados palestinos. Miller señaló que el secretario de Estado, Antony Blinken, ya ""dejó claro que nos oponemos a esta legislación”.",,"Conflictos, Israel",2024-10-29,CONTROL_Polish_Womens_Strike_2020_2024,sustained,True,1,"De, En, La"
https://www.dw.com/es/un-doloroso-ajuste-para-los-trabajadores-de-vw-en-alemania/a-70634776,Deutsche Welle,Un doloroso ajuste para los trabajadores de VW en Alemania,"Según el comité de empresa, Volkswagen quiere cerrar al menos tres plantas y suprimir miles de puestos de trabajo. ¿Cómo se llegó a esta situación?

Una noticia explosiva llega de la mano de Daniela Cavallo, jefa del comité de empresa de Volkswagen: el segundo mayor fabricante de automóviles del mundo planea recortar decenas de miles de puestos de trabajo y cerrar al menos tres plantas de VW en Alemania.

El anuncio ha causado un gran impacto. ""Casi ninguna otra empresa es un símbolo tan fuerte del milagro económico, la gran prosperidad y la reputación mundial de los productos 'Made in Germany' como Volkswagen"", dice Marcel Fratzscher, presidente del Instituto Alemán de Investigación Económica (DIW).

Volkswagen en crisis

Una de las razones de la crisis de VW es la reticencia de los clientes a adquirir autos nuevos. Esto está afectando también a otros fabricantes de automóviles alemanes. En el primer semestre del año, las ventas del sector cayeron un 4,7 por ciento; un año antes, todavía se registraban ventas récord.

Los coches eléctricos también se han comprado menos desde principios de año. BMW, Mercedesy Stellantis (matriz de Opel), así como Volkswagen y su filial de deportivos Porsche, han tenido que rebajar sus expectativas para el año fiscal.

El año pasado, el mayor fabricante de automóviles de Alemania, VW, obtuvo unos beneficios de más de 18.000 millones de euros y pudo repartir 4.500 millones de euros en dividendos.

En opinión de Fratzscher, Volkswagen sigue obteniendo ganancias sustanciales, aunque el rendimiento de la inversión haya disminuido. Para él, la culpa la tiene una competencia mundial cada vez más dura.

El año pasado, VW lanzó un programa de eficiencia con el objetivo de ahorrar diez mil millones de euros hasta 2026 para reforzar su competitividad. A finales de septiembre, el grupo anunció que había que ahorrar aún más.

La producción es muy baja

Desde hace tiempo, las fábricas no se utilizan al máximo de su capacidad. Las ventas de coches en Europa han caído significativamente y las plantas están dos millones de coches por debajo del nivel anterior a la pandemia, explica el director financiero Arno Antlitz. Para VW, esto implica vender medio millón de coches menos, lo que equivale a la producción de dos fábricas.

Un problema que no es exclusivo de VW. Por término medio, las plantas de los fabricantes de coches alemanes funcionan a unos dos tercios de su capacidad, afirma Stefan Bratzel, fundador y director del Centro de Gestión del Automóvil (CAM), de Bergisch Gladbach, en entrevista con DW.

Que una planta sea rentable depende, entre otras cosas, del modelo que se fabrique en ella, ""pero, básicamente, se puede decir que la utilización de la capacidad debe estar realmente por encima del 80 por ciento"", afirma el experto en automoción.

La situación es especialmente mala en Europa occidental, concretamente en Alemania, Francia, Italia y Reino Unido, como informa la revista sobre economía Wirtschaftswoche. En cambio, países como España, Turquía, Eslovaquia y la República Checa todavía alcanzan una tasa de utilización de la capacidad del 79 por ciento. Los salarios en estos países son más bajos que en Alemania.

Elevados costos laborales en Alemania

En general, los costos laborales en las fábricas de automóviles de Alemania son más altos que en cualquier otro país. En 2023, eran de más de 62 euros por hora, según la asociación industrial VDA. En España ascienden a los 29, en la República Checa son 21 y en Rumania tan solo 12.

A pesar de los elevados salarios, en ningún lugar de Europa se fabricaron más coches en términos absolutos en 2023 que en Alemania, aunque con una tendencia a la baja. Según Thomas Puls, del Instituto Económico Alemán (IW), la producción es ahora alrededor un 25 por ciento inferior a la de 2018. De los más de cuatro millones de coches producidos, algo menos de una cuarta parte eran puramente eléctricos.

China aparta del mercado a otros fabricantes de automóviles

Los fabricantes alemanes de automóviles se están dando cuenta de que, en los últimos años, ha surgido una nueva competencia en China, en el sector de los coches eléctricos y también en el segmento premium. ""Casi un tercio de los vehículos fabricados en todo el mundo proceden ahora de fábricas chinas, que producen mucho más barato de lo que sería posible aquí en Alemania"", afirma Puls, del IW.

Mientras que los fabricantes de automóviles alemanes han podido mantenerse, otros fabricantes de automóviles de Europa occidental son dolorosamente conscientes, desde el cambio de milenio, de que cada vez se fabrican y venden más vehículos en Asia, y en China en particular.

Si se observa Europa occidental, excluyendo a Alemania, la producción de automóviles cayó casi un 40 por ciento durante este periodo. En Francia e Italia, sólo salieron de la cadena de producción la mitad de coches que en 2000.(gg/ms)",Insa Wrede,"Economía, Global",2024-10-29,CONTROL_Polish_Womens_Strike_2020_2024,sustained,True,1,"De, En, La"
https://www.dw.com/ru/minoborony-ssa-nebolsoe-cislo-soldat-kndr-uze-v-kurskoj-oblasti-rf/a-70634833,Deutsche Welle,Пентагон: Небольшое число солдат КНДР - в Курской области РФ,"По данным пресс-секретаря Минобороны США, несколько тысяч солдат КНДР выдвинулись в направлении Курской области РФ, небольшое их число уже там.

Несколько тысяч солдат КНДР выдвинулись в направлении Курской области РФ, небольшое их число уже там. Об этом сообщил пресс-секретарь министерства обороны США Патрик Райдер. Его слова во вторник, 29 октября, привело агентство Reuters. По данным Пентагона, Россия может задействовать их в составе сухопутных войск против военных Вооруженных сил Украины.

""Мы по-прежнему обеспокоены, что Россия собирается задействовать этих солдат в бою или для поддержки боевых операций против украинских сил в Курске"", - указал Райдер. Он добавил, что не может подтвердить сообщений о том, что северокорейские войска якобы находятся в Украине.

""Мы продолжаем внимательно следить за ситуацией и консультируемся с нашими украинскими партнерами, а также с другими союзниками и партнерами"", - отметил Райдер.

Пентагон: Северная Корея отправила около 10 000 солдат

Ранее в Минобороны Соединенных Штатов оценили численность переброшенных сил в 10 000 человек. ""Считаем, что Северная Корея отправила около 10 000 солдат для обучения на востоке России"", - заявила в Вашингтоне заместитель пресс-секретаря американского оборонного ведомства Сабрина Сингх. Они, ""вероятно, усилят российские войска вблизи Украины в ближайшие недели"", привело ее слова агентство AFP.

В НАТО подтвердили переброску

Генеральный секретарь НАТО Марк Рютте на пресс-конференции в Брюсселе 28 октября подтвердил переброску северокорейских войск в Россию, а также их отдельных подразделений - в Курскую область.

В Североатлантическом альянсе тщательно следят за развитием ситуации и в рамках альянса активно консультируются по данному вопросу с Украиной и партнерами в Индо-Тихоокеанском регионе, добавил он.

Эксперт: Речь идет о северокорейском спецназе

Президент РФ Владимир Путин косвенно подтвердил, что северокорейские солдаты проходят в РФ подготовку к участию в боевых действиях. Отвечая на вопрос журналиста об указывающих на это спутниковых снимках, сделанных службами разведки западных стран, Путин заявил: ""Если есть снимки, значит, они что-то отражают"".

Как пояснила DW эксперт по оборонным исследованиям в Королевском колледже Лондона Марина Мирон, речь, предположительно, идет о северокорейском спецназе, то есть самых подготовленных войсках в КНДР.",Екатерина Венкина,"Конфликты, США",2024-10-29,CONTROL_Polish_Womens_Strike_2020_2024,sustained,True,3,"За, На, Рф"
https://www.dw.com/bn/%E0%A6%B8%E0%A7%8D%E0%A6%A4%E0%A6%A8-%E0%A6%95%E0%A7%8D%E0%A6%AF%E0%A6%BE%E0%A6%A8%E0%A7%8D%E0%A6%B8%E0%A6%BE%E0%A6%B0-%E0%A6%AE%E0%A7%8B%E0%A6%95%E0%A6%BE%E0%A6%AC%E0%A6%BF%E0%A6%B2%E0%A6%BE%E0%A7%9F-%E0%A6%96%E0%A7%87%E0%A6%B2%E0%A6%BE%E0%A6%A7%E0%A7%81%E0%A6%B2%E0%A6%BE%E0%A6%B0-%E0%A6%AD%E0%A7%82%E0%A6%AE%E0%A6%BF%E0%A6%95%E0%A6%BE/a-70632068,Deutsche Welle,স্তন ক্যান্সার মোকাবিলায় খেলাধুলার ভূমিকা,"ক্যান্সারের বিরুদ্ধে সংগ্রামের জন্য মনের জোর জরুরি৷ সেইসঙ্গে খেলাধুলাও কিছু ক্ষেত্রে অভাবনীয় ফল দিতে পারে৷ ব্রেস্ট ক্যানসারের এক রোগী ‘স্ট্রেনথ অ্যান্ড এন্ডুরেন্স ট্রেনিং’ করে দারুণ সুফল পাচ্ছেন৷

আচমকা স্তনে একটি পিণ্ড ধরা পড়লো৷ জানা গেল ক্যান্সার হয়েছে৷ আনে ম্যুলার সবে প্রথম বারের জন্য মা হয়েছেন৷ ফলে এমন খবরের জন্য একেবারেই প্রস্তুত ছিলেননা৷

দ্রুত জানা গেল, যে তাঁর একটা অপারেশন ও কেমোথেরাপির প্রয়োজন৷ দুটোতেই বেশ ধকল হলেও তাঁর সামনে অন্য কোনো পথ খোলা ছিলনা৷ স্মৃতিচারণ করতে গিয়ে আনে বলেন, ‘‘প্রথমেই মনে হলো, আমি আর বাঁচবোনা৷ আমার মেয়েকে বড় হতে দেখবোনা৷ প্রায়ই এখানে বসে ভাবতাম সেরে ওঠার জন্য আর কী করতে পারি? মোটকথা আবার সুস্থ হওয়ার লক্ষ্যই ছিল আসল কথা৷ তার জন্য সব কিছু করতে প্রস্তুত ছিলাম৷''

৩৪ বছর বয়সি এই নারী এক অনকোলজিকাল ট্রেনিং এবং ব্যায়াম থেরাপি সম্পর্কে জানতে পেরে অবিলম্বে সেই প্রক্রিয়া শুরু করতে চেয়েছিলেন৷ তাঁর ডাক্তার হিসেবে মারেন প্যোসডর্ফও সাহায্য করতে এগিয়ে এসেছিলেন৷ মারেন বলেন, ‘‘খেলাধুলার এক মৌলিক নিরাময় ক্ষমতা রয়েছে৷ কোলোন বিশ্ববিদ্যালয়ে তার সাক্ষাৎ প্রমাণও পাওয়া গেছে৷ শরীরের উপর খেলাধুলার প্রভাব নিয়ে একাধিক গবেষণা হয়েছে৷ যথেষ্ট প্রভাবের কথা জানা গেছে৷ আমরা দেখেছি, নারীদের ক্ষেত্রে কেমোথেরাপির পার্শ্বপ্রতিক্রিয়া অনেক কমে যায়৷ বমি বমি ভাব কমে, হাড় ও জয়েন্টের ব্যথাও কম হয়৷ সেটা স্পষ্ট দেখা গেছে৷''

আনে ম্যুলার কেমোথেরাপির মাঝেই সেই প্রক্রিয়া শুরু করেন৷ বিশেষ এক ফিজিওথেরাপি চেম্বারে তিনি সপ্তাহে দুইদিন ‘স্ট্রেনথ অ্যান্ড এন্ডুরেন্স ট্রেনিং' করতে থাকেন৷

ক্রীড়াবিজ্ঞানীরা আনে-কে উত্সাহ দিয়েছিলেন৷ ক্যানসারের চিকিৎসার সময়ে হাতে-পায়ে যেমন ব্যথা করে, এই থেরাপির ফলে সেই পলিনিউরোপ্যাথি নামের সমস্যা আদৌ দেখাই দেবেনা বলে আশা করেছিলেন তাঁরা৷ ক্রীড়াবিজ্ঞানী হিসেবে ডিয়র্ক বিয়ারমান বলেন, ‘‘গবেষণায় স্পষ্ট দেখা গেছে, যে এর ফলে কষ্ট কিছুটা কমে যায়৷ কেমোথেরাপি বন্ধ করার অন্যতম প্রধান কারণ এই পলিনিউরোপ্যাথি৷ যতকাল কেমোথেরাপি চালিয়ে যাওয়া যায়, সেটা রোগীদের জন্য ভালো৷ থেমে গেলে অবনতি হয়৷ আমি সেটা এভাবেই দেখি৷ শরীরের যে সব কাঠামো আমরা ট্রেনিং বা সঞ্চালন করি না, সেগুলির আবার অবনতি ঘটে৷''

অর্থাৎ ক্যান্সারের সময়ে খেলাধুলা বন্ধ করা একেবারেই ভালো কাজ নয় বলে ডিয়র্ক বিয়ারমান মনে করেন৷

ইতোমধ্যে আনে ম্যুলারের মেয়ে ইয়েটের এক বছর বয়স হয়েছে৷ আনে তাঁর মেয়ে ও জীবনসঙ্গীর জন্য উপস্থিত রয়েছেন৷ খেলাধুলা তাঁকে সেই শক্তি দিচ্ছে বলে তিনি বিশ্বাস করেন৷ তিনি বলেন, ‘‘খুবই ভালো৷ আমি খুব ভালো বোধ করছি৷ সুস্থ আছি৷ শক্তি পাচ্ছি৷ এর থেকে ভালো আর বোধহয় কিছুই হতে পারে না৷''

আনের পোস্ট-ট্রিটমেন্ট এখনো চলছে৷ কয়েক মাস পর পর তাঁকে ডাক্তারের কাছে চেকআপের জন্য যেতে হচ্ছে৷ তিনি অবশ্যই নিজের ও নিজের পরিবারের স্বার্থে ‘স্ট্রেনথ অ্যান্ড এন্ডুয়রেন্স ট্রেনিং' চালিয়ে যেতে চান৷

প্রতিবেদন: কোলিয়া সেলকার/এসবি",,"স্বাস্থ্য, জার্মানি",2024-10-29,CONTROL_Polish_Womens_Strike_2020_2024,sustained,True,6,"به, در, های"
https://www.dw.com/pt-br/c%C3%A2mara-cria-comiss%C3%A3o-para-analisar-projeto-que-anistia-golpistas/a-70635130,Deutsche Welle,Câmara cria comissão e atrasa projeto que anistia golpistas,"Partidos deverão indicar integrantes para formação de grupo, o que atrasará votação de projeto de lei que livra de punição condenados pelos ataques de 8 de janeiro de 2023.

O presidente da Câmara dos Deputados, Arthur Lira, anunciou nesta terça-feira (29/10) a criação de uma comissão especial para analisar o projeto de lei que concede anistia aos condenados pelos atos golpistas de 8 de janeiro de 2023.

O texto seria votado nesta terça na Comissão de Constituiçao e Justiça (CCJ) da Câmara, mas, com a criação do grupo especial, o processo de discussão e tramitação do projeto deve voltar à estaca zero.

""O tema deve ser debatido pela Casa, mas não pode, jamais, pela sua complexidade, se converter em indevido elemento de disputa política, especialmente no contexto das eleições futuras para Mesa Diretora da Câmara"", disse Lira a jornalistas.

A eleição da Mesa Diretora está marcada para fevereiro do ano que vem, e o tema da anistia aos golpistas tem influenciado as negociações, segundo Lira.

Para a comissão ser de fato criada, cada partido deve indicar representantes, e a tramitação do projeto pode se arrastar por até 40 sessões do plenário da Casa.

Tentativa de golpe

No dia 8 de janeiro de 2023, apoiadores do ex-presidente Jair Bolsonaro invadiram e depredaram as sedes dos Três Poderes, em Brasília, inconformados com a vitória de Luiz Inácio Lula da Silva na eleição presidencial.

O grupo defendia um golpe para que Bolsonaro voltasse ao poder, com pedidos de apoio às Forças Armadas.

Depois dos ataques, foi criada a CPI do 8 de janeiro. Concluído em outubro de 2023, o relatório da comissão pediu o indiciamento de 61 pessoas por crimes como associação criminosa, violência política, abolição do Estado Democrático de Direito e golpe de Estado - incluindo Bolsonaro e ex-ministros de seu governo.

Pessoas envolvidas nos protestos, tanto no financiamento, organização ou participação, têm sido condenadas pelo Supremo Tribunal Federal (STF) por tentativa de golpe de Estado, entre outros crimes.

No Brasil, é crime tentar depor, por meio da violência ou de grave ameaça, o governo legitimamente constituído ou impedir e restringir o exercício dos poderes constitucionais.

Também é crime incitar, publicamente, a animosidade entre as Forças Armadas e os demais poderes constitucionais. As penas variam e podem chegar a 12 anos de prisão.",,"Política, Brasil",2024-10-29,CONTROL_Polish_Womens_Strike_2020_2024,sustained,True,1,"De, En, La"
https://www.dw.com/pt-br/la%C3%A7os-comerciais-entre-%C3%A1rabes-e-israelenses-seguem-fortes-mas-at%C3%A9-quando/a-70627996,Deutsche Welle,"Comércio árabe-israelense segue forte, mas até quando?","Líderes da Jordânia, Egito e Emirados Árabes Unidos criticam ações de Israel em Gaza e no Líbano, mas ainda mantêm normalidade nas relações comerciais. Poderia um agravamento do conflito mudar o status atual?

Antes de 7 de outubro de 2023 e do ataque do grupo terrorista Hamas a Israel, o Conselho EAU-Israel postava quase diariamente nas redes sociais. A entidade, sediada na cidade israelense de Tel Aviv, afirmava entusiasticamente ao mundo como eram boas as relações comerciais entre Israel e os Emirados Árabes Unidos, após a normalização das relações entre os dois países, em 2020, com a assinatura dos chamados Acordos de Abraão.

Isso, porém, mudou há pouco mais de um ano. A última postagem do Conselho foi em 8 de outubro. Desde então, nada mais foi publicado. A entidade não respondeu às perguntas da DW sobre o motivo de não mais celebrar os laços comerciais EAU-Israel, apesar de que, após um ano de conflito, os negócios entre os dois países permanecerem comparativamente robustos.

Líderes de nações que mantêm laços comerciais com Israel, incluindo Emirados Árabes Unidos, Jordânia e Egito, criticaram a forma como o governo israelense conduz suas campanhas militares na Faixa de Gaza e, mais recentemente, no Líbano.

Desde o início da ofensiva israelense em Gaza em outubro passado, em resposta aos ataques terroristas do do Hamas, mais de 42.000 pessoas foram mortas no enclave palestino, incluindo mais de 3.400 crianças, segundo dados no Ministério da Saúde de Gaza, administrado pelo próprio Hamas.

No Líbano, após Israel dar inicio a uma campanha militar contra o grupo xiita Hezbollah, no mês passado, mais de 1.300 pessoas perderam suas vidas.

Como resultado, a retórica dos líderes árabes contra Israel se torna cada vez mais contundente.

O ministro do Exterior da Jordânia, Ayman Safadi, comentou os eventos recentes no norte de Gaza durante uma reunião com o secretário de Estado americano, Antony Blinken, esta semana. ""Vemos limpeza étnica acontecendo, e isso tem que acabar"", afirmou.

Em uma reunião do Conselho de Segurança da ONU em meados de outubro, o ministro do Exterior do Egito, Badr Abdelatty, disse que as ações israelenses causaram ""uma catástrofe humanitária sem precedentes"" em Gaza.

Políticos dos Emirados Árabes Unidos reiteram regularmente que apenas a criação de um Estado palestino poderá pôr fim ao conflito atual e garantir uma paz duradoura no Oriente Médio.

Laços comerciais ainda fortes

Apesar das críticas, os laços comerciais entre e Israel e essas nações não parecem ter sido abalados.

De todos os países da região, os Emirados Árabes Unidos são os que realizam mais negócios com Israel, seguidos da Jordânia, Egito, Argélia, Marrocos e Bahrein – segundo o valor do comércio bilateral entre Israel e cada um desses países em 2022.

De acordo com estatísticas mensais sobre o comércio exterior de agosto de 2024, coletadas pelo Escritório Central de Estatísticas israelense, a quantidade de comércio – exportações e importações – que esses países realizam com Israel permaneceu majoritariamente positiva este ano.

No caso da Jordânia, o comércio em agosto deste ano foi quase o mesmo do ano passado, diminuindo apenas cerca de 1%. Ao mesmo tempo, no Egito, os negócios com Israel em agosto cresceram mais de 30%. O comércio com o Marrocos e o Bahrein, também signatários dos Acordos de Abraão, também aumentou significativamente este ano, apesar das ameaças feitas anteriormente pelo governo bareinita de romper os laços comerciais.

Em 2023, o comércio total entre Emirados Árabes Unidos e Israel foi estimado em cerca de 2,9 bilhões de dólares (R$ 16,5 bilhões) e a expectativa é que o valor aumente este ano. Nos primeiros sete meses de 2024, on negócios entre os dois países já totalizaram 1,922 bilhão de dólares. Mantendo essa tendência, o comércio total pode chegar a 3,3 bilhões de dólares até o final do ano.

Contudo, segundo especialistas, isso é algo difícil de prever. Embora os laços comerciais tenham se mantido, a taxa de crescimento desencadeada pelos Acordos de Abraão certamente diminuiu. Houve ainda outros impactos, como a queda no turismo e a interrupção da logística, como os ataques dos rebeldes houthis no Iêmen às rotas da navegação comercial no Mar Vermelho.

Ainda assim, segundo empresários israelenses e emiradenses, a maioria das mudanças nas relações comerciais foi superficial, não levando em conta os setores diretamente impactados pelo conflito. Acordos ainda estão sendo feitos, afirmaram empresários israelenses e árabes a jornalistas, ainda que em menor quantidade, embora ninguém queira discuti-los abertamente.

""Em alguns casos, os negócios até se expandiram"", afirmou Dina Esfandiary, consultora sênior para o Oriente Médio do think tank Crisis Group, à DW.

Acordos de Abraão em xeque

Ela, no entanto, observou que, quando se trata de países como os Emirados Árabes Unidos, é importante olhar mais de perto. ""Há, de um lado, os negócios entre empresas estatais israelenses e emiradenses, que é a maior parte do que está acontecendo, e de outro, negócios entre as empresas do setor privado dos dois países"", explicou Esfandiary. ""Isso quase parou porque o setor privado ficou muito apreensivo em continuar qualquer acordo comercial com Israel.""

A consultoria menciona casos de emiradenses ricos que antes estavam entusiasmados em trabalhar com os israelenses, mas que, desde então, abandonaram completamente a ideia. ""Para eles, é uma questão de reputação"", observou. ""Ao mesmo tempo, as empresas estatais não têm preocupações tão grandes com a reputação.""

Alguns emiradenses proeminentes que antes apoiavam os Acordos de Abraão não o fazem mais, ela disse. O vice-diretor da polícia de Dubai, Dhahi Khalfan Tamim, disse recentemente a seus 3,1 milhões de seguidores na rede social X que ""os árabes realmente queriam paz, mas os líderes de Israel não merecem respeito.""

""Os empresários árabes estão usando cálculos diferentes para pesar os riscos e as recompensas associadas ao envolvimento comercial com Israel"", confirmou Robert Mogielnicki, um acadêmico sênior do Instituto dos Estados do Golfo Árabe, em Washington. ""Os laços econômicos e comerciais podem permanecer bastante tensos em meio a tensões diplomáticas e outras crises regionais"", afirmou.

Agravamento da crise pode afetar relações?

Em um dado momento, os Emirados Árabes Unidos podem vir a ver a redução dos laços comerciais como uma forma de pressionar Israel, já em crescentes dificuldades econômicas devido ao conflito, a avançar em direção a um cessar-fogo, argumentou Esfandiary.

""No entanto, é improvável que os países que assinaram os Acordos de Abraão mudem completamente seus planos"", afirmou. ""Quando se lida com as autoridades dos Emirados, elas frequentemente destacam que seu relacionamento com Israel é o que permitiu a EAU enviar muito mais ajuda para Gaza do que qualquer outro país.""

Mas, na se trata apenas disso. ""Eles também não querem reverter o relacionamento porque têm a ganhar com isso"", explicou.

""Os laços econômicos podem servir como uma alavanca [...] para incentivar a tomada de decisões israelenses no futuro"", observou Mogielnicki. ""Mas, acho que, por enquanto, a probabilidade de os governos árabes tomarem medidas diretas para romper todos os vínculos econômicos existentes com Israel é pequena.""

Khaled Elgindy, pesquisador sênior do Middle East Institute e diretor do programa do think tank sediado em Washington sobre assuntos israelenses-palestinos, compartilha dessa avaliação. ""Estou cético sobre isso [romper os laços comerciais] porque já se passou mais de um ano. A retórica é muito mais forte, mas acho que se eles fossem fazer isso, já teriam feito"", afirmou à DW.

Ele acredita que, mesmo após o fim das ofensivas israelenses, ""será socialmente inaceitável que as pessoas simplesmente voltem aos negócios como sempre"". ""Acho que as atrocidades do ano passado afetaram profundamente a opinião pública. Israel causou danos massivos e irreparáveis à sua imagem no mundo árabe"", completou.",Cathrin Schaer,"Conflitos, Israel",2024-10-29,CONTROL_Polish_Womens_Strike_2020_2024,sustained,True,1,"De, En, La"
https://www.dw.com/fr/deuil-national-tchad-attaque-boko-haram/a-70634681,Deutsche Welle,Deuil national au Tchad après l'attaque de Boko Haram,"Selon le chercheur Remadji Hoinathy, l'attaque de Boko Haram contre l'armée tchadienne est un moyen pour le groupe djihadiste de se réaffirmer militairement.

Au Tchad, dans la nuit de dimanche (27.10) à lundi, une attaque de Boko Haram sur une base militaire a fait au moins une quarantaine de morts dans les rangs de l’armée tchadienne.

Mahamat Idriss Deby s’est rendu lundi sur le terrain. Le président du Tchad y a lancé dans la foulée une opération de représailles baptisée ""Haskanite"", du nom de cette plante épineuse typique de la région.

La stratégie de Boko Haram a de tout temps visé à fragiliser toutes les représentations des quatre Etats du Bassin du Lac Tchad : les armées, les services publics, mais aussi les communautés locales, rappelle Remadji Hoinathy, chercheur senior à l’Institut d’étude de sécurité pour le bassin du Lac Tchad.

Voici son interview au micro de la DW.

DW : Pourquoi cette attaque maintenant ?

Remadji Hoinathy : Nous sommes dans une période où la Force multinationale mixte qui regroupe les quatre pays du bassin du lac Tchad, sort d'une opération où elle a engrangé assez de victoires. Je pense aussi qu'elle a impacté assez fortement le groupe (Boko Haram) sur le terrain, au niveau des troupes, au niveau militaire mais aussi au niveau tactique.

Et donc pour Boko Haram, des sorties de ce genre sont des possibilités de se réaffirmer militairement sur le terrain, mais aussi d'enrichir sa propagande en termes de rassurer ceux qui le suivent sur sa capacité à porter le mal et à continuer à déranger les armées dans le bassin du lac Tchad.

Remadji Hoinathy : Il faut admettre que les armées du bassin du lac Tchad, dont l'armée tchadienne, ont fourni beaucoup d'efforts contre les deux factions de Boko Haram. Mais nous restons dans une guerre asymétrique, d'où la difficulté de poursuivre, de neutraliser un ennemi qui, le plus souvent, se retrouve à couvert des communautés et des civils. C'est le caractère spécifique de ce combat.

Et quand bien même il faut reconnaître que la Force multinationale mixte, par exemple, à travers l'opération Lake Sanity, a eu beaucoup de résultats et d'impact sur le terrain.

Mais aujourd'hui, même si Boko Haram n'est plus à un même niveau de feu que par le passé, le groupe maîtrise toujours ce contexte du lac Tchad et peut toujours donc en petit commando, se disperser et porter le mal aussi bien sur les communautés que sur les forces armées et ensuite disparaître.

Finalement, la question aujourd'hui qui se pose est quelle approche et quels moyens adéquats mettront en place les armées et la Force multinationale mixte pour continuer à affaiblir le groupe et dans un futur proche, venir à bout de Boko Haram ?",Blaise Dariustone,"Terrorisme, Tchad",2024-10-29,CONTROL_Polish_Womens_Strike_2020_2024,sustained,True,0,"In, The, To"
https://www.dw.com/fr/le-pouvoir-dissout-plus-de-50-partis-politiques-en-guinee/a-70634077,Deutsche Welle,Le pouvoir dissout plus de 50 partis politiques en Guinée,"Parmi ces partis figure l’UFDG de l’opposant en exil Cellou Dalein Diallo, ou encore le RPG, le parti de l’ancien président Alpha Condé.

Le pouvoir militaire guinéen remodèle le paysage politique du pays. Plus de 50 formations ont été interdites par le ministère de l’Administration du territoire et de la décentralisation. Officiellement, ils n'auraient pas répondu aux critères d'évaluation des partis.

Le ministère de l’Administration du territoire et de la décentralisation a rendu public le rapport d’évaluation des partis politiques au compte de l’année 2024.

Dans un document officiel, le ministère déclare ""la dissolution de 53 partis politiques"", la suspension de 54 autres et la mise sous observation de 67 autres formations politiques.

Parmi elles figure l’Union des forces démocratiques de Guinée, dirigée par le politicien en exil Cellou Dalein Diallo, ou encore le RPG, le parti de l’ancien président Alpha Condé.

""Près de 300 partis politiques, c’est énorme""

Oyé Guilavogui Secrétaire général du PDG-RDA ne conteste pas les résultats de l’évaluation, il déplore plutôt la situation dans laquelle son entité se retrouve.

Selon lui, ""c’est malheureux, c’est regrettable mais c’est la triste réalité. Nous, nous allons prendre toutes les dispositions qui s’imposent au niveau de l’administration pour pouvoir retransmettre les documents authentiques conformément aux statuts et règlements intérieurs du parti politique"".

Dans les rues de Conakry la capitale guinéenne le sujet alimente les débats. Ibrahima Kaba estime ainsi que ""c’est une bonne chose. Chez nous, en Guinée, il y a pléthore de partis politiques. L’administration du territoire a fait un travail et a demandé aux partis politiques de se préparer. Ils ont envoyé des documents au préalable à traiter. C’est sur cette base qu’ils ont fait leurs évaluations"".

Un autre citoyen Mamadou Dian Diallo, assure ""soutenir l’idée du gouvernement. Nous sommes un petit pays. Un petit pays qui a près de 300 partis politiques, c’est énorme. La plupart de ces partis ne sont pas connus dans leurs localités, communes et régions"".

Des doutes sur l’impartialité de l’Etat

Mamadou Kaly Diallo est, lui, un activiste de la société civile. Alors qu’une possibilité de voir l’actuel président de la transition, le Général Mamadi Doumbouya, se porter candidat aux futures échéances électorales n’est pas écartée, il suspecte des objectifs cachés derrière l’évaluation des partis en cette période.

Mamadou Kaly Diallo note qu’il ""faut se poser des questions sur l’opportunité et le timing. C’est le ministère de l’Administration qui a agréé les partis politiques légalement constitués. Pourquoi il n’avait pas élaboré des critères objectifs avant et être rigoureux par rapport aux critères avant d’agréer ces partis politiques ? Est-ce qu’il ne fallait pas créer les conditions d’organisations des élections transparentes, laisser les populations choisir ? Et en fonction des résultats obtenus, fixer des barèmes pour dire que les formations politiques qui n’atteignent pas tel pourcentage vont disparaître ? Une telle mesure aurait permis de voir la position impartiale de l’Etat. Mais au moment choisi, il y a beaucoup de suspicion. Il y a beaucoup d’interrogations sur l’éventuelle participation du CNRD et même de son président [aux prochaines élections]"".",Abdoulaye Sadio Diallo,"Politique, Guinée",2024-10-29,CONTROL_Polish_Womens_Strike_2020_2024,sustained,True,1,"De, En, La"
https://www.dw.com/fr/levacuation-des-marches-a-betail-de-bamako-se-poursuit/a-70633902,Deutsche Welle,L’évacuation des marchés à bétail de Bamako se poursuit,"Fin septembre, les autorités locales avaient annoncé la fermeture de ces marchés à la suite des attentats contre des sites militaires de la capitale.

Les vendeurs de bétail du Graabal du quartier Sans Fil de Bamako ont été réveillés ce mardi martin (29.10) par des bruits de bottes et une descente des forces de sécurité musclée pour demander aux occupants de quitter les lieux.

Un important dispositif de sécurité a été mis en place pour mener cette opération. Des dizaines d’agents de force de maintien de l’ordre, mais aussi de la protection civile ont investi le Graabal du quartier Sans Fil la nuit dernière.

Ils ont totalement quadrillé les accès du marché qui accueillait quotidiennement vendeurs de bétail, bouchers et vendeuses d’aliments pour les bestiaux.

Des évacuations dans le désordre

Abass travaille sur place depuis près d’une trentaine d’années. Ce vendeur de bétail affirme que ""les autorités nous avaient dit dans un premier temps qu’elles allaient nous indiquer un espace avec toutes les commodités à Kati Draal à des dizaines de kilomètres d’ici en vue de notre recasement. A notre grande surprise, ce matin à 03H du matin, nous avons été sommés par les agents de la police de déguerpir. Nous avons ainsi été contraints de quitter les lieux laissant sur place nos affaires. Mais nous avons pu sauver nos animaux. Nos affaires, non"".

Environ 300 personnes travaillaient au Graabal du quartier Sans Fil. Pour Samaké, boucher depuis une vingtaine d’années sur place, cetteopération de déguerpissement a été mal préparée :

""Nous ne sommes pas des criminels""

Hama est l’un des doyens du marché évacué. Ce quinquagénaire a trouvé refuge avec ses chèvres et ses moutons dans une ruelle de son quartier. Il se sent humilié par la façon dont il a été délogé et veut dire ""aux autorités de transition que nous regrettons la manière dont ils nous ont fait évacuer. Nous sommes tous des citoyens de ce pays, on ne peut pas nous traiter comme des hors la loi, nous ne sommes pas des criminels. Nous sommes tous des chefs de famille, si l’Etat nous met dehors, il doit trouver des moyens pour nous recaser quelque part afin que nous puissions subvenir aux besoins de nos ménages"".

Avant le Graabal du quartier Sans Fil, c’est celui de Lafiabougou qui avait été évacué il y a environ un mois.

Les vendeurs de bétail et les autorités étaient pourtant parvenus à un accord dans la nuit de dimanche (27.10) à lundi en vue de la levée de la grève illimitée décrétée cinq jours plus tôt par les éleveurs des marchés à bétail. Ce mouvement avait occasionné une pénurie de viande dans la capitale malienne.",Mahamadou Kane,"Terrorisme, Mali",2024-10-29,CONTROL_Polish_Womens_Strike_2020_2024,sustained,True,0,"In, The, To"
https://www.dw.com/hi/%E0%A4%9C%E0%A4%B0%E0%A5%8D%E0%A4%AE%E0%A4%A8-%E0%A4%B8%E0%A5%80%E0%A4%96%E0%A4%A8%E0%A5%87-%E0%A4%B8%E0%A5%87-%E0%A4%AE%E0%A4%BF%E0%A4%B2%E0%A5%87%E0%A4%97%E0%A4%BE-%E0%A4%AD%E0%A4%BE%E0%A4%B0%E0%A4%A4%E0%A5%80%E0%A4%AF-%E0%A4%AF%E0%A5%81%E0%A4%B5%E0%A4%BE%E0%A4%93%E0%A4%82-%E0%A4%95%E0%A5%8B-%E0%A4%B0%E0%A5%8B%E0%A4%9C%E0%A4%97%E0%A4%BE%E0%A4%B0/a-70634075,Deutsche Welle,जर्मन सीखने से मिलेगा भारतीय युवाओं को रोजगार,"भारत हर साल रोजगार बाजार में आने वाले लाखों युवाओं के लिए नए रोजगार पैदा करने की समस्या से जूझ रहा है तो जर्मनी कुशल कामगारों की भारी कमी से. अब जर्मनी ने भारत से कुशल कामगार लाने की पहल की है.

जर्मनी और भारत की हर दो साल पर होने वाली मंत्रिस्तरीय बैठक के प्रमुख मुद्दों में दोनों देशों के कुशल कर्मियों की मोबिलिटी और वीजा का मुद्दा एक प्रमुख मुद्दा था. जर्मनी ने भारत को हर साल 90,000 वीजा देने की पेशकश की है. चांसलर ओलाफ शॉल्त्स के नेतृत्व में भारत गए जर्मन मंत्रियों में जर्मनी की विदेश मंत्री अनालेना बेयरबॉक और श्रम मंत्री हुबैरटुस हाइल भी शामिल थे. सरकारी बैठकों में से समय निकाल कर बेयरबॉक और हाइल ने जर्मन सीखने वाले छात्रों से मुलाकात की और उनसे उनकी समस्याओं पर बातचीत की.

नई दिल्ली स्थित गोएथे इंस्टीट्यूट वह महत्वपूर्ण संस्थान है जहां जर्मनी में पढ़ने और काम करने के इच्छुक युवा लोग जर्मन सीख सकते हैं और जर्मनी के बारे में जान सकते हैं. विदेश मंत्री अनालेना बेयरबॉक और श्रम मंत्री हुबैरटुस हाइल ने छात्रों को माइग्रेशन कानूनों को आसान बनाने की जर्मनी की पहल के बारे में बताया और उनके साथ दोनों देशों के बीच कुशल कामगारों के आदान प्रदान के महत्व पर चर्चा की. जर्मन मंत्रियों ने कहा कि इससे न केवल जर्मनी में कुशल कर्मियों की कमी पूरी हो सकेगी, बल्कि दोनों देशों के संबंध भी मजबूत होंगे.

भारत और जर्मनी के बीच बढ़ती साझेदारी

बेयरबॉक ने छात्रों से कहा कि हम जर्मनी में आपको बहुत सारे रोजगार के अवसर दे सकते हैं. उन्होंने कहा, ""जर्मनी में हर साल 400,000 कुशल श्रमिकों की जरूरत होती है. भारतीय युवाओं के कौशल और उत्साह को देखते हुए यह साझेदारी दोनों देशों के लिए लाभकारी है."" जर्मनी में पढ़ाई और नौकरी करने के इच्छुक लोगों के लिए नया वीजा डिजिटलाइजेशन प्रोग्राम और 2022 में भारत के साथ तय 'माइग्रेशन एंड मोबिलिटी एग्रीमेंट' जर्मनी के श्रम बाजार को भारतीय प्रतिभाओं के लिए और भी सुगम बना रहा है. विदेश मंत्री ने बताया कि इस समझौते के बाद भारतीय छात्रों और प्रोफेशनल्स की संख्या में 25% की बढ़ोत्तरी हुई है.

हुबैरटुस हाइल ने काम करने की जगह के रूप में जर्मनी के फायदे के बारे में कहा कि जर्मनी अपने यहां आकर काम करने वालों को नौकरी के अलावा अच्छी स्वास्थ्य सुविधा, मुफ्त शिक्षा और दुनिया के कई हिस्सों के मुकाबले बेहतर सुरक्षा का माहौल देता है. हाइल ने कहा, ""हम आपको एक चीज की गारंटी देते हैं, आपको जर्मनी में ईमानदारी और सम्मान के साथ देखा जाएगा. हम जानते हैं कि आप केवल कामगार नहीं, बल्कि इंसान हैं. अगर आप जर्मनी में लंबे समय तक या हमेशा के लिए रहना चाहते हैं, तो हम आपको अपने समाज का हिस्सा बनने और यहां की नागरिकता पाने का मौका भी देंगे.”

छात्रों की आशंकाओं का समाधान

इस मुलाकात में जर्मन भाषा पढ़ने वाले भारतीय छात्रों की जर्मनी के बारे में आशंकाओं को दूर करने की भी कोशिश भी की गई. सुरक्षा के माहौल और सामाजिक समता के अलावा परिवार को साथ ले जाने जैसे कई सवालों पर भी चर्चा हुई. अक्सर जर्मनी में काम करने वाले लोगों को अपने माता-पिता या रिश्तेदारों को जर्मनी बुलाने में मुश्किल होती है. वीजा के नियम सख्त हैं और उसकी प्रक्रिया और भी मुश्किल. पेशे से डेंटिस्ट अतिभा मखीजा ने जर्मन मंत्रियों को बताया कि उन्हें जर्मनी में अपनी डिग्री की प्रामाणिकता का सर्टिफिकेट लेकर वीजा पाने में लगभग दो साल लग गए. उन्होंने कहा, ""यह पूरी प्रकिया निराश करने वाली हो सकती है."" उन्होंने वीजा प्रक्रिया को और तेज करने की आवश्यकता पर जोर दिया.” हाइल ने दिलासा दिया कि उनकी सरकार इस प्रक्रिया को तेज करने की कोशिश कर रही है.

बहुत से भारतीय छात्र इस बीच नौकरी करने के बदले ट्रेनिंग लेकर स्वाबलंबी होना चाहते हैं. हिमानी शर्मा जर्मन बेकरी में इंटर्नशिप कर रही है और अपनी खुद की जर्मन बेकरी खोलना चाहती हैं. एक अन्य छात्र सुशांत ने बताया कि वह प्रशिक्षण के लिए जर्मनी जाना चाहते हैं लेकिन उनकी पत्नी और एक बेटी भी है. वह उन्हें छोड़कर जाने में असहज महसूस करते हैं.

रोजगार मंत्री हाइल ने जवाब में कहा, ""हमारी सरकार ने कानून में बदलाव किए हैं ताकि कुशल कामगारों को उनके परिवार के साथ हमारे देश में आने में आसानी हो सके. यदि आप अपनी आय से अपने परिवार का भरण-पोषण कर सकते हैं, तो आपका परिवार आपके साथ जर्मनी में रह सकता है."" हाइल ने कहा कि जर्मनी परिवारों को एक सम्मानजनक जिंदगी जीने और हर बच्चे के लिए शिक्षा और देखभाल की गारंटी देता है. जर्मनी में सभी बच्चों को एक समान अवसर प्राप्त होते हैं.

कितना जरूरी है जर्मन सीखना?

डीडब्ल्यू के सवाल का जवाब देते हुए हुबैरटुस हाइल ने कहा, ""हम इसे आसान बनाना चाहते हैं. हम जानते हैं कि हमारे यहां सिर्फ कामगार नहीं बल्कि इंसान आ रहे हैं. जो लोग लंबे समय तक जर्मनी में रहना चाहते है, उन्हें हम समाज और लोकतंत्र का हिस्सा बनने का अवसर देना चाहते हैं."" इस मकसद से जर्मनी ने अपने नागरिकता कानून में बदलाव किया है. विदेशियों को जर्मन नागरिकता लेकर जर्मन समाज का हिस्सा बनने के लिए प्रोत्साहित किया जा रहा है और जर्मन भाषा सीखना इसमें मददगार है.

रोजगार मंत्री ने कहा कि हालांकि जर्मनी में सब तरह के लोगों के लिए कुछ न कुछ है लेकिन छोटे उद्यमों के लिए विदेशों से हायरिंग करना थोड़ा मुश्किल है. इसलिए जर्मन सीखकर और वहां जाकर रोजगार के अवसर तलाशे जा सकते हैं. जर्मनी इस बीच रोजगार तलाश करने के लिए भी वीजा दे रहा है. जर्मन और भारत सरकार की निकट साझेदारी से युवा लोगों के लिए कई नए मौके सामने आ रहे हैं. हाइल ने बार बार ""मेक इट इन जर्मनी"" पर जोर दिया और कहा, ""आज का हमारा संदेश है ""मेक-इट-इन-जर्मनी."" यह संदेश उन लोगों के लिए है जो हमारे देश में काम करते हैं और बसना चाहते हैं.”",सोनम मिश्रा,"शिक्षा, भारत",2024-10-29,CONTROL_Polish_Womens_Strike_2020_2024,sustained,True,6,"به, در, های"
https://www.dw.com/el/%CE%BB%CE%AD%CE%BD%CE%B9-%CF%81%CE%AF%CF%86%CE%B5%CE%BD%CF%83%CF%84%CE%B1%CE%BB-%CE%BC%CE%B9%CE%B1-%CF%85%CF%80%CE%AD%CF%81%CE%BC%CE%B5%CF%84%CF%81%CE%B1-%CF%86%CE%B9%CE%BB%CF%8C%CE%B4%CE%BF%CE%BE%CE%B7-%CE%BD%CE%B1%CE%B6%CE%AF%CF%83%CF%84%CF%81%CE%B9%CE%B1/a-70593249,Deutsche Welle,"Λένι Ρίφενσταλ, μια υπέρμετρα φιλόδοξη ναζίστρια","Ένα πολυεπίπεδο ντοκιμαντέρ του Άντρες Φάιελ για τη Λένι Ρίφενσταλ, αγαπημένη σκηνοθέτιδα του Αδόλφου Χίτλερ. Η υπέρμετρη φιλοδοξία την οδήγησε ακόμη και σε απόκρυψη εγκλημάτων.

Ένα πλάνο πάνω από λαμπερά πολύτιμα κρύσταλλα και στη συνέχεια η εικόνα ενός όμορφου προσώπου σε προφίλ. Είναι οι πρώτες εικόνες του ντοκιμαντέρ «Ρίφενσταλ» του Άντρες Φάιελ που έχει πάρει από την ταινία «Το μπλε φως» (1932). Πρωταγωνίστρια ήταν η Λένι Ρίφενσταλ, που εμφανιζόταν και στους τίτλους ως σκηνοθέτης.

Οι εικόνες του Χίτλερ, των ναζιστικών πορειώνκαι των Ολυμπιακών Αγώνων εναλλάσσονται γρήγορα. Αργότερα, εμφανίζονται και οικογενειακές φωτογραφίες: ο πατέρας, η μητέρα, η Λένι. Η Λένι Ρίφενσταλ παρέμεινε μέχρι το τέλος του πολέμου μια πεπεισμένη εθνικοσοσιαλίστρια και της άρεσε να περιφέρεται με το προσωπείο της μεγάλης κυρίας. Πέθανε το 2003 σε βαθιά γεράματα και σε ηλικία 101 ετών.

Μετά το 1945, η Λένι Ρίφενσταλ πέτυχε τη μεταμόρφωσή της σε μια απολίτικη καλλιτέχνιδα και μάλιστα έδινε την εντύπωση πως αδίκως την καταδίωκαν. Προσπαθούσε να πείσει τον κόσμο με μισές αλήθειες και ψέματα για το ναζιστικό παρελθόν της και να φιμώνει τους ανθρώπους που την αμφισβητούσαν. Η ίδια υπήρξε χορεύτρια και ηθοποιός χωρίς κανείς ποτέ να της αναγνωρίζει κάποιο ιδιαίτερο ταλέντο. Στον τομέα της σκηνοθεσίας όμως ακόμα και ο Άντρες Φάιελ παραδέχεται ότι «η Ρίφενσταλ άνοιξε δημιουργικούς δρόμους, ειδικά για τους οπερατέρ».

Σιδερένια θέληση και εκμετάλλευση των πάντων

Έκανε επίσης εξαιρετική δουλειά στο μοντάζ. Το μεγαλύτερο πλεονέκτημά της όμως αλλά και η κατάρα της, ήταν η υπέρμετρη φιλοδοξία της. Η Ρίφενσταλ δεν ήταν πολυτάλαντη, αλλά διέθετε σιδερένια θέληση και μπορούσε να δοκιμάζει όλα τα μέσα, από τη ζωγραφική μέχρι τον χορό και από την υποκριτική μέχρι τη σκηνοθεσία, μέχρι να επιτύχει. Η μητέρα της δεν κουραζόταν να λέει πως είναι στραβοκάνα και άσχημη. Η Μπέρτα Ρίφενσταλ ήθελε η κόρη της να γίνει χορεύτρια και η Λένι ακολούθησε. Αλλά ένας τραυματισμός στο γόνατο έβαλε τέλος στην καριέρα της ως χορεύτριας το 1924. Τότε είδε το «Βουνό του πεπρωμένου» και έκανε ό,τι μπορούσε για να γίνει ηθοποιός. Η παιδική της ηλικία δεν ήταν πάντα εύκολη. Ο πατέρας της λέγεται ότι κάποτε, όταν ήταν παιδί, της έδεσε καλάμια γύρω από το στομάχι και στη συνέχεια την έριξε στο νερό. Στην ταινία αναφέρεται ότι η Ρίφενσταλ φοβήθηκε τότε μέχρι θανάτου. Μια άλλη φορά, ωστόσο, σχετικοποιεί την ιστορία και αναφέρει πως αυτό συνέβη για να γίνει καλή κολυμβήτρια. Η Ρίφενσταλ παρουσιάζει πάντα την εικόνα που τη βολεύει.

Η διάσημη σκηνοθέτις εκμεταλλεύτηκε τους ανθρώπους με τον χειρότερο δυνατό τρόπο. Αυτό ήταν κραυγαλέο στην περίπτωση των Σίντι και Ρόμα, τους οποίους χρησιμοποίησε ως κομπάρσους για την ταινία της «Tiefland». Αργότερα ισχυρίστηκε ότι τους είχε δει όλους μετά τον πόλεμο, ενώ στην πραγματικότητα οι περισσότεροι από τους μισούς είχαν δολοφονηθεί σε στρατόπεδα εξόντωσης.

Πυροδότησε μια σφαγή Εβραίων;

Η Ρίφενσταλ, ως επικεφαλής μιας «ειδικής κινηματογραφικής ομάδας» το 1939, ήταν αυτόπτης μάρτυρας ενός από τα πρώτα εγκλήματα της Βέρμαχτ στο Κόνσκι της Πολωνίας. Η ίδια το αρνήθηκε, αλλά φωτογραφίες πιστοποιούν ότι ήταν παρούσα όταν Εβραίοι εκτελέστηκαν στην πλατεία της αγοράς. Ο Άντρες Φάιελ πηγαίνει όμως ακόμη παραπέρα, παραθέτοντας έναν άλλο μάρτυρα που ισχυρίζεται ότι άκουσε την Ρίφενσταλ να φωνάζει στην πλατεία της αγοράς κατά τη διάρκεια των γυρισμάτων ότι οι «Εβραίοι» - άνθρωποι που δεν ήθελε στην ταινία - έπρεπε να «φύγουν». Σύμφωνα με τον Άντρες Φάιελ ίσως και να συνέβαλε ώστε να εκτελεστούν εκεί οι Εβραίοι.

Τέλος, πολλές ηχογραφήσεις που είχε στην κατοχή της δείχνουν ότι η υποτιθέμενη απολίτικη καλλιτέχνις ήταν Εθνικοσοσιαλίστρια. Η Ρίφενσταλ ηχογραφούσε μανιωδώς συναντήσεις και τηλεφωνήματα. Ορισμένα από αυτά ακούγονται στην ταινία. Οι ακροδεξιές απόψεις που εξέφραζε ανοιχτά δεν αφήνουν περιθώρια παρά να δει κανείς πως η Ρίφενσταλ δεν ήταν το πρόσωπο που προσπάθησε να δείξει μετά τον πόλεμο και κάθε άλλο παρά απολίτικη ήταν.

Επιμέλεια: Μαρία Ρηγούτσου",,"Κινηματογράφος, Γερμανία",2024-10-29,CONTROL_Polish_Womens_Strike_2020_2024,sustained,True,6,"به, در, های"
https://www.dw.com/el/%CE%BF%CE%B9-%CE%B7%CF%80%CE%B1-%CF%88%CE%B7%CF%86%CE%AF%CE%B6%CE%BF%CF%85%CE%BD-%CF%80%CF%81%CF%8C%CE%B5%CE%B4%CF%81%CE%BF-%CE%B1%CE%BB%CE%BB%CE%AC-%CE%BA%CE%B1%CE%B9-%CE%BA%CE%BF%CE%B3%CE%BA%CF%81%CE%AD%CF%83%CE%BF/a-70604282,Deutsche Welle,"Οι ΗΠΑ ψηφίζουν πρόεδρο, αλλά και Κογκρέσο","Ταυτόχρονα με τις προεδρικές εκλογές οι Αμερικανοί ψηφίζουν και τμήματα του Κογκρέσου. Οι εκλογές αυτές καθορίζουν την ευχέρεια κινήσεων του νέου προέδρου.

Όταν πρόκειται για τις προεδρικές εκλογές στις ΗΠΑ, η διεθνής κοινή γνώμη εστιάζει σχεδόν πάντα στο δίλημμα Ντόναλντ Τραμπ ή Κάμαλα Χάρις. Η ευχέρεια κινήσεων του νέου ή της νέας ενοίκου του Λευκού Οίκου θα κριθεί ωστόσο σε απόσταση δυόμισι περίπου χιλιομέτρων, στο Αμερικανικό Κογκρέσο, του οποίου αρκετά μέλη εκλέγονται παράλληλα με τις προεδρικές εκλογές στις 5 Νοεμβρίου.

Το κοινοβούλιο των ΗΠΑ αποτελείται από δύο σώματα: Τη Βουλή των Αντιπροσώπων που αποτελείται από βουλευτές, οι οποίοι εκπροσωπούν ο καθένας μία από τις 435 εκλογικές περιφέρειες της χώρας και εκλέγονται ανά διετία. Η Γερουσία έχει συνολικά 100 έδρες. Καθεμία από τις 50 Πολιτείες έχει δύο γερουσιαστές.

Για παράδειγμα η Πολιτεία Γουαϊόμινγκ, με πληθυσμό λιγότερο από 600.000 κατοίκους, έχει τόση επιρροή, όση η Καλιφόρνια με σχεδόν 39 εκατομμύρια. Η θητεία των γερουσιαστών έχει διάρκεια έξι ετών. Οι γερουσιαστές χωρίζονται σε τρεις κατηγορίες με κλιμακωτές θητείες. Που σημαίνει ότι το ένα τρίτο της Γερουσίας επανεκλέγεται κάθε δύο χρόνια. Οι κατηγορίες είναι οργανωμένες με τέτοιον τρόπο, ώστε να εκλέγεται κάθε φορά μόνο ένας γερουσιαστής από κάθε Πολιτεία.

Η Βουλή μπορεί να σταθεί εμπόδιο στον προέδρο

Στις φετινές εκλογές οι Δημοκρατικοί έχουν ένα στρατηγικό μειονέκτημα. Επανεκλέγονται 19 έδρες τους, ενώ λήγει η θητεία τεσσάρων ανεξάρτητων γερουσιαστών, οι οποίοι συνήθως ψηφίζουν υπέρ των Δημοκρατικών. Αντίθετα, μόνο έντεκα από τις 49 έδρες Ρεπουμπλικανών γερουσιαστών επανεκλέγονται, ενώ οι υπόλοιπες 38 βρίσκονται στο μέσο της θητείας τους. Κατά συνέπεια, οι Δημοκρατικοί έχουν περισσότερα να χάσουν.

Με την αυξανόμενη πόλωση στο αμερικανικά πολιτικά πράγματα, είναι πλέον ασυνήθιστο ψηφοφόροι να ψηφίζουν διαφορετικά κόμματα στις προεδρικές εκλογές και στις εκλογές του Κογκρέσου, λέει στο μικρόφωνο της DW η Κάτια Γκρίσον, διευθύντρια του Διατλαντικού Προγράμματος στο Ινστιτούτο Άσπεν της Γερμανίας. «Παρ' όλα αυτά, οι διαφορετικές ψήφοι ενδέχεται να διαδραματίσουν καθοριστικό ρόλο στις φετινές εκλογές». Ως παράδειγμα αναφέρει την Πολιτεία Μέριλαντ, η οποία θεωρείται βέβαιη ότι θα ψηφίσει Κάμαλα Χάρις. Την ίδια στιγμή όμως ο μετριοπαθής Ρεπουμπλικανός Λάρι Χόγκαν είναι υποψήφιος για τη Γερουσία. «Είναι πολύ δημοφιλής στο Μέριλαντ και αναμένω ότι θα υπάρξουν ψηφοφόροι που θα ψηφίσουν ταυτόχρονα αυτόν και την Κάμαλα Χάρις».

Μόλις μία εβδομάδα πριν τις προεδρικές εκλογές η έκβασή τους παραμένει ανοιχτή. Δεν αποκλείεται επομένως να εκλεγεί πρόεδρος ο Ντόναλντ Τραμπ, αλλά η Βουλή των Αντιπροσώπων να ελέγχεται από τους Δημοκρατικούς, οι οποίοι είναι σε θέση να περιορίσουν την ευχέρεια κινήσεών του στην ψήφιση νομοσχεδίων.

Διέξοδος η αναζήτηση ενός συμβιβασμού

Ένα άλλο πιθανό σενάριο είναι να νικήσει η Κάμαλα Χάρις και να βρεθεί αντιμέτωπη με μια ισχνή ρεπουμπλικανική πλειοψηφία στη Γερουσία. «Αυτό θα καθιστούσε εξαιρετικά δύσκολο για την πρόεδρο να στελεχώσει νευραλγικές θέσεις τους πρώτους μήνες, όπως μέλη του υπουργικού της συμβουλίου, δικαστές και πρεσβευτές. Είναι ασυνήθιστο να απορρίπτονται τέτοιου είδους διορισμοί, αλλά δεν γνωρίζουμε αν η νέα Γερουσία σπάσει την παράδοση», δηλώνει η Κάτια Γκρίσον.

Επιπλέον, με μια ρεπουμπλικανική πλειοψηφία στη Γερουσία θα ήταν ιδιαίτερα δύσκολο για την Κάμαλα Χάρις να εφαρμόσει την πολιτική της σε ζητήματα όπως η αντιμετώπιση της κλιματικής αλλαγής, η στήριξη της Ουκρανίας, το ανώτατο όριο του χρέους ή ακόμα και τα σχέδια για τη μείωση των τιμών στα τρόφιμα και τις επενδύσεις στη στέγαση. Η Κάτια Γκρίσον δηλώνει: «Σε αυτή την περίπτωση θα πρέπει να αναζητήσει εξ αρχής με τους Ρεπουμπλικανούς μια κοινά αποδεκτή λύση».

Επιμέλεια: Στέφανος Γεωργακόπουλος",Ντάβιντ Ελ,"Πολιτική, Ηνωμένες Πολιτείες Αμερικής",2024-10-29,CONTROL_Polish_Womens_Strike_2020_2024,sustained,True,3,"За, На, Рф"
https://www.dw.com/ro/dezastru-la-vw-din-ce-cauz%C4%83-se-%C3%AEnchid-uzinele-%C8%99i-sunt-da%C8%9Bi-afar%C4%83-angaja%C8%9Bii/a-70629500,Deutsche Welle,VW: De ce se închid uzinele și sunt dați afară angajații?,"Nicio altă companie nu simbolizează mai bine miracolul economic german și reputația globală a produselor ""Made in Germany"" ca Volkswagen, spune Marcel Fratzscher, președintele Institutului pentru Cercetare Economică.

Niciodată după 1988, când abandona fabrica din Westmoreland, Statele Unite, Volkswagen nu a mai renunțat la vreo unitate de producție. Închiderea dintr-un foc a nu mai puțin de trei uzine chiar în țara mamă, Germania, ar marca fără îndoială un punct de cotitură în îndelungata istorie a companiei și atestă totodată fragilitatea crescândă a modelului economic german.

Potrivit experților, criza de la VW are mai mulți factori declanșatori. Unul dintre ei este scăderea consumului, fenomen care afectează și alți producători auto germani. În prima jumătate a acestui an, vânzările în această industrie cheie a Republicii Federale au scăzut cu 4,7 %, după un an 2023 cu cifre record.

Populația este timorată de perspectivele sumbre ale economiei germane iar prăbușirea vânzărilor de automobile electrice, la care a contribuit inclusiv anularea de către guvernul de la Berlin, anul trecut, a subvențiilor pentru acestea, a dat celor de la Volkswagen lovitura de grație.

Vânt de criză bate și în uzinele BMW, Mercedes, Stellantis (compania mamă a Opel) ori în fabricile de mașini sport ale Porsche (parte a Volkswagen), care și-au redus așteptările de profit pentru anul acesta.

""Chiar dacă vedem o scădere de randament a investițiilor, cel mai mare producător de automobile din Germania, Volkswagen, care anul trecut înregistra un profit de peste 18 miliarde de euro și plătea patru miliarde și jumătate de euro în dividende, încă obține profituri substanțiale"", explică Marcel Fratzscher, directorul Institutului German pentru Cercetare Economică.

Volkswagen s-a manevrat în nisipuri mișcătoare atât din cauza costurilor de producție excesive, cât și a discount-urilor acordate de companie, toate acestea pe fundalul unei tot mai dure concurențe globale, spune expertul.

Președinta comitetului de întreprindere, Daniella Cavallo, acuza luna trecută conducerea VW de adoptarea mai multor strategii greșite în ultimii ani. De pildă, compania nu a propus modele hibride și vehiculele pur electrice la prețuri accesibile, a deplâns ea.

Pentru a-și consolida competitivitatea, VW a lansat anul trecut un program de eficiență prin care își propune să facă economii de zece miliarde de euro până în 2026. Însă, potrivit surselor din VW citate de presa germană, suma care trebuie economisită va crește cu 4 miliarde.

Pe lista neagră a conducerii Volkswagen sunt mai multe uzine care pur și simplu nu mai pot fi utilizate la capacitate maximă. În condițiile în care vânzările de mașini au scăzut semnificativ în toată Europa (este vorba despre două milioane de mașini sub nivelul de dinainte de pandemie), grupul VW vinde cu o jumătate de milion de mașini mai puțin - echivalentul producției a două uzine.

Probleme similare întâmpină și alți constructori de automobile germani ale căror uzine lucrează la aproximativ două treimi din capacitate, după cum remarcă Stefan Bratzel, fondator și director al Centrului de Management Auto (CAM) din Bergisch Gladbach, într-un interviu acordat DW. Succesul unei uzine depinde, între altele, de modelul de automobil construit acolo. ""În principiu se poate spune că utilizarea capacității trebuie să fie, de fapt, de peste 80%"", explică specialistul.

În general, costurile forței de muncă în fabricile de automobile din Germania sunt mai ridicate decât în orice altă țară. În 2023, potrivit asociației industriale VDA, acestea erau de peste 62 de euro pe oră, față de 29 de euro în Spania, 21 de euro în Republica Cehă și doar 12 euro în România.

În pofida salariilor ridicate, nicăieri în Europa nu s-au produs mai multe mașini în termeni absoluți în 2023 decât în Germania. Potrivit lui Thomas Puls de la Institutul Economic German (IW), producția este în prezent cu aproximativ 25% mai mică decât în 2018. Din cele peste patru milioane de mașini produse, puțin sub un sfert au fost pur electrice.

Salariile din industria auto germană sunt în general satisfăcătoare iar cei 120.000 de angajați ai VW din Germania câștigă cel mai mult. Aceasta pentru că VW nu a aderat la niciun contract colectiv de muncă, ci a încheiat propriul său contract colectiv cu sindicatul IG Metall, care se aplică doar angajaților VW.

Acesta este motivul pentru care salariile convenite au fost întotdeauna cu mult peste nivelul contractului colectiv regional din industria metalurgică. De asemenea, lucrătorii de la Volkswagen s-au bucurat de garanția locului de muncă timp de 30 de ani, o prevedere care ar fi trebuit să dureze până în 2029, dar pe care VW a reziliat-o recent. Potrivit comitetului de întreprindere, conducerea VW cere acum ca toate salariile să fie reduse cu zece procente.

Modelele premium au devenit posibile grație ""Made in Germany"" Rețeta succesului german în domeniul automobilelor a fost asigurată de modele premium, scumpe, care au generat marje semnificative de câștig. Aproximativ trei sferturi din mașini au fost exportate iar fiecare a cincea dintre ele lua calea Chinei.

Potrivit unui studiu realizat de Institutul Economic German, producția în Republica Federală nu ar fi fost posibilă cu modele low-cost care, deși sunt vândute în număr mare, au marje mai mici de profit. Acesta este motivul pentru care producătorii francezi și italieni și-au relocat de ceva timp producția în zone mai favorabile.

Experţii consideră că producerea de automobile la prețuri accesibile, inclusiv automobile electrice, rămâne o misiune aproape imposibilă în Germania.

Hans-Werner Sinn, fostul director al Institutului Ifo, acuză guvernul federal de o înclinație tot mai evidentă spre ""dirijism"" – implicându-se, deci, prea mult în procesele economice. Într-un interviu acordat luna trecută cotidianului elvețian Neue Zürcher Zeitung, economistul german afirmă că trecerea la mașini electrice nu poate avea succes câtă vreme este forțată de guvern.

Mașinile electrice, a spus Sinn, nu sunt lipsite de CO2, așa cum susține UE. ""Bateria acestor mașini reprezintă un rucsac greu de CO2. Gazele de eșapament nu se văd, dar ele se află de obicei la câțiva kilometri distanță, într-o centrală electrică pe cărbune. Interzicerea motoarelor cu combustie, împreună cu alte păcate ale politicii energetice, a condus Germania spre dezindustrializare"".

Analiștii critică și dependența prea mare de China și avertizează că așa-numitul segment de vârf, care include vehicule de teren, SUV-uri și mașini sport, al căror preț sare de de 100.000 de euro chiar și în configurația de bază, va scădea cu cel puțin nouă procente.

Producătorii germani de automobile își dau seama acum că în ultimii ani concurența chineză a devenit cu adevărat acerbă - atât în segmentul de mașini electrice, cât și în cel premium.

Aproape o treime din vehiculele construite la nivel mondial provin acum din fabricile chineze, care produc mult mai ieftin decât ar fi posibil în Germania, calculează experții germani.

Nu în ultimul rând, trecerea la e-mobilitate a însemnat și că producătorii germani au pierdut avantajul tehnologic pe care îl aveau în domeniul motoarelor cu combustie. ""Schimbarea tehnologică deschide ușa pentru intrarea pe piață a unor noi concurenți, ale căror competențe de bază se află în domeniul bateriei și al ingineriei electrice"", se arată într-un studiu al Institutului pentru Economie.",Vlad Drăghicescu,"Economie, Germania",2024-10-29,CONTROL_Polish_Womens_Strike_2020_2024,sustained,True,1,"De, En, La"
https://www.dw.com/en/germany-thief-steals-bakery-van-with-delivery-man-on-board/a-70633508?maca=en-rss-en-eu-2092-xml-atom,Deutsche Welle,Germany: Thief steals bakery van with delivery man on board,"The suspect stole the vehicle after the delivery man left the key in the ignition in the German town of Sinsheim, police said. The employee had to jump out of the vehicle to escape the van's cargo compartment.

Baked goods were found strewn across the streets of a southern German town, police said on Tuesday, after a thief stole a delivery vehicle with the driver still inside.

The bakery in Sinsheim, Baden-Württemberg, suffered damages not only from the loss of the baked goods but also from daily earnings that were stolen from the vehicle.

Authorities estimated the total damages to be around several thousand euros.

Delivery man makes quick escape

Baden-Württemberg police said the incident occurred on Monday morning when the driver left the key in the ignition while making a delivery at a bakery.

""His absence was taken advantage of by an unknown perpetrator, who started the vehicle and drove away,"" police said.

However, the delivery man was still in the cargo compartment when the thief took off.

""He was only able to save himself after some time by jumping out of the vehicle, which had stopped briefly,"" police said.

The cargo then fell out of the vehicle as the thief continued driving. Police later found the vehicle parked a few streets away near the motorway.

Police were still looking for the suspect as of Tuesday.",,"Crime, Germany",2024-10-29,CONTROL_Polish_Womens_Strike_2020_2024,sustained,True,1,"De, En, La"
https://www.dw.com/pt-br/alemanha-expressa-rep%C3%BAdio-ap%C3%B3s-execu%C3%A7%C3%A3o-de-dissidente-no-ir%C3%A3/a-70634693,Deutsche Welle,Alemanha expressa repúdio após execução de dissidente no Irã,"Jamshid Sharmahd, um cidadão alemão-iraniano, havia sido condenado em 2023 por crime de ""corrupção na Terra"" pelo regime fundamentalista. Berlim condenou o assassinato e chamou de volta embaixador alemão em Teerã.

O Irã executou na segunda-feira (28/10) o dissidente alemão-iraniano Jamshid Sharmahd, segundo informou a mídia estatal do país.

O engenheiro de software foi condenado à morte pelo Judiciário do regime fundamentalista do país em fevereiro de 2023 pela acusação de que teria envolvimento em um ataque a uma mesquita na cidade de Shiraz que matou 14 pessoas, em 2008. Países como Alemanha, Estados Unidos e grupos internacionais de direitos humanos consideraram o julgamento uma farsa.

A condenação formal de Sharmahd foi pelo crime iraniano de espalhar ""corrupção na Terra"", uma tipificação vaga e genérica que o regime islâmico usa para uma série de supostos crimes, geralmente relacionados a valores religiosos.

O chanceler federal alemão, Olaf Scholz, chamou de ""escândalo"" a execução de Sharmahd e afirmou que a resposta de Berlim será ""nos termos mais fortes"".

""Jamshid Sharmahd nem sequer teve a oportunidade de se defender no tribunal contra as acusações feitas contra ele"", escreveu Scholz na rede social X. ""O governo alemão tem apoiado reiteradamente e intensamente o Sr. Sharmahd. Minhas mais profundas condolências para sua família.""

O Ministério das Relações Exteriores alemão afirmou, em mensagem publicada no X, que o encarregado de negócios do Irã em Berlim foi convocado para ouvir ""nosso forte protesto"" contra a ação de Teerã e acrescentou que haverá ""medidas adicionais"", sem entrar em detalhes.

Em Teerã, o embaixador alemão Markus Potzel ""protestou nos termos mais fortes"" contra o ""assassinato"" para o ministro das Relações Exteriores iraniano, Abbas Araghchi. A ministra das Relações Exteriores alemã, Annalena Baerbock, chamou Potzel de volta a Berlim.

Raptado e sentenciado por terrorismo

Sharmahd, 69 anos, nasceu no Irã, se mudou quando criança para a Alemanha e residia na Califórnia. Ele foi um dos muitos dissidentes iranianos vivendo no exterior que foram enganados ou sequestrados de volta ao Irã nos últimos anos.

Ele trabalhava como engenheiro de software e também atuava como militante de um grupo de oposição de iranianos no exterior. Ele foi sequestrado pelo regime iraniano quando estava em Dubai, em conexão para uma viagem a trabalho para Índia, segundo sua família. O Irã não deu detalhes de como foi a captura.

O anúncio da detenção de Sharmahd aconteceu na esteira do aumento das tensões entre Irã e os Estados Unidos com o colapso do acordo nuclear de Teerã com as potências mundiais, firmado em 2015.

Teerã acusou Sharmahd de ser o ""líder do grupo terrorista Tondar, que dirigiu atos armados e terroristas no Irã a partir dos Estados Unidos"". O pouco conhecido grupo Tondar, o braço armado da ""Assembleia do Reino do Irã"", tem sede na Califórnia e diz que busca restaurar a monarquia iraniana que foi derrubada pela revolução islâmica de 1979.

As autoridades iranianas disseram que ele havia ""planejado 23 ataques terroristas"", dos quais ""cinco foram bem-sucedidos"", incluindo o atentado a bomba de 2008 contra uma mesquita em Shiraz, que matou 14 pessoas e mais de 200 feridas.

Sua família defende que Sharmahd serviu apenas como porta-voz do grupo e não teve nada a ver com nenhum ataque no Irã.

O Irã também o acusou de estar em contato com ""oficiais do FBI e da CIA"" e de ter ""tentado entrar em contato com agentes do Mossad israelense"".

A Anistia Internacional afirmou que Sharmahd foi forçado a confessar participação e que ele havia dito à sua família que havia sido torturado na detenção.

A Alemanha, a UE e outros países também pediram que a sentença de morte fosse revogada.

A filha de Sharmahd, Gazelle Sharmahd, liderou a luta para que ele fosse poupado da execução.

""Não acho que palavras possam mudar um regime terrorista"", disse Gazelle à DW logo após a condenação de seu pai em 2023. ""Este é um regime que sequestra pessoas como meu pai de fora do Irã e as leva para lá. ... Esse regime terrorista não responderá a nenhum tipo de conversa ou diplomacia. Já vimos isso, infelizmente.""",,"Conflitos, Irã",2024-10-29,CONTROL_Polish_Womens_Strike_2020_2024,sustained,True,1,"De, En, La"
https://www.dw.com/pt-002/mondlane-pede-sacrif%C3%ADcio-e-convoca-protesto-em-massa/a-70634623,Deutsche Welle,"Mondlane pede ""sacrifício"" e convoca protesto em massa","Candidato presidencial Venâncio Mondlane anuncia terceira fase de protestos, com marchas que culminarão numa grande manifestação em Maputo, a 7 de novembro. ""O destino dos moçambicanos está nas nossas mãos"", disse.

O candidato presidencial Venâncio Mondlane apela a uma greve geral de uma semana em Moçambique a partir de quinta-feira, manifestações nas sedes distritais da Comissão Nacional de Eleições (CNE) e marchas para Maputo até 7 de novembro.

Para esse dia, Mondlane anunciou um protesto na capital moçambicana com uma ""massa jamais vista"".

""Faça a caminhada para a liberdade! Faça a caminhada para a libertação da sua nação!"", apelou o político durante uma intervenção em direto na sua conta oficial na rede social Facebook.

""Vamos encher toda a cidade de Maputo e estou a prever quatro milhões de moçambicanos"", acrescentou Mondlane. ""Não vai servir blindado, não vai servir gás lacrimogéneo, nem vai haver balas suficientes para tal. Pelo contrário, eu acredito que as Forças de Defesa e Segurança se vão juntar ao povo.""

O candidato pediu tanto a polícias, agentes de segurança como a militares para se ""juntarem ao povo moçambicano"" para marcar ""a vitória do povo sobre a tirania"".

""Sacrifício"" por Moçambique

Esta será a terceira fase da contestação aos resultados eleitorais, convocada por Venâncio Mondlane. Nas fases anteriores, houve confrontos violentos entre apoiantes do candidato presidencial e a polícia.

""Desta vez, é coisa para doer. Temos de nos sacrificar pelo nosso país"", apelou Mondlane, referindo que o 7 de novembro será o ""dia da libertação completa de Moçambique"".

Tudo começará já na quinta-feira, 31 de outubro, assinalou o político. ""Marquem esta data. Vamos começar um novo ciclo, paralisação total, greve, manifestações públicas, na rua"", reforçou.

Para quem não puder deslocar-se até Maputo, a partir de quinta-feira, Mondlane apelou a que faça manifestações junto das estruturas locais da CNE e sedes da Frente de Libertação de Moçambique (FRELIMO, no poder).

Venâncio Mondlane contesta os resultados anunciados pela CNE de Moçambique, que atribuiu na semana passada a vitória a Daniel Chapo, apoiado pela FRELIMO, com 70,67% dos votos.","gcs, Lusa","Política, Moçambique",2024-10-29,CONTROL_Polish_Womens_Strike_2020_2024,sustained,True,1,"De, En, La"
https://www.dw.com/ar/%D8%A3%D9%82%D9%8A%D9%84%D9%88%D8%A7-%D8%A7%D9%84%D9%85%D8%B3%D8%A4%D9%88%D9%84-%D9%85%D8%B5%D8%B1%D9%8A%D9%88%D9%86-%D8%BA%D8%A7%D8%B6%D8%A8%D9%88%D9%86-%D9%85%D9%86-%D8%B5%D9%8A%D8%A7%D9%86%D8%A9-%D8%A3%D8%B3%D9%88%D8%AF-%D9%82%D8%B5%D8%B1-%D8%A7%D9%84%D9%86%D9%8A%D9%84/a-70634094,Deutsche Welle,"""أقيلوا المسؤول"".. مصريون غاضبون من ""صيانة"" أسود قصر النيل","""لم أصدق عيني"" يقول إعلامي مصري شهير حينما رأى ""أسود قصر النيل"" مطلية باللون الأسود بطريقة لا تليق برمزيتها التاريخية. وبينما ردت وزارة السياحة على الانتقادات لصيانة التماثيل لم يقنع الرد كثيرا من متابعي القضية.

منذ أمس الاثنين والحديث لا ينقطع بين المصريين على وسائل التواصل الاجتماعي أو في المحطات والقنوات الإعلامية حول دهان ""تماثيل كوبري قصر النيل"" باللون الأسود باستخدام طلاء تقليدي أثار غضب المصريين وكذلك روح الدعابة لديهم. واعتبر كثيرون أن ما وقع للتماثيل هو تشويه لها وإهدار لقيمتها التاريخية وطمس لجمالها الفني.

هذه التماثيل وعددها أربعة، هي على هيئة سباع (أسود) صنعت من البرونز في فرنسا في الربع الأخير من القرن 19، ""وقد أبدعها الفرنسي الشهير هنرى جاكمار، بطلب خاص من الخديوي إسماعيل""، بحسب موقع المنصة

والخديوي إسماعيل، هو حفيد محمد علي باشا، مؤسس مصر الحديثة. ويعتبر الخديوي إسماعيل (حكم من 1863 حتى 1879) هو صاحب نهضة مصر الثانية بعد انهيار مشروع جده. وسعى إسماعيل لأن تصبح القاهرة قطعة من أوروبا فبنى فيها القصور وشيد فيها التحف وحتى الآن ترى آثاره في ما تعرف بـ""القاهرة الخديوية""، وهي المنطقة القريبة من ميدان التحرير وتعج بالمباني الأثرية على الطراز الأوروبي.

ونصبت السباع (الأسود) الأربعة عند مدخلي ""كوبري الخديوي إسماعيل"" في عهد ابنه الخديوي محمد توفيق. وحتى الآن يلقب المصريون من يحمل اسم إسماعيل بلقب ""أبو السباع""، ربما نسبة إلى الخديوي إسماعيل صاحب السباع عند الكوبري الذي تحول اسمه فيما بعد إلى ""كوبري قصر النيل"".

يربط كوبري قصر النيل بين ضفتي نهر النيل: الجهة الشرقية حيث محافظة القاهرة والجهة الغربية حيث محافظة الجيزة. وتقوم محافظة القاهرة بالتعاون مع وزارة السياحة والآثار، بصيانة 21 تمثالًا تاريخيًا في الميادين العامة، من ضمنها ""أسود قصر النيل""، لكن أثارت الطريقة المتبعة لصيانة التماثيل العريقة سخط العديد، بسبب دهنها بشكل غير مهني، بحسب ما كتب موقع المصري اليوم.

على موقع اكس (تويتر سابقا)، كتب الإعلامي عبداللطيف المناوي، آخر رئيس للتلفزيون المصري في عصر الرئيس الأسبق حسني مبارك، أنه لم ""يصدق"" عينيه حين رأى أسود قصر النيل بهذا الطلاء وأضاف ""أعمال صيانة، او افساد، أسود قصر النيل ضمن خطة لصيانة 21 تمثالا بالميادين العامة بالقاهرة. أنقذوا البقية الباقية"".

وتعليقا على تدوينة المناوي رد أحدهم داعيا إلى إقالة المسؤول فقال: ""شيلوا المسؤول اللي ماسك تجميل و تطوير القاهرة الله يخليكم، اللي مالوش في الشغلانة دي مايشتغلهاش أو على الأقل يسيب كل حاجة زي ما هي"".

وعلى صحفته بموقع اكس كتب الروائي المصري ""أشرف العشماوي"" يقول إن الأسود ""منحوتة من برونز مخلوط"" وأن أغلب التماثيل النحاسية تترك دون دهان لتظهر عليها علامات ""الجنزرة التي تؤكد علي جمال الفن"".

ورد عليه معلق باسم مجهول قال: ""دي مش جنزرة ده هباب عوادم و غبار القاهرة متراكم""، مضيفا أنه من الطبيعي إزالته كل فترة و""السؤال هل الطلاء ده حسب المواصفات المستخدم فى ميادين إيطاليا و فرنسا و إسبانيا ولا فعلا خلطة عك؟""

ورد حساب آخر باسم mohamed، متسائلا بشكل ساخر ""يعني حضرتك تفتكر هنري جاكليمار (صانع التماثيل) هيفهم أحسن من النقاش المصري..""

ومن جانبها ذكرت الكاتبة هاجر عثمان بموقع ""المنصة"" اليوم الثلاثاء (29 أكتوبر/ تشرين الأول 2024) أن وزارة السياحة والآثار المصرية ""تبرأت اليوم من عملية الترميم""، مضيفة أن الوزارة قالت إن ""هذه التماثيل ليست في عداد الآثار المُسجلة.."".

وذكر وزير السياحة والآثار شريف فتحي، اليوم الثلاثاء في تصريحات إعلامية أن أعمال الترميم ""لتماثيل أسود كوبري قصر النيل تتم بدقة وحرص شديد، ووفقًا للقواعد العلمية والفنية المتبعة والمتعارف عليها"".

ونقلت عثمان عن وزارة السياحة والآثار نفيها استخدام طلاء، وأوردت قولها: ""أعمال التنظيف اقتصرت على إزالة الأتربة والاتساخات ووضع طبقة عزل شفافة لحماية التماثيل من العوامل الجوية.. ولم يتم إطلاقًا استعمال ورنيش أو أي مواد ملونة أو ملمعة"".

لكن يبدو أن كلام الوزارة لم يعجب وكيل عام نقابة التشكيليين الدكتور محمد الصبان الذي رد قائلا لموقع المنصة ""أي حد هيعدي بجوار تمثال أسد قصر النيل هيشم روائح نفاذة جدًا للطلاء وليس التنظيف"". وأضاف: ""الطلاء واضح جدًا، وغير درجة لون التمثال، واللمعة الشديدة واضحة للمارة.. وده دليل إنهم استخدموا مواد مكنش المفروض يستخدموها"".

قصة أسود قصر النيل تذكرنا مع الفارق بقصة وقعت قبل سنوات عندما تم لصق لحية القناع الذهبي للملك توت عنخ آمون بطريقة بدائية وغير احترافية. وعندها في بداية 2015 فتحت وزارة الآثار المصرية تحقيقا. فهل تفتح الوزارة التي أدمجت الآن مع وزارة السياحة تحقيقا فيما وقع لأسود قصر النيل؟ وهل يقال المسؤول؟",,"ثقافة, مصر",2024-10-29,CONTROL_Polish_Womens_Strike_2020_2024,sustained,True,6,"به, در, های"
https://www.dw.com/ar/%D8%A5%D8%B3%D8%B1%D8%A7%D8%A6%D9%8A%D9%84-%D8%AA%D8%B9%D9%8A%D9%8A%D9%86-%D9%82%D8%A7%D8%B3%D9%85-%D8%B1%D8%A6%D9%8A%D8%B3%D8%A7-%D9%84%D8%AD%D8%B2%D8%A8-%D8%A7%D9%84%D9%84%D9%87-%D9%85%D8%A4%D9%82%D8%AA-%D9%88%D9%84%D9%86-%D9%8A%D8%AF%D9%88%D9%85-%D8%B7%D9%88%D9%8A%D9%84%D8%A7/a-70633926,Deutsche Welle,"إسرائيل: تعيين قاسم رئيسا لحزب الله ""مؤقت ولن يدوم طويلا!""","قالت إسرائيل محذرة إن تعيين الأمين العام الجديد لحزب الله نعيم قاسم ""موقت ولن يدوم طويلاً""، مشيرة إلى أن فترة ""توليه هذا المنصب قد تكون الأقصر في تاريخ"" الحزب، مؤكدة أن ""لا حل في لبنان إلا تفكيك هذه المنظمة كقوة عسكرية"".

حذر وزير الدفاع الإسرائيلي يوآف غالانت الثلاثاء (29 تشرين الأول/أكتوبر 2024)، الأمين العام الجديد لحزب الله نعيم قاسم من أن تعيينه ""موقت ولن يدوم طويلاً"".

ونشر غالانت عبر حسابه على منصة إكس صورة لقاسم أرفقها بعبارة ""تعيين موقت، لن يدوم طويلا"". وفي منشور منفصل كتب غالانت باللغة العبرية ""العد التنازلي بدأ"".

وكتبت الحكومة الإسرائيلية في منشور على حسابها الرسمي باللغة العربية على منصة إكس تقول ""قد تكون فترة توليه هذا المنصب الأقصر في تاريخ هذه المنظمة الإرهابية إذا سار على درب سابقيه حسن نصرالله وهاشم صفي الدين"". وأضافت ""لا حل في لبنان إلا تفكيك هذه المنظمة كقوة عسكرية"".

وأعلن الحزب الثلاثاء انتخاب قاسم خلفاً لحسن نصرالله الذي اغتيل الشهر المنصرم في الضاحية الجنوبية لبيروت. وأورد الحزب في بيان: ""عملاً بالآلية المعتمدة لانتخاب الأمين العام، توافقت شورى حزب الله على انتخاب سماحة الشيخ نعيم قاسم أميناً عامّا لحزب الله"".

ونعيم قاسم (71 عاماً) الذي يشغل منذ العام 1991 منصب نائب الأمين العام لحزب الله، كان أحد مؤسسيه في العام 1982.

وقال مصدر مقرّب من حزب الله لوكالة فرانس برس، إنّ انتخابه جرى قبل يومين وتمّ الإعلان عنه الثلاثاء. وبحسب المصدر، سيشغل قاسم منصب الأمين العام للحزب حتى انتهاء الحرب، على أن يتم انتخاب مجلس شورى جديد يتولى انتخاب الأمين العام.

ويأتي انتخاب قاسم بعد اغتيال رئيس المجلس التنفيذي لحزب الله هاشم صفي الدين الذي كان يعتبر المرشح الأبرز لخلافة نصرالله.

وعلى غرار صفي الدين، كان قاسم عضوا في مجلس الشورى التابع لحزب الله، الأمر الذي خوّله تبوّء منصب الأمين العام. ويضم مجلس الشورى في الوقت الحالي خمسة أعضاء، بعدما كانوا سبعة، اغتيل منهم نصر الله وصفي الدين.

وظهر قاسم في ثلاثة خطابات متلفزة منذ مقتل حسن نصر الله، آخرها في 15 تشرين الأول/أكتوبر الماضي. وأكد حينها أنّ ""الحلّ هو بوقف إطلاق النار""، لكنه شدد على أن الحزب ماض في معركته، وأن إسرائيل ""ستهزم"".

بعيداً عن الملفات العسكرية، تولّى قاسم مهام إدارة الملف الحكومي في لبنان من خلال متابعة عمل الوزراء والنواب، إضافة الى ملفي البلديات والنقابات اللذين يشكلان عصب حزب الله في المؤسسات الرسمية.

وتعتبر دول عديدة حزب الله اللبناني، أو جناحه العسكري، منظمة إرهابية. ومن بين هذه الدول الولايات المتحدة ودول الاتحاد الأوروبي وبريطانيا ودول أخرى. كما حظرت ألمانيا نشاط الحزب على أراضيها في عام 2020 وصنفته كـمنظمة إرهابية.

خ.س/ع.ج.م/ه.د (أ ف ب، رويترز)",,"سياسة, إسرائيل",2024-10-29,CONTROL_Polish_Womens_Strike_2020_2024,sustained,True,6,"به, در, های"
https://www.dw.com/ar/%D8%A5%D8%B9%D8%AF%D8%A7%D9%85-%D8%B4%D8%A7%D8%B1%D9%85%D9%87%D8%AF-%D8%BA%D8%B6%D8%A8-%D9%81%D9%8A-%D8%A3%D9%84%D9%85%D8%A7%D9%86%D9%8A%D8%A7-%D9%88%D8%AF%D8%B9%D9%88%D8%A7%D8%AA-%D9%84%D8%B1%D8%AF-%D8%B5%D8%A7%D8%B1%D9%85-%D8%B9%D9%84%D9%89-%D8%A5%D9%8A%D8%B1%D8%A7%D9%86/a-70633994,Deutsche Welle,إعدام شارمهد.. غضب في ألمانيا ودعوة لتشديد العقوبات ضد إيران,"أثار إعدام إيران للمواطن الألماني الأمريكي جمشيد شارمهد غضب الساسة الألمان، ودعوات لرد حازم وتشديد العقوبات على إيران. لكن ابنته انتقدت بشدة الحكومتين الألمانية والأمريكية ""لعدم بذلهما ما يكفي من الجهود"" لإنقاذ حياته.

أدان مسؤولون وساسة بارزون في ألمانيا إعدام المواطن الألماني الأمريكي جمشيد شارمهد في إيران هذا الأسبوع، فيما أدانت ابنته غزال بشدة الحكومتين الألمانية والأمريكية لعدم بذلهما جهدا كافيا لإطلاق سراحه.

وكتب المستشار الألماني أولاف شولتس في تغريدة على على موقع إكس ""إن إعدام جمشيد شارمهد من قبل النظام الإيراني فضيحة أدينها بأشد العبارات. لم يمنح جمشيد شارمهد حتى الفرصة للدفاع عن نفسه ضد التهم الموجهة إليه خلال المحاكمة. لقد وقفت الحكومة الألمانية مرارا وتكرارا إلى جانب السيد شارمهد. أتقدم بخالص التعازي لعائلته"".

كذلك أدانت وزيرة الخارجية أنالينا بيربوك إعدام جمشيد، مؤكدة في تغريدة على موقع إكس أن وزارتها ""دافعت بلا كلل عن جمشيد شارمهد وأرسلت فريقا رفيع المستوى من (وزارة الخارجية) إلى طهران مرات عديدة. وأوضحنا مرارا وبكل وضوح لطهران أن إعدام مواطن ألماني ستكون له عواقب وخيمة"".

لكن رد فعل غزال شارمهد كان غاضبا، وقالت ابنته شارمهد في تغريدة على موقع إكس إنها ستتحدث مع ممثلي الحكومتين الألمانية والأمريكية. وأضافت ""سنرى في غضون ساعات قليلة إذا كانت هاتان الحكومتان غير الكفؤتين والفاسدتين تستطيعان أن تخبراني الليلة: ماذا فعلتا (الولايات المتحدة وألمانيا) خلال 4 سنوات عندما اختطف مواطنهما الألماني الأمريكي في دبي وتم نقله إلىإيران بالقوة؟ إلى جانب التخلي عنه في كل المفاوضات بشأن الرهائن، ما الذي لديهما لإظهاره؟"".

وقالت وزارة الخارجية الألمانية في بيان لها إن بيربوك تحدثت مع غزال شارمهد مساء الاثنين (28 تشرين الأول/ أكتوبر 2024) لتقديم التعازي لها، وأن الوزارة ستدعم جهودها لإحضار جثمان والدها إلى ألمانيا.

اختطاف جمشيد في دبي

يُعتقد أن قوات الأمن الإيرانية قد اختطفت جمشيد شارمهد (69 عاما) عام 2020 في دبي ونقلته إلى إيران عبر عُمان. وحكمت عليه محكمة إيرانية بالإعدام في أوائل عام 2023 بتهمة ""إشاعة الفساد في الأرض"" وتورطه في تفجير إرهابي مزعوم في شيراز عام 2008.

لكن شارمهد، الذي انتقل للعيش في الولايات المتحدة عام 2003، نفى أي تورط له في التفجير، ويعتقد أن اعترافاته في الفيديو الذي نشرته الحكومة الإيرانية قد انتزعت منه بالقوة.

ووصفت منظمة العفو الدولية محاكمته بأنها ""غير عادلة بشكل فاضح""، قائلة إنه حرم من حق الدفاع المستقل عن نفسه. وقالت المنظمة إن شارمهد استُهدف لأنه أنشأ موقعا على الإنترنت لمجموعة معارضة تدعو إلى إنهاء الجمهورية الإسلامية الإيرانية.

ويعتقد أن شارمهد قد تعرض لانتهاكات جسيمة خلال السنوات الثلاث التي قضاها في أحد السجون الإيرانية. وفي مؤتمر صحفي عقدته ابنته غزال في برلين العام الماضي، تحدثت عن مكالمات هاتفية قصيرة أجرتها مع والدها قبل عامين، قال خلالها إنه تعرض للتعذيب، وأنه فقد كل أسنانه باستثناء اثنين، ولم يتلق الأدوية لعلاج مرض باركنسون الذي يعاني منه، ما أدى إلى آلام شديدة في صدره وأطرافه.

زعيم المعارضة الألمانية يطالب برد صارم

وزيرة الخارجية أنالينا بيربوك لم توضح بعد ما هي ""العواقب الوخيمة"" التي ستواجهها إيران بعد إعدامها شارمهد، لكن زعيم المعارضة الألمانية فريدريش ميرتس ، رئيس حزب الاتحاد الديمقراطي المسيحي، طالب الحكومة باتخاذ تدابير صارمة تجاه إيران.

وأكد ميرتس في تغريدة على موقع إكس، أن على ألمانيا الآن دفع الاتحاد الأوروبي إلى فرض عقوبات أقوى على إيران وخفض التمثيل الدبلوماسي للبلاد إلى مستوى ""قائم بالأعمال""، بدلاً من سفير.

لكن وزارة الخارجية الألمانية أوضحت في بيانها أنه حاليا ليس لإيران سفير معتمد في برلين، وأن القائم بالأعمال يتولى مؤقتا رئاسة السفارة. وتم استدعاء السفير السابق في يوليو/ تموز، ولم يتم إرسال خلف له حتى الآن. وقالت الوزارة إن القائم بالأعمال الإيراني تم استدعاؤه إلى الوزارة صباح الثلاثاء (29 تشرين الأول/ أكتوبر 2024).

وفي وقت لاحق قالت الخارجية الألمانية إنها استدعت سفيرها لدى إيران ""للتشاور"" بسبب إعدام شارمهد ، بعد أن قدم السفير للخارجية الإيرانية ""احتجاجنا الشديد على أفعال النظام الإيراني"".

من جانبها استدعت وزارة الخارجية الإيرانية سفير ألمانيا في طهران ""احتجاجا على الموقف التدخلي لبعض المسؤولين الألمان بشأن القضاء في جمهورية إيران الإسلامية، استدعي السفير الألماني"".

النظام الإيراني ""تجاوز خطا أحمر آخر""

وقالت لمياء قدور، المتحدثة باسم حزب الخضر الذي تنتمي إليه بيربوك، إن الرد سيكون قويا. وأضافت في تصريح لـ DW عبر البريد الإلكتروني: ""بهذا، تجاوز النظام خطا أحمر آخر لا ينبغي أن يمر دون رد"". وتابعت قدرو ""سوف نناقش التدابير المتاحة على مستوى الاتحاد الأوروبي، ولكن أيضا على المستوى الداخلي (الألماني)، لمواجهة انتهاكات إيران لحقوق الإنسان، والسياسة الإقليمية العدوانية والقمع العابر للحدود في جميع أنحاء أوروبا"".

وقد تراجعت العلاقات الألمانية الإيرانية في السنوات الأخيرة، مع دخول العقوبات التي فرضها الاتحاد الأوروبي حيز التنفيذ. وكان البرنامج النووي الإيراني حجر عثرة رئيسي. وكانت ألمانيا إحدى الدول الموقعة على الاتفاق النووي مع إيران عام 2015.

وأكدت الأمم المتحدة بعد التوقيع على الاتفاق بأن إيران ملتزمة ببنوده، وتم تخفيف العقوبات التي فرضتها الولايات المتحدة والاتحاد الأوروبي في وقت لاحق. لكن الاتفاق، الذي عارضته إسرائيل والحزب الجمهوري الأمريكي بشدة، انهار فعليا عام 2018 عندما انسحبت الولايات المتحدة منه في عهد الرئيس السابق دونالد ترامب.

وبدأت إيران عام 2019 بانتهاك بنود الاتفاق، فزادت مرة أخرى إنتاجها من اليورانيوم المخصب، مما أدى إلى فرض عقوبات عليها من قبل الاتحاد الأوروبي.

وتشير الإحصاءات الرسمية للحكومة الألمانية إلى أن الصادرات الألمانية إلى إيران قد تراجعت نتيحه تلك العقوبات إلى 1,2 مليار يورو في عام 2023، بانخفاض نسبته 24 بالمائة عن العام السابق، في حين تراجعت الواردات الإيرانية بنسبة 18 بالمائة إلى 244 مليون يورو. وإن إعدام شارمهد يزيد من الضغوط على الاتحاد الأوروبي لفرض عقوبات أكثر صرامة على إيران.

أعده للعربية: عارف جابو",بن نايت,"سياسة, الشرق الأوسط",2024-10-29,CONTROL_Polish_Womens_Strike_2020_2024,sustained,True,6,"به, در, های"
https://www.dw.com/ar/%D8%AA%D8%AD%D9%82%D9%8A%D9%82-%D9%84%D9%84%D8%A3%D9%85%D9%85-%D8%A7%D9%84%D9%85%D8%AA%D8%AD%D8%AF%D8%A9-%D8%AD%D8%AC%D9%85-%D8%A7%D9%84%D8%B9%D9%86%D9%81-%D8%A7%D9%84%D8%AC%D9%86%D8%B3%D9%8A-%D9%81%D9%8A-%D8%A7%D9%84%D8%B3%D9%88%D8%AF%D8%A7%D9%86-%D9%85%D9%87%D9%88%D9%84/a-70634701,Deutsche Welle,"تحقيق للأمم المتحدة: حجم العنف الجنسي في السودان ""مهول""","""لقد صعقنا بالنطاق المهول للعنف الجنسي الذي نقوم بتوثيقه في السودان""، هذا ما خلصت إليه بعثة أممية لتقصي الحقائق بالسودان، مشيرة إلى تعرض ""النساء والفتيات والفتيان والرجال في السودان"" بشكل متزايد للعنف الجنسي والجنساني"".

أصبحت جرائم الاغتصاب ""معممة"" في السودان مع مرور 18 شهراً على بدء الحرب الأهلية، وفق ما أظهر تحقيق أجرته الأمم المتحدة نشر الثلاثاء (29 تشرين الأول/أكتوبر 2024) مشيراً إلى أن معظم أعمال الاغتصاب ارتكبتها قوات الدعم السريع.

وقال رئيس البعثة الدولية المستقلة لتقصي الحقائق بشأن الوضع في السودان محمد شاندي عثمان في بيان ""لقد صعقنا بالنطاق المهول للعنف الجنسي الذي نقوم بتوثيقه في السودان. إن وضع المدنييّن الأكثر حاجة، ولا سيما النساء والفتيات من جميع الأعمار، يبعث على القلق الشديد ويتطلّب معالجة عاجلة"".

ولم يسلم الأطفال من هذا العنف، في حين اختطفت نساء وفتيات لاستعبادهن جنسياً، وفقا لهذا التقرير.

وقال عثمان، الذي يرأس هذه البعثة التي أُسِّست أواخر العام الماضي من جانب مجلس حقوق الإنسان لتوثيق انتهاكات حقوق الإنسان المرتكبة في البلاد منذ بدء الصراع في نيسان/أبريل 2023، ""لا يوجد مكان آمن في السودان الآن"".

وقال مفوض الأمم المتحدة السامي لحقوق الإنسان فولكر تورك الثلاثاء إن تصاعد العنف في ولاية الجزيرة جنوب الخرطوم، يزيد من مخاطر وقوع فظاعات، ووثقت أجهزته حالات عنف جنسي.

وبعد 18 شهراً على بدء الحرب بين الجيش بقيادة عبد الفتاح البرهان، وهو أيضاً رئيس مجلس السيادة والحاكم الفعلي للبلاد، وقوات الدعم السريع بقيادة حليفه ونائبه السابق محمد حمدان دقلو الملقب ""حميدتي""، ""تزداد المعاناة يوما بعد يوم، وبات 25 مليون شخص في حاجة الآن إلى المساعدة"" وفق ما قال الأمين العام للأمم المتحدة أنطونيو غوتيريش الاثنين.

وأضاف أنه مع مقتل آلاف المدنيين وأعمال الاغتصاب ""على نطاق واسع"" وغيرها من ""الفظائع التي لا توصف""، فإن ""الشعب السوداني يعيش كابوساً من العنف"" والجوع والمرض و""العنف الإتني"" خصوصاً في دارفور.

وتسببت الحرب في نزوح أكثر من14 مليون شخص، بينهم 3 ملايين لجأوا إلى دول مجاورة ، وفقاً لمفوضية الأمم المتحدة لشؤون اللاجئين. وقالت المديرة العامة للمنظمة الدولية للهجرة إيمي بوب في مؤتمر صحافي الثلاثاء من بورت سودان ""كل الحروب وحشية، لكن حصيلة هذه الحرب مروعة بشكل خاص"".

ويتراشق طرفا النزاع في السودان الاتهامات بارتكاب جرائم حرب لاستهداف مدنيين عمداً ومنع وصول المساعدات الإنسانية.

وفي أيلول/سبتمبر، دعت البعثة إلى ""نشر دون تأخير"" قوة ""مستقلة ومحايدة"" لحماية المدنيين. وفي تقرير أولي، خلصت إلى أن الطرفين المتحاربين ""ارتكبا سلسلة مروعة من انتهاكات حقوق الإنسان والقانون الدولي، والتي يعد جزء كبير منها جرائم حرب وجرائم ضد الإنسانية"".

في تقريرهم الجديد، اتّهم المحققون طرفَي النزاع مجدداً بارتكاب ""انتهاكات جسيمة لحقوق الإنسان والقانون الإنساني الدولي، يمكن أن يرقى الكثير منها إلى جرائم حرب و/أو جرائم ضد الإنسانية""، بما فيها التعذيب والاغتصاب والاستعباد الجنسي والاضطهاد على أساس الإتنية والنوع الجندري.

ولفت التقرير إلى أن قوات الدعم السريع خصوصاً ""مسؤولة عن العنف الجنسي في المناطق التي تسيطر عليها"". وتُنسب ""الغالبية العظمى من حالات الاغتصاب وغيرها من أشكال العنف الجنسي الموثقة"" في التقرير إلى قوات الدعم السريع، وبالنسبة إلى منطقة دارفور، إلى حليفتها ميليشيا الجنجويد. وذكر التقرير أيضاً ""بعض الحالات"" التي تورط فيها أفراد من الجيش، بمن فيهم من أجهزة الاستخبارات العسكرية. كما تلقت البعثة ""معلومات موثوقة"" بشأن حالات اغتصاب رجال وفتيان.

وقالت جوي نغوزي إيزيلو، عضو البعثة ""النساء والفتيات والفتيان والرجال في السودان الذين يتعرضون بشكل متزايد للعنف الجنسي والجنساني بحاجة إلى الحماية. وبدون المساءلة، ستستمر دوامة الكراهية والعنف. يجب علينا وقف الإفلات من العقاب ومحاسبة الجناة"".

ودعا المحققون إلى توسيع حظر الأسلحة المفروض على دارفور ليشمل البلاد برمّتها، وطالبوا السلطات بالتعاون مع المحكمة الجنائية الدولية وتسليمها الرئيس السابق عمر البشير.

خ.س/ع.ج.م (أ ف ب)",,"حقوق الإنسان, السودان",2024-10-29,CONTROL_Polish_Womens_Strike_2020_2024,sustained,True,6,"به, در, های"
https://www.dw.com/fa-ir/%D8%AA%D8%B5%D9%88%DB%8C%D8%A8-%DA%A9%D9%84%DB%8C%D8%A7%D8%AA-%D8%A8%D9%88%D8%AF%D8%AC%D9%87-%DB%B1%DB%B4%DB%B0%DB%B4-%D8%A8%D9%88%D8%AF%D8%AC%D9%87-%D9%86%D8%B8%D8%A7%D9%85%DB%8C-%D8%B3%D9%87-%D8%A8%D8%B1%D8%A7%D8%A8%D8%B1-%D8%B4%D8%AF/a-70633891,Deutsche Welle,تصویب کلیات بودجه ۱۴۰۴؛ بودجه نظامی سه برابر شد,"مجلس شورای اسلامی کلیات اولین لایحه بودجه دولت مسعود پزشکیان را تصویب کرد. در لایحه بودجه ۱۴۰۴ بودجه نیروهای مسلح ایران سه برابر شده و دست دولت برای تامین کسری بودجه از منابع ارزی کشور باز شده است.

مجلس شورای اسلامی سه شنبه هشتم آبان کلیات لایحه بودجه ۱۴۰۴ را پس از شنیدن سخنان مسعود پزشکیان، رئیس جمهور ایران با ۱۴۶ رای موافق در برابر ۹۶ رای مخالف و چهار رای ممتنع از مجموع ۲۴۹ نماینده حاضر تصویب کرد.

در این لایحه که اولین لایحه بودجه دولت چهاردهم به ریاست مسعود پزشکیان است بودجه نظامی افزایشی ۲۰۰درصدی یافته است.

فاطمه مهاجرانی، سخنگوی دولت روز سه شنبه هشتم آبان در نشستی خبری افزایش ۲۰۰ درصدی بودجه نظامی را اعلام کرد و گفت که هدف از این کار ""تقویت بنیه دفاعی کشور"" بوده است.

لایحه بودجه جدید همچنین دست دولت را جهت برداشت از منابع ارزی برای فرار از کسری بودجه باز گذاشته است.

مسعود پزشکیان، رئیس جمهور ایران در سخنانی در مجلس در دفاع از کلیات این لایحه با اشاره به این که در ارتباط با بورس، اوراق اضافه چاپ نخواهد شد گفت، برای جلوگیری از کسری بودجه از علی خامنه ای، رهبر جمهوری اسلامی اجازه گرفته تا مقداری ارز برداشت کند.

او در دفاع از لایحه بودجه که کلیات آن در جلسه هفته گذشته کمیسیون تلفیق تصویب شد گفت: «برای این که کسری بودجه نیاوریم از رهبری اجازه گرفتیم که مقداری ارز را که معمولا وسط سال بعد از کسری و اعتراضات اجتماعی دریافت می شد بگیریم.» پزشکیان توضیح بیشتری در این زمینه نداد.

در همین حال، خبرگزاری مهر گران شدن ارز ترجیحی کالاهای اساسی و کاهش حجم تخصیص آن را ""مهم ترین تغییر در این لایحه نسبت به شرایط جاری کشور"" خوانده است.

مهر با اشاره به این که رقم ارز کالاهای اساسی برای سال جاری ۱۵ میلیارد دلار بود و دولت قصد دارد سه میلیارد دلار آن را کم کند می نویسد، نتیجه چنین تصمیمی این است که از سبد ارز ترجیحی حذف خواهد شد یا این که ارز تخصیصی به آن ها کم تر خواهد شد.

در ادامه آمده است: «از سوی دیگر در لایحه بودجه ۱۴۰۴ نرخ تسعیر [قیمت گذاری] کالاهای اساسی قرار است معادل تورم افزایش یابد. یعنی از ۲۸هزار و ۵۰۰ تومان به ۳۷هزار تومان برسد که این حکم گرانی کالاهای اساسی را قطعی می کند.»

هدف از معرفی ارز ترجیحی در بدو امر تامین کالاهای ضروری با قیمت ارزان تر بود. اما محدودیت منابع مالی باعث شد که به مرور برخی کالاها از فهرست کالاهای اساسی حذف شوند و بالا رفتن نرخ ارز و تورم نیز باعث شد که این سیاست تحقق نیابد.

به همین دلیل است که کاهش تخصیص ارز به کالاهای اساسی در بودجه ۱۴۰۴ نگرانی هایی را برانگیخته و بیم آن می رود که معیشت مردم بیش از پیش تحت تاثیر این سیاست قرار بگیرد.

اختصاص ۲۰۰ همت برای کاهش بدهی بانک ها

مسعود پزشکیان در دفاع از لایحه بودجه ۱۴۰۴ همچنین وعده اختصاص ۲۰۰ میلیارد تومان برای کاهش بدهی بانک ها را داد.

او تصریح کرد: «در ارتباط با ثبات اقتصادی به دو موضوع بانک ها و بورس توجه ویژه شده است. معمولا اگر دولت پول کم می آورد از بانک قرض می گرفت اما ما نه تنها قرض نمی گیریم بلکه ۲۰۰ همت برای کاهش بدهی بانک ها درنظر گرفته ایم.»

معافیت از مالیات کسبه ای که کم تر از ۲۴ میلیون درمی آورند

رئيس جمهور ایران در ارتباط با مالیات و بنگاه هایی که در بورس هستند گفت: «طبق قانون باید ۲۵ درصد سود می دادند اما ما همان ۲۰ درصد را درنظر گرفتیم و اگر درآمد کسب کردند و سرمایه گذاری کردند، مالیات به درآمد تعلق نخواهد گرفت و تلاش کردیم که روند اصلاح شود.»

او افزود، در مورد کسبه نیز مانند حقوق بگیران اگر بیش تر از ۲۴ میلیون درآمد داشته باشند مالیات اخذ خواهد شد.

اختصاص ۸۴ همت برای پاداش بازنشستگان

همچنین در بودجه سال آینده برای پاداش بازنشستگان نیز بیش از ۸۴ میلیارد درنظر گرفته شده است.

متوسط افزایش حقوق ۲۸درصد تعیین شده که مسعود پزشکیان در توضیح گفت: «کسانی که هزینه بیشتری دارند و اهل و عیال بیشتری دارند تا ۴۰ درصد حقوقشان افزایش پیدا کرده است.»

عباس علی آبادی، وزیر نیرو در هفتم آبان خبر از افزایش قیمت برق داده و گفته بود: «بر اساس قانون مانع زدایی از صنعت برق، دولت موظف است که دیگر نقشی در تامین ریالی برق نداشته باشد و مردم باید برق مورد نیاز خود را خریداری کنند.»

پزشکیان نیز در همین زمینه در مجلس شرح داد: «در برق، آب، گاز و پول ناترازی داریم و همین الان نمی توانیم برق و گاز برخی کارخانه های تولیدی را تامین کنیم.»

او افزود: «اگر ناترازی ها را نادیده بگیریم به مشکل برخورد خواهیم کرد و این قابل قبول نیست که برق و آب تولید کنند ه را قطع کنیم.»

علاوه بر تامین برق، گاز و آب تامین بنزین به بهای مناسب نیز سال هاست که در جمهوری اسلامی به معضلی تبدیل شده و اظهاراتی که جسته و گریخته از مقام های دولت در مورد افزایش قیمت بنزین شنیده می شود دردی دیگر به دردهای مردم اضافه کرده است.",,"سیاست, ایران",2024-10-29,CONTROL_Polish_Womens_Strike_2020_2024,sustained,True,6,"به, در, های"
https://www.dw.com/fa-ir/%D8%B9%D8%AF%D9%85-%D8%AD%D9%85%D8%A7%DB%8C%D8%AA-%D9%88%D8%A7%D8%B4%DB%8C%D9%86%DA%AF%D8%AA%D9%86-%D9%BE%D8%B3%D8%AA-%D8%A7%D8%B2-%D9%87%D8%B1%DB%8C%D8%B3-%DA%A9%D8%A7%D9%87%D8%B4%DB%B2%DB%B0%DB%B0-%D9%87%D8%B2%D8%A7%D8%B1%DB%8C-%D8%B4%D9%85%D8%A7%D8%B1-%D9%85%D8%B4%D8%AA%D8%B1%DA%A9%D8%A7%D9%86/a-70633709,Deutsche Welle,عدم حمایت واشینگتن پست از هریس؛ کاهش۲۰۰ هزاری شمار مشترکان  ,"روزنامه واشنگتن پست تصمیم گرفت برخلاف رویه همیشگی حمایتی از هیچ یک از نامزدهای انتخابات ریاست جمهوری آمریکا نکند و متن حمایت از هریس را حذف کرد. این تصمیم باعث شد ۲۰۰ هزار مشترک خود را از دست بدهد.

به دنبال تصمیم جف بزوس، موسس شرکت آمازون و مالک روزنامه واشنگتن مبنی بر عدم توصیه برای هیچیک از نامزدهای انتخابات ریاست جمهوری آمریکا، ۲۰۰ هزار نفر اشتراک این روزنامه را لغو کردند.

در سه دهه اخیر رسم بر این بود که پیش از انتخاباتآمریکا روزنامه واشنگتن پست برای انتخاب رئیس جمهور آمریکا به خوانندگان خود توصیه ای می کرد. اما امسال متنی که در حمایت از کامالا هریس، نامزد دمکرات ها قرار بود منتشر شود، حذف شد.

""رسانه های غیرقابل اعتماد""

بزوس، مولتی میلیاردر آمریکایی، از تصمیم بحث برانگیز خود در آخرین روزهای رقابت میان کامالا هریس و دونالد ترامپ، کاندیدای جمهوریخواهان دفاع نمود و این اقدام را با ""کاهش اعتماد مردم آمریکا به رسانه ها"" توجیه کرد. او اطمینان داد که ""در واشنگتن پست به دنبال منافع شخصی"" نیست، بلکه واقعیت این است که بسیاری از مردم ""رسانه ها را مغرضانه می دانند"".

بزوس افزود که او اجازه نخواهد داد واشنگتن پست تبدیل به رسانه بی اهمیتی شود و مردم از طریق پادکست های فاقد محتوای تحقیقی درست و شبکه های اجتماعی مسایل را دنبال کنند.

بیشتر بخوانید :مناظره ترامپ و هریس؛ خوش بینی نسبت به کاندیدای دموکرات

بزوس به ""برنامه ریزی ضعیف"" اعتراف کرد

اگرچه توصیه های انتخاباتی از سوی رسانه ها لزوما کسی را متقاعد نمی کند که به یک نامزد خاص رای دهند، اما با این همه بزوس اذعان کرد که این تصمیم بحث برانگیز در مرحله پایانی تبلیغات انتخاباتی به دلیل ""برنامه ریزی ضعیف"" گرفته شده است.

بیشتر بخوانید:ستاد انتخاباتی هریس هم از حمله سایبری خارجی ها خبر داد

واشنگتن پست روز جمعه گذشته اعلام کرد که نه برای کامالا هریس و نه دونالد ترامپ قبل از انتخابات ریاست جمهوری در پنجم نوامبر توصیه نمی کند و در انتخابات های بعدی نیز از جانبداری امتناع خواهد کرد. پیش از این نیز یکی دیگر از روزنامه های بزرگ آمریکا یعنی ""لوس آنجلس تایمز"" نیز از هر توصیه ای خودداری کرده بود.

حذف متنی که برای حمایت از هریس نوشته شده بود

خبرنگاران واشنگتن پست گزارش دادند که توصیه ای برای هریس نوشته شده بود، اما بزوس تصمیم گرفت آن را منتشر نکند. نمایندگان خبرنگاران این روزنامه از مداخله مالک آن در أمور سردبیری روزنامه ابراز نگرانی کردند.

بزوس دیگر آمازون را اداره نمی کند، اما دارایی های او عمدتاً شامل سهام این بزرگترین فروشنده آنلاین جهان است. او همچنین مالک شرکت فضایی ""بلو اوریجین"" (Blue Origin) است که به قراردادهای دولتی متکی است. در صورتی که ترامپ در انتخابات پیروز شود، می تواند وضع را برای شرکت های بزوس بسیار سخت کند.

به همین دلیل نیز بزوس متهم شده که به دلیل ترس از ضرر مالی دستور داده است توصیه انتخاباتی نشود. اما او در سایت این روزنامه نوشت: «من می خواهم روشن کنم که در اینجا هیچ ملاحظه ای وجود ندارد.»

دیدار رئيس شرکت بلو اوریجین با ترامپ

بزوس گفته که نه با کمپین ها و نه با نامزدهای انتخابات ""در هیچ سطحی یا به هیچ وجه در مورد این تصمیم مشورت و اطلاع رسانی نشده است.""

اما این واقعیت که دیو لیمپ، رئیس شرکت بلو اوریجین تنها چند ساعت پس از اعلام این تصمیم با ترامپ در فلوریدا ملاقات کرد، بر شدت انتقادها افزود. بزوس اکنون می گوید که از قبل از قرار این دیدار خبر نداشته است.

بزوس واشنگتن پست را که رسوایی ""واترگیت"" را در دهه ۱۹۷۰ فاش کرد و در نتیجه باعث استعفای ریچارد نیکسون، رئیس جمهور وقت شد، در سال ۲۰۱۳ خریداری کرد. این روزنامه در انتخابات ریاست جمهوری ۲۰۱۶ و ۲۰۲۰ از نامزد دموکرات ها یعنی هیلاری کلینتون و جو بایدن حمایت کرد.",,"سیاست, آمریکای شمالی",2024-10-29,CONTROL_Polish_Womens_Strike_2020_2024,sustained,True,6,"به, در, های"
https://www.dw.com/es/ucrania-planea-movilizar-160000-reclutas-adicionales/a-70634738,Deutsche Welle,Ucrania planea movilizar 160.000 reclutas adicionales,"El secretario del Consejo de Defensa y Seguridad Nacional anunció la medida en una sesión parlamentaria, en la que detalló que a la fecha se ha alistado a 1,5 millones de ciudadanos.

Ucrania tiene previsto movilizar a 160.000 reclutas adicionales para sus Fuerzas Armadas, afirmó este martes (29.10.2024) el secretario del gubernamental Consejo de Defensa y Seguridad Nacional, Oleksandr Litvinenko, durante una sesión de la Rada Suprema o Parlamento en Kiev. La decisión se toma en momentos en que los invasores rusos incrementan la presión en el este.

""Prevemos movilizar a más de 160.000 personas"", lo que permitirá reponer las filas del ejército en un 85 por ciento, indicó Litvinenko, según un video de su discurso divulgado por un legislador. Desde el inicio de la invasión rusa a gran escala, en febrero de 2022, ""se ha alistado a un total de 1,5 millones de ciudadanos"", precisó Litvinenko en su reunión con los congresistas, que se realizó a puerta cerrada.

La nueva oleada de movilizaciones se organizará durante los próximos tres meses, un período durante el cual Ucrania acaba de prorrogar la ley marcial impuesta al comienzo de la guerra de agresión lanzada por Vladimir Putin, precisó a la agencia AFP una fuente del sector de seguridad. La movilización es un tema polémico, considerado injusto por muchos ucranianos, y dio lugar a varios escándalos de corrupción.

Sesiones no son públicas

Las autoridades ucranianas no suelen dar precisiones sobre los efectivos de las Fuerzas Armadas ni sobre sus planes de movilización y muy raramente informan de bajas en sus filas. El presidente ucraniano, Volodimir Zelenski, informó a fines de febrero que 31.000 militares habían perdido la vida en el conflicto. Esa cifra no incluye el número de desaparecidos, que se estima en decenas de miles.

Las sesiones de la Rada no son públicas, pero las declaraciones de Litvinenko figuran en un video publicado por el diputado Sergui Goncharenko, del partido opositor Solidaridad Europea. El Consejo de Defensa y Seguridad Nacional es un órgano gubernamental supeditado al presidente, y del que forman parte ministros, el comandante en jefe de las Fuerzas Armadas y los directores de los servicios de seguridad, entre otros.",,"Conflictos, Ucrania",2024-10-29,CONTROL_Polish_Womens_Strike_2020_2024,sustained,True,1,"De, En, La"
