url,publisher,title,body,authors,topics,publishing_date,event_label,event_type,is_control,topic_id,topic_label
https://inews.co.uk/culture/music/spotify-wrapped-come-out-date-3348230,i,When could Spotify Wrapped 2024 come out?,"A year tracking your musical highs and lows is soon upon us

Were you to tap or scroll through your array of social media accounts on a certain day in early December, you will be sure to almost exclusively see a deluge of Spotify screenshots.

Famously started by a plucky intern in 2015, what is now an annual event was re-branded from a “Year in Music” to “Spotify Wrapped” in 2015.

Each year, Spotify users’ top artists, songs and podcasts are shared in eye-catching, succinct animations ready to be shared with the masses.

Listeners are also presented with a playlist of their top 100 songs of the year.

Now, somewhat of an event in the festive calendar, come autumn, murmurs of people’s year of listening being available for all to see begin to arise.

Here is everything you need to know about Spotfy’s biggest day of the year.

An official date for Spotify Wrapped’s release is yet to be announced, but it is expected in early December.

The streaming platform typically announces its wrapped date through its social media channels, and the same is expected this year.

Spotify Wrapped is perhaps one of the most successful examples of “user-generated marketing”, marketing that relies on, mostly social media users, reposting and distributing material.

When the time comes, the process should be simple, when you enter the Spotify app it should just be on your homepage.

It is unknown between which periods Spotify begins and finishes logging your listening data.

However, Spotify told its users on 24 October that “2024 is almost a wrap,” telling listeners to “get wrapped-ready”.

Due to many people being somewhat ashamed of their guilty pleasure tunes being broadcast to their friends, many are keen to know when their window of opportunity for low-brow listening opens.

Reporting from Billboard and others a few years back is what led to people believing that Spotify only takes your listening habits up until 31 October into account when creating Wrapped, but it turns out that that is not so.

Responding to a tweet from Pop Crave about Wrapped ending on Halloween in 2022, the official Spotify account said: “The only thing that we end on Halloween is eating candy corn. Stream (and snack) all through the year and we will see you in Wrapped season.”

Spotify’s vice president of product development, Babar Zafar, shed a little more light on the process before 2023’s Wrapped: “The Wrapped personalised experience covers streaming for 2022, so beginning in January and ending a few weeks prior to the launch on 30 November,” he said.

“We aim to leave the cut-off date as late as possible to really create a truly personalised experience for the millions of listeners around the world.”",Emilia Randall,"Explainer, Spotify",2024-10-28,CONTROL_Polish_Womens_Strike_2020_2024,sustained,True,0,"In, The, To"
https://inews.co.uk/inews-lifestyle/money/national-insurance-hike-will-hit-essential-charity-services-reeves-warned-3348427,i,"National insurance hike will hit 'essential' charity services, Reeves warned","Charities have called for themselves to be made exempt from any rise in NI in Wednesday's Budget

Charities are warning they may be forced to reduce their services if Rachel Reeves goes ahead with plans to increase national insurance (NI) on employers at the Budget this week.

The Chancellor is expected to announce an increase to employer NI contributions in Wednesday’s Budget, but there have been calls for the third sector to be exempt from any extra taxes.

Although public sector organisations are set to receive additional funding to cover the extra costs, the private sector and voluntary sector are expected to have to use their own funds to meet the additional burden, with warnings that smaller charities in particular would find the change difficult.

Matthew Reed, the chief executive of palliative care charity Marie Curie, told i that it would need to find new sources of income or face having to scale back its services.

He said: “Increasing the national insurance on a charity already dependent on donations from the public will have a detrimental impact on the amount of care we are able to provide.

“We will now need to ask for more funding from our NHS partners or rely further on kind donations from the public to continue to provide our services.”

Reeves has warned of a £22bn “black hole” in the nation’s finances which needs to be filled, and is said to be looking at raising £40bn in total from cuts and tax rises.

She is boxed in, however, by manifesto commitments not to raise income tax, national insurance on workers, or VAT. It is widely expected she will raise amount of national insurance employers pay by 1 or 2 per cent and cut the earnings threshold at which the tax is paid.

These moves together could raise £20bn and allow the Government to argue it has honoured its commitment not to raise taxes on working people.

The National Council for Voluntary Organisations (NCVO) – the membership organisation for the charity sector – warned however that the extra tax will add pressure on to charities, and may force them to “divert” funds away from essential services.

Sarah Elliott, the organisation’s CEO, told i: “An increase in employer NI contributions would add another financial strain on charities already facing rising service costs, reduced income, and surging demand. The pressure from this tax rise will be felt across the sector but will be especially challenging for smaller charities to manage.

“With over half of sector employees working in organisations with fewer than 50 staff, small charities are at the heart of our communities, providing a crucial safety net where public services fall short.

“Increasing employer contributions could force these charities to divert already stretched finances away from essential services, or even reduce their support altogether – putting the communities they support at risk.”

The NCV) – along with the Scottish Council for Voluntary Organisations, Northern Ireland Council for Voluntary Action and Wales Council for Voluntary Actio -, have written to the Chancellor calling for charities to get the same treatment as the public sector, which is set to be exempt from the extra tax.

“With costs climbing, funding falling, and demand for services increasing, our sector already faces a crisis. The additional costs placed on the sector by increasing employers’ national insurance contributions will only compound this,” the letter states.

“As you navigate the significant financial challenges the country faces, we are confident that it would not be your intention to place them at the door of charities and community organisations. We are not asking for special treatment, just parity with the public sector.”

Mr Reed said that governments have a “history of not properly considering non-NHS providers of NHS services” – such as Marie Curie – when making fiscal decisions.

“We need to see non-NHS providers of NHS services fully funded especially given these national insurance increases,” he added.

“We urgently need the Government to recognise that there needs to be a sustainable funding model for palliative and end-of-life care. We need a co-ordinated, joined-up approach, so that dying people, and their loved ones get the support they need, where they want to be, whatever their illness.”

Jo Walby, CEO of Manchester-based charity Mustard Tree, which works to prevent homelessness, said charities should be exempt from any increase in employer NI.

She told i: “The past few years have been tough for everyone, and we know that the Government will make some tough decisions, but adding real cost to a charity like Mustard Tree directly impacts our ability to cope with the increase in demand that we are seeing.

“We have reduced our costs as much as we can this year to free up some cash so that we can add support workers to our team to help people out of poverty and homelessness. This increase in NI would wipe out those cost savings and means our existing staff and volunteers must do even more to try and cope with the increasing numbers through our doors, without the resources they need.

“Charities should be exempt from the change.”

Jo Henney, CEO at Nugent – a social care charity in Liverpool – told i: “The social care sector is already stretched to its limits with underpaid and undervalued staff and although the new government is keen not to affect working people, increasing the taxes for employers will surely do that as budgets and workforces are forced to shrink.

“At Nugent, we pride ourselves on being a Real Living Wage employer – our colleagues are among the most skilled and dedicated workforce in the country and we want to reward them accordingly – but this will see us pay more tax.

“Our main outlets to pass these costs on to are charges to the local authorities, which are already our main source of income and don’t have additional funds to support, or restricting pay rises to colleagues who work hard all year round. Less money will also be available for core missions and initiatives within charities and could affect the essential services that charities provide – making ‘need to haves’ into ‘nice to haves’.”

Businesses have also warned that an increase to their tax burden could end up having an impact on employees, either through lower wages or less hiring.

Craig Beaumont, executive director at the Federation of Small Businesses, previously told i that an increase in employer NI would “make every job in all our local communities more expensive to maintain”.

He added: “Fewer jobs and lower pay is not the way forward.”",Callum Mason,"Budget, Money, Rachel Reeves",2024-10-28,CONTROL_Polish_Womens_Strike_2020_2024,sustained,True,0,"In, The, To"
https://inews.co.uk/inews-lifestyle/money/payslip-budget-when-changes-3347766,i,If your payslip could be hit by the Budget and when changes will take effect,"Ministers have denied that workers will see changes on their payslips, but experts disagree

Labour has promised that tax rises announced at Wednesday’s Budget will not hit workers’ payslips.

On Sunday, Education Secretary Bridget Phillipson said workers will not see higher taxes “on their payslip”, as ministers battle to explain what was meant by their manifesto pledge not to increase taxes on “working people”.

But financial experts have told i they do not think the interpretation is correct, and that some may see an impact on their take-home pay in the future.

Below, we run through some of the potential changes in this week’s Budget, and when they could have an impact on your payslip.

Presented by the Chancellor, the Budget will reportedly make tax rises and spending cuts worth £40bn.

But in the party’s manifesto for the general election, Labour promised that it would not increase VAT, national insurance (NI) or income tax on working people.

Phillipson told BBC One’s Sunday with Laura Kuenssberg: “And coming out of this Budget, working people will not see higher taxes on the payslips that they receive.

“That is really important, because we know the pressures that people are under,” she said.

But experts have told i otherwise, with Tracy Crookes, financial planner at Quilter, saying that “people will ultimately feel the tax burden rise without anything changing”.

Rachel Reeves is widely expected to announce a further freeze to tax thresholds on Wednesday.

Thresholds typically increase in line with inflation to account for rising wages but have not done so since 2021, meaning in real-terms people pay more tax, because they generally have higher salaries than they did in 2021.

People start paying the basic rate of income tax, as well as national insurance, once they earn £12,570 – a threshold known as the personal allowance.

The freeze is set to end in 2028, but Labour is poised to extend this to 2030. This means that the Labour decision would hit pay packets from 2028 onwards.

Tracy Crookes said: “As wages grow in line with inflation, state tax thresholds will drag more and more individuals into higher tax brackets, a phenomenon known as fiscal drag.

“For millions of middle-income earners, this means paying a higher proportion of their income in tax without seeing any real increase in their purchasing power.”

“The fact that this policy allows the Government to increase tax revenue without officially ‘raising taxes’ is little more than semantics. It is a stealth tax that, over time, could undermine trust in the Government’s promises”.

Income tax thresholds are expected to be frozen for a year or more beyond the current end date of 2028.

Sarah Coles, head of personal finance at Hargreaves Lansdown, said this would cost people billions of their earnings as the Government takes a bigger slice of any pay rises.

She said: “Frozen thresholds will kick in when the current freeze expires in 2028.”

An employer has to pay 13.8 per cent national insurance (NI) on an employee’s salary, but there are suggestions this could be increased at the Budget.

Even though this would be a tax levied on businesses, rather than individuals, experts suggest that the increases could eventually filter through to employees, perhaps in the form of lower wages.

Craig Rickman, personal finance expert at interactive investor told i: “If businesses pay more tax, they could look to make cuts elsewhere to balance things out.

“This could mean lower future pay rises, smaller bonuses, and less generous pension contributions for staff.”

Businesses of all sizes would be impacted by this change, he said, from large businesses with vast structures and lots of employees to small-to-medium-sized private limited companies, who either draw a reasonable director’s salary and/or employ a few staff.

These could start filtering through after the tax changes take effect.

Changes in Budgets often start in the new tax year, which would be 6 April 2025, Mr Morrow McDade said.

However, he added: “There is a precedent for mid-year changes in NI contributions as Rishi Sunak did in January of this year. I suspect a change might come into force in January 2025 to give time for updates to the payroll systems.”",Emily Braeger,"Budget, Labour, Rachel Reeves, Tax",2024-10-28,CONTROL_Polish_Womens_Strike_2020_2024,sustained,True,0,"In, The, To"
https://inews.co.uk/inews-lifestyle/survived-cancer-amy-dowden-scary-reality-remission-3348164,i,I survived cancer - Amy Dowden is showing us the scary reality of remission,"After the Strictly dancer's collapse backstage, Rosamund Dean tells how she underestimated the challenges of life after treatment

Seeing Amy Dowden back on Strictly Come Dancing this year has filled me – and more than six million other viewers – with so much joy.

The 34-year-old dancer, one of the stars of the BBC’s Saturday night juggernaut, has become a national sweetheart after the way in which she handled being diagnosed with breast cancer last spring.

Amy has undergone brutal treatment over the past year, including chemotherapy and mastectomy surgery, and has chosen to be completely honest and vulnerable about the realities of treatment on Instagram, where she has almost 700,000 followers.

So it was upsetting to hear that she was treated in hospital after collapsing backstage during Saturday’s live Halloween special. Amy and her partner, JB Gill of boy band JLS, had just performed the foxtrot to Toploader’s “Dancing In The Moonlight” when she became unwell. A spokesperson has said that an ambulance was called “as a precaution” and she is already “feeling much better.” However, it has since been reported that professional dancer Lauren Oakley will step in to temporarily replace Amy as JB’s partner, while she makes a full recovery.

Of course, this illness may have nothing to do with breast cancer – Amy also has Crohn’s disease, which can cause debilitating pain and fatigue. But anyone who has been through cancer treatment (and one in seven British women will receive a breast cancer diagnosis in their lifetime) knows that life after treatment can be scary and unpredictable.

I became one of those statistics after being diagnosed with breast cancer in 2021, aged 40. Thanks to 18 months of gruelling chemotherapy, mastectomy surgery, radiotherapy, and then further adjuvant chemo for good measure, I am now in remission. But I completely underestimated how difficult post-cancer life could be.

Chemotherapy caused my body to go into overnight menopause. This meant that the chemo side effects of fatigue, insomnia, brain fog and mood swings didn’t lift when treatment ended, since many of these are also menopausal symptoms. Not only that, but I now had early-onset osteoporosis in my spine, thanks to chemo and early menopause. Post-surgical complications included lymphoedema in my right hand (swelling caused by removing underarm lymph nodes, where they had also found cancer cells).

Besides the ongoing physical impact of treatment, I was also dealing with the psychological effects. Battered and scarred by treatment, my nervous system was on high alert, hyper-vigilant for signs of recurrence.

Just as my friends and family were expecting me to be happy and relieved, I was feeling worse than ever. People think that, when active treatment is over and the cancer is gone, then you can get “back to normal”. But, like many women, I learned that it’s unfortunately not so simple.

Earlier this year, I interviewed Amy about her experience of coping with ongoing issues such as early menopause (which she also experienced) after treatment.

“In a way, it might help that I’m a dancer, because I understand my body quite well,” she said. “And also because I’ve had Crohn’s disease since the age of 11, so I’m quite symptom and body-aware from that.”

She touched on something that is so important: learning to get back in tune with your body after treatment. So many women find that, after months of being jabbed with needles and pumped full of toxic drugs, they have disassociated from their own body. Many women find that a physical activity – whether dance, yoga or something else – can help them feel a bit more like themselves again.

As well as reconnecting with your body after treatment, another thing I’ve learnt is that it’s so important to be open about how you feel emotionally. It can actually be really difficult to let those close to you know that you’re struggling. There is a sense of not wanting to let loved-ones down, particularly when they are so keen to see you feeling better – but this can make the fear and anxiety worse because it’s being bottled up inside.

I found that the anxiety lifted when I was able to talk about it; first with a therapist, and then being able to explain to those closest to me that recovery is not a linear process. Some days I’ll be feeling energetic, optimistic and almost back to my old self. On other days, it’s much more of a struggle.

The same goes for returning to work after treatment. Putting on a brave face might feel like the only option in some situations, but most bosses and workplaces will be understanding that the after-effects of treatment might mean it will take time before you can be firing on all cylinders at work again. Some women even find that a breast cancer diagnosis makes them completely reevaluate their life, including their work, and leave their job or have a career change.

In Amy’s case, Strictly is her dream job, and always has been. So it’s great to see that BBC bosses are being sympathetic and accommodating about the fact that her health must come first. I know the rest of the nation is with me in hoping to see her back on the dance floor very soon.

Rosamund Dean is the author of Reconstruction: How to Rebuild Your Body, Mind and Life After a Breast Cancer Diagnosis",Rosamund Dean,"Breast Cancer, Cancer, Features, Lifestyle, Strictly Come Dancing, Subscribers, Wellbeing",2024-10-28,CONTROL_Polish_Womens_Strike_2020_2024,sustained,True,0,"In, The, To"
https://inews.co.uk/inews-lifestyle/travel/non-eu-tourists-pay-more-french-attractions-3348500,i,Why non-EU tourists could soon pay more at French attractions,"The mayor of Paris has said the idea of making religious people pay to worship at the Notre Dame is 'morally shocking'

British travellers could face another Brexit penalty if a plan backed by the French culture minister, Rachida Dati, goes ahead.

Non-EU citizens may soon have to pay extra to visit popular tourist attractions, as Ms Dati says such a move is necessary to “finance the renovation of the national heritage”.

Visitors who don’t hold an EU passport could be charged an extra €5 (around £4.17) to enter the Louvre in Paris, where the levy is set to be implemented first.

The standard adult entry price for the art museum is €22 (€18.30), which would increase to €27 for Britons under Ms Dati’s plan. Visitors who are under 18 and people aged 18-25 who are residents of the European Economic Area (the EU, Norway, Iceland, and Liechtenstein) can enter for free.

If the price rise for non-EU visitors does come into force at the Louvre, attractions such as the Palace of Versailles and the Musée D’Orsay could soon follow suit.

Ms Dati is also said to be considering an entry fee for Notre Dame Cathedral, which is set to reopen in December following 2019’s fire. If that goes ahead, it would be the first time in the building’s history that entry would not be free to all.

The Mayor of Paris Centre, Ariel Weil, immediately pushed back on her proposal, saying the idea of making religious people pay to worship is “morally shocking”.

It’s not yet clear whether or not the fee would apply to those who choose to pray at Notre Dame, however.

Regardless, Ms Dati told Le Figaro that her “position is very clear”.

“I want visitors from outside the EU to pay more for their entrance ticket and for this supplement to finance the renovation of the national heritage.”

“The French people should not have to pay for everything on their own.”

While her plans do seem to include all non-EU citizens, some have suggested that it’s a particular attack on British people. UK citizens visit France more than any other nation, making up some 14.8 per cent of visitors there annually.

In response, UK culture minister Chris Bryant posted on X criticising the plan and reiterating that entry to the UK’s national galleries and museums is “Free to all. You’re welcome”.

While Ms Dati’s proposal is controversial, it isn’t particularly unusual in many tourist hot spots around the world.

In Istanbul, foreign visitors to the Basilica Cistern pay four times as much as Turkish tourists. Other attractions in the city also have two-tier payment systems.

The Hagia Sophia Grand Mosque recently introduced a fee of 850 Turkish Lira (£19) for all foreign visitors as well as Turkish non-Muslims.

Elsewhere in Europe, some restaurateurs are allegedly being less up-front about their different charges for locals and tourists.

In Lisbon, the Expresso newspaper has suggested that some restaurants should give menus with higher prices to customers who don’t speak Portuguese.

Expresso’s report also claims that the lower prices for Portuguese speakers can be “transmitted verbally, in whispers or indicated on menus placed in inconspicuous or even hidden areas”.

Portugal’s AHRESP hospitality industry association has said it’s not aware of such practices.

Up the coast, Portugal‘s second city of Porto last month confirmed it will double its daily tourist charge in order to help fund its culture and heritage as well as practical aspects of daily life. Porto is following in the footsteps of the capital Lisbon, which has recently implemented the same tax increase for tourists.

And it’s not just Portugal.

Last week, authorities in Venice announced that this year’s pilot scheme to crack down on overtourism in the Italian city has worked well and will be extended.

In 2025, they will almost double the number of days – to 59 – on which day trippers will be charged €5 (€4.17) to enter.

Political leaders there bemoan the fact that these visitors, who tend to spend just a few hours in Venice, clog up its streets and attractions but add little to the economy.

Greece is taking a similar approach.

Its government has decided to charge cruise passengers visiting Santorini and Mykonos €20 (€16.60).

Both islands attract millions of foreign visitors every year, with Santorini alone receiving 1.3 million cruise passengers in 2023.

Authorities say the only option is to charge tourists who only visit briefly a high amount in order to combat increased traffic, busy streets and environmental damage.

In India, the Taj Mahal has long charged foreign visitors significantly more for entry than its own citizens. Overseas visitors pay the equivalent of £15 to visit, a far steeper figure than the £2.20 charged to residents.

In Tokyo, a two-tier payment system for residents and visitors is commonplace in restaurants.

There, overtourism and the struggling currency has seen a number of restaurants charging different prices for foreigners, although owners claim they’re not charging tourists more, rather their food costs less for locals.

This year, Japan is set to attract a record number of tourists. In response, places country-wide have been implementing tourist taxes.

Tourism authorities in Hokkaido have urged businesses to set lower prices for locals and the mayor responsible for the Unesco-listed Himeji Castle in the west has announced that he’s considering charging foreign tourists more than six times the local entry rate.

Further south in Asia, other countries are already implementing these stringent measures.

Thailand has a two-tier cost policy across its entire national park network.

Across the country, international visitors have to fork out five times the amount its citizens do, regardless of the size or popularity of the park they’re visiting.

Over the border in Cambodia, entrance to the Angkor Wat temple complex is free for citizens but costs the equivalent of £29 for a day’s entry for tourists from elsewhere.

More than two million foreign visitors opt to pay that fee every year.",Saskia O'Donoghue,"Brexit Travel, Europe Travel, France, France Travel, Overtourism, Paris",2024-10-28,CONTROL_Polish_Womens_Strike_2020_2024,sustained,True,0,"In, The, To"
https://inews.co.uk/news/dying-lung-disease-silicosis-kitchen-revamps-3346273,i,I'm dying from lung disease at 48 after working on kitchen revamps,"Marek Marzec has terminal silicosis after inhaling toxic dust while cutting engineered stone worktops

A stonemason with only weeks to live after contracting a deadly lung disease from cutting kitchen worktops for home revamps said he wants to warn of the dangers before he dies.

Marek Marzec, 48, is receiving end-of-life care in a London hospital after being diagnosed with silicosis in April this year.

The father-of-three from Poland is among a growing number of tradesmen diagnosed with the incurable disease after inhaling toxic dust while cutting quartz engineered – or artificial – stone worktops, which have soared in popularity among homeowners in recent years.

Mr Marzec, who spent 12 years in London and Hertfordshire cutting engineered stone slabs, described working in appalling conditions, surrounded by dust “like a tornado” so thick he couldn’t see more than a yard.

Speaking from his hospital bed, he said employers failed to provide adequate safety equipment, and when he asked for a dust extraction tool at one firm, he was told that he could leave if he wasn’t happy.

“They [the doctors] say I am on my way to death, but when it’s happening, no one can tell,” he told i from his bed in Whittington Hospital.

“There was a chance I could get a lung transplant, but now I hear that this option is really out. It’s a very difficult situation. I would give anything to continue on living.”

He arrived in the UK in 2011, hoping to build a better life and wanting to make sure his young daughters were financially secure.

“Instead, because of the work I did cutting quartz worktops, I have been left unable to breathe and in terrible pain,” he said.

“I cannot tell you how angry I am that I was allowed to work in these conditions and that my life has been cut short simply for doing my job.

“I am not the only person whose life has been put at risk by this lethal dust. It is time for urgent action to stop these dangerous working conditions I had to face before other stone workers contract this terrible disease and die.”

In February, i revealed that the first cases of silicosis had been diagnosed in engineered stone tradesmen in the UK, most of them young migrants working in poor conditions, echoing a trend seen in other countries. All of them are men.

i previously reported that confirmed cases in the UK have doubled in recent months, with 16 men now diagnosed, the youngest aged 24. One has died and two have been referred for lung transplant assessment.

A doctors’ report in August into the first eight cases, led by occupational lung disease consultant Dr Jo Feary from the Royal Brompton, found their average age was 34, and warned the numbers are set to rise significantly in coming years.

The doctors urged the Government to consider a ban on the stone.

Quartz worktops have become an increasingly popular choice for kitchen refurbishments, but the manmade stone contains high amounts of silica.

When the material is cut and large amounts of its dust inhaled, it can cause silicosis, an incurable lung disease that has afflicted workers in industries like mining or construction for decades.

Tradesmen cutting and polishing the countertops before installation have reported a lack of water suppression to dampen dust through ‘wet’ cutting in small workshops and inappropriate respiratory protection.

In July, Australia became the first country in the world to ban engineered stone after hundreds of stonemasons were diagnosed with silicosis, most aged under 35, according to a report by policy body Safe Work Australia.

Almost 200 cases have occurred in California since 2019, the majority being Latino migrants, of whom 13 died. There are also outbreaks in other countries, including Spain and Israel.

Mr Marzec and his lawyers at Leigh Day have now launched legal action against three companies he was employed by, where he alleges he was exposed to unsafe conditions that are likely to have led to his diagnosis.

“We just had masks, and there was no extractor at all. [The dust] was really like when you are in a tornado. You wouldn’t see anything a yard away from you,” he said.

“I asked my employer for an extractor, but he said no, and if you’re unhappy about no extractor here, you can just leave. But it’s not that simple. I have young kids to support.

“I know from a friend that in his workshop there was just one small machine, and in the workshop that I used to work in, the ceiling was just almost above me, while it really needs to be high up – at least three metres.

“So the whole room was really too small for this kind of work.”

While on holiday a year ago, he noticed he had symptoms when he went swimming and found he couldn’t cover the same distance as he usually would.

His breathing became more laboured, and on 20 April this year he was diagnosed with acute silicosis. He deteriorated rapidly and his condition is now terminal, with doctors telling him he has weeks to live.

“I want to speak out, because people are not aware of this problem,” Mr Marzec said in an interview with i and Channel 4 News.

“It’s very important for me to speak out, because this illness that I have fallen to – it’s just the beginning.

“I’m sure more and more people will fall ill with it, and unfortunately, it’s an incurable disease.

“Employers set up their companies, but they do not invest in the proper equipment, and what they eventually do is just waste away people’s lives.”

He had moved to the US in 1999 to work as a stonemason there, and recalls good treatment – no work with artificial stone and good safety measures.

Dr Johanna Feary, an occupational lung disease consultant, who is treating kitchen stone workers with silicosis at the Royal Brompton, said there are likely to be many more cases.

In July, i interviewed Malik Al-Khalil, 31, a Syrian refugee, who fled the war-torn country but contracted silicosis after five years cutting quartz in London workshops.

Several concerned artificial stone workers had been in touch with the hospital after i revealed earlier this month that case numbers have doubled.

“This is affecting a range of different patients. It’s not just one small community that’s affected,” Dr Feary said.

“There are likely to be many other patients who will come forward, or people with this disease will be identified in the coming months as public awareness grows.

“We’re really at the tip of the iceberg. I have no idea how many people work with this, and therefore it’s really difficult to put a number on it.

“But the numbers will absolutely increase. That’s what I am certain of.

“I would continue to encourage anyone who has worked with artificial stone and who is concerned about their health to contact us directly using details on our website, or speak to their GP, who can quickly refer them to us at the occupational lung disease service at Royal Brompton for further assessment.”

Ewan Tant, a lawyer for Leigh Day who is representing Mr Marzec, said other clients with silicosis have described similar working conditions, including ineffective masks, no airborne dust monitoring, improper health and safety checks, nor risk assessment.

“These are young men in the prime of their life developing this condition. I first saw Marek in July and since then, it’s been a rapid deterioration,” he said.

“By the time I saw him in July was unable to walk more than a few metres without taking a breath.

“If you look at what happened in California and Australia – where, I think, in a similar sort of timeframe, they had low figures five or six years ago, and are now, in the hundreds of cases – I think we should be concerned that we’re looking at a similar trajectory.”

The law firm wants better awareness of the dangers of engineered stone, improved protection for people working with quartz, as well as tougher regulation of its use, and a funding boost to the Health and Safety Executive to tackle employers with poor practices.",Joe Duggan,"Engineered stone, Silicosis, Subscribers",2024-10-28,CONTROL_Polish_Womens_Strike_2020_2024,sustained,True,0,"In, The, To"
https://inews.co.uk/news/home-office-headquarters-bedbugs-3348498,i,Bedbugs found in Home Office headquarters,"Pest control specialists have been treating the site for traces of the parasites, which they believe are being brought in from outside and 'transferred'

The Home Office headquarters in central London is contaminated with bedbugs but civil servants are still being told to use the building, i can reveal.

An investigation by the Government Property Agency (GPA) has found traces of bedbugs in furniture in a building on the Marsham Street complex, which is also home to the Ministry for Housing, Communities and Local Government.

An internal cross-departmental notice, seen by i, said tests from the GPA’s specialist pest control contractors had been carried out “across the campus”.

It stated there was a “further detection of bedbug traces in the Peel building”, suggesting the small insects have previously been found on the site.

The staff notice added that pest control has “sealed and moved affected furniture away as a precautionary measure” and will be carrying out “treatment of the area”.

It added that the parasites are believed to have been “brought in from outside and then transferred around the building”.

The Home Office said the GPA was continuing to monitor the situation but that “all buildings remain safe and open for use”.

Although most people have a mild reaction to the bites, which can be very itchy, others can suffer from a severe allergic reaction and painful swelling.

It is not clear how many traces of bedbugs have been detected or how many items of furniture have been contaminated.

Traces of bedbugs in Home Office furniture were first reported to be found in April but the department told staff that the issue had been resolved.

That came after an outbreak at the government offices in Canary Wharf, where officials from the Ministry of Justice and the UK Security Health Agency work. It led to civil servants being asked to work from home while treatment to eradicate the insects was carried out. This incident led to specially-trained dogs to identify bedbugs ahead of treatment procedures.

Last year, there were fears in London that bedbugs could spread through the capital after an outbreak in Paris where they were reported in schools, trains, hospitals and cinemas. But the UK has long had its own bedbug population and there is no way to know the source of any particular infestation.

Reports of infestations increase in late summer and autumn, which may be partly just because people tend to travel more in summer and then bring home the insects. In winter, bedbugs tend to go into a dormant state if exposed to cooler temperatures, and so cannot travel so well between buildings.

Bedbugs often live in furniture. At home they can live in clothes or sheets and are named after their habit of hiding out in beds, then emerging at night. Their bites leave itchy blotches, which appear red on white skin or purplish on darker skin tones. The bites will usually be on parts of the body that were exposed overnight, like the arms or face.

The insects can be hard to get rid of as they can survive by nestling deep into cracks in furniture.

A Home Office spokesperson said: “There is absolutely no evidence of an infestation on site. The building remains completely safe and open for use.”",Molly Blackall,"Bedbugs, Home Office",2024-10-28,CONTROL_Polish_Womens_Strike_2020_2024,sustained,True,0,"In, The, To"
https://inews.co.uk/news/landlord-capital-gain-tax-rise-budget-robbery-3341507,i,'I'm a landlord - capital gains tax rise in Budget would feel like robbery',"'It feels like the Government is picking on people who don’t get much support,' one landlord tells i

Landlords fear they will be forced to sell their properties to cope with the effects of the upcoming Budget if Rachel Reeves goes ahead with raising capital gains tax (CGT).

Earlier this month, it was revealed that the Chancellor is considering raising CGT as high as 39 per cent in the Budget in an effort to increase funds for public services.

The wealth tax is paid by about 350,000 UK taxpayers and is levied on the sale of assets including second homes and shares but at significantly lower rates than wages.

Property owners who make a profit that exceeds their taxable allowance when they sell a property they do not live in are among those who have to pay CGT.

The Prime Minister has suggested people who get their income from assets such as shares and property could be hit with tax rises in this week’s Budget.

Sir Keir Starmer told Sky News that these groups “wouldn’t come within my definition” of working people for whom he has promised not to raise taxes on.

Ahead of the expected changes, some landlords have started selling their rental properties to avoid being hit by a potential increase. An increasing amount of landlords have switched to owning their rental properties as a rental company.

More than 5,000 limited companies were created in Great Britain in September to hold buy-to-let property, a 28 per cent increase year on year, according to research released by Hamptons this month.

Kerry Pace, 61, is an accidental landlord because she has been unable to sell her flat in Sanderstead, south London, after it was discovered to have unsafe cladding and failed its fire safety checks.

Ms Pace told i that she and her husband had planned to buy a new flat in Croydon, south London, that was more suited to their needs, but have been unable to sell their flat for over four years.

“We had no idea at the time that this wouldn’t be resolved quickly – nobody had heard about the cladding issue,” she said. “We thought it would be resolved quickly and, in a few months, we’d be able to sell the flat.”

Ms Pace had already started purchasing her new property in Croydon, so proceeded with the payment by raising money against another property she owns in the area, which she has had for over 20 years.

“That now has a massive mortgage on it and that will be affected by capital gains,” she added.

Ms Pace said she would have sold her Sanderstead flat were it not for its unsafe cladding, and would have also sold the property she has owned for over 20 years were it not for the high CGT she would have to pay.

Keeping both properties meant Ms Pace had to get a mortgage, while her husband cashed in his pension, so they could raise the funds needed to purchase their new Croydon flat.

Commenting on the potential rise of CGT after the Budget, Ms Pace told i: “The whole thing is just robbery. It’s really excessive and I don’t think anybody should pay almost 40 per cent on their capital gains.

“If you buy a property, you’ve invested an awful lot of money into that property and it’s an unnecessarily huge amount of tax. Especially when the situation is out of your control – that makes it doubly unfair.

“It all just feels very personal. People have this perception that landlords have a lot of money lying around. It feels like the Government is picking on people who don’t get much support. They think it’s an easy win.

“Before I came down here, my last job was working in a Jobcentre. I’ve done any job under the sun. I’ve worked all my life. To have the rug pulled out of you this late in life is just gross.”

Jack Malnick, a property expert with 20 years’ experience and founder of SellHouseFast.co.uk, told i the pressure is mounting for landlords, due to anticipated reforms in areas like CGT and inheritance tax relief.

He added that the selling market is seeing particular surges from landlords or second home owners looking to shed assets from their property portfolios.

Mr Malnick said: “Some are already starting to sell off properties, with a 10-year high in buy-to-let sales reported in areas like London. This could lead to a rush of landlords exiting the market by early 2025, causing a surge in property listings as they aim to avoid higher tax burdens.

“There is a 100 per cent increase into SellHouseFast.co.uk and the fast sale market in general. We are seeing record percentages of homes for sale on the open market as well – Rightmove saw 18 per cent of homes in September had previously been rented out vs 8 per cent the year before at the same time.”

Susan Turner, 76, from Cranbrook near Exeter, became a landlord after inheriting properties from her father.

Ms Turner sold one of the properties following divorce and bought a bungalow with a £5,000 mortgage which she paid off within two years.

Ms Turner, who is an independent salesperson for health food and cosmetics company Forever Living, said she is only able to shield herself from the impact of government cuts and tax rises as she is still working.

“There’s very few people that can decide to walk out of the divorce, move into a bed-sit, and look for house of their own,” she said.

Ms Turner has not decided to sell her second home at this time but she is considering making plans to shield herself or her relatives from a rise in CGT.

Her rental property, a one-bed flat, is located near Exeter, within walking distance of the city centre. She charges £750 a month for rent.

“It commands good rent,” Ms Turner said, who has been renting out the property for around 25-30 years. She said changes around CGT would not prompt her to sell immediately but she is looking into her options.

“It probably doesn’t change what I’ll do with the property, but it changes my thoughts about what I need to do,” she said.

“I’m thinking I do need to do something fairly wisely, sooner rather later, and instead of just avoiding the issue, I need to address it.”

The action Ms Turner is considering is transferring the properties into her relatives’ names or switching to joint ownership. An estate does not have to pay any CGT on the property or assets that weren’t sold before the person who owned them died.

But if a property is sold during probate and its value has risen since the person died, there is usually CGT to pay.

Ms Turner is also concerned that landlords are being increasingly targeted by Government polices.

She said: “I find with my rental property, it always seems to be more and more emphasis is put on the people in it – I think, that it’s very difficult for us, as landlords, to have any rights over it.

“I agree that the state of some properties that landlords put tenants into is absolutely atrocious, and I would never want to put an animal in some of them. So I think there needs to be some sort of regulation as to it needs to be a certain standard.”",Alannah Francis,"Budget, Home Ownership, Housing Market, Landlords, Property, Renting",2024-10-28,CONTROL_Polish_Womens_Strike_2020_2024,sustained,True,8,"Homeless, Landlord, Shelters"
https://inews.co.uk/news/man-dies-in-detention-at-immigration-removal-centre-near-gatwick-3349478,i,Man dies in detention at immigration removal centre near Gatwick,"Gatwick Detainees Welfare Group said 'no one should take their last breath' at the centre

A man has died in detention at Brook House immigration removal centre near Gatwick Airport, security company Serco has confirmed.

The company, which manages and operates the detention centre in West Sussex, said a 26-year-old man died on Sunday.

The Home Office said their condolences are with the man’s family and friends.

A spokesperson for the detention centre said: “We can confirm the death of a 26-year-old man at Brook House yesterday.”

It comes almost a year after a 37-year-old Albanian man died after attempting suicide in November 2023 while he was being detained at Brook House.

A public inquiry into the detention centre concluded migrants had been subjected to abuse.

The inquiry found there had been 19 incidents of mistreatment against detainees over a five-month period in 2017.

The government has been criticised over its reaction to the inquiry, with chairwoman Kate Eves – appointed by the then-Conservative government to lead the probe – calling in September for a “reset” on an “inadequate” government response to her recommendations.

The Gatwick Detainees Welfare Group, which supports detainees at Brook House, said “no one should take their last breath” at the centre.

Paying tribute to the man who died, the charity said on X: “On the death of a man in detention yesterday we send heartfelt condolences to his family, friends and everyone who knew and loved him.

“Brook House is prison architecture and no-one should take their last breath there. We mourn that a young man died before he could be free.”

Steve Valdez-Symonds, Amnesty International UK’s refugee and migrant rights director, said: “We despair at reports that yet another person has died in the Brook House detention centre. Our hearts go out to his family, friends and the fellow detainees affected by this tragedy too.

“Brook House has gained notoriety for violence, racism and abuse. What part this may have in this man’s death we do not yet know, but these degradations derive from a wider failure to make a system respect human dignity and rights.

“Tragic incidents such as this emphasise why the Government must bring humanity to the immigration system as much as any other policy area – people’s lives depend on it.”

Medical Justice, which works with vulnerable people in immigration detention, called immigration removal centres (IRCs) “dangerous”.

The charity made reference to Frank Ospina who died last March while he was being detained at Colnbrook immigration removal centre, in West Drayton, Middlesex, pending his removal to Colombia.

An jury at an inquest into his death found that he had died by suicide.

Medical Justice said: “Brook House Inquiry found clinical safeguards in detention to be “dysfunctional” and the systemic failures are ongoing.

“Just a matter of days ago, in response to the inquest into the suicide in immigration detention of Frank Ospina following a catalogue of failings in his care, the Home Office claimed that it has taken a number of actions to improve the safeguards for individuals in detention.

“Medical Justice has little confidence this is the case as we have seen no improvement in safety in detention following many such assurances over the years.”",Jacqui Housden,"Gatwick Airport, Immigration, Serco",2024-10-28,CONTROL_Polish_Womens_Strike_2020_2024,sustained,True,0,"In, The, To"
https://inews.co.uk/news/my-day-in-the-most-pro-trump-town-in-america-3347512,i,My day in the most pro-Trump town in America,"Donald Trump won around 96 per cent of the vote in Miami, Texas. Molly Blackall finds a tight-knit town - and a surge in conspiracy theories

MIAMI, TEXAS – Pronounced Mi-ah-muh by locals, this Miami is a town with more churches than supermarkets, restaurants or hotels.

Located in the Texas Panhandle and surrounded by ranchland, there are only around 700 registered voters and many have lived here all their lives.

Before the last presidential election, it was best known for being home of the national cow-calling contest. But in 2020, it shot to fame when election results revealed it was the most pro-Trump place in America.

More than 96 per cent of voters in Roberts County – of which Miami is the only town – backed Donald Trump – and just 17 ballots were cast for Joe Biden.

It is also one of the more politically engaged communities: turnout stood at more than 80 per cent, significantly higher than the national average of 67.

Over the past four years, Miami has been inundated with reporters from the national and international press – something that has made many locals tire ofthe attention. After pulling up at the junction around which most of the town sits, I approach ten or 15 people for comment who all say a polite no.

I head to the Roberts County museum, an eclectic mixture of town history mostly donated by locals.

Among the wedding dresses and stuffed animals is a commemoration of a darker part of Miami’s past: a charter marking the creation of the town’s branch of the Ku Klux Klan in 1922, when the white supremacist terror group boasted around four million members across the US.

Even today, the lack of diversity in the town is noticeable. There are a handful of Hispanic families but no Black or Asian residents, according to locals.

Upstairs in the museum, a group of elderly women are quilting and agree to let me sit with them. One criticises President Biden for the rising cost of groceries and petrol and expresses concern about the impact of a shift towards net zero in area dependent on the oil industry.

But the overwhelming issue attracting her to Donald Trump is immigration. It is an issue the former president has made central to the US election, as he seeks to paint Kamala Harris as untrustworthy on border security.

Trump has claimed the US has become a “garbage can for the world”, baselessly alleged that Haitian migrants were eating household pets in Ohio, and said that migrants are bringing in “bad genes” and “poisoning the blood of our country”.

It is clear that this anti-migrant rhetoric is striking a chord in communities like Miami.

“A lot of these people that’s come across, they’re not desirable people,” she adds. “It’s not people you want in your community. They’re drug lords and that kind of stuff. Cartels.”

Downstairs at the museum we meet Rick Tennat, a retired county judge who was born in Roberts County in 1953 and now owns a tyre shop in the town. He also says immigration one of the issues driving him towards the Republican Party.

Residents in Miami are still feeling the bite of the high cost of living, he says, and believe “Bidenomics” have not worked. “My taxes are high, groceries cost me almost twice what they did four years ago. I mean, this is ridiculous,” he adds.

Religion is at the core of Miami’s community. Despite its tiny population, there are three churches just minute’s walk apart.

Rachael Davis, 43, moved to the town three-and-a-half years ago with her family. Her husband is the pastor at the first Baptist Church. She stops briefly as she posts a letter nearby and I ask about the election.

“For us it’s not about politics, it’s about winning souls for Christ,” she says.

At the neighbouring church, 66-year-old David Bean is walking up the steps with his wife Amy and their dog, Milly. He welcomes us into the church and out of the baking heat.

A former military man now working in aviation, Mr Bean describes the community as “tight-knit”, “safe” and “salt of the earth”. The town’s residents make it “a priority to vote, because that’s the only thing we’re in control of.”

“I like President Trump because our foes probably think he’s a little bit unpredictable, and so they’re at bay,” he says.

Mr Bean believes Russia – which he calls the Soviet Union – would not have invaded Ukraine if Trump was still in power, nor would the Israel-Hamas war have escalated to such heights.

But he isn’t without his criticisms of the former president: he has been disappointed by Trump’s criminal convictions since the last election.

“What’s kind of disappointing to me is that America takes a lot of this stuff in stride. It came from Bill Clinton and everything. People have proven their misbehaviour, and they turned the other cheek,” he says. “I don’t condone what he did, and by any means, but use the old phrase, ‘lesser of two evils’.”

I ask if the identities of the town’s handful of Democrats are an open secret. “We all know and we disagree with each other, but we don’t talk a lot about politics,” he says. “But I want to hear all sides. Nobody’s picking up or stepping on anybody’s signs. People are acting like adults”.

As the evening draws in, Mr Tennat from the museum invites me to join him and his friends for a dominoes game at his tyre shop on the edge of town. The group gather here almost every day.

John Locke, a 55-year-old businessman, lives in the neighbouring town of Pampa but has land in Miami and comes to the tyre shop most days. He tells us that locals want to lead lives based on conservative values: “We believe in the Bible, morals and values, Jesus Christ, guns and all kinds of stuff.”

But as they swat at flies and drink beer, conversation turns dark.

I ask Joe Lunsford, a 72-year-old rancher who has lived in the town all his life, why the town is the most Republican in the US. “Because we’re good people. We don’t have no coloured people,” he says.

Mr Lunsford goes on to describe Nancy Pelosi, the Democrat Speaker of the House of Representatives and hate figure for the far right, as a “bitch” who “should have been run out” of Congress, and calls for term limits for older politicians like her.

Mr Locke believes that the Capitol attack was an “inside job”.

“It’s out there. You just got to go find it. That’s the problem – the media is run by the Democrats. They’re both in bed together,” he says.

I am not run by the Democrats, I point out.

“Well, our media at least,” he says. “You have to go find the truth, because they don’t give you the truth. It’s hard for me to explain it to y’all, because y’all have no clue. You can go listen to these talk shows and podcasts, read, explore and dig and research about what they’re talking about, and you can find that the government is nothing but a big cabal. It’s a big cover up. Republicans, Democrats, it’s all lies.”

As the conversation progresses, more conspiracy theories creep in.

“They’re not Democrats anymore. They’re trying to get us to where they can rule us and take everything and turn it into socialism, and socialism becomes communism. They’ve been in bed with the Chinese, the Russians and the Middle Easterns the past 70 years,” he says.

It is clear Mr Locke has a fundamental distrust of politicians, claiming they are “funnelling foreign aid back into their coffers” and suggesting Barack Obama was corrupt because his net worth increased sharply after being US president.

It is precisely this that he likes about Trump: “He’s never been in politics before, he’s been a businessman. He made our economy great for four years, he tried to drain the swamp. That’s why they’re so against him, because he figured them out.”

The businessman also repeats regular Trump attack lines about migrants: “Venezuela’s crimes went down; they brought them all over here. They emptied their prisons. They’ve emptied their insane asylums.”

The Venezuelan Observatory of Violence, an independent organisation tracking violence in the country, and FactCheck.org have said they have “no evidence” that this is true.

He then turns to the UK’s own debate around immigration. “Y’all are getting invaded over there right now by all kinds of people, and it’s not too happy,” he says in apparent reference to small boat arrivals. “They’re not too happy are they?”

I try to move the conversation on. “No, that’s a question,” he snaps. “All this stuff is simple. But the problem is, these people try to make it so complicated and throw shade over here and say, pay attention to that.

“We’re heading for another revolution. If the Democrats find a way to lie, steal and cheat again, there’s going to be a confrontation.”

The sun is dimming over the tyre shop and tension is mounting, so I make my exit.

It is clear that in some parts of the town, conspiracy theory has taken hold, and it is difficult to imagine anything which might shake these men’s beliefs.

If Christianity is the most powerful force in Miami, Trumpism might be the second.",Molly Blackall,"Donald Trump, Kamala Harris, Texas, US Election",2024-10-28,CONTROL_Polish_Womens_Strike_2020_2024,sustained,True,0,"In, The, To"
https://inews.co.uk/news/why-clocks-change-uk-3347974,i,"Why do the clocks change? Reason the UK has daylight saving time, explained","On Sunday morning daylight saving time (DST) meant the clocks went back one hour at 2.00am.

With many mourning the loss of long, light summer evenings you might think an extra hour of sleep would soften the blow of the incoming winter.

On Sunday morning daylight saving time (DST) meant the clocks went back one hour at 2.00am.

Each year in the UK, clocks go forward an hour in the March to British Summer Time (BST) and then back an hour in October to Greenwich Mean Time (GMT).

It means sunset will be around one hour earlier and sunrise one hour earlier but the days will continue to get shorter as we head towards the winter solstice.

Although most digital devices now adjust to the time change automatically, any old grandfather clocks will need to be manually turned back to keep you on time.

Now a controversial tradition, DST polarises the nation twice a year with many asking if this outdated system serves the few over the many.

Here is the history of DST, and when the clocks next change, explained.

Contrary to common belief, DST was not implemented for the benefit of farmers, and agriculturalists in fact lobbied against the change when it was first brought in.

In fact, farmers were against DST because caused them to lose valuable morning light and disrupted milking times and impacted both their and their livestock’s health due to enforcing changes in both’s natural rhythms.

US founding father, Benjamin Franklin first proposed the idea of using daylight saving time in a letter he wrote when in Paris in 1784.

But it was not until 1916 when the idea was fully realised. Englishman William Willett, an ancestor of Coldplay’s lead singer Chris Martin, campaigned in 1907 to advance clocks in spring to take advantage of the early daylight and turn them back in the autumn.

Then during the First World War, Germany turned the clocks forward to reduce energy costs and many other European nations followed suit.

Then the Summer Time Act was passed in the UK decreeing that for a certain period during the year legal time should be one hour in advance of GMT.

Daylight saving or summer time is seen as a means to make the most of increased summer daylight hours in the northern hemisphere.

It is argued the change to daylight saving time reduces energy consumption, provides longer evenings for leisure and outdoor exercise and reduces road accidents.

The counterargument is that changing the clocks creates darker mornings, and impacts people’s routines in an age where artificial light is now commonplace.

Although the changeover always happens at a weekend to be least disruptive for schools and businesses, many want the system to stop altogether.

In 2025, the hour changes will take place on Sunday 30 March when clocks will go forward and Sunday 26 October when clocks will go back.

Before 30 October, the clocks last went forward an hour at 1am on the 31 March of this year bringing us into BST, sometimes known as Daylight Saving Time as there is more daylight in the evening and less in the morning.",Emilia Randall,"Clocks, Explainer, Time, Uk",2024-10-28,CONTROL_Polish_Womens_Strike_2020_2024,sustained,True,0,"In, The, To"
https://inews.co.uk/news/world/israel-bans-palestinian-refugee-agency-unrwa-3349400,i,Israel bans Palestinian refugee agency UNRWA,"The head of the agency said the move 'will only deepen the suffering Palestinians'

Israel’s parliament has passed two laws that could prevent the UN agency for Palestinian refugees from operating in the country, putting the flow of vital aid into Gaza at risk.

The laws ban the UN Relief and Works Agency (UNRWA) from operating in Israel, designate it a terror organisation, and cut all ties between the agency and the Israeli government.

Banning UNRWA from operating on Israeli soil would effectively bar it from working in Gaza or the West Bank, as access to both is controlled by Israel.

The agency is the major distributor of aid in Gaza and provides education, health and other basic services to millions of Palestinian refugees across the region.

United Nations Secretary General Antonio Guterres said banning it could have “devastating consequences” and added he would bring the matter before the UN General Assembly.

The head of UNRWA, Commissioner General Philippe Lazzarini, called the move “unprecedented” and said the bills “will only deepen the suffering Palestinians, especially in Gaza where people have been going through more than a year of sheer hell.”

Israeli Prime Minister Benjamin Netanyahu said UNRWA workers must be held accountable for what he called their “terrorist activities” against the country.

Israel has claimed that hundreds of UNRWA workers are members of Hamas, accusing more than a dozen of participating in the 7 October 2023 attack. The agency, which has 30,000 employees, immediately fired nine staff accused of involvement.

Mr Netanyahu added: “Since avoiding a humanitarian crisis is also essential, sustained humanitarian aid must remain available in Gaza now and in the future.

“In the 90 days before this legislation takes effect – and after – we stand ready to work with our international partners to ensure Israel continues to facilitate humanitarian aid to civilians in Gaza in a way that does not threaten Israel’s security.”

The first vote passed 92-10 and followed a fiery debate between supporters of the law and its opponents, mostly members of Arab parliamentary parties. The second law was approved 87-9.

The bills would come into effect 60 to 90 days after Israel’s foreign ministry notifies the UN, according to the spokesman for politician Dan Illouz, a co-sponsor of one of the bills.

The legislation risks severely affecting the delivery of humanitarian aid into Gaza, where more than 1.9 million Palestinians are displaced from their homes, facing widespread shortages of food, water and medicine.

Hundreds of thousands live in tent camps and schools-turned-shelters, mostly run by UNRWA. Experts say hunger is rampant.

Israel’s military campaign in Gaza since 7 October has killed more than 43,000 Palestinians.

UK Prime Minister Sir Keir Starmer said Israel must ensure UNRWA can continue operating in Gaza and deliver its “essential work”.

In a statement on Monday evening, he said: “This legislation risks making UNRWA’s essential work for Palestinians impossible, jeopardising the entire international humanitarian response in Gaza and delivery of essential health and education services in the West Bank.”

US state department spokesman Matthew Miller, speaking to reporters in Washington, said the administration was “deeply concerned” by the legislation.

“There’s nobody that can replace them right now in the middle of the crisis,” he said.

The laws mark the culmination of a long-running campaign against UNRWA, which Israel has accused of harbouring Hamas militants.

UNRWA says it thoroughly investigates any allegations of wrongdoing and holds staff accountable, and that it provides lists of all of its staff to Israel and host countries.

It says Israel has largely ignored its requests to provide evidence for its claims against staffers.

Israel has repeatedly struck UN schools-turned-shelters, claiming Hamas fighters operate inside them.

It also says it has uncovered tunnels running near or under UNRWA facilities.

UNRWA has long been the biggest single employer in Gaza, where the population has been impoverished by years of Israeli and Egyptian blockade.

Hamas has ruled the territory since 2007, and it has civilian political operations alongside its armed wing.

The militant wings of Hamas and other groups are highly secretive, their members virtually unknown outside of intelligence agencies. That complicates efforts by civilian organisations to vet employees.

Fatah Sharif, an UNRWA teacher in southern Lebanon, was killed last month along with his family in an Israeli airstrike.

It then emerged that he was a senior Hamas commander, something he had kept secret.

Mr Lazzarini, UNRWA’s head, said Mr Sharif was suspended without pay in March after the agency learned he belonged to Hamas’s political party, and that an investigation had been launched. He said he did not know Mr Sharif was a militant commander until after his death.",Euan O'Byrne Mulligan,"Gaza, Israel, UN",2024-10-28,CONTROL_Polish_Womens_Strike_2020_2024,sustained,True,0,"In, The, To"
https://inews.co.uk/news/world/lebanon-airline-dodges-bombs-beirut-flights-3346312,i,Lebanon's 'badass' airline dodges bombs to provide last regular Beirut flights,"As bombs fall only streets away from Beirut's airport, Middle East Airlines has become a symbol of national pride and resilience

As Israel has escalated air strikes against Lebanon, bombs have fallen steadily closer to Beirut’s Rafic Hariri airport, forcing airlines to pull out one by one.

However, there is one notable exception: Middle East Airlines (MEA). Lebanon’s national carrier is the last to operate something like a regular schedule in and out of the country, providing a lifeline for the beleaguered population.

Images of its planes taking off and landing through the smoke of bomb blasts in the capital have gone viral, prompting fears for passenger safety, praise for the pilots’ courage, and pride in a symbol of the country struggling through the chaos.

“Badass Middle East Airlines continue landing despite heavy Israeli bombardment around the airport,” Maha Yahya, director of the Carnegie Middle East Centre, wrote on social media last week.

“MEA…is often rightly criticised for everything from corruption to subpar service but at the moment, as the only airline flying in and out of Beirut, it also encapsulates the spirit of a people,” observed Lebanese journalist Rania Abouzeid.

Preston Clarke, an American citizen who flew out of Beirut on an MEA flight during recent weeks of bombardment, told i: “It’s a model of the Lebanese spirit of resilience, what they are doing. I think they’re courageous. They stayed by their post as it were. They were doing their job through it all.”

With air strikes on areas visibly close to the airport, the sight of planes taking off and landing is unnerving. But a senior executive at the airline told i that even during the war, popular fears of threats to MEA’s planes or the airport were overblown.

“People like to exaggerate,” said Captain Mohammed Aziz, adviser to MEA chairman Mohamad el-Hout. “We have assurances from major players that they will not approach the airport, they will not approach an aircraft in flight and this is what makes us really take off and land in such a situation.”

And yet the airline is undoubtedly operating in a high-risk environment. Mr Clarke said it was palpable how close the danger was while he was waiting for his flight.

“We got to the gate and that’s when we could really start hearing explosions… The ground was shaking. Explosions were happening right there by the airport.

“Every 30 seconds, minute, two minutes, you’d hear an explosion or a couple together. But it was muffled, it was like in the distance. We knew it was only a few kilometres away at most.”

Eric Schouten, founder and CEO of the security intelligence organisation Dyami, said that while he wouldn’t advise Western airlines to fly to Lebanon right now, MEA was likely taking mitigating actions to continue flying.

“They need to have a different risk appetite than a Western airline. Which is not per se, bad,” he said.

“It’s not in the interest of Israel to shoot down an airliner. And who is in control of the airspace basically, that’s Israel… If they are in touch, [MEA] can put that in their risk assessments.”

Mr Aziz said that MEA did not hear from Israel directly, but rather from interlocutors like the US, UK and France. Likewise with Hezbollah, he said the Lebanese government was a vital source of information. Regular interactions like these allow the airline to continue operating flights.

“Any time they have any news, any change, they will immediately advise us and we do a daily risk assessment. We evaluate what happened, where the strikes were, how far they were, what the impact of the operation was,” he said.

But Mr Aziz is keen to stress that the airline does not take off and land while air strikes are taking place.

“Aircraft cannot fly through smoke… The attacks in Lebanon are to the east of the airport and most of the wind in Lebanon is westerly wind, so rarely do we have smoke over the airport.

“Either the strike would have taken place before we land or they will strike after we land.”

The airline also needs staff who are able to stomach a higher risk of travelling to and from the airport. While some of MEA’s employees have fled to the mountains or abroad, Mr Aziz said most of the workforce remained in place.

“It’s a very small percentage, about 3 or 4 per cent, of the ground crew. The flight crew is flying daily… If there is fear, they do not fly. The staff trust the self assessment that we do. They feel pride in what they are doing. I cannot call them heroes – we don’t want heroes. We want professional people taking calculated risk.”

Some Lebanese have expressed anger at the prices that MEA has charged in recent weeks for its flights out the country. Reports of flight costs reaching thousands of dollars have been a regular complaint for foreign nationals to their embassies, who have repeatedly asked citizens to leave via commercial options. But Mr Aziz said the airline was making significant losses just to keep operating.

“There is no way you can make money when you have 20 per cent of your fleet sitting outside.”

The airline has been situating some of its planes outside the country, incurring parking fees in cities like Cairo in Egypt, Istanbul in Turkey, Larnaca in Cyprus and Amman in Jordan, in order to maintain the vital insurance it needs to keep operating. While flights out of Lebanon are departing full, flights into the country are arriving mostly empty, sustaining additional losses.

“But we feel we have a duty as Middle East Airlines to maintain this link between Lebanon and the outside world,” Mr Aziz said.

And for those who have relied on the airline in recent weeks and months to get out, it has been a source of comfort.

“They were heroes. We thanked them and the attendants profusely,” said Jonathan Hastings, who flew out with his family in October. Mr Clarke and his family feel similarly.

“They apologised for the simpler refreshments on board than the usual fare. They said it was because of the security circumstances. That really moved me. I just thought, wow, these guys are working through impossible circumstances,” Mr Clarke said.

“They carried on their duty through really difficult, harrowing circumstances. So, it’s admirable and we’re grateful to them.”",Rami Abukalam,"Air Travel, Airlines, Beirut, Hezbollah, Israel, Lebanon",2024-10-28,CONTROL_Polish_Womens_Strike_2020_2024,sustained,True,0,"In, The, To"
https://inews.co.uk/opinion/donald-trump-derailed-own-campaign-us-election-3347869,i,Donald Trump might have just derailed his own campaign,"What a night in New York City. A night that will go down in American political history: as a parade that spoke of confidence in the days before a crushing victory, or a hubristic misstep which derailed that victory.

The Wall Street Journal called Donald Trump’s Madison Square Garden jamboree on Sunday night, “part rock show, part revival; at once dark and grievance-laden yet often comedic and epically long”.

It was a fair summary of an event that was pure Trump. There was indeed plenty of darkness. A comedian who warmed up the crowd described Puerto Rico as an “island of garbage”. Grant Cardone, a businessman, said Vice-President Kamala Harris and “her pimp handlers will destroy our country”, a characterisation archly described in The Washington Post as “a metaphor that casts the Democratic presidential nominee as a prostitute”.

For good measure David Rem, a childhood friend of Trump, called Harris “the devil” and “the Antichrist”.

And then the Donald took to the stage calling the election next week “liberation day” from what he described as an occupation by invading migrants.

It was all very confident. In style – though obviously not substance – it reminded some British viewers of a highly caffeinated version of Labour’s Sheffield rally in 1992.

That rally – of which Trump and most Americans will be blissfully unaware – was in the run up to the 1992 election in the English city of Sheffield, in which Neil Kinnock and his deputy Roy Hattersley seemed to get ahead of their skies when it came to winning the general election which was a week away. It has been credited (probably unfairly) with destroying a polling lead and ending Kinnock’s chances of getting into No 10. Whatever the truth of the impact on the poll it certainly did Kinnock no favours.

Has Trump similarly bombed? There is certainly a case to be made that this was a reckless piece of political theatre. The Puerto Rico comments in particular seem as unwise as they were unpleasant: the key swing state of Pennsylvania has one of the biggest Puerto Rican communities of any state in the union. There are more than 615,000 eligible Latino voters in the state, according to the independent Pew Research Centre and roughly half of them are Puerto Rican. The poll in Pennsylvania could be settled by just tens of thousands of votes on either side and the candidate who wins the 19 electoral college votes there is highly likely to win the election.

So it was not long before the Trump team were doing something they very seldom do: apologising.

“This joke does not reflect the views of president Trump,” Danielle Alvarez, a senior adviser to the campaign, said in a statement.

Republican Senator Rick Scott of Florida, which is home to the largest population of Puerto Ricans in the United States mainland, went further: “This joke bombed for a reason. It’s not funny and it’s not true,” the senator and former Florida governor posted on X. Scott is up for re-election and did not approve of his potential supporters being treated in this way.

The problem for the Democrats is that the perceived recklessness and darkness of the rally may have been blocked out of many minds by the pro-Trump advertising campaign that has been widely regarded as disciplined and focused and totally un-Trump like. These advertisements do not make big news stories, but they are seen by huge numbers of Americans watching football games on TV or looking at clips on social media.

One in particular stays in the mind. It focuses on the faces – multiracial and not angry looking – of men. The commentary says, “Let’s get one thing crystal clear: the vast majority of American men have no issue with electing a female president”.

But it goes on to talk of Harris’s time as attorney general of California and the efforts she made to prosecute the parents of people who allowed their children to skip school. They have clips of her talking proudly of her “tough on crime” policy. Some with her giggling. And clips of the parents who suffered as a result including a black woman who says she was arrested because her handicapped daughter missed some days of school. It is gut-wrenching – whatever the rights and wrongs of a long-forgotten policy, it portrays Harris as unpleasant and hypocritical. It hits home.

And here is the thing: Donald Trump probably hasn’t even seen it. The truancy ad has been paid for by people outside his campaign, a group called Make America Healthy Again. These are the so called “super PACs” – political action committees that have unlimited spending potential and are usually funded by backers who want to pack a punch but stay out of the limelight.

Along with the advertisements the candidate himself has had the wisdom to appear in non-shouty environments, in particular podcasts where he talk at length but without seeming too aggressive. The best of these appearance was on the hugely popular Joe Rogan show – in which he talked among other things about UFOs, his excellent health and what he said behind the scenes to various world leaders. It was cosy Trump.

Who will win this battle for hearts and minds: Trump or Trump. The man himself at his set piece public appearances, ill-disciplined and self-aggrandising, versus his own wealthy backers, who keep in the shadows and use rapiers not bludgeons to make the case for the former president and his team who set up the meetings where he can look approachable and human.

Do people look at the Madison Square Garden event and recoil, or do they look at the advertising and the podcasts and feel that Trump is a better bet, against a woman who is untrustworthy? I guess we shall find out next week.

Justin Webb presents the Americast podcast on BBC Sounds",Justin Webb,"Donald Trump, Subscribers, US Election, US Politics, USA",2024-10-28,CONTROL_Polish_Womens_Strike_2020_2024,sustained,True,0,"In, The, To"
https://inews.co.uk/opinion/jeremy-clarkson-proves-ultimately-choose-long-life-over-hedonism-3348606,i,"Jeremy Clarkson proves that, ultimately, we all choose a long life over hedonism","Jeremy Clarkson could never be accused of “optimism bias”, today’s polite term for lying to your doctor about how much you drink or smoke. When Clarkson’s doctor asked him about his alcohol intake, he freely admitted he would drink “three or four pints” a day. Pause. “Of wine,” he’d add, presumably with a dramatic flourish. I have been in his company enough times to confirm that this was a realistic estimate.

During Covid, he joked he feared being reported to the authorities for having hosted a number of illegal parties at his house. No, he’d have to say. The vast number of empty bottles carted away by the recycling lorry had merely been for personal use.

Such a regime would inevitably take its toll, and so it was that, as Clarkson himself said, “the grim reaper poked his nose round the door” recently, and what appeared to we onlookers as a modern miracle – how could a man drink so much, eat so unhealthily and work so hard have so much energy and life force? – turned out to be something of a mirage.

After a series of wobbles that would put any of us on red alert – mobility issues, chest pains, pins and needles in his arms – Clarkson went for tests, and was discovered to have seriously compromised arteries, his mortality most definitely in question. And so he finds himself on a health regime that precludes alcohol, meat, chocolate, and indeed anything for which a sybarite like him might live.

He now complains that kale is “like eating the contents of a AAA battery” and that Greek yoghurt is like “the cheese found in a homeless person’s ­genitals”, but here’s the interesting bit. He doesn’t regret an iota of the erstwhile excess that has got him to this point, using a Top Gear metaphor to explain his philosophy on life: you put your foot to the boards “until you run out of fuel”. Then you buy a “Tesla Lib Dem lifestyle. When you no longer have a choice”.

I’m not sure how socially acceptable Clarkson’s manifesto for living is. Isn’t it an individual’s responsibility not to burden the NHS with their own predilection for reckless consumption? This idea may be dismissed as woke nonsense, and, in an increasingly atomised society, it’s a proposition that probably won’t get much purchase. Forget all that “Protect the NHS” stuff we were told. And the nanny state can bugger off. I’ve got a bottle of rosé to finish.

One of my old friends used to say, while raising a large Johnnie Walker: “A short life, but a happy one.” His life was, sadly, cut short, but he always gave the impression of being happy throughout it.

Times have changed, however, and establishing the balance between longevity and fulfilment is one which now occupies the thoughts of most people over, say, 60 years old.

As far as it relates to the 64-year-old Clarkson, this dichotomy can be expressed thus: what’s the point of living longer if it means you can’t do any of the things that give you pleasure? But, faced with this invidious choice, even Clarkson himself said: “I decided that, actually, I quite fancied living a little bit longer.” Most of us would come to the same conclusion.

And that’s partly why Ozempic is the most sought-after drug in the world. It’s effectively a mind-altering substance which encourages you to cut out the things that cause you to put on weight (i.e. anything you might enjoy) without the feeling that you’re missing out. It doesn’t work for everyone, but as shortcuts go, it’s pretty effective. Clarkson’s doctor also advised him to take up golf. “I’d rather take up public masturbation,” was how he responded to me.

Jeremy Clarkson, however, is possibly beyond Ozempic, or indeed golf, but one of the most influential people in public life (look at what he’s done to illuminate the struggles of farmers) can now set an example to those of us for whom hedonism has always been an attractive option.

Will he become a poster boy for virtuous living? Doubtful, I’d say. But while his heart may not be in it, at least it’s still there, ticking away.",Simon Kelner,"Diet, Drinking, Health, Healthy Eating, Jeremy Clarkson, Ozempic",2024-10-28,CONTROL_Polish_Womens_Strike_2020_2024,sustained,True,0,"In, The, To"
https://inews.co.uk/opinion/keir-starmer-tax-rises-labour-mps-3348840,i,The tax rise Labour MPs are growing increasingly worried about,"For a Prime Minister pitch-rolling a Budget that will define the UK political landscape for the next decade, Sir Keir Starmer’s speech in Birmingham was more impressionist Claude Monet than paint by numbers.

Only occasionally did a brief glimpse of what a future Britain may look like emerge from the picture the Prime Minister sketched today. A blanket promise to “prevent devastating austerity” in public spending was the surest signal yet of the tax hikes and spending cuts worth £40 billion voters are aware are coming on Wednesday.

Amid the impressionism came occasional painterly daubs of light as Starmer made a couple of announcements. Unusually for a Prime Minister, there were some specific if scattergun announcements which should have been saved for Parliament, a decision that irked House of Commons Speaker Lindsay Hoyle. Starmer promised £240m to encourage people back into work, a boon to voters concerned about what the Tories used to call “shirkers” and the economic implications of the growing number of people out of work due to ill health – soaring by 300,000 a year.

In Birmingham the premier didn’t let up on his ongoing rhetoric about “working people” despite the difficulties he and other ministers have got into when explaining what that means. The reason a definition matters is that it gives a clear sense of Labour’s priorities both for this Budget and the future. Presumably an offshore tax accountant feels they do an honest day’s work just as much as a window-cleaner does. They might feel differently after Wednesday.

Minister after minister has spent the last fortnight offering their own definitions. Anyone expecting Starmer to emulate LS Lowry and paint an explicit but sentimental portrait of stick men on their way t’mill was to be disappointed. The Prime Minister said working people of Britain “know exactly who they are”.

Working people “do the right thing”, may be able to “save a little bit of money”, but end up “stuck on NHS waiting lists” and “can’t afford decent housing”, he said. More broadly they’re people who suffer when governments fail. As portraits go, this wasn’t the most definitive.

Starmer said his concern was making sure “there is no more tax” in the payslip for working people, but sidestepped a question about whether a fuel duty rise would count as a tax on those very people who use their cars to get to and from work.

Labour MPs are increasingly worried about a rise to fuel duty. They fear the policy will filter through to their constituents in an easy to understand way. One MP told i that a rise to employer national insurance contributions wouldn’t immediately show up in payslips and therefore was to be favoured – although it could prompt a hiring slowdown in smaller firms. The MP said the party had been stung by the damage the simple decision to means test winter fuel payments has caused.

Starmer said he hopes that “pretty well all” of the biggest tax rises under his leadership will come in this year’s Budget but couldn’t “give you a cast-iron guarantee that in no future Budget will there be an adjustment of tax”, he said, pointing to the experience of the pandemic and Ukraine war as proof that sometimes events blow plans off course. No hostage to fortune here.

Labour, he argued, had no choice but to deliver unpopular tax rises and spending cuts, placing the blame squarely on his Conservative predecessors for the ailing public finances and challenging them to explain what they would do differently.

The decision to give a speech was itself an acknowledgement his Government has been slow in setting out a narrative for the “why” of the Budget, as well as the “what” is in it. Starmer aimed to make that clearer – some taxes will rise, but for the purpose of spending more on public services. It came down to a plea: stick with me, and there will be a fixed NHS and economic growth at the end of it all. Squint and you can see a picture emerging.

“Look – nobody wants higher taxes, just like nobody wants public spending cuts,” Starmer said. “But we have to be realistic about where we are as a country. This is not 1997, when the economy was decent but public services were on their knees. And it’s not 2010, where public services were strong, but the public finances were weak. We have to deal with both sides of that coin.”

Nonetheless, Starmer’s speech was the warm-up to Chancellor Rachel Reeves on Wednesday. However much he tried to paint a picture of a brighter future, the markets are still waiting for the full-scale of the painting to emerge. It’s her macroeconomic photorealism the financial markets are waiting for. Memories of former prime minister Liz Truss’s doomed efforts to stimulate the economy still make Treasury officials shudder. Starmer namechecked her twice in his speech.

UK government borrowing costs rose in response to her signals that she intends to borrow more. The international money traders want reassurances over the extent of her plans. Last week, Reeves confirmed the UK could borrow as much as £70bn more over the next five years, banking on that borrowing to invest in infrastructure won’t spook the bond markets.

“The tough stuff is coming in this Budget,” Starmer promised on Monday. So far, so impressionistic. Wednesday will determine if the picture both he and Reeves have painted is clear enough.",Kitty Donaldson,"Budget, Fuel Duty, Keir Starmer, Labour Party, Rachel Reeves, UK Politics",2024-10-28,CONTROL_Polish_Womens_Strike_2020_2024,sustained,True,0,"In, The, To"
https://inews.co.uk/opinion/the-demolition-of-britains-greatest-man-cave-is-a-loss-for-the-brotherhood-3348132,i,The demolition of Britain’s greatest man cave is a loss for the brotherhood,"Like many men, I felt a sharp pang of pain upon reading the news of Graham Wildin, who has been forced to demolish what had been dubbed as ‘“Britain’s best man cave”. True, it was built illegally. True, Wildin ignored the advice of several council officers to construct it, and then spent close to a full decade – some of it spent in prison – haplessly trying to fend off its destruction. True, his neighbours all seem unanimously delighted about its removal, in part because it was a genuine eyesore.

And yet something about this story feels deeply upsetting. The demolition of a man cave – any man cave – feels like a loss to the collective brotherhood.

This is partly because Wildin’s man cave pushed the boundaries of the term to breaking point. It had a cinema in it. It had a bowling alley in it. There was literally a casino inside the thing. It was 10,000 square feet in size and dwarfed his actual house, which makes it less a cave and more an out-and-out warehouse. Had Wildin wanted, he probably could have stashed a few full aeroplanes in there. You’re right to be jealous.

Because deep down, his complex speaks to something that everyone wishes that they had. A place of their own, to do whatever they like. Especially during Covid, where families suddenly found themselves competing with multiple people for any flat surface from which to work, the thought of having a dedicated space that belonged to nobody but you was the most appealing thing on Earth.

In that regard I’m quite lucky, because I have that. Like Graham Wildin, I have elbowed out some space for myself in my back garden. Unlike Wildin, my shed is completely legal and also only big enough to squeeze a desk and an exercise bike into.

It’s there because I work from home, and it was considerably cheaper than buying a house with enough rooms for everyone. My shed is swelteringly hot in the summer and freezing cold in the winter. The inclusion of the bike means that it very often honks like old socks. And yet I love it dearly.

My shed isn’t like the rest of my house, which is ultimately a compromise between four wildly different people, one of whom has ADHD and another is a seven-year-old boy whose greatest desire is to cover the entire floor with several successive layers of Godzilla toys. No, my shed is mine to do whatever I like with. It’s a refuge, both starkly utilitarian and slightly messy, and as such has become a perfect reflection of my personality.

But then this is true of all similar spaces. Take Graham Wildin. You could look at his man cave, essentially a crèche that had been decorated to look exactly like a Conservative Club from 1983, and get a perfect read on how the man views the world.

These spaces are perfect because they’re self-contained. Had either of us decided to kit out the entirety of our own homes like this – had we decided to make our entire living area a perfect mirror of our inner lives – then any visitor would probably instantly think “Uh-oh, serial killer.” But contained to one room, one shed, one terrifyingly overcompensatory illegally built leisure complex, it’s fine. It’s breathing space. It’s necessary, even.

Because it is important to point out that man caves are not only for men. Everyone wants a space of their own, a place where they can briefly be allowed to hide from expectation and do as they please. A friend of mine has just spent ages fitting out a shed with sofas and a projector, so that she can watch films with her boyfriend in the evening. And when my younger brother moved out of home, my mum almost instantly decided to transform his old bedroom into a place where she could hang up pictures of fairies and furnish a load of doll’s houses. We would all be so much happier if we had somewhere like this to go.

Hopefully Graham Wildin won’t be disheartened by this news. Maybe he can rebuild his man cave smaller and more legally, perhaps without the full-size bowling alley or horrible carpets. Because the important thing isn’t the size of the place. The important thing is that he has room where he can be himself. May we all have such a thing.",Stuart Heritage,"Homes, Men",2024-10-28,CONTROL_Polish_Womens_Strike_2020_2024,sustained,True,0,"In, The, To"
https://inews.co.uk/opinion/there-is-a-weird-love-in-going-on-between-donald-trump-and-the-wwe-3348443,i,There is a weird love-in going on between Donald Trump and WWE,"Donald Trump has all the makings of a great professional wrestler. He loves his entrance music (sometimes even forgoing entire rallies so he can stand there and listen to his playlist); he cuts a great promo on his opponents; and a lot of his fans don’t seem able to tell the difference between fiction and reality.

His connections to the wrestling industry run deep. WrestleMania IV and V were held at Trump Plaza; Trump himself appeared as an on-screen character in WrestleMania XXIII’s “Battle of the Billionaires” against company owner Vince McMahon; and he was even inducted into the prestigious WWE Hall of Fame.

Take that, Kamala – I bet you don’t even know what makes a German suplex different from a normal suplex.

So it’s no great surprise that his 2024 campaign has found itself repeatedly intersecting with the world of wrestling. What is a little surprising, though, is just how deep those connections have become, to the point that WWE – and professional wrestling in general – seems to have inadvertently become a core player in Trump’s re-election strategy.

At Trump’s rally in Madison Square Garden on Sunday, Hulk Hogan – a man who made the Garden his wrestling home in the 1980s – made a special appearance to endorse his fellow WWE Hall of Famer for president. The Hulkster used the event to address the assembled “Trump-a-maniacs”, telling them: “I don’t see no stinking Nazis in here. I don’t see no stinking domestic terrorists in here. The only thing that I see in here are a bunch of hard-working men and women that are real Americans, brother.”

The star of Mr Nanny and Santa with Muscles called Kamala Harris a “bad actress”, and advocated for “peace through strength” in the Middle East. He also trotted out one of his many iconic catchphrases – “Whatcha gonna do?” – and claimed that after 40 years of asking the question, he’s finally found his answer: vote for Trump, brother.

It isn’t the first time the former WWE Champion has stumped for Trump – he also made a surprise appearance at this year’s Republican National Convention, which ended with Hogan dramatically ripping off his shirt to reveal a Maga shirt underneath. He tried a similar move at this Sunday’s rally, but struggled to complete the tear, leading to one final wrestling match for the red-faced icon against his greatest opponent yet: cheap Chinese manufacturing.

Hogan’s “special guest” status at these events might strike you as strange, and not just because it’s a man in a feather boa screaming about body slamming people. He’s an icon in wrestling circles, sure, but he doesn’t exactly hold a lot of cultural capital anymore. For him to get not one, but two special guest spots during what may be the most consequential campaign cycle of our lifetimes, feels a bit much – even if he is the second-longest reigning WWE Champion in history.

Perhaps it speaks to the paucity of celebrity endorsements on the right – I’m sure if Hogan hadn’t been available, Kevin Sorbo could have stood in. Or maybe it has something to do with Hogan’s connections to right-wing billionaire Peter Thiel, who bankrolled the Hulkster’s lawsuit against Gawker in the mid-2010s, and is currently acting as patron to Trump’s running mate and alleged couch enthusiast, JD Vance. Who’s to say?

Whatever the reason, Hogan isn’t the only retired wrestling legend to endorse The Donald. Trump also recently appeared on The Undertaker’s podcast, Six Feet Under, where the two men discussed such crucial topics as immigration, transgender athletes in women’s sports, and whether ’Taker could beat Haystacks Calhoun in a fight.

It’s a bizarre little interview that at times feels like a lazy SNL parody – at one point Trump even muses as to why he’s doing this “stupid show” after turning down an interview with 60 Minutes, and to be honest, I’d love to know the answer myself.

The episode isn’t even doing that well – it only has about 650k views on YouTube. That’s fewer than Undertaker’s interview with the wrestler Maven. Remember Maven? Me neither!

Professional wrestling is going through a bit of a resurgence – WWE is selling out stadiums worldwide, and for the first time in ages your co-workers might actually be able to name a wrestler who didn’t retire two decades ago.

But it’s still pretty niche. Trump is out here hitching his wagon to guys who have taken more chair shots to the head than you’ve had hot dinners, and for what? Is there some polling data out there that says the jabroni bloc is key to swinging Pennsylvania?

Wrestling has always been a pretty right-wing industry. Vince McMahon’s wife Linda served on Trump’s cabinet, and current CCO Paul Levesque, aka Triple H, wasn’t shy about having his picture taken with Trump, despite being less outspoken about politics in general.

George Murdoch, formerly WWE’s Brodus Clay (aka the “Funkasaurus”) is a regular contributor on Fox News. Even The Undertaker’s former tag team partner Glenn Jacobs, aka Kane, is a staunch Trump advocate, who has served as the Republican mayor of Knox County, Tennessee since 2018 (he is also, despite playing a silent masked character for much of his career, a vocal anti-masker).

It’s not just the old-timers, either – Trump supporters can be found right across wrestling’s generational divide. WWE’s developmental division, NXT, is rumoured to be full to the brim with pro-Trump sentiment despite being largely composed of Gen Z athletes.

Nikkita Lyons, 25, is informally known as “Maga Thee Stallion” by fans, after posting an Instagram video set to a song justifying the 6 January insurrection. Logan Paul, who has been signed with WWE since 2022, is extremely vocal about his support. He even hosted Trump on his (marginally more successful) podcast Impaulsive this past June while still US Champion, allowing Trump to hold his title belt. Even the current WWE Champion, Cody Rhodes, was linked to a Trump-supporting Twitter account in 2016 (though he has since denied being “Maga” when asked directly).

In many ways, wrestling really is the last bastion of conservativism in mainstream entertainment – which is ironic, since according to polls, WWE has one of the most comparatively liberal fanbases in all of sport. That propensity rarely makes its way to the screen, and wrestlers’ personal affiliations tend only to come out once they’re safely retired, but when you compare it with things like Hollywood and the television industry, it’s the closest thing the right has to an ideological safe haven.

It also presents a rare opportunity for the GOP to reach out to those younger voters who might naturally be inclined to vote Democrat – although whether or not any first-time 20-something voters are going to switch to the red team because Ted Dibiase tells them to is another matter. Personally, I think they’re more likely to be turned off supporting their favourite wrestler than they would be inclined to follow them, but a celebrity endorsement is a celebrity endorsement. Just ask Kevin Sorbo.

That’s why Trump is so drawn to it, I think. Donald is a showman at heart, but he’s been roundly rejected by pretty much every mainstream cultural force for his abhorrent views. He’ll never get an endorsement from Taylor Swift or Beyoncé, and he’s not going to be invited to the Tonys, so if he wants the pageantry and spectacle that he craves, all that’s left for him are big men with big muscles and bigger personalities.

Of course he’s embraced wrestling – what else is he going to do, brother?",Ryan Coogan,"Donald Trump, Kamala Harris, Professional Wrestling, WWE",2024-10-28,CONTROL_Polish_Womens_Strike_2020_2024,sustained,True,0,"In, The, To"
https://inews.co.uk/sport/cricket/ollie-pope-last-chance-england-jordan-cox-jonny-bairstow-3348863,i,Pope faces last chance with England as Cox and Bairstow wait in the wings,"Under fire No 3 is on borrowed time after a wretched run of form

ISLAMABAD — The contortions England have got themselves into over Ollie Pope’s position at No 3 following a horrendous series in Pakistan was best illustrated by the fact they have delayed naming the squad for their upcoming tour of New Zealand.

Initially, this was meant to drop the day the series here finished. However, the collapse that led to the surrender in the deciding Test inside two-and-a-half days meant the squad for the series against the Black Caps was put on the back burner.

It doesn’t take much imagination to deduce that the manner of that defeat in Rawalpindi probably prompted Rob Key, England’s director of cricket, to tell coach Brendon McCullum and captain Stokes that they needed a conversation once they were both home before making anything public.

Given McCullum 18 hours in Qatar before flying another 18 hours or so back to Auckland on his journey home, the delay is understandable.

But you don’t need to be Sherlock Holmes to work out the focus of those conversations – Pope, a man whose up-and-down 2024 reached a new low in Pakistan as he averaged 11 in the series.

Both Stokes and McCullum backed Pope to the hilt after the final Test. “There is no doubt in my mind and no doubt in Brendon’s mind that we have the got the best top-six players in England,” Stokes said. “You can’t shut the door on everything.”

McCullum added: “I’ve said it heaps, No 3 is a tough place to bat. Popey is disappointed with his output of runs here, no doubt. He came into the series hitting the ball as well as anyone in the nets. His confidence was strong.

“It wasn’t to be for Popey in this series, but it was only a couple of Tests ago he got a brilliant 150 for us. He’ll benefit from a couple of weeks out and he’ll get another opportunity when we head to New Zealand in conditions where he’ll hopefully be able to flourish.”

Pope’s 154 actually came four Tests ago against Sri Lanka at The Oval to ease the pressure that was on him at the time. It was ever thus. He is a player’s whose infrequent big scores always quieten the frenzied speculation over his position. Until the next time.

McCullum is right when he says No 3 is a difficult place to bat. It’s why Pope probably shouldn’t be there.

England’s next two series after New Zealand are India at home and Australia away. Can Pope really be the man to take down the two best attacks in the world? His average of 22 against them suggests not.

It was apparent that standing in as captain when Stokes was injured for the Sri Lanka series at the end of the summer and the first Test in Pakistan did affect his form.

But there is now huge pressure on Pope to produce big runs in New Zealand if, as seems likely, he makes the squad.

Despite the backing from McCullum and Stokes, it’s not hard to imagine that Key – the third selector for England – has warned them it’s New Zealand or bust for the Surrey man.

There is no doubt the observations on Pope from former England captains Michael Vaughan and Nasser Hussain in recent days have caught the attention of Key.

As i also suggested last week, both Hussain and Vaughan floated the idea in their respective newspaper columns of Stokes batting at No 3 if Pope was dropped.

Vaughan, though, went one step further and zeroed in on Pope’s technical and temperamental flaws to argue why he should be dropped. Writing in the Telegraph, the 2005 Ashes-winning skipper said: “Test cricket changes over time, and this England have changed it plenty. But one thing I really do not think has changed is that the No 3 must be a pillar of calm and control. Pope does not seem to be able to soak up difficult periods.

“I have said before I think Pope has a fragile mentality. He is not alone in that. But when your mentality is fragile, you need your technique to fall back on. It looks after you on your bad days, which there are a lot more of than good ones in Test cricket.

“If Pope and England are honest with themselves, they have to recognise even his best innings have lacked control. One thing I am certain of is that Australia and India would love to see him walking out at No 3 next year.”

New Zealand seems like a tipping point for Pope. Afterwards there is a five-month break before England play Test cricket again. The series will also present an opportunity to Jordan Cox, who is expected to come into the team as wicketkeeper for at least the final two Tests when Jamie Smith heads home on paternity leave.

If Cox does well and Pope’s poor run continues, it could be the end of the line for the 26-year-old. Stokes or even Joe Root might be asked to move up to three in that scenario to fit Cox into the middle come next summer.

Even if Cox bombs, Pope needs runs. Otherwise maybe there could even be a way back for Jonny Bairstow or Dan Lawrence ahead of those series against India and Australia?

Pope should at least benefit from the typically flat pitches New Zealand produce for home Tests. Yet given his recent form, nothing can be taken for granted.",Chris Stocks,"England Cricket, Jonny Bairstow, Ollie Pope",2024-10-28,CONTROL_Polish_Womens_Strike_2020_2024,sustained,True,0,"In, The, To"
https://inews.co.uk/sport/football/man-utd-erik-ten-hag-mess-sacking-3348569,i,Ten Hag sacking leaves Man Utd in a mess - and one man is to blame above all,"“I told you so” echoes around the football firmament. Opposing fans have been cantillating Erik ten Hag with the death song, “you are getting sacked in the morning” since the spring, when the record number of defeats in a Premier League season were racking up.

The surprise, of course, is not that he has gone but that it has taken Manchester United so long to accept his failings, which points a neon arrow at the crack unit assembled to rebuild the fallen giant. Monday was self-evidently a painful moment for Ten Hag, but perhaps more so for the guru squad brought in to reinvent the wheel.

At the top of the Old Trafford pyramid sits Ineos owner Sir Jim Ratcliffe. Ultimately responsibility rests with him but since he is the most powerful figure at the club, the one with all the gold, no-one is going to give him his cards. Next in line sits guru-in-chief Sir Dave Brailsford, the god of small things who occupies the throne at the top of the Ineos sporting pyramid dispensing Delphic wisdom like Zeus, or should that be Dr Seuss?

Brailsford was among the group leading the search for a new manager before deciding Ten Hag had indeed passed the leadership review in the summer. Had they begun the process earlier Ineos might have saved a few bob flying about the parish interviewing candidates like Thomas Tuchel, Roberto De Zerbi, Thomas Frank, Kieran McKenna etc. Perhaps it was the weekender at Ten Hag’s pad in Ibiza that swung the day. I mean, who doesn’t like a beach party?

The greater Brailsford’s football imprint grows the more he triggers comparisons with Sir Clive Woodward, a guru from a distant epoch and like Brailsford, a different sport, whose expertise was gobbled up by Southampton. England’s World Cup winning rugby coach was given the role of technical director in the summer of 2005. The appointment was always viewed with suspicion by manager Harry Redknapp, who lasted six months before escaping down the Solent to Portsmouth.

Six months after that, Southampton’s owner Rupert Lowe sold up, removing the glue that kept Woodward in power. Barely 12 months after beginning the Southampton revolution, the “mad professor” as Woodward became known by staff, was gone, taking up a post at the British Olympic Association.

Brailsford’s protector loves him, so he comfortably avoids the fate of Ten Hag. United’s new CEO Omar Berrada and the club’s new sporting director, Dan Ashworth, took up their roles in the post-season and would like to shrug “nowt to do with me guv”. Except they can’t, because the evidence was there before them whether they were in situ or not.

Even in the deepest corners of the respective gardens in which both passed their leave from Manchester City and Newcastle United, there was no escape from the dire telemetry of Ten Hag’s second season. The decision they came to on Monday morning in Carrington was available to them in May, but the club fell for the illusion that a one-off win against City in the FA Cup final was significant. Well Ten Hag would claim that, wouldn’t he?

Instead they assembled in a cluster and rolled out a party line of unity and support. He’s our man, they said, ignoring the prior search for a better version. Thus did Monday’s ever-so cordial sacking delivered by Berrada and Ashworth condemn both twice over. If he was the “right” choice in the summer, he remains so now because neither the conditions nor the circumstances have changed. Of course he wasn’t, as the search for a successor proved.

It is almost possible to feel sorry for Ten Hag, a decent man who trusted what his bosses were telling him, that they were on the same page, in this together, moving forward, committed to him. The poor sap was still peddling his delusions after the defeat at West Ham, claiming sincerely that United turned last season around with that one win in May, and would do so again.

Ye gods. Interestingly the pattern of that game was not unlike Sunday’s across the capital. The difference being United netted in the first half at Wembley when the force was with them, which provided the insurance during the second half when it was not.

We don’t need to revisit the anatomy of Ten Hag’s failings. ChatGPT would suffice for that, rounding up the lethal stats in a thrice, the colossal waste of £650m in player recruitment, the unprecedented defeats, added time goals conceded, paucity of goals scored, etc. No, the focus should fall upon those above, who deemed him fit for purpose.

The fab four of Brailsford, Berrada, Ashworth and technical director Jason Wilcox now find themselves having to revisit the process of finding a man with the constitution to cope with a job that has spat out men of deeper talent than Ten Hag’s.

Far from introducing new methods and visionary thinking to the United project, the technical department has succeeded only in perpetuating muddle.

Indeed, apart from the savings made from the staff cull and cutting back of privileges, all of which have been wiped out by the compensation owed to Ten Hag, the involvement of Ineos has thus far delivered more of the same, and that’s a generous assessment.

Moreover the dithering and bad faith of the summer has seen the one outstanding candidate available, Tuchel, slip out of United’s grasp into the arms of another. The new broom sold itself as the solution to the puzzle of the post-Ferguson era. Instead it has become part of the problem. More Ine-loss than Ineos.",Kevin Garside,"Erik ten Hag, Manchester United FC, Premier League, Sir Dave Brailsford, Sports Comment, Subscribers",2024-10-28,CONTROL_Polish_Womens_Strike_2020_2024,sustained,True,0,"In, The, To"
https://inews.co.uk/sport/football/man-utd-replace-erik-ten-hag-two-top-targets-3349245,i,Man Utd line up Ruben Amorim to replace Erik ten Hag,"Amorim could be in charge for the Premier League clash with Chelsea

Manchester United are working on a deal to make Ruben Amorim their next manager, hours after Erik ten Hag was sacked.

Amorim, who until recently appeared content to stay at Sporting Lisbon – where he has enjoyed a blistering start to the season – will now be tasked with restoring this fallen giant to its former glories.

Rarely has a club been so well-prepared for replacing a sacked manager, given United chiefs have already spent months speaking to alternatives behind Ten Hag’s back.

After the Dutchman was handed his P45 by CEO Omar Berrada and sporting director Dan Ashworth in a meeting at the Carrington training base on Monday morning, the next appointment should happen quickly.

Ruud van Nistelrooy has been placed in temporary charge and will lead the side against Leicester City in the Carabao Cup on Wednesday night.

But sources have told i Amorim is someone well-liked by the United hierarchy, with a modern approach to the game that fits in with Ashworth and technical director Jason Wilcox’s ideal style of play.

The fact that United could usurp rivals Manchester City and snap up the Sporting Lisbon boss before he agrees to become Pep Guardiola’s long-term successor at the Etihad “only adds to the appeal”, one insider said.

Ineos had two major obstacles to bringing Amorim to Old Trafford. Amorim is not understood to be in any rush to leave Sporting, especially mid-season. The Portuguese champions have started the season in excellent form, winning 12 and drawing one of their 13 games thus far in all competitions.

Sacking Ten Hag is also understood to have cost United in the region of £15m and with Ineos undergoing vast cost-cutting exercises across the board, paying the substantial compensation fee Sporting will demand for Amorim is not a good look after making large numbers of staff redundant.

As a result, Van Nistelrooy is in charge at least on an interim basis. As i reported earlier this month, the former striker has been “acting like the boss” for a while, according to several sources.

Such was Van Nistelrooy’s growing visibility, Ten Hag snapped back, uncharacteristically, at questions over his new coaching staff before United’s 3-3 draw in Porto earlier this month, repeating the phrase “I appointed them myself”, clearly riled.

Van Nistelrooy went over to applaud United’s travelling supporters after the match, long after everyone else had made their way to the dressing room, as fans sang his name.

United and Sporting are understood to be working on reaching an agreement over compensation, understood to be in the region of €10m (£8.33m). If the two parties come to a swift conclusion, Amorim could be in place in time for the Premier League game against Chelsea on Sunday.

Amorim was lined up by Liverpool to be Jurgen Klopp’s successor at Anfield, but a clash of styles, with the young coach keen to instill a three-at-the-back system, a deal-breaker.

He also held talks over becoming David Moyes’s replacement at West Ham, before later apologising for the timing and publicity of the talks in London.

United’s new senior figures are more flexible than Liverpool were, sources said, as long as Amorim starts to instill “some form of identity” to their play – something Ten Hag was heavily criticised for not bringing to the table.

Given his remarkable achievements in Portugal – at the age of 36, Amorim led Sporting to a first league title in 19 years in 2021 and then won his second with the club last season – the Sporting boss was expected to follow sporting director Hugo Viana to City to become Guardiola’s successor.

Viana will replace Txiki Begiristain as City’s director of football next season and has a close relationship with Amorim at Sporting. United have moved fast as a result and look set to get one over on their big rivals.

Amorim may not have got a look in had Gareth Southgate not insisted he wants a break from coaching and Thomas Tuchel not been sworn in as the next England boss.

As i has previously reported, United’s hierarchy retain a long-standing interest in Southgate, even if the former England coach has never given any indication he wants the Old Trafford hotseat.",Pete Hall,"Erik ten Hag, Gareth Southgate, Manchester United FC, Premier League, Sports News",2024-10-28,CONTROL_Polish_Womens_Strike_2020_2024,sustained,True,0,"In, The, To"
https://inews.co.uk/sport/football/tottenham-cristian-romero-ange-postecoglou-problem-3347750,i,Cristian Romero is becoming a problem for Tottenham,"The Argentine is a world-beater for his country but has made an error-strewn start to the season for his club

The decisive goal that Tottenham conceded at Selhurst Park on Sunday was the sort of collective calamity that makes supporters question why they even bother and causes managers to have sleepless nights.

Blame for Jean-Philippe Mateta’s winner for Crystal Palace can be apportioned to numerous individuals involved in the club’s fourth Premier League defeat of the season.

Guglielmo Vicario for playing the ball short despite making a dodgy start with his distribution; Cristian Romero for committing the cardinal sin of passing across his own box (compounded by it being looped horribly over to his central defensive colleague); Micky van de Ven for allowing the ball to run across his body, prompting Daniel Munoz to rush in and win possession; Pedro Porro and Romero (again) for dealing dismally with Munoz’s cross to the far post, allowing Mateta to score.

Finally, Ange Postecoglou for instructing his defenders to play this way against a team renowned for pressing high with intensity. Palace won 21 high turnovers, the second-most in a Premier League game this season. Maybe Pep Guardiola should take a share of the responsibility too for being so successful with this ploy that virtually every other manager in world football has since tried to copy him.

It was a nightmarish goal for Spurs to let in, an act of self-sabotage considering they had been fortunate to avoid conceding before they did with similarly sloppy play from their own six-yard box. No one player involved in it was any more or less at fault than anyone else; it was a collection of gaffes rather than one colossal cock-up.

However, as has been typical this season, Romero had a key part to play in it. According to the Premier League website, the Argentine hasn’t committed any errors leading to a goal this season. The bar must be set incredibly high given Romero has been at least partially culpable for over half of the 10 goals that Spurs have surrendered.

Romero can have no defence for three of them, all of which were strikingly similar. Against Leicester, Arsenal and Brighton, the 26-year-old was guilty of switching off and not staying close enough to his opposite man with Jamie Vardy, Gabriel Magalhaes and Danny Welbeck all profiting.

Those goals were consequential ones, either equalisers or winners that wiped four points off Tottenham’s tally.

Missteps against Newcastle and Palace were less clear but still costly. At St James’ Park, Romero embarked on an ambitious one-man press towards the halfway line and covered so much ground that he was unable to get back into position to prevent Harvey Barnes from flicking the Magpies in front.

When Alexander Isak added the crucial second from the middle of the penalty box, Romero was nowhere to be seen after pushing forward when the rest of the back four retreated.

Romero’s blooper reel is a combination of poor decision-making, sluggish ball-watching and needlessly risky passes. They are the sort of mistakes that he seldom makes for Argentina but often has for Spurs in the first few months of this season. Romero has been integral to a golden era of Argentine success, a defensive pillar in a team that has lifted the World Cup and back-to-back Copa Americas in the last three years.

He is consistently world-class when he pulls on the sky blue and white stripes. He is less commanding when he has the Tottenham cockerel on his chest; occasionally brilliant but often fallible.

There are plenty of potential explanations for that. Postecoglou’s high-risk strategy places an exceptional demand on central defenders, who are expected to be progressive in possession and proactive out of possession.

Romero has played virtually every game in three successive international tournaments in which his nation has reached a final.

Fifpro, the union for professional footballers worldwide, cited Romero in a study into player welfare, estimating that he covered over 162,000 kilometres of air travel in the 2023-24 season alone due to international commitments. That is bound to have drained him, mentally and physically.

Is his contractual situation a distraction? In June he will enter the final two years of his deal and rumours of Real Madrid interest continue to bubble away.

Despite his indifferent form, it seems unlikely Postecoglou will take him out of his team anytime soon. Romero has worn the armband in Son Heung-min’s injury-enforced absence and the Australian has spoken in glowing terms about his mentality and quality in the past.

He may point to a marked improvement in Romero’s disciplinary record – he is yet to receive a single card this season – as evidence of his burgeoning maturity.

Still, the more mistakes he makes, the less secure his place in the team should be. Other key players have paid the price for a slip in standards, James Maddison, subbed off at half-time and the hour mark in his last two games, chief among them. Democracy apparently underpins Postecoglou’s team selections. Radu Dragusin could be forgiven for thinking the rules don’t apply to him.

At his best, Romero is a titan of a centre-back and unquestionably one of Tottenham’s most important players, but at the moment his place in the side is based more on reputation than form. His lapses pose a problem for Postecoglou as he plots a way back from another disappointing defeat.",Oliver Young-Myles,"Ange Postecoglou, Premier League, Sports Comment, Subscribers, Tottenham Hotspur FC",2024-10-28,CONTROL_Polish_Womens_Strike_2020_2024,sustained,True,0,"In, The, To"
https://inews.co.uk/culture/music/celebrities-keep-dying-obsession-youth-3347402,i,Celebrities will keep dying because of our obsession with youth,"There’s been one grim truth everyone keeps repeating since Liam Payne’s death: he was not the first, and he won’t be the last.

The circumstances change, but by now we can tell the story of the early death of a young celebrity by heart. It is no less tragic for its familiarity – the shock and grief, and even guilt, felt by the public in the days since the news broke has been an outpouring. We unanimously agree: fame was the killer. Had Payne never gone on The X Factor, had he never been in One Direction, he would have gone back to school, grown up, and lived beyond 31.

So how many more times does this nightmare have to play out before we reach a turning point and accept that teenagers, and certainly children (Payne was 14 when he first auditioned for The X Factor, 16 when he was successful), simply should not be famous at all? It is only a tiny minority who can really cope – and none of them come out unscathed.

If they’re lucky, a young star might have structure and reality imposed upon them from a responsible family and good management with their safety and best interests at heart. But that doesn’t change the fact that attention and recognition can do a lot of damage to a young person and warp their sense of self-worth.

Fame exposes you, it makes you vulnerable. It removes your innocence and sense of normality – it usually involves working around adults, often away from loved ones, when others the same age are sitting in a classroom. And while there are laws protecting child performers (and mandating their education), those only last until the end of the academic year they turn 16.

And all that’s when they’re still in the spotlight. The worst is usually yet to come. Nobody is responsible for the welfare of the “former” or “failed” once those 15 minutes are over and the applause has died out.

What is to be done then? I hear calls for better safeguarding, age limits, better duty of care, industry-wide regulation – all of it common sense, yet still very difficult to enforce in practice. Entertainment is the Wild West, it involves thousands of small projects spread across locations and countries and is financed by people with little interest in anything but more money, and populated with shady figures willing to mistreat the inexperienced.

What makes someone successful is unpredictable, what is considered “talent” is subjective. And so, so many people are driven to showbiz in a bid to change their fortunes. Desperation is easy to exploit.

But we will never stop making young people famous, because it would involve undoing something even more complex than the murky entertainment industry, a way of thinking that has dominated Western culture for centuries: we are obsessed with youth.

I’m not talking about preserving our youth, or chasing our youth. I am talking about our ingrained understanding that success of any kind is more impressive and more meaningful when it is achieved by the young. Until we stop rewarding precocity, everyone will continue racing toward recognition before time runs out.

Young people have always dominated the arts, from Mozart to Miley Cyrus, Judy Garland to Justin Bieber. However they end up in the spotlight – pushy parents, nepotism, reality TV, miracle, or pure hard graft – once they’re there we praise the confidence and self-possession that they display almost always with the phrase “beyond their years”. Look at Taylor Swift: in her 18-year recording career the most common consensus among critics trying to explain her success has been the sophistication with which she articulates her emotions, her ability to reflect on her life with a maturity beyond people double her age.

And of course, young achievement in any field patently is impressive – young politicians, student entrepreneurs. What makes artists different is that their early achievements turn them into products for our consumption.

Products need to be marketable to the biggest and most impressionable and aspirational possible audience: the young. So we present them with beautiful people they want to be, be friends with or fall in love with. We present them with singers and actors doing something extraordinary, so they can imagine they might do something extraordinary too. Young celebrities are expected to be role models for their child and teenage consumers – to be both relatable, and living out the fairy tale of their wildest dreams.

It doesn’t work the same way if someone becomes famous when they’re already an adult. We love to hear about late-career successes because it makes us think we, too, haven’t missed our chance to do something great, but we don’t marvel at their outsized talent as we might with a teenager who still has time to become a phenomenon, who still promises happiness, optimism, purity, energy, opportunity, vitality, naivete. Who has not learnt yet how hard life can be – or isn’t showing it.

We say we live in an age that values authenticity. I think that conceals the fact that we are still obsessed with youth and the young and will be until we stop fetishising the fantasy they represent and are ready to accept that life is difficult, ugly, and sad; until we celebrate hard work and failure that comes before success rather than deluding ourselves that it can happen overnight; until we can be patient and accept that greatness should take time. Time is not running out. It is much more likely to if fame comes too young.",Sarah Carson,"Celebrities, Liam Payne, The X Factor",2024-10-28,CONTROL_Polish_Womens_Strike_2020_2024,sustained,True,0,"In, The, To"
https://inews.co.uk/culture/music/peaches-interview-feminist-porn-3344635,i,Peaches: I went from 'brilliant feminist' to 'oversexed porn loser',"When musician and performance artist Peaches released her turn-of-the-millennium breakthrough album Teaches of Peaches, she boldly stated she would not be moving towards the mainstream – she wanted the mainstream to come to her. It seemed an incredibly unlikely scenario.

Canadian-born Merrill Nisker was an entirely new type of pop star: unapologetically feminist, queer and sex positive; musically grimy and minimal; lyrically absurdist, funny and filthy, with a style that challenged gender norms.

Peaches would perform aggressively in a bra and ripped fishnets with unshaven armpits and fake pubic hair protruding from her crotch; the cover of Teaches of Peaches was a close-up photo of her crotch in pink hotpants.

Her signature tune was, and remains, 00’s “F**k the Pain Away”, a primitive eruption of harsh electronics and unrestrained sexual energy that contains an opening line for the ages: “Suckin’ on my titties like you wanted me/ Callin’ me all the time like Blondie/ Check out my Chrissie behind…”

And like all groundbreaking artists, Peaches had the shock of the new. She was an underground sensation for coming-of-age queer women, hip clubbers and fashionistas. “Some people were really having these crazy awakenings because they’d never realised they could express those things, or that it could be a possibility for them,” Nisker tells me over video call from her home in Berlin.

But that inevitably came with confusion and hostility elsewhere. A 2001 NME review after one of her first UK gigs – a showcase where she played before The Strokes – read, “Grandma, you’re scaring the kids”. She was 33 at the time.

This prompted Nisker to have an awakening of her own. “I was realising how polarising [my ideas] were to people. That’s the point that was shocking for me,” she says. “I was also realising how people would perceive me, how unaccepting people are, or how hungry they are for this, how the perception of me was so different – from ‘brilliant next wave feminist’ to ‘silly, dumb, oversexed porn loser’. I was way too angry or way too funny. Very old. I found out that I was ugly from the press. I was like, ‘Oh, I’m ugly.’ I mean, I didn’t think that I was ugly.”

And yet here in 2024, modern pop culture has adopted much of what Peaches stood for: female sexual liberation, queer identity, gender fluidity, rejection of the patriarchy, the right for women to express their messy, complicated selves. From Chappell Roan’s celebratory, searingly honest queer pop to Charli XCX’s Brat era via Cardi B’s sexually charged megahit “WAP” – CBC once called Peaches “the spiritual godmother of “WAP”” – the mainstream did actually move towards her. “Bizarre,” Nisker says. “I said it as a sort of cheeky statement to motivate myself, and also to separate myself from watered-down mainstream ideas. But it definitely came closer.”

Peaches’ role in the change should not be underestimated. She may not be a household name, but as a key, boundary-pushing cult figure, her influence has massively outsized her popularity. Madonna is a fan: it was said she worked out listening to Peaches and even invited Nisker to guest during the voguing catwalk segment of her Celebration tour in Berlin last year. And artists from Goldfrapp to Pink, Britney Spears to Christina Aguilera – who apparently played Peaches on repeat when writing her own sexual anthem “Dirrty” – all owe a debt. Even Radiohead were influenced, modelling their 2007 track “15 Step” on “F**k the Pain Away”. She duetted with Iggy Pop on 2003 album Fatherf**ker (where she wore an Abraham Lincoln-style beard on the cover), Yoko Ono was a fan and collaborator, and she was welcomed enthusiastically by the fashion community – “everyone in fashion digs Peaches” Vogue proclaimed as far as back as 2002.

Her music has become a staple on film and TV soundtracks, too, most famously as Bill Murray surveys a Japanese strip club to the sounds of “F**k the Pain Away” in Lost in Translation.

A new documentary, Teaches of Peaches, goes someway to explaining Neskir’s journey and influence. Produced by Judy Landkammer and Philipp Fussenegger, it doesn’t dwell too much on other aspects of her career – such as her 2010 one-woman DIY cabaret show Peaches Christ Superstar, or 2019 art exhibition Whose Jizz is This? – instead, taking Peaches’ 20th anniversary tour, Teaches of Peaches in 2022, as a jumping off point.

It gives a sense of her background – from a suburban Jewish family in Toronto – and her musical path: In the 90s, Nisker started out in a folk group called Mermaid Café before recasting herself in Berlin’s hedonistic counterculture with The Shit, an experimental electronic ensemble she formed with frequent collaborator, the Grammy-winner Chilly Gonzales (who provides the film with a gloriously louche presence). The film contains some intimate backstage shots and homemade footage, including some very sweet film of Neskir at her unlikely pre-stardom job teaching music to young children at YMCAs.

“I always thought, if there’s ever a documentary on me, that is going to be the moment that shocks people the most,” Nisker adds. But its centre point is the time-travel between Peaches initial rush and her recreation of Teaches of Peaches 20 years later. It is an interesting reflection on how a trailblazer relates to their work two decades on.

She says the nostalgic nature of the tour threw up some existential questions. “Like, what it meant for me: What is it? Is it relevant and interesting to play this music? How do I present it?” She came to “realise the power of my conceptual…ness. Not just the music, but the whole trying to bring to light these messages that were coded through humour and entertainment and a costume and pure performance.”

If anything, it was even more subversive: footage shows a then 55-year-old Peaches performing all-but-naked, save for some knickers. “I feel like because my body is older and different, I want to I show it even more,” she says. “It’s like, here it is!”

Peaches had to fight for her status. By the time she was 33 she had an ignored album under her own name, Fancypants Hoodlum, survived a brush with thyroid cancer and endured a significant break-up. But in Berlin she’d had an epiphany; she bought a Roland MC-505 groovebox, (a music production machine with in-built synthesisers, music sequencer and drum machine), changed her name to Peaches (after a line in a Nina Simone song) and began to make what was essentially a break-up album.

“I didn’t want to be a victim or sad, I was moving forward,” she says. “Not that I wasn’t grieving – and I do grieve. ‘Lovertits’ asks for forgiveness, but [the album] was a new exploration of what would be possible.”

German label Kitty-Yo singed Peaches, allowing her to go home to Toronto to make the album. There she lived with Leslie Feist – a fellow Canadian who would herself later enjoy Noughties pop success – and created the album in a haze of heartbreak and hedonism. Teaches of Peaches coincided with, and became a component of, the early Noughties electroclash movement headed by acts like Fischerspooner, Miss Kitten and Chicks on Speed – provocative, lo-fi, 80s-inspired electronics that straddled pop and artifice, its knowingly trashy aesthetics a precursor to what recently became known as “indie sleaze”.

When “F**k the Pain Away” blew up – “It blew up, but the label wouldn’t dare release it, right?” she interrupts – it wasn’t actually released as a single; the song was just a force of nature that couldn’t be held back. “And then years later, they were like, ‘Could you write something like ‘F**k the Pain Away’?’ So funny.” She’s still annoyed it wasn’t given an official release. “We’d had ‘I want to fuck you like an animal’ at the time, yeah? [In Nine Inch Nails’ “Closer”.] Which is a great song, but in terms of understanding attitudes…” she says, highlighting the double standards.

It wasn’t the only challenge she faced. People were confused by a solo performer whose only instrument onstage was a groovebox playing pre-recorded music. “People are used to that now, but back then it was unusual,” she says. “People were like is that a prop? Or was this fake? Was this real?” As a woman, she was continually underestimated – people didn’t believe she made her own music. “I mean it’s not that like they’re such amazingly technical beats or anything,” says Nisker.

There was one way she tried to anticipate reactions: by speaking, not singing, on the album. “That was calculated. With women, if you sing, all they do is talk about whether you’re a good singer, and the lyrics are secondary.” She just wishes she had today’s vocabulary to express herself. “In terms of language, in terms of understanding the queerness of it, the language wasn’t available then,” she says. “Or even the understanding of it. I was trying to figure it out.” Nisker therefore marvels at Chappell Roan. “[In the past, record labels] would have said, ‘You’ve got a great voice, but you could just change those lyrics?’” she says. “But it’s amazing. I don’t think we’ve ever seen somebody sing so outwardly, open, and uncoded about queer love in pop. Which is great. Also, Billie Eilish coming out. It’s a cute time in pop for queerness.”

She says, despite the strides forward for women and queer people, “there has been backlash in terms of safety, in terms of laws”. It’s why Peaches herself is even more outwardly feminist than ever; the film shows her performing in a pro-abortion shirt, for example. “Yeah, I think at the beginning I was more coding it,” she says. “But that was also how to bring people in. And now it’s just, if you know – let’s go.”

Teaches of Peaches is showing at the Doc’n Roll Film Festival",Shaun Curran,"Interviews, Music, Music Interviews",2024-10-28,CONTROL_Polish_Womens_Strike_2020_2024,sustained,True,0,"In, The, To"
https://inews.co.uk/culture/television/whats-on-tv-tonight-oct-28-3344694,i,"On TV tonight, Sophie Willan's Alma reunites with her rockstar dad","Also, Ben Wheatley's zombie comedy Generation Z continues and Channel 5 goes behind the scenes at Broadmoor

10pm, BBC Two

Sophie Willan may be calling it a day with her Bafta-winning sitcom but she’s going out on an absolute high. This week’s episode expertly blends pathos and comedy as Alma (Willan) finally makes contact with the father who walked out on her mum Lin (Siobhan Finneran and those teeth!) when Alma was a baby. Grandmother Joan (the mighty Lorraine Ashbourne) recalls that this rock-star wannabe was “tall, thin and walked like a moody gorilla”, while Alma herself was convinced that he was really Richard Ashcroft of The Verve. Disappointment surely beckons as Craig Parkinson (Line Of Duty, Grace) guests.

8pm, BBC One

A second chance to do what, you might ask? To destroy American democracy while ensuring he stays out of prison and throws Ukraine to the Russian wolves? In any case, as we stand Donald Trump has an even chance of returning to the White House in November, and this is Panorama’s take on the convicted felon’s election campaign.

9pm, BBC One

Miraculously, Bernardine Evaristo’s novel doesn’t feel too overstretched by this eight-part adaptation, the inter-generational aspect given space to breathe. The focus in the opening episode of this double-bill is mostly on Barry’s daughters Donna and Maxine (Sharlene Whyte and Tamara Lawrence).

9pm, BBC Two

Professor Brian Cox shares his wonderment at the solar system’s frozen places, revealing the dwarf planet where mountains of solid ice float across the surface and the black and white moon painted with frost.

9pm, Channel 4

The zombie pensioners are on the rampage and the authorities are trying to hush it up with a spot of fake news blaming it all on foot-and-mouth disease. Ben Wheatley’s ongoing satire on inter-generational tensions (kind of Skins meets Shaun Of The Dead) isn’t exactly subtle but it is fun, as Kelly (Buket Komur) battles with her conflicting feelings about having to kill her rampaging nan, while Morgan (Robert Lindsay) begins some private sleuthing into the causes of the outbreak.

10pm, Channel 4

The docuseries about cruel romance fraudsters continues with the case of an American woman who claimed to have MS and conned her partner into running up huge debts to fund her “treatment” (read lifestyle) before falsely accusing him of domestic violence. When she threatened to kill herself in Japan unless friends raised $20,000 that she claimed had been stolen, people started to question the truth of her stories and the FBI became involved.

10pm, Channel 5

It took a long while for the psychiatric hospital to allow cameras into their high-security confines, but they never seem to leave now. This is the latest docuseries (ITV began the process back in 2014), which here looks at how staff deal with violent inmates: Lee Rigby’s killer Michael Adebowale assaulting a nurse at Broadmoor, and the attack on Peter Sutcliffe that left the Yorkshire Ripper blind in one eye.",Gerard Gilbert,TV Guide,2024-10-28,CONTROL_Polish_Womens_Strike_2020_2024,sustained,True,0,"In, The, To"
https://inews.co.uk/inews-lifestyle/cant-open-mouth-without-my-teenage-daughters-cancelling-me-im-exhausted-3344305,i,I can’t open my mouth without my teenage daughters cancelling me - I’m exhausted,"Gen Z’s zero tolerance policies are a nightmare for parents – although that doesn’t mean they’re not right, says Laura Craik

Any parent of teens will tell you that dinner time can be a fraught affair. Whoever cooks the meals in your family can count themselves blessed if their teenager hasn’t gone vegetarian, vegan, wheat-free, carb-free or low-GI by the time they’ve turned 15. But however restrictive their diet, it’s nowhere near as restrictive as the conversation topics that you, their clueless, hapless parent, will rapidly find yourself adhering to as you tensely break (gluten-free) bread around the kitchen table.

Whoever said “the family that eats together, stays together” clearly wasn’t a parent in 2024. If they had been, they’d likely have found themselves cancelled for daring to utter such an insensitive statement. What’s insensitive about it? I’ve absolutely no idea – but your teen will find one. How dare you manipulate them into eating dinner with you by suggesting that if they don’t, they’re not a team player? What if they don’t want to eat? Are you trying to fat shame them? And so on.

Cancel culture runs rife in every arena, from the boardroom to the classroom to X. But there’s a particularly deep wound derived from being cancelled by your own kids, in your own home – one of the only spaces left where you feel able to speak freely.

“Someone’s having a fag,” I once said, sniffing the air like the bloodhound I am, an olfactory superpower which has so far acted as an effective deterrent against either of my daughters taking up smoking.

“MUM!” shouted my then-13 year-old, so unexpectedly that I dropped my forkful of meat-free, taste-free, joy-free escalope. “YOU CAN’T SAY THAT!”

Truly, I didn’t know. In the 1990s, it’s just what everyone called their Marlboro Lights. In the 1960s and 1970s, it was another word for ‘boring’. You had to tidy your room? What a fag. At Eton, it was used to describe young boys who did errands for older boys, but maybe best not to dwell on that one. Anyway, I was assured I absolutely couldn’t, shouldn’t, mustn’t describe a cigarette in this way again.

The latest high-profile instance of mother-daughter cancelling comes courtesy of Lyla Elichaoff, 21, and Esme Bertelsen, 23, who are on the cover of this month’s Tatler on account of being the respective offspring of Trinny Woodall and Susannah Constantine.

This fearsome duo’s seminal yet controversial TV makeover show, What Not to Wear, was hugely popular throughout the early 2000s, peaking at 4.92 million viewers and making its presenters household names. Have the daughters who so benefit from their mothers’ success actually bothered watching the show? Nah. But they still have opinions. “I think they would be cancelled if the show was made now,” Trinny’s daughter, Lila, told Tatler. “You can’t really speak to people like that any more, and say things like, ‘You’re so ugly’.”

Lila has a point. Trinny and Susannah did indeed say some dubious things to their guests, calling out their “saddlebags” or “lack of tits”. We were all more cavalier and hurtful in the early aughts, and it’s one of the very best things about Gen Z that they strive to be more respectful of each other’s bodies, and mindful of how they talk about them.

All parents should learn from this. Any parent who body shames their child should not only be cancelled, but informed of the lasting harm it can do to a child’s self esteem. As with their zero tolerance policy towards racism and sexism, Gen Z’s stance against sizeism is absolutely right.

And stringent policing, censoring and criticising of mum and dad’s opinions is a natural part of evolution. Teens wouldn’t be teens if they weren’t rejecting their parents’ POV: it’s partly how they learn to define themselves.

It’s just that sometimes, so vast is the list of cancellable topics that an innocent five-minute dinner time convo can leave you feeling like the lovechild of Elon Musk and Jeffree Star. You put avocado in the salad? You’re cancelled (air miles). You bought something from Primark? You’re cancelled (fast fashion). You called Tilly “Tilly” when they want to be known as Travis, even though nobody told you? So cancelled.

One mum of my acquaintance was even cancelled for daring to suggest her daughter put on a cardigan before leaving the house. “Are you slut shaming me?” asked her 15 year-old. No: merely worried that her daughter would be cold.

As a teen, I remember biting my tongue when my mother said something insensitive. “She’s of a different generation,” I’d think. Only the most egregious comments would elicit a telling off, but even then I’d pick my words. “We don’t say that now,” I’d explain. “It’s culturally insensitive, because….” The explanation was essential, since it sought to educate rather than simply argue for the sake of it.

By contrast, my own teens (and the teens of most of my friends, though they would also concede that girls are ‘worse’ than boys, if such a sentiment dare be expressed) are quicker to be outraged and faster to condemn.

One of our worst family arguments arose from me bitching – quite mildly – about the French. Apparently, you can’t say that Parisians are rude. You can’t even say that you find them rude based on your own experience of working in Paris four times a year for the past 20 years. “But they once served me partially frozen chicken when I was six months pregnant then swore at me when I asked them to reheat it,” I wailed. But that’s another thing that’s verboten: daring to complain about restaurant service or food.

For some teens, the cancellation list is long, but surprisingly flexible – and never more so than when it comes to style. Victoria’s Secret might have sketchy links to Jeffrey Epstein, but they’ll still stay up late to watch its fashion show. Brandy Melville might be questionable for its sizing policy, except when they do a really cute top.

Maybe we’re all hypocrites in the end, cherry-picking our causes. If your teens criticise your views, consider it a learning opportunity. Remember that they’re growing up in a time when there’s no margin for error: everything they say or write can be documented online, where it will remain for all eternity. No wonder their moral compass is so finely attuned.

Better that they’re idealistic and thoughtful than cynical and tactless. And better that they correct you than let you go forth into the world inadvertently causing offence.",Laura Craik,"Family, Features, Lifestyle, Motherhood, Parenting",2024-10-28,CONTROL_Polish_Womens_Strike_2020_2024,sustained,True,0,"In, The, To"
https://inews.co.uk/inews-lifestyle/love-salmon-dinner-might-not-read-this-3338189,i,Love salmon for dinner? You might not after you read this,"It’s delicious, nutritious and versatile – but increasingly one of the most controversial foods you can put on your plate, finds Clare Finney

Revered for centuries as the king of fishes, in more recent years Atlantic salmon has become better known as the battery chicken of the sea. The culprit? Salmon farms: once a cottage industry, confined to a few wooden pens run by Scottish crofters, now the country’s fastest growing food production business, responsible for £580m of trade in 2023 alone.

Nearly 30 per cent of all fish consumed in the UK is farmed salmon, and we’re not alone in our appreciation: Scottish salmon is the country’s top food export globally. Yet as with any animal protein, with great demand comes great challenges around ethics and sustainability, and as chefs and consumers have become ever more interested in where their food comes from, the issues have become more pressing.

The problem – as salmon farming’s critics see it – is one of scale. In 1980, Scottish farmers landed 600 tonnes of salmon; by 2023, this had reached 187,725 tonnes. Ireland’s production pales into comparison – around 15,000 tonnes annually – but has still grown exponentially in the past 30 years. In both countries, salmon is farmed in “open” pens – a method of farming outlawed in several countries, but has so far had free rein in the UK.

Anyone who has flown over the west coasts of Scotland and Ireland may well have spotted the ring-shaped pens along sea lochs and shorelines. At first glance, they seem unobtrusive; yet beneath the surface lies a different story.

Every one of these pens will hold between 30,000 to one million adult fish in open nets that allow water in, but also allow the flow of waste, sea lice and chemicals used to treat the lice, out into the surrounding environment with occasionally disastrous consequences.

“Any large-scale food production comes with an environmental impact. It doesn’t matter whether it’s broad beans, cows, chickens or salmon,” says Adam Hughes, a marine ecologist and Professor of Innovation in the so-called “Blue Economy” (the term for the economic activities associated with the oceans and seas).

In the case of salmon, these impacts include faecal matter and uneaten food deposited beneath the pens, sea lice and chemicals used to treat sea lice. “It is carefully monitored by salmon farms, and limits are set by regulatory agencies but the natural environment is relied upon to accumulate that waste,” says Hughes – which, if you think about it, “is no different to terrestrial farming.”

Yet the impacts of terrestrial farming are more readily felt and seen. What consumers haven’t realised – up until relatively recently – is the extent to which the waste produced by salmon farming is affecting not just the surrounding environment, but the salmon themselves.

Lice might sound innocuous, but in fact, they cause huge welfare issues for farmed salmon, effectively eating the fish alive. En masse, lice can kill a fish, and salmon farms are all about mass. In such crowded pens, lice spread as effectively – but far more lethally – as head lice do in schools. The mortality rate in itself is cause for alarm – in February this year, the Fish Health Inspectorate revealed that mortalities on Scottish salmon farms reached 17.4 million in 2023, exceeding those the year before.

But it’s the impact of salmon farming on wild salmon and other species that are a particular source of controversy. As the number of farmed salmon has risen exponentially in the past 50 years, wild salmon populations have dwindled to the point where even seeing one, let alone catching one, is a rarity.

Where once the leaping of wild salmon up the river to their birthplace to breed was a highlight of the Scottish culinary calendar, with fish so numerous that locals could feast for weeks, now many rivers have catch and release policies, or limit the number of salmon that can be kept.

There are even heavier restrictions in England and Wales, where it is illegal to sell salmon caught in the wild. Just last week, figures from the Environment Agency and Cefas showed the number of wild Atlantic salmon caught by rod and line in England and Wales had dropped to a record low – down to 5,399 when as recently as 2017 it was 20,000.

In September, an annual salmon count recorded the lowest ever number of juveniles – that is, young salmon heading out to sea – in Frome, one of the country’s most important rivers for the species. In Ireland, where wild salmon can – with strict regulation – be caught to sell for consumption, wild salmon numbers have declined by almost 80 per cent in the past 20 years.

Admittedly the causes are complex, and by no means confined to salmon farms. “The Scottish Government has identified 13 high-level pressures and more than 40 specific pressures facing wild salmon – and the main issues in Scotland are water quality (sewage and agricultural pollution) and habitat loss,” says Salmon Scotland, the trade body representing Scotland’s salmon industry. It argues that decline in wild salmon numbers has been recorded across the globe, “including on the east coast of Scotland, England and across Europe, where there have never been any salmon farms.”

Indeed, scientists investigating the situation in Frome cited sewage and agricultural run-off as key factors. Other causes cited by the International Union for Conservation of Nature include climate change, which reduces the availability of prey, as well as dams and other barriers in the rivers blocking access to spawning and feeding grounds.

Yet the life cycle of a wild salmon remains so poorly understood, it’s impossible to rule salmon farms out as a factor – especially given their proximity to wild salmon’s migratory routes. From their birthplace in the riverbed to their feeding grounds in Greenland and back again, during their lifetime salmon travel over 2000 miles, through saline water and fresh – and no one knows how they navigate. Regardless of where you stand on farmed salmon, it is extraordinary that humans can even try to simulate this trajectory artificially and at scale.

It is also hard to believe there aren’t consequences for the wild fish. Most farmed salmon are from a limited gene pool and have been selectively bred for growth rate, disease resistance and age of maturation; traits which are profitable for salmon farmers, but disastrous for the few wild Atlantic salmon left in our waters. Both storms and seals have been known to rip holes in the pens, permitting farmed fish to escape; as recently as August, thousands of farmed salmon escaped in Connemara, western Ireland, and were subsequently found in the rivers in which wild Atlantic salmon swim and spawn.

Nor is it just wild salmon that are suffering. Though most livestock farms are working to decrease their dependence on chemicals, the salmon farming industry has done the reverse in its bid to cope with soaring mortality rates. Excessive antibiotic usage is feared to increase antimicrobial resistance among humans, but “salmon farms are the only livestock industry to have increased their antibiotic usage in recent years” says Matt Palmer, once a veterinary surgeon on an intensive Scottish salmon farm, now Campaign Manager at Wild Fish; a conservation charity dedicated to reversing the decline in wild fish populations. Meanwhile, pesticides, also used to combat disease, seep into the surrounding water and can affect crustaceans up to 40km (25 miles) away.

Organic farmed salmon, although stocking density is lower, natural sea lice control methods are used and antibiotics only under authorised control, are not immune from contamination either. “It’s just a net in the sea. However minimal the farm is, there is no way that by-products and lice [from non-organic farms] don’t get into the surrounding area,” says Ed Smith; a food writer and one of a growing number of high-profile chefs to have sworn off salmon in recent years in an effort to highlight the issues around farming.

In fact, the last straw for Smith was not the lice, escapees or chemical pollution – all of which the Scottish Environment Agency has made concerted efforts to improve in recent years. “A lot is being done to reduce lice numbers, and the amount of medicines which farms are allowed to release has been reduced greatly,” says Hughes. Antibiotic use has plummeted, new pens must meet strict criteria to limit escapees and build-up of organic matter, and freshwater baths or symbiotic cleaner fish like wrasse are being used to combat lice, instead of harsh chemicals.

Yet no farm or government agency has yet been able to address the biggest barrier to long-term sustainability, which is the amount of wild fish that must be caught and killed to feed the farmed salmon. The Foraged (Wild) Fish Dependency Ratio (FFDR) is used to measure the amount of wild fish ingredients in the feed, and their yield ratio. On average, the global ratio for farmed salmon is 1.5 – meaning more fish are killed to feed the salmon than salmon is yielded to feed humans. “That crystallised the problem, for me,” Smith says.

“They [salmon] are apex predators, at the top of the food chain. To catch fish like mackerel, wild herring and anchovies – fish that humans can [and do] eat – to produce salmon is a totally inefficient way of farming and eating,” he continues. Substituting a proportion of this with plants – as many organic salmon farms do – hasn’t helped much, because of the environmental cost of growing, transporting and processing the plants into something that offers the nutrients required for a carnivorous species.

There is one company, though, that may have found a way past this seemingly insurmountable hurdle. Loch Duart, which sells via the online fish market Pesky Fish describes its salmon as “the very first farmed salmon that we can qualify as regenerative”, according to Pesky Fish’s founder, Ben King. “The term regenerative is overused, but we judge against three criteria, no matter what the species.”

Loch Duart has reduced its dependency on wild stocks by sourcing its marine content from industry trimmings from MSC certified fisheries. “There is such large volume in fish processing, so there is a huge amount of by-product potentially going to landfill,” he explains. “Using that to feed fish reduces dependence on wild-caught fish.”

King says they have also engaged with local fishing associations to measure stock levels of existing species and marine vegetation around the farm to ensure no signs of degradation.

“One of the ways we gauge the effect of a farm on the surrounding environment is by taking a bit of the seabed underneath the pen and measuring its contents. Conventional salmon farms have to keep moving the pens because they are destroying the seabed beneath. It is dead, not thriving. But Loch Duart is not seeing the same effects.”

Loch Duart is “not perfect,” King concedes. The ethical and environmental implications of sourcing and transporting wrasse to salmon farms is still a bone of contention, as are Loch Duart’s methods of deterring the seals who are constantly finding new ways to break into the pens. Yet “in a murky environment, they are a single beacon” – and striving to improve.

There are others. In Iceland, salmon is now being reared on closed net farms on land, in a controlled environment – a model that may be tricky to replicate sustainably in the UK (though there are plans to try it in Yorkshire) but works well in Iceland, where there is more land, and abundant renewable energy. In Norway, Hughes mentions “technologies being developed where salmon cages are almost fully enclosed; still in the sea but enclosed to the extent that issues around lice and waste material are negated. They are being trialled in Norway, and companies want to bring them into Scotland,” he explains.

So what can we as consumers do in the meantime? Buying Loch Duart seems an obvious choice, but it’s an expensive one. “It’s much more expensive than the local supermarket,” says Harry Lobek, director of London Shell Co fishmonger and restaurant in north London. “Fish isn’t something people should be scrimping on, and the correlation is generally that the higher the quality the higher the price,” he continues – but if £6 a fillet [the Loch Duart price] makes your eyes water, there are more, cheaper fish in the sea. “Gurnard, grey mullet, Whiting, megrim sole etc… I would prefer to sell over salmon. They are cheaper too. But sadly they aren’t as popular and seem to be more of a connoisseur’s choice,” continues Lobek.

There’s too much money at stake for salmon farming not to up its game – and between farming fish and farming meat, the former remains the least carbon-intensive option. “There are definitely ways in which the industry can become more sustainable,” says Hughes, “but it will come at a cost, and someone has to pick up that cost.”

If we want our salmon farms to transition toward a more sustainable way of operating, we must accept paying more for a product which, up to this point, has come cheap at the expense of our sea.",Clare Finney,"Features, Fish, Food, Lifestyle",2024-10-28,CONTROL_Polish_Womens_Strike_2020_2024,sustained,True,0,"In, The, To"
https://inews.co.uk/inews-lifestyle/money/pensions-and-retirement/how-worried-pension-budget-3344490,i,How worried should I be for my pension at Wednesday's Budget?,"There have been claims for months that pensions will in the Chancellor's sights at the Budget

In our weekly series, readers can email in with any question about retirement and pension saving to be answered by our expert, Tom Selby, director of public policy at investment platform AJ Bell. There is nothing he doesn’t know about pensions. If you have a question for him, email us at money@inews.co.uk.

Question: What changes, if any, is Rachel Reeves likely to make to pensions at the Budget? Do I need to be worried?

Answer: Rachel Reeves’s first Budget has been preceded by feverish speculation over whether pensions could be in the firing line as the new Government scrabbles to raise cash to plug a supposed “black hole” in the nation’s finances. However, having already drawn the ire of retirees by means-testing the winter fuel payment, the Chancellor will probably be cautious about hitting older people for the second time within the space of a year.

While we don’t have a clear idea of what will or won’t happen on 30 October, reports suggest Reeves has backed away from the idea of fundamentally reforming pensions tax relief by introducing a “flat rate” of tax relief set somewhere between 20 per cent and 30 per cent.

This idea always felt like a non-starter, primarily because implementing such a reform would effectively result in millions of “working people” – exactly whom the Chancellor and Prime Minister have said they will protect – being hit with tax rises. Having just settled pay disputes with NHS workers, it is hard to imagine the new Government will be spoiling for another fight over public-sector pensions.

The other often suggested target is pensions tax-free cash, with some arguing the maximum someone can take in their lifetime – currently set at £268,275 – should be lowered. Any move along these lines would be deeply unpopular and potentially hugely complicated, too. What’s more, neither reforms to pension tax relief nor paring back tax-free cash entitlements would be likely to deliver the substantial in-year savings the Treasury is looking for.

The level of uncertainty created ahead of the Budget has had real-world consequences, with both contributions and the number of people taking their tax-free cash rising in recent months. It is clearly not desirable that some savers feel forced to take decisions based on rumour and speculation rather than their long-term retirement goals.

Given that one of the key promises made by the new Government was to deliver economic stability to Brits, AJ Bell has been urging the Chancellor to pledge not to make major changes to either pension tax relief or tax-free cash for an extended period of time. This “pensions tax lock” would send a clear signal to savers that the goalposts won’t be moved and should give people more confidence to take decisions based on their long-term interests.

The tax treatment of pensions on death will be viewed by many as low hanging tax fruit ready to be picked. Under existing rules, it is possible to pass on your retirement pot completely tax free to your nominated beneficiaries if you die before the age of 75. If you die after age 75, any inherited pension is taxed in the same way as income. Crucially, pensions usually don’t form part of people’s estate for inheritance tax (IHT) purposes.

This is undoubtedly a generous set of rules and something which could easily be reviewed by the new Government. However, as is often the case with pensions, applying any new tax on death – or bringing pensions into the IHT net – would come with substantial challenges.

For example, how would the Government treat people who have made decisions about their retirement pot based on the pensions death tax rules as they are today?

There will, for example, be people who chose to transfer defined benefit pensions into a defined contribution scheme in part because they wanted to prioritise passing money on tax efficiently to loved ones. If all of a sudden that money became subject to a new pensions death tax, those people would, understandably, feel like the rug has been pulled from under them.

It is therefore possible a complicated protection regime would be needed to ensure people are not subject to unfair and arguably retrospective tax measures. This would inevitably reduce the money the Treasury could potentially raise from such a move.

Clearly there are no easy choices for Reeves, but national insurance relief on employer pension contributions could be an appealing target for a chancellor with limited options available.

This relief currently costs around £17bn a year, according to the Institute for Fiscal Studies (IFS), and charging NI, even at a lower rate than the standard 13.8 per cent employers pay, would raise significant sums without breaking any of Labour’s key election pledges.

Politically, this would also be less risky as it wouldn’t hit voters directly in the pocket – although there is a danger employers will scale back remuneration, including pensions, to meet this extra cost. If the Government goes down this road, it will face a difficult balancing act deciding the level of tax that raises sufficient revenue without undermining its central objective of boosting economic growth.

Ultimately, of course, we have no idea where the Chancellor’s axe will fall or what the implications will be. While this can be destabilising, it’s usually best to deal with the tax rules as you find them and focusing on your long-term goals.",Tom Selby,Pensions,2024-10-28,CONTROL_Polish_Womens_Strike_2020_2024,sustained,True,0,"In, The, To"
https://inews.co.uk/inews-lifestyle/money/property-and-mortgages/landlord-mass-exodus-budget-low-mortgage-rates-3347914,i,Landlord 'mass exodus' possible following Budget despite low mortgage rates,"Buy-to-let mortgage rates are at their lowest in two years but experts warn landlords could exit the market after the rumoured Budget changes

Landlords are paying the lowest mortgage rates in two years – but rumoured changes in the upcoming Budget could leave them at “breaking point”, experts have warned.

The average fixed two- and five-year buy-to-let mortgage rates have remained below 6 per cent since the start of 2024, the lowest levels since the start of September 2022, before Liz Truss’s mini-Budget which sent rates soaring.

There have also been more options on the market as lenders adjust their ranges to accommodate demand.

However, landlords could decide to leave the market as a result of this week’s Budget with several changes expected that will directly affect them, including a rumoured increase to capital gains tax (CGT).

Experts warned buy-to-let mortgage rates could also start to increase over the next few weeks following the fiscal event.

Rachel Springall, finance expert at Moneyfactscompare.co.uk, said: “Landlords will be on tenterhooks to see how the upcoming Budget will play out and lenders may remain fluid with their fixed rate pricing over the next few weeks, particularly due to volatility surrounding swap rates.”

She said landlords could “reach breaking point” if stamp duty relief is unwound as planned next year, adding those facing dwindling profits may sell up, leading to a mass exodus.

Should the CGT rise, Ms Springall warned there may be an increase in the number of sales during a window of opportunity to avoid paying the increased rate.

CGT is a tax on the profit when you sell something that’s increased in value. The tax is on the gain you make, not the total amount of money you receive. For example, if you bought a home or shares for £50,000 and sold later for £100,000, you’ve made a gain of £50,000 which would be your taxable income (£100,000 minus £50,000).

Currently the rate of CGT is either 18 per cent on gains for residential property for basic rate taxpayers, or 24 per cent for higher and additional rate tax payers. For assets other than property it is 10 or 20 per cent.

While the tax is expected to go up, opinion is divided how high it will go.

Chris McLaughlin, director at Bristol-based Ocean Estate Agents, said: “Buy-to-let activity has notably declined as smaller or accidental landlords exit the market, influenced by less favourable financial conditions and increasing regulation.

“Additionally, transaction completions have risen in the last couple of months, particularly within the investment property sector, as sellers seek to conclude deals ahead of potential changes anticipated in the upcoming Budget.”

Landlords have been finding ways to negotiate tighter restrictions, often setting up limited companies to manage their portfolios as it can often be more tax efficient.

The number of limited companies set up between January and September this year was 23 per cent higher year on year and 70 per cent of new buy-to-let purchases in England and Wales are now made using a limited company, according to Hamptons estate agents.

Despite this, Ms Springall said: “The margin of profit from rental income may well be tighter than expected, but property is still regarded as a safe long-term investment.”

Those who are due to remortgage in the coming weeks are encouraged to seek professional advice.

Ms Springall said: “Any borrowers concerned about their present situation would be wise to seek independent advice if they need support or indeed to navigate the latest deals if they are due to refinance in the next few months.”",Grace Gausden,"Budget, Housing Market, Landlords, Mortgages, Property, Renting",2024-10-28,CONTROL_Polish_Womens_Strike_2020_2024,sustained,True,8,"Homeless, Landlord, Shelters"
https://inews.co.uk/inews-lifestyle/money/saving-and-banking/all-the-changes-rachel-reeves-could-make-at-the-budget-3341513,i,All the changes Rachel Reeves could make at the Budget and how they could affect you,"The Chancellor has indicated there will be multiple tax rises, as she looks to raise as much as £40bn extra a year

After months of speculation, Rachel Reeves will finally deliver her Budget this Wednesday.

The Chancellor has signalled there will be multiple tax rises ahead, as she seeks to raise as much as £40bn extra a year.

But what policies could be announced when she stands up in Parliament? Below, i takes a look at what she could unveil in the fiscal event.

Rachel Reeves is set to freeze income tax thresholds again in a move which would raise billions of pounds and leave millions paying more tax.

The Chancellor is considering the policy after concluding that it would not break Labour’s manifesto promise not to increase income tax.

While extending the freeze would not raise any additional money before 2028, it would provide extra revenue between 2028 and 2030 – helping the Chancellor meet her fiscal rules, which limit the maximum scale of Government borrowing over the five-year period covered by the Budget.

The thresholds at which people start paying the basic, higher and additional rates have been frozen since 2021.

They are due to start rising with inflation again each year from 2028, but Reeves is expected to announce in the Budget on 30 October that this deadline will be pushed back again by one or two years.

Keeping the thresholds at £12,570 for the 20p basic rate, £50,270 for the 40p higher rate and £125,140 for the 45p additional rate would mean taxpayers getting pushed into a more punitive income tax band as their salaries increase in line with inflation.

Rachel Reeves has all but confirmed that she will increase national insurance payments for employers.

When a worker is paid a wage, that wage is subject to both employee national insurance (NI) contributions of 8 per cent and employer contributions of 13.8 per cent.

But if money is paid into a pension instead, neither the employer or the employee need to pay any NI.

One option would be to raise the rate of the levy paid on all salaries, while another would involve charging national insurance on the pension contributions made by companies on behalf of their staff.

Businesses have warned a move may make them more reluctant to hire.

Fuel duty has been frozen since 2011, and the 5p cut brought in by the Conservatives in 2022 has been extended at every subsequent Budget.

The current rate is 52.95p a litre, but there has been speculation that, after over a decade, the rate could be increased for the first time.

The Chancellor could opt to reverse the 2022 5p cut, but some analysts have suggested she could announce a 10p hike which would bring the rate to a record-high of 62.95p.

Simon Williams, the RAC’s head of policy, has said that he believes the Chancellor will have “no option” but to consider a rise of at least 5p, adding that the Chancellor knows the 5p discount is “losing the Treasury £2bn a year”.

You can usually take up to 25 per cent of the amount built up in any pension as a tax-free lump sum.

So this means if your whole pension is worth £60,000, you can take £15,000 tax-free. Your pension provider takes tax off the remaining £45,000.

During the election campaign, Sir Keir Starmer said Labour would not renew the 25 per cent tax-free lump sum, although he later said this was an “old-fashioned mistake” and that there were no plans to change the rules.

However, there have been suggestions that the maximum lump-sum could be reduced from £268,275 to £100,000. This is a suggestion made by the Institute for Fiscal Studies (IFS).

As a result of the rumours, many people have contacted their pension providers and financial planners to query whether it may be best to “crystallise” their funds now – before they potentially have to pay more tax.

Capital gains tax (CGT) is paid by investors, business owners, and some property owners who make a profit when selling houses or flats they do not live in, such as holiday homes or buy-to-let properties.

Jeremy Hunt, the former chancellor, lowered the maximum rate on CGT on residential properties from 28 per cent to 24 per cent in his Spring Budget.

There have been suggestions this rate could be increased back to 28 per cent. There have even been some calls for CGT rates to be equalised with income tax rates, which could mean a large increase.

Other reliefs to CGT may also be removed. For example, under something known as business asset disposal relief, business owners may be able to pay less CGT when they sell all or part of their firm, reducing from 20 per cent to 10 per cent.

There have been calls for this to be removed by Reeves at the Budget.

Inheritance tax is paid on the estate of someone when they pass away. However, there are amounts that can be passed on tax-free.

The nil rate band (NRB), which is sometimes called the inheritance tax (IHT) threshold, is the amount which can be passed on, without there being any IHT to pay.

There is normally no IHT to pay on the first £325,000 of your estate. On top of this, homeowners can use the residence nil-rate band (RNRB) to shield another £175,000 from tax.

It means individuals can pass on a total of £500,000 without paying IHT. Couples can share their allowances, so with these pooled, couples end up being able to pass on a maximum of £1m tax-free.

There have been calls for this limit to be reduced, so more cash is subject to IHT.

There have also been suggestions that the Chancellor could reduce reliefs given to those who pass on agricultural property or businesses.

And a change to the rules regarding IHT on pensions has also been mooted. Presently, pension pots are free from IHT, and a beneficiary can draw on an inherited pot subject only to income tax at their marginal rate, or in the case of the pension holder dying before 75, no tax at all when accessed in the first two years.

A change to inheritance tax rules on pensions is also something that has been called for by the Institute for Fiscal Studies (IFS), which has said: “Pension pots should be included in the value of estates at death for the purposes of inheritance tax. If we are to have an inheritance tax, it should apply evenly across all forms of wealth.”

Inheritance tax may have to be paid after someone’s death on some gifts they have given. Gifts given less than seven years before someone passes away often attract tax.

Those given less than three years before death attract a full tax, and those given three to seven years before death are taxed on a sliding scale known as “taper relief”.

There have been calls for this taper relief to be abolished at the Budget.

Rachel Reeves is thought to be considering cuts to the welfare budget in order to spend more on long-term investment as she prepares to draw up a money-saving Budget.

The Chancellor is understood to be eyeing up reductions in the amount the state spends on benefits by helping more people get back to work.

This would lower the bill for income-related sickness benefits as well as the unemployment element of universal credit.

A source close to the Chancellor said: “If there are savings to be realised in the welfare budget, she does want to find them.”

The party is continuing a consultation initiated by the Tory government that explores potential restrictions on personal independence payments (PIP) and work-related incapacity benefits as part of efforts to reduce the welfare bill.

One proposed reform involves introducing a tiered system for PIP, a payment that can help with extra living costs for people with long-term disabilities or health conditions, potentially raising the threshold so that individuals with milder conditions no longer qualify.

The Government may reduce the ISA allowance of £20,000, the total amount you can currently save in one or more accounts.

Unlike typical savings accounts, interest made on ISA savings is not subject to tax.

You can shield £20,000 a year in these accounts, but if Reeves wants to raise more from tax, she could cut this limit to £15,000 or £10,000.

Housing Secretary Angela Rayner has reportedly secured almost £1bn in funding in the Budget which will go towards boosting the supply of council homes.

Currently, around 23,000 social housing properties are demolished or converted each year, while only about 11,000 new homes built.

Rayner wants to reverse this trend by 2026 and has reportedly been handed between £500m and £1bn in next week’s Budget towards the Affordable Homes Programme to help build tens of thousands more social homes.

Allies of the Housing Secretary, who is also the Deputy Prime Minister, have argued that this boost will prevent an expected £9bn increase in the benefits bill, and stem the falling supply of social housing.

Several newspapers have also reported that Rayner is expected to receive a further boost to her housing budget at the Spending Review, which is due to take place in spring 2025.

Alongside these plans, Rayner is also expected to launch a crackdown on the Right to Buy scheme, which allows social housing tenants to purchase their homes at a discount, by reducing subsidies and requiring tenants to have lived in their property for 10 years rather than three.

The Government has a series of self-set “fiscal rules” that it meets in order to limit its financial decisions, such as the level of taxes it levies and how much it spends – for example on the NHS, schools and more.

One of these rules is “Debt must be falling as a percentage of GDP by the fifth year of the forecast.”

However, there is speculation that Rachel Reeves could change the definition of debt, in order to allow her to borrow more money to invest in infrastructure – such as building railways, hospitals and prisons – without breaking her rules.

The International Monetary Fund (IMF) has said the UK’s debate on whether to tear up rules on debt and how much the Government can borrow is a welcome one as public investment was “badly needed”.

It is reported the Treasury will target public sector net financial liabilities (PSNFL). This measure, set to replace public sector net debt, takes in a wider account of the Government’s financial assets and liabilities, ranging from its stake in NatWest Bank to student loans.

There have been suggestions that the Government could introduce a pay-per-mile system of car tax.

Under such a system, motorists would pay every time they drive, with some warning that it would have a negative effect on the working class and those who live in rural areas. It is seen as an alternative to road tax.

Iain Reid, head of editorial at Carwow, said: “Unsurprisingly, those who drive the most miles will pay the most. If you are a high-mileage driver you could pay more under pay-per-mile than you do under the current system, low mileage drivers could pay less.”

Taxing a vehicle is based on the amount of carbon dioxide produced by the vehicle, which can range in price from £10 to £2,745.

Currently, there is no tax to pay on electric cars. However, from April next year, drivers of electric and low emission vehicles will need to pay vehicle tax in the same way as drivers of petrol and diesel vehicles.

They will pay £10 in their first year, and from the second year will pay the standard rate – currently £190.

The Society of Motor Manufacturers and Traders (SMMT) has recommended delaying the introduction of road tax for electric cars to encourage more people to purchase one.

Lifetime ISAs (LISAs) were launched in 2017 and are designed to help people aged 18 to 39 buy their first home or, much less popularly, to save for retirement.

Savers get a 25 per cent government boost when they use the funds to buy a home, but they are not allowed to use the money to buy property over £450,000.

If they do not use the money to buy a home under this amount, but withdraw it before retirement, they are hit with a penalty.

The way this works means it is levied after buyers receive the bonus, so if you save £1,000 and get a £250 bonus, you’ll have £1,250 total, but will be hit with a penalty of £312.50 on withdrawal, so a saver who initially deposited £1,000 would get £937.50 back.

There have been calls for this penalty to be removed and the £450,000 threshold increased in previous years. These calls have continued this time around.

Reeves could decide to increase alcohol duties. Currently, it rises each year in line with inflation unless the Chancellor decides to freeze it.

The Office for Budget Responsibility (OBR) estimates that alcohol duty revenue was £12.6bn in 2023/24, rising to £16.1bn in 2028/29.",Callum Mason,"Budget, Tax",2024-10-28,CONTROL_Polish_Womens_Strike_2020_2024,sustained,True,0,"In, The, To"
https://inews.co.uk/inews-lifestyle/money/saving-and-banking/how-i-manage-money-consultant-eating-out-3344545,i,"How I Manage My Money: Consultant, on £11k, spends £600 on eating out each month","Lauren Spearman, 40, has set herself the goal of going away at least once a month

In our How I Manage My Money series, we aim to find out how people in the UK are spending, saving and investing money to meet their costs and achieve their goals.

This week we speak to Lauren Spearman, 40, who lives in London and works as a freelance social media consultant and careers content creator. Lauren wants Rachel Reeves to tackle late payments to freelancers and small business owners in the Autumn Budget. She has £40,000 in old work pensions and wants to retire by the age of 60. Lauren spends £600 on eating out each month and tries to take one holiday per month.

My monthly income: My income fluctuates as I’m freelance, but is generally more than £11,000 a month before tax. In the last year, I’ve typically made more than £10,000 a month from my consulting work and roughly £1,666 per month from my content creator work. In the year to date, I’ve also made about £5,000 by renting out my flat on AirBnB.

My monthly outgoings: Mortgage, £1,466; service charge for flat, £125; council tax, £107; groceries, £200; gas and electric, £62; water, £35; broadband, £43; mobile, £59; car on finance, £219; life insurance, £73; gym, £39; eating out, £600; holidays, £500; transport, including Uber and the tube, £220; shopping, £400; haircare, manicures and toiletries, £250.

I started my career in 2007 earning £21,000 and in my last corporate role was on £105,000 a year. I focused on TV sponsorship before moving into digital advertising sales, brand marketing and social media roles.

I left a permanent job in April 2023, despite having no plan B to fall back on. I naively assumed that because I had a fair bit of experience, I’d easily find a new job. Instead, I was thrown into a chaotic job market that left me feeling that many applicants aren’t treated with respect.

Fortunately, after five months of searching, a freelance opportunity came my way. I’m now a freelance social media consultant and careers content creator. My income varies, but I’ve been making more than £11,000 a month before tax in total each month. I also post regularly on TikTok, talking about careers and the workplace.

Only about 20 per cent of my invoices get paid on time and because most of my work is project-based, my income peaks and troughs. I constantly fear not getting another project.

I’m intrigued to see if Rachel Reeves announces any strengthened regulations on late payments for freelancers and small business owners in the Autumn Budget, as they substantially affect cash flow. Penalties for late payments would be helpful.

I purchased my one-bedroom flat in London for £299,000 in 2022, but it needed fully renovating before I moved in, costing a further £26,000. My monthly mortgage repayment increased by 50 per cent in July after my two-year deal ended. The interest rate on my mortgage is now 5.69 per cent.

When I bought my flat, I made sure I was getting one below my maximum budget, as I knew that, as someone living alone and financially independent, any change in interest rates could have quite an effect. I still wince each month when my mortgage payment goes out.

I used most of my savings to renovate my flat, but also used some to tide me over when I was in-between jobs. I plan to put £30,000 I have in a business account into a private pension, savings account or investment. I’ve got a new accountant and have approached a financial adviser to help get me on track. I have £40,000 across four old work pensions, which I plan to consolidate.

I’d love to retire by the time I’m 60 – that’s the dream. I know I’m going to have to start putting in a decent chunk of my money into a pension if I stand any chance of doing this. Going freelance has opened my eyes to the reality I could be facing if I don’t start preparing for later life when it comes to saving and investing. I definitely should be thinking further ahead than I have been.

There are also alarming statistics about ageism within the marketing industry, which worries me when I look at my prospects. I recall reading that about 85 per cent of people in the industry are under 45. Having turned 40 this year, I really am concerned about this.

I think I have a healthy motivation when it comes to money. My income has increased in the last few years and I have noticed the extra comfort this brings, and am very grateful for it. I spend about £400 on clothes each month and £600 per month on eating out. I eat out about four times a week.

Since turning 40 this year, I’ve set myself a goal of going away at least once a month. I’ve just come back from my eleventh trip this year and have Palm Springs in my sights!

However, money is certainly not everything to me. My little sister was diagnosed with bowel cancer last year, but is now thankfully in remission. Her diagnosis hit me like a lightning bolt and was a wake-up call. While I’ve always valued time, experiences and travel with friends and family, this made me realise even more that while you can always earn more money, you can’t buy more time with loved ones.

Want to take part in How I Manage My Money? Email money@inews.co.uk",Jane Denton,"How I Manage My Money, Pensions, Small business",2024-10-28,CONTROL_Polish_Womens_Strike_2020_2024,sustained,True,0,"In, The, To"
https://inews.co.uk/inews-lifestyle/partner-interrupting-me-driving-crazy-3343616,i,My partner won’t stop interrupting me and it’s driving me crazy,"As i's Agony Uncle, Kenny Mammarella-D’Cruz - who has spent two decades listening to men talk about their feelings - gives his advice on feeling heard

I’ve met the perfect woman for me. I love her, she’s brilliant and curious and charismatic and kind and funny. But she won’t stop interrupting me when I speak and it’s driving me crazy.

I often can’t even finish a conversation without her butting in, or pre-empting what I might be about to say, or adding in an anecdote (that may or may not be related). On occasion I say: “Please let me finish” or, “Can I continue with what I was saying?” but I don’t think she sees it as a problem – just good, lively conversation.

I’m more introverted than her and find that while she skirts over hundreds of subjects, I’d like to be able to explore things when we chat. Or at the very least, get to the end of a thought.

Are we incompatible?

JB, 34

**

How wonderful to have met someone curious, charismatic, kind and funny. And how annoying that she won’t let you finish a sentence.

Even though it’s normal and quite a buzz in some cultures to enthusiastically speak at the same time, for those who are not wired that way – and it seems this includes you – it can leave you feeling left out in the cold and wondering why you’re bothering. It might feel like you’re not being given the time and space to be heard and considered.

For me, I know that such interruptions have triggered my “inner headmaster” who tries to put people in their place and demand they behave and listen to me, with an authoritarian voice. I don’t think this is the best solution, though. I wonder what tone you use when you ask: “Please let me finish” or, “Can I continue with what I was saying?”

While I can’t know about your girlfriend’s intentions, in my experience with clients, constant interruptions rarely stem from a lack of regard for others, – more usually that they have never learnt how to really listen. I’m glad that you recognise it in your girlfriend as a sign of enthusiasm. Sometimes it’s a symptom of neurodivergence: people with ADHD often find it hard to restrain themselves from sharing their thoughts.

What I have learnt is that if I can invite the other person to stop, take a breath and stay with me in the conversation – knowing that they will have a turn to speak, but first I need to be heard – then I don’t get frustrated.

The way that I have successfully achieved this in my own relationships is to ask them for reflective listening. This means that before they say anything in response to what I’ve said, they reflect back to me what they think I’ve said, so I can feel heard. In turn, they can feel my engagement in the conversation, rather than frustration as I battle through their interruptions.

It’s an effective way of seeing the gaps between what we say and how they land with another person, who is receiving them through their own filter on the world. This slows a conversation down and can bring intimacy to any exchange. It requires you to actively listen and reflect back to your girlfriend her words too, which can stop any descent into pondering soliloquies or one partner completely monopolising the conversation.

It might be that you need a short, sharp line like: “I know how many ideas must be pinging in your head right now and I really want to hear them.”

I love that you see her curious mind: she needs to know this will be met by someone who appreciates her rather than someone in a headmaster role who’s behaving as if they’re telling off a child who doesn’t know what they’ve done wrong.

What I’ve learnt to do, both personally and professionally, is to take notes so I can stay present when I’m listening, rather than distracted by the things I need to remember, so I can really connect. If you offer her a pen and paper, so she can capture her thoughts while listening – because you don’t want to miss out on them – she’ll surely take it as a compliment. Then, when it’s her turn it can all pour out.

In a few of my men’s groups, where people have been really struggling not to interrupt, we’ve introduced a talking stick where whoever holds the stick is the only one to speak. However, this comes with a health warning: it is not to be wielded to control others, nor used as a way of dominating the conversation.

I’d also suggest that you recognise that with some conversations, or situations, her style of connecting might be more suited, or effective, than yours. As you mention, you’re more introverted: perhaps in larger groups, when the conversation is playful and joking, her quick connections add spark to the conversation. Can you learn anything from her style of chat?

My concern with this dynamic, where you feel constantly interrupted and your thoughts anticipated, is that you withdraw from conversations “for a quiet life”. I’ve seen this lead to many men’s withdrawal in partnerships. It’s all too easy to feel frustration and ultimately conclude that no one is listening, so why bother? I’ve seen too many relationships killed off by frustration, anger and ultimately withdrawal.

If you notice this reaction in yourself, I’d recommend that instead you try to be still and connect with her, inviting her to join you in your stillness, or pace breathing and sharing of words. If she is anticipating your answers I’d ask: “Is that what I think?” Then there’s space for her to find out what you do actually think – and space for you to change your opinions.

Hopefully, with open communication, you’ll be able to meet each other at different levels for both slow, deep conversations and animated ideas-led, creative chat. It is then that you’ll find out whether your girlfriend and you really are compatible.

If you have a question for Kenny, email him here: askkenny@inews.co.uk

For more information on MenSpeak, or to join a group, visit here.",i Team,"Features, Relationships",2024-10-28,CONTROL_Polish_Womens_Strike_2020_2024,sustained,True,0,"In, The, To"
https://inews.co.uk/inews-lifestyle/travel/affordable-wine-region-lavaux-switzerland-3345309,i,The surprisingly affordable wine region in Europe’s most expensive country,"While Switzerland has a long tradition of wine production, dating to the Romans, it’s typically all polished off by the Swiss

I’m in a place known as “the land of three suns”, and it’s easy to see why. The landscape is flooded with light. Autumn sunshine cascades on to the glacial blue Lac Léman (Lake Geneva), splinters off the serrated French Alps, and radiates on to the ranks of grape vines beneath Château Chillon’s terrace. My glass of white chasselas glows honey-yellow.

This is Switzerland’s vertiginous Lavaux wine region, where chasselas vine roots have been twisting into the alpine bedrock for more than 1,000 years. Unesco-listed Lavaux sits within the so-called Swiss Riviera – a catch-all for the waterfront towns of Lausanne, Vevey and Montreux.

If you’ve never heard of Lavaux – or of Swiss wines – you’re not alone. While Switzerland has a long tradition of wine production, dating to the Romans, it’s typically all polished off by the Swiss. Only one per cent of the wine made there is exported.

Lavaux owes its success as a wine-producing area to those “three suns”: the sunlight from the sky, the glistening haze of light reflected off the lake, and the warmth absorbed by the more than 400 kilometres of stone walls that shore up the mountain terraces. Constructed by monks in the 12th century, Lavaux’s twice-warmed walls help ripen the fruit for harvest.

A historic grape variety, harvested in small quantities and produced in Europe’s most expensive country (based on Eurostat’s comparison of prices of consumer goods and services) – it sounds like a pricey proposition. But it is possible to experience this wine and its blissful region without making Swiss cheese of your bank balance.

Arriving from Geneva, Lausanne is the first Riviera stop. Home of the International Olympic Committee, this lively city is built on the southern slopes of the Jorat hills. And it loves its wine. You can even try it in the La Buvette Vaudoise restaurant in the Vaud canton’s parliament, where the menu lists bottles produced by local MPs.

For something less establishment, find Mosto. This bijou wine shop is dedicated to Lavaux’s burgeoning natural wine offering, best sampled in its subterranean ­tasting room.

It’s unlikely, however, that you will be served wine from a shot glass, such as the one my retiree guide, Annie, produced from her coat pocket during our city tour.

“The wine here used to be drunk in shot glasses,” Annie reminisces.

“As a child, I remember accompanying my uncle when he sold a cow. They sealed the deal with a shot of chasselas.”

As we stroll up to the Gothic cathedral containing, among other treasures, a CHF6,000,000 (£5.3m) organ designed by an Italian who also works for Maserati, Annie tells me about other expensive things in Switzerland.

Health insurance for a family of four costs about £2,000 per month (an extra 10 per cent is paid for every doctor’s visit). A bottle of water is, on average, £4.50. And a three-day Swiss travel pass sets you back £217.

To offset costs, tap Lausanne’s 300 fountains for water. Migros supermarkets have machines offering decent cappuccino for less than £1. And check in to accommodation in town to qualify for a Lausanne City Pass – allowing you free passage on the metro, trains and buses as far as Vevey.

Three-star Hôtel des Voyageurs has rooms from £153, although there are cheaper options, such as the Mad House (from £80, in the hip Flon district).

Alternatively, load up on cheese from Lausanne’s La Ferme Vaudois shop, take the 10-minute train to Grandvaux village, and check into the accommodation that’s dotted around one of the 14 hamlets sprinkled amid the Lavaux. Bottles of wine, bought directly from the producers’ cellars, benefit from up to a £4 discount on store prices.

A glass of fruity chasselas, in Lausanne, or on the terraces, starts at about £5 (more if derived from the grand cru areas of Dézaley or Calamin), with tastings of a trio of wines starting at £17 (roughly the same as a wine tasting in Chianti).During the harvest, when the rust and fire of autumn ignites the lakeside, cellars remain open (as they do all year). If you’re planning a visit to a smaller producer, it’s wise to call ahead to ensure they’re not too busy with the harvest.

To walk from cellar to cellar, it’s okay to traverse the historic terraces, despite being private land. However, on our way to the terrace of Château Chillon, Laika, a wine expert from the area asks us not to pick the grapes: “some producers lose up to five per cent of their crop to hikers.”

A 20-minute winding bus ride from the dinky Lavaux “capital” of Grandvaux delivers you to the arty lakeside town of Vevey. This is where silent movie star Charlie Chaplin spent his final years. The town springs surprises (including occasional 40 per cent reductions on Lavaux wines in its Obrist wine emporium).

A distant whistle announces a steam-operated, year-round belle époque ferry on the lake. Then, lo and behold, there’s an 8m-tall dinner fork protruding from the shallows – an art installation that reflects the lake’s blush pink sunsets. The artwork only hints as to how deep Vevey’s still waters run.

Every 20 years or so, Vevey hosts its Fête des Vignerons wine festival (the last was in 2019). A 20,000 seat arena is constructed, there’s a cast of thousands, ornate costumes, and goats and cows ambling across underlit sets. It has the bonkers mayhem of an Olympics opening ceremony.

This is the magic of Lavaux – delicious wine, exuberant tradition and hidden value.

Getting thereTake a fast service from London St. Pancras to Lausanne (with one change in Paris) arriving in Switzerland in just over seven hours. Fly direct to Geneva Airport from UK cities with Swiss, EasyJet, British Airways, and Jet2 (around 1 hour and 40 minutes). From Geneva, it’s about 45 minutes to Lausanne by train.

Staying ThereDoubles at Hôtel des Voyageurs from CHF 173 (£153) per night, B&B. CHF 5.50 (£4.50)pp, per night tourist tax. voyageurs.ch

More Informationmontreuxriviera.com/en/Z12840/wine-tourismlausanne-tourisme.ch/en/lausanne-wine/",Chris Allsop,"Europe Travel, Food And Drink, Switzerland, Travel, Wine Tourism",2024-10-28,CONTROL_Polish_Womens_Strike_2020_2024,sustained,True,9,"Plans, Spain, Wine"
https://inews.co.uk/inews-lifestyle/worked-undercover-met-decades-3339668,i,I worked undercover at the Met for decades – leading a double life destroys people,"Kevin O’Leary was the most senior undercover officer at Scotland Yard, running operations inside the most serious criminal networks

The first undercover case that Kevin O’Leary ever worked on is a hard one to forget: a wife was looking to hire a contract killer to get rid of her husband. O’Leary’s team were responsible for going undercover, posing as the potential killer-for-hire, to find out if she was really serious and had murderous intent, was just indulging a fantasy, or perhaps it was a cry for help. Either way, they were going into a murky underworld looking for evidence to build a case.

“Just a normal day at the office,” jokes the 61-year-old, who retired from the Metropolitan Police a decade ago after 30 years of active service, half of which was as the head of undercover operations at Scotland Yard from 2002-2010. In a role that spanned everything from infiltrating organised criminal gangs to protecting the London Olympics – which he writes about in a new book, out in October – his phone didn’t stop ringing for years.

Back to the potentially deadly wife: how does one go about finding a contract killer? Is there a Yellow Pages advertising such services? How much do you pay? “There are networks of people who ask people – if you wanted one tomorrow, you’d contact the dodgiest person you know, they wouldn’t know but they’d ask along and chain until you get there,” he explains. (In the end, the wife backed out and the case was handed to another department).

O’Leary trained as a police officer at Hendon in the 80s, having moved from Birmingham. He climbed the career ladder, leading investigations and running undercover ops where he sent officers into covert situations. He was also a negotiator in cases of kidnapping for ransom. “The hostage-takers would demand that the person was not to call the police, so my job was to go to work alongside them in secret, feeding them lines until we located the hostage.”

Later his name was thrown into the ring for the most senior undercover role (although he doesn’t think he was meant to be the final candidate). “There was someone else they had in mind, but they kept failing the exam. I knew they didn’t really want me – and I’ve never stayed at a party where I wasn’t welcome – but it was a once-in-a-lifetime opportunity, so I went for it,” he says.

Going into covert ops doesn’t require any specific qualifications, says O’Leary, but the selection process, including psychometric tests, is rigorous. The training has a 30-40 per cent fail rate. “It is quite hard to get into undercover,” he says – and it is seen as an exciting role, but these days officer churn is higher than it once was because of longer service and reduced pension benefits.

Once in the role, O’Leary quickly realised the magnitude of what he was responsible for. “I was reading cases that had been in the headlines – unsolved murders, criminal groups so well-established that the seniors think they’re untouchable. My jaw dropped,” he says.

The process for deciding whether to go undercover, he says, involves asking: Have other tactics been tried and failed? Is there backing? Are we capable of sustaining this? Do we have the team? (Sometimes they borrowed officers from other countries around the world to make it work.)

One of his longest-running ops was known as Operation Peyzac in 2008-09. There had been a spate of teenage killings in Edmonton, north London, and the police had reached a dead end. “The public weren’t giving us anything, nobody saw anything, nobody heard anything. They were frightened. There was a wall of silence.” Even the confidential hotline was quiet.

O’Leary’s unit had to work out how to get into a tight-knit community without raising suspicion. “To parachute in would be the wrong question – you have to attract these people to you.”

The police decided to set up a music shop, BoomBox, fitted out with a recording studio that locals could use for £10 a session – and unknowingly, record their conversations. “As we’re setting it up, we add a whiff of criminality, we tell people ‘we’ll buy and sell stuff just don’t tell us where it is from’,” he says. “We tell kids they can use the studio for free if they don’t misbehave or bring the police to our door. Meanwhile all the [staff] are undercover officers.”

To be convincing, the staff were trained in the sort of music the shop was selling (O’Leary says they trained officers to do anything from fly a plane to pole dancing if it was needed for a cover story.) The staff began to ask around to buy guns – getting them off the street and into the hands of law enforcement.

“We bought 35-40 guns that year. At the start these were serious weapons but we knew we’d exhausted the supply when we started being sold air pistols,” says O’Leary.

In the end it was shut down with a big arrest phase – “you go in with the riot gear – a lot of people were sent to prison”. (Later, the Operation Peyzac defendants went to the Court of Appeal and argued they had been entrapped, but the judge ultimately found the police did not overstep.)

By this point in his career, O’Leary wasn’t on the ground during these operations, but in the background making sure it ran smoothly, ‘running a plot’ as it is known: moving the pieces on the chess board, normally dozens of concurrent operations – several hundred in a year – keeping officers safe, or as safe as is possible while infiltrating organised crime.

Did it ever go wrong? Did officers get found out? “Sometimes they do get confronted and beaten up – that happened a few times. But we’ve got a well-worn protocol to sort it out.” Not exactly “secret squirrel”, but it involves using a cover officer – someone who isn’t visibly on the ground but is a handler that bridges the undercover person and the police – and a metaphorical emergency button to notify them that they’ve been compromised.

“My phone was on 24/7 even if I was on annual leave,” he says. (When he left the role, he called Vodafone to check his mobile was still connected as he was so shocked by the drop-off in contact.)

One of the more common threats was the danger the officer posed to themselves in living a double life. O’Leary says there is a “corrosive” effect. “Imagine you’re deep infiltrating criminals and then have to go home, mow the lawn, and take the kids to park, as your true self. Switching out is really difficult,” he says. “That impacts them greatly the longer it goes on.”

Prior to O’Leary’s leadership, officers could remain full-time undercover indefinitely, but he changed that and required them to have an exit plan. “One of the biggest things a leader has to do in undercover is fight your own staff, because they’re so passionate and committed they don’t realise they’re burning out. [Because] they’ll be the first one to tell me I’ve broken them, that your family has split up, and you’re drinking too much because we left you in too long.”

Undercover policing has come under scrutiny in recent years, specifically with regards to ‘honeytrap’ relationships. Mark Kennedy, a Met undercover officer, posed as environmental campaigner ‘Mark Stone’ and formed close relationships with a number of women. O’Leary knew him personally. “Those undercover relationships were totally inappropriate,” he says, adding that Kennedy’s case was the perfect example of how corrosive long-term placements can be.

O’Leary is keen to draw a distinction between the work he did and that sort of undercover work. “Our objective was always to send cases to court for prosecution, so [everything we were doing] was always going to be looked at by a judge,” he says, whereas other units were “intelligence-gathering for internal consumption to build a picture” – for example, to understand what an activist group might be planning to do.

“I’m not condemning [these] operations, they had their purpose, but what the police should caution against is mission creep – it gets wider and wider. It takes a really disciplined senior officer to call it and say stop, and I don’t think that was always done,” he says.

There are laws about what undercover officers are allowed to do and not do: they are governed by the Regulation of Investigatory Powers Act 2000 (RIPA) and the Home Office Code of Practice on Covert Human Intelligence Sources (CHIS). In 2015, former Home Secretary Theresa May set up the Undercover Policing Inquiry to investigate allegations, which is still ongoing.

But perhaps undercover work is always going to be controversial: a new BBC podcast featured undercover officer Neil Woods, who admitted: “I would seek out the most vulnerable people in those communities… [they] are the easiest to manipulate. If that sounds ruthless, well, of course it’s ruthless. A key thing about undercover policing is that it necessitates ruthlessness.”

The Met also continues to battle corruption and malpractice – seen most recently in the cases of Wayne Couzens, David Carrick, and the Charing Cross WhatsApp groups. “There was behaviour of some cops that was just deplorable,” says O’Leary. He saw firsthand corrupt officers uncovered during the course of his operations. “You can’t pick and choose what you discover when undercover. We’d be trying to investigate criminals and would be just getting a foothold and realise there were some officers on the periphery that are corrupt.”

He still thinks of himself as police – referring to ‘we’. “I still love the organisation I spent 30 years of my life in, but I felt the rot start to set in about 2010. “It started changing, austerity came in and suddenly kicked out people who had a load of experience.” He says that to be a good undercover officer, at their core, one must have curiosity, be proactive, stay calm under pressure and manage yourself. “Everyone feels they are a Netflix detective these days.”

After decades in the force, even in his final role, O’Leary could hardly be accused of kicking back. He was appointed Commander for Crime and Intelligence for the London 2012 Olympics.

The security plans drawn up were extensive: missile launchers on tower blocks, a battleship stationed in the Thames (“it was a scarecrow – if you’re coming at us, we’ll fire back”) and also a wealth of less visible policing – combating fraud during stadium construction or environmental crimes from waste dumping, as well as increased rates of domestic violence, which happens alongside sporting events, regardless of medals or not. “We prepared for everything,” he says.

And was it all right on the opening night? “We had a protest group of cyclists – who’d been given approval to protest south of the Thames – but they came towards the Olympic stadium, they were just 100 metres away from the Queen’s convoy. Fortunately an astute copper saw a chance to direct them up on to the Bow flyover when she came past. It was a stressful night, but we got away with it” [182 cyclists were arrested].

Looking at the force now, 10 years after he hung up his badge, does he think there are lessons to be learnt? “Policies and processes might change, and there are different priorities, but human beings are the same, criminals are the same, and young enthusiastic cops are the same – they want to go in and change the world just like I did.”

Where the Evidence Takes Us is out at the end of this month with Bloomsbury",Sophie Gallagher,"Features, Metropolitan Police, Police",2024-10-28,CONTROL_Polish_Womens_Strike_2020_2024,sustained,True,0,"In, The, To"
https://inews.co.uk/news/media/america-journalists-election-trust-has-been-eroded-3347391,i,America needs its journalists to call the election – but trust has been eroded,"Riots followed the result of the 2021 US election. Now the vote count is being opened up to fresh transparency to avoid a repeat

Among the angriest of the 25,000 tweets that Donald Trump issued while in the White House was one posted during the 2020 election count, asking who exactly had appointed the media to “call who the next president will be?”

This was Trump’s response to announcements by the Associated Press (AP) and US television networks that Joe Biden had won. It formed part of a barrage of aspersions that he cast on the democratic process, culminating in the “Stop the steal” riot at the Capitol on 6 January 2021.

But his question was an interesting one. Because such is the fiendishly complex nature of US elections that it primarily falls to a news agency, AP, to count the votes.

Historic distrust of federal government means that states conduct elections independently on differing time frames. Without the media, we might be waiting until mid-December for the outcome of the 5 November poll.

Given the current deluge of misinformation that infects political commentary on social media, a six-week news vacuum ahead of the result would provide a highway to anarchy.

Since the last election, Elon Musk has bought Twitter, renamed it X, and created a megaphone for political conspiracists and the Trump campaign, to which he donated $75m (£58m).

He has launched X’s election integrity community, “dedicated to sharing potential instances of fraud and irregularities” – and the 10,000-member group is alive with wild theories that set the scene for “Stop the steal 2024”.

AP has been counting the vote since 1848, when it took on a critical role that no other institution would do. It has never faced a greater challenge in getting the American public to accept its findings.

The agency is assigning a record 5,000 people to crunch the numbers in 7,000 electoral races (including state legislatures) in all 50 states. As a journalistic enterprise, it is unmatched for scale anywhere in the world.

The final call on who has won the White House will be made by a 12-strong core decision team, sitting in AP’s Washington bureau and headed by David Scott, the agency’s vice-president, head of elections.

Before that point, it will make thousands of “race calls” at counts from coast to coast. At the last US election, AP claimed 100 per cent accuracy in these calls.

The big TV networks have their own decision desks, but AP’s operation is by far the most established and most extensive. “We don’t make projections, these aren’t guesses,” says Anna Johnson, the agency’s Washington bureau chief. “There is tons of information and data behind our race calls.”

The agency relies on AP VoteCast, a huge survey of the American electorate conducted by mail, phone and online – because exit polls have become less significant with so many ballots cast in advance.

The findings are fed into analytical tools with other data sets relating to voter registration, past results and electoral rules.

AP reporters might also talk directly to local election officials on how many votes remain to be counted and the agency only makes a call at the point when “we know that there is no path for that trailing candidate to overtake the leading candidate”, says Johnson.

A major problem in 2020 was that, after the tide turned on Trump’s success in some early counts, he went public at 2.21am claiming that “frankly, we did win this election” and declaring a “fraud on the American public”.

It was four days after the vote when CNN made the first race call for Biden, followed four minutes later by AP. Fox News’s decision desk waited 10 minutes before declaring Biden president.

No matter how confident AP is in the integrity of its 2024 operation, the agency faces a battle to overcome an increasingly ingrained culture of disbelief in the election system, at least among Trump supporters.

According to a Gallup survey in September, just 28 per cent of Republicans have faith in the authenticity of the count, compared to 84 per cent of Democrats.

AP is responding to that cynicism by opening up about its methodology like never before, in articles, graphics and social videos.

Reporters are being asked to specialise in “explanatory journalism”, where they detail the idiosyncrasies of voting procedures in particular states. “We are being as transparent as possible and showing our work as much as we can,” says Johnson.

What would have been “newsroom discussions” on reporting practices are being turned into content to be shared “far and wide” with regional and national outlets that use AP material.

American democracy can ill afford a repeat of the January 2021 insurrection. Transparency about the media’s counting process is the right way forward.

The trouble is that some will be determined to ignore the facts, no matter how clearly they are represented.",Ian Burrell,"Associated Press, Donald Trump, Journalism, Press, US Election",2024-10-28,CONTROL_Polish_Womens_Strike_2020_2024,sustained,True,0,"In, The, To"
https://inews.co.uk/news/politics/taxes-working-people-national-gloom-budget-traps-reeves-3347313,i,Taxes on 'working people' and 'national gloom': The four Budget traps facing Reeves,"Labour could be undermined by its definition of 'working people' and risks bringing on yet more 'national gloom' after the Budget

The biggest test of Keir Starmer’s first year in power will undoubtedly be how he and his Chancellor Rachel Reeves handle the first Labour-led Budget in more than 14 years.

The Prime Minister has been managing expectations for months, warning that this Budget will include tough choices but that any pain will be worth it.

Reeves has taken a similar line, using her speech at Labour’s conference in Liverpool to insist that her “ambition for Britain knows no limits because I can see the prize on offer if we make the right choices now”.

But despite the Government’s hopes that this Budget will pay dividends in the long run, it still contains many short-term risks.

Here are the four potential flashpoints facing Starmer and Reeves in their Budget this week.

Labour has found its messaging muddled in recent weeks as it seeks to clarify what “working people” means – a definition now key to how Reeves’ Budget will be received.

The phrase was used over 20 times in Labour’s manifesto alongside a pledge not to raise taxes on this indeterminate group.

The Government has said it’s not raising income tax, national insurance or VAT, but other taxes are set to be increased to fill the so-called £22bn “black hole” the Chancellor has claimed she is grappling with.

One tax that could be hiked is capital gains tax (CGT), which is charged on profits from selling assets such as second homes or business shares.

Its rates range from 10 to 28 per cent depending on the asset and individual’s income, but some reports have even suggested that it is considering increasing the highest rate to as much as 39 per cent.

The question is, however, would somebody who works for a living but gets additional income from selling their assets count as a “working person”? And if so, is Labour breaking its pledge?

The Prime Minister doesn’t think so. He told reporters at a Commonwealth leaders’ summit in Samoa that such people “wouldn’t come within my definition” of working people.

Education Secretary Bridget Phillipson clarified this definition on Sunday, telling Sky News that working people are those whose “main income” derives from going to work.

The varying forms of this definition that ministers have presented will come under even greater scrutiny once the Budget has been laid out.

As parts of efforts to raise as much as £40bn extra in taxes, they will increase a variety of levies which will raise the tax burden on workers over time.

Calculations for i by financial advisory firm Blick Rothenberg suggest that freezes to income tax thresholds and an increase to fuel duty could cost the typical worker £181 by 2029-30. Forcing employers to pay national insurance on the money they pay into staff’s pension pots could also see increased costs of £108 passed on to workers, although many businesses may choose to absorb the tax themselves. All three measures are widely expected to be in the Budget.

Depending on the tax rises, this particular manifesto commitment could prove a pitfall for Labour as they attempt to prove that the Chancellor has not breached it.

Liz Truss’s tenure as prime minister may have been famously outlived by a lettuce, but it is the markets that ultimately led to her downfall.

They were spooked by her controversial mini-Budget, which included around £45bn of unfunded tax cuts and was not scrutinised by the financial watchdog.

Within a day of its delivery, the pound’s value had fallen to an all-time low against the US dollar. The Bank of England was also forced to launch an urgent £65bn programme to buy government bonds to protect pension funds.

Labour has been clear that it would never repeat that level of turmoil. But, that doesn’t mean that the financial sector isn’t nervous.

There have been warnings that the Chancellor’s plans to change fiscal rules to free up £50bn in borrowing power could have difficult consequences.

Her predecessor, Jeremy Hunt, warned that the “markets are watching” directly following her announcement and said that her plan could drive up mortgage costs.

“The consistent advice I received from Treasury officials was always that increasing borrowing meant interest rates would be higher for longer – and punish families with mortgages,” he said.

In the days after Reeves’ announcement, yields on British government bonds climbed by about six points, despite those of Germany and the US falling over the same period.

If the yield increase is sustained, there is a risk that mortgage rates will rise too.

Interest rate futures also showed that investors had 86 per cent confidence that there would be a 0.25 percentage point cut to interest rates in November, down from a 100 per cent probability before the announcement.

These early signs show that the Chancellor will need to be careful how she spends this extra borrowing power in the Budget (she is expected to use around £20bn of the £50bn) if she wants to avoid upsetting the markets and any negative consquences for the public.

The Chancellor has made it clear that there will be “no return to austerity” as a result of her Budget. This pledge is important because, as some would argue, the effects of the last round of austerity are still being felt today.

One area that saw major cuts under the Conservatives between 2010 and 2015 was criminal justice.

By 2019, there were 20,000 fewer police officers in England and Wales, and almost 250 courts had been shut. As of 2022, there were around 61,000 outstanding cases, with victims, witnesses and defendants sometimes waiting two years or more for trials to begin.

Prisons are also in crisis, with the Government forced to release some prisoners early due to the estate being around 99 per cent capacity.

Despite this, The Sunday Times reports that the Ministry of Justice is among departments who will get a “challenging settlement” at the Budget this week.

This picture is likely to play out across many areas of Government, especially as the Institute for Fiscal Studies (IFS) estimated that Reeves will need to find £25bn to avoid real-term cuts to public services.

“The first budget of this new administration could be the most consequential since at least 2010,” Paul Johnson, the director of the IFS, said earlier this month.

Any return to austerity, perceived or otherwise, could be politically risky for the new government, and Labour may have a tough time convincing the public of the necessity of any cuts.

Labour has already had its fair share of difficulty in justifying its cost-saving choices to the public, many of whom are already feeling sceptical about the party’s ability to bring about change.

Exclusive polling for i found that voters have grown more cynical about politics since the general election, marking the scale of the challenge that the Chancellor faces at the Budget.

Many Britons are also said to be “scared” of what’s coming in the Budget, according to focus groups run by More in Common. Ed Shackle, head of qualitative research at the political consultancy Public First, paints a similar picture from the groups arranged by his own organisation.

“The public are very, very despondent at the moment,” he said. “There’s a sense of national gloom.”

One Labour MP told i that by deciding to hold the Budget at the end of October, Starmer and Reeves had created a “gap” which had left people in limbo and allowed the sense of trepidation to grow.

Meanwhile, a former Tory Treasury aide said: “It’s within their political self-interest to give the impression that the situation is worse than it is… have they gone too far? Yes. Because they haven’t been in government for so long, I think they misunderstand the power of their words.”

With such a difficult financial legacy, Reeves is unlikely to be able to offer many sweeteners in her Budget, and will have to justify some potentially unpopular ones.

One such contentious announcement could be plans to end the £2 cap on bus fares. Many cities in England have their own separate caps in place, meaning rural communities will likely be hit hardest.

Another could be plans to hike fuel duty, which has been frozen since 2011 – a policy which is reportedly costing the Treasury around £2bn a year. This could prove unpopular among voters, particularly those who drive regularly as part of their job.

One of the biggest risks for Reeves at the Budget is that its contents turn off the millions of voters that Labour gained at the last election.

With a difficult set of decisions ahead of her, the Chancellor may have to be careful about how she spents her political capital and she is under significant pressure to lighten the public mood.",Eleanor Langford,"Austerity, Budget, Keir Starmer, Politics Long Read, Rachel Reeves, Taxes",2024-10-28,CONTROL_Polish_Womens_Strike_2020_2024,sustained,True,0,"In, The, To"
https://inews.co.uk/news/science/why-covid-hospitalisations-among-infants-remain-high-3346888,i,Why Covid hospitalisations among infants remain high,"Under 1s account for 64 per cent of all childhood hospital admissions with Covid, study finds

Covid is almost as bad for babies now as it was in the early days of the pandemic, while the risk of serious illness among all other age groups has sharply reduced over time, a study has found.

Researchers found that 6,300 babies less than a year old were admitted to hospital, either wholly or partially because of Covid, in the year to August 2023.

As such, infants accounted for 64 per cent of all child admissions for Covid for that year, according to the new study, published in the Journal of Pediatrics.

The study shows the rate of hospital admissions among infants has hardly changed as the pandemic has progressed, with a total of 19,790 under-ones admitted between August 2020 and August 2023 (an average of 6,596 a year) – representing 43 per cent of all child admissions over that time.

Meanwhile, during the period when Delta was the dominant variant, from May to December 2021, infants made up less than 30 per cent of children’s admissions.

Taken together, these figures show that while serious cases fell sharply among children aged one and older, they are little changed among the under-ones.

The continuing high rate of hospitalisations among babies is largely because babies are born with no immunity to Covid and weak immune systems more generally.

This is in contrast to many older children, who have built some immunity from Covid infections and vaccines.

Most infants are only in hospital for a short time – about two days – but about 5 per cent needed intensive care.

“The pandemic is as bad as it ever was for babies. Under-ones are the only age group where admissions have not gone down over time,” said Professor Christina Pagel, of University College London.

“As children over one year old gained some immunity from infection or were vaccinated (with vaccination mostly in teens), their risk of needing hospital fell. But this doesn’t help infants in their first encounter with the virus.”

She expects the picture among infants to have been “about the same” in the year to August 2024 as they were the previous year, “as we’ve continued to see waves of Covid and immunity in newborns remains low”.

This is the first study to show that UK Covid hospitalisations among babies have hardly fallen during the pandemic.

Although a vaccine has been developed for children aged six months to four years, these are only given to those who are clinically vulnerable.

As such, the best protection a baby can get is if the mother is vaccinated during pregnancy – ideally in the third trimester, scientists say.

The baby builds up some protection from the mother’s vaccination “in utero” and boosts this further after birth from breastfeeding, when antibodies are passed on through breast milk. The vaccine also reduces the risk of the mother catching Covid and passing it to her baby.

Professor Pagel points out that vaccine uptake in pregnancy is quite low, at about 40 per cent, and urges more pregnant women to get vaccinated.

“Not enough infants are being offering the protection of a vaccine – from six months – and the benefits of maternal vaccinations aren’t be promoted enough,” she said.

A study in the New England Journal of Medicine found that a vaccination during pregnancy reduced risk of hospitalisation for Covid among infants under the age of six by 61 per cent.

Analysis by the US Centre for Disease Control and Prevention (CDC) has shown that Covid hospitalisations in babies under 6 months old are higher than any other age group apart from over-75s – although the difference is that hospital admissions among that age group have fallen sharply over the course of the pandemic, even if they are still higher than for babies.

Dr Simon Williams, lecturer at Swansea University, who was not involved in the research, said: “The findings of this new study are very concerning and help to debunk the myth that Covid is harmless in children. Although a majority of children will not be seriously ill from Covid, this study shows that in some cases it can be serious, and particularly in babies, who are vulnerable and with low immunity.”

Sheena Cruickshank, professor of public engagement and biomedical science at the University of Manchester, who was also not involved in the study, said: “Young babies are exceptionally vulnerable to Covid as their immune systems are still developing.

“This paper shows that even while older children are being hospitalised less, this is not the case for younger children. If mothers are able to breastfeed and have been vaccinated during their later pregnancy, then their maternal antibodies can protect the baby.”

“However, takeup of these vaccines has not been quite as good as it could be leaving a lot of mums and their babies vulnerable,” she said.

Dr Mary Ramsay, director of immunisation at UK Health Security Agency, said: “The Covid vaccine for pregnant women is offered during a relatively short window during Autumn [October to December], so we advise them to take it up when it’s offered this year and not delay.

“This way the vaccine can protect more pregnant women and newborn babies, whatever stage of pregnancy they might be in and if they were to deliver prematurely.

“The Covid-19 vaccine is already offered to ‘babies over 6 months of age and children who have certain long-term conditions’, who are among those most at risk of severe illness.

“For other babies and children, Covid-19 will generally be a mild illness. Our surveillance shows that whilst infants under 6 months of age currently have the highest rates of hospitalisations, the number requiring intensive treatment remains relatively low.”

“As with all vaccination programmes, the JCVI keeps the Covid-19 vaccination programme under review and informed by best available evidence.”

Health experts from UK Health Security Agency (UKHSA) and the NHS are urging parents to get their children vaccinated for flu as new data shows flu cases are currently twice as high among five to 14-year-olds as the general population.

As of 22 October, ‘influenza positivity’ among that age group is 5.7 per cent, compared with 2.5 per cent for the population as a whole, according to the latest UKHSA figures.

The positivity rate relates to the proportion of people testing positive in laboratory tests among people with symptoms, rather than the rate in the population as a whole, which would be much lower.

The flu rate is still quite low generally but we are coming up to peak season when cases will shoot up, experts warn.

It is not unusual for younger children to catch flu first and so have a higher infection rate at the beginning of the season – because they are crammed together in classrooms.

But the data serves as a timely reminder that getting your children vaccinated not only protects them, it also reduces the spread to older members of the population, they experts said.

Dr Suzanna McDonald, Flu Vaccination Programme Lead at the UKHSA, said: “This week’s data shows that while flu remains at low levels, it is highest among school children.

“Children’s immune systems respond well to flu vaccines, which for most children is given as a quick and painless nasal spray in school, helping to give them good protection as winter approaches.

“Flu season can often peak around late December, so getting your children vaccinated now will help ensure flu doesn’t ruin their and your family’s Christmas – as the vaccine will also help stop them spreading the virus.

“Parents should ensure they sign and return their vaccination consent forms so your children don’t miss out. But if they have missed the opportunity at school, you should still be able get them vaccinated at a community clinic. Flu can be a very nasty illness for anyone and every year thousands of children do end up in hospital. Nobody wants this for their child, so please ensure they get their flu vaccine on time.”

Steve Russell, NHS national director for vaccinations and screening, said: “Today’s data is a stark reminder of how easily viruses can spread in schools – especially during the colder months when students are more likely to gather indoors – but vaccination is one of the best ways to stop the spread and help prevent yourself and others from getting sick this winter.

All school aged children, up to and including year 11, are eligible for a free nasal spray flu vaccine.

The vaccine usually produces a better immune response in children and evidence from last year’s flu season shows strong effectiveness for children in England with a 54 per cent reduction in hospitalisation for those between 2 and 17 years of age, it said.

Delivery of the flu vaccine in schools started in early September and the local Immunisation Teams will move from school to school across their region throughout October and November, with school vaccination sessions completed by mid-December.",Tom Bawden,"Covid, Covid-19 vaccine",2024-10-28,CONTROL_Polish_Womens_Strike_2020_2024,sustained,True,0,"In, The, To"
https://inews.co.uk/news/tommy-robinson-contempt-of-court-protest-3347837,i,Tommy Robinson jailed for 18 months after admitting contempt of court,"Robinson admitted breaching the High Court order made in 2021

Tommy Robinson has been jailed for 18 months after admitting committing contempt of court by repeating false allegations against a Syrian refugee, in breach of an injunction.

Robinson, 41, whose real name is Stephen Yaxley-Lennon, admitted breaching the High Court order made in 2021 as he appeared at Woolwich Crown Court on Monday.

Passing sentence, Mr Justice Johnson said the breaches of the injunction were not “accidental, negligent or merely reckless” and that the “custodial threshold is amply crossed”.

The Solicitor General issued two contempt claims against Robinson this year, claiming he “knowingly” breached the order on multiple occasions.

Robinson had been barred from repeating false allegations against then-schoolboy Jamal Hijazi, who successfully sued him for libel.

The Solicitor General issued the first contempt claim against Robinson in June this year, claiming he “knowingly” breached the order on four occasions.

Lawyers previously told a judge that the breaches included Robinson having “published, caused, authorised or procured” a film entitled Silenced, which contained the libellous allegations, in May 2023. The film remains pinned to the top of Robinson’s X (formerly Twitter) profile, while he also repeated the claims in three interviews between February and June 2023.

The second claim was issued in August, which concerned six further breaches, including playing the film to a demonstration in Trafalgar Square in central London this year, which lawyers for the Solicitor General told an earlier hearing was a “flagrant” breach of the court order.

In his sentencing remarks, Mr Justice Johnson said: “As to harm, the primary harm caused is the corrosive effect it has on the administration of justice and the ability of courts to deliver justice.”

He continued: “The defendant has not shown any remorse for his breaches of the order. It would have been surprising had he done so.”

The judge added Robinson had been found to have committed contempt of court on three previous occasions, adding: “All of his actions so far suggest he regards himself as above the law.”

Robinson was ordered to serve 18 months, less three days he has spent on remand, having been in custody since Friday.

He said that Robinson could only serve 14 months if he “purges” his contempt, such as by removing the film from his X account.

When told he could reduce his sentence if he took the film down from his social media account, Robinson shook his head.

Robinson was released on unconditional bail in July and subsequently left the country, with Adam Payter, representing the Solicitor General, telling the High Court there “was nothing to prevent him from doing so.”

Mr Justice Johnson issued a warrant for Robinson’s arrest but ordered that it not be carried out “until early October” to allow Robinson time to indicate that he would attend the next hearing voluntarily or to apply to “set aside” the warrant.

Robinson posted a video of himself arriving at Luton Airport on 20 October and said he was surprised he had not been arrested.

He applied to set aside the warrant but his application was dismissed by Mr Justice Johnson last week.

The far-right agitator was remanded in custody on Friday at Folkestone police station, where he was separately charged with failing to provide his mobile phone access code to police under Schedule 7 of the Terrorism Act 2000.

On Monday, he appeared in the dock wearing a grey suit and waistcoat with no tie. Some of his supporters gathered outside the court.

At the start of Monday’s hearing, Aidan Eardley KC, for the Solicitor General, said a “resolution” had been reached over the allegations, and read them out to the court.

When asked by Mr Justice Johnson whether he accepted he had committed the breaches, Robinson nodded and then replied “yes”.

Mr Eardley said that the film was viewed “very extensively”, including being seen by 2.2 million people after being reposted by Andrew Tate, and said in written submissions that by the time the second claim was issued, it “had received 44m views on X alone.”

He claimed that all of the paragraphs of the injunction were breached “at one point or another” by the film, adding: “Because the nature of the film is to effectively re-run the case that failed at trial, it substantially repeats all the allegations made at trial.”

On Saturday, thousands of Robinson’s supporters gathered in central London for a protest, with demonstrators carrying placards reading “Two tier Keir fuelled the riots” and chanting “We want Tommy out” as they headed from Victoria station to Parliament Square.",Alex Dakers,"Courts, Refugees, Tommy Robinson",2024-10-28,CONTROL_Polish_Womens_Strike_2020_2024,sustained,True,0,"In, The, To"
https://inews.co.uk/news/ued-water-company-odours-won-3344888,i,'We sued our water company and won thousands of pounds - here's how it's done',"Residents in Fleetwood, Lancashire, were blighted by an 'eggy' smell from a United Utilities plant for around six years

Residents of a coastal Lancashire town sued their wastewater company and received “thousands of pounds” in compensation after being blighted by a prolonged and “horrendous” odour from one of its sewage plants.

Fleetwood residents joined together to launch a collective action case against United Utilities, claiming that they had suffered from a loss of amenity after an “appalling” smell from one of its sewage treatment works permeated through their town for six years.

Barrie Mair, 66, said that Fleetwood residents took collective action against United Utilities after the town was engulfed by a “distinctly horrible and eggy smell”.

He told i: “It lingered and it was completely appalling.

“It must have been going on for about six years on and off. We had to have our windows closed during the day and night.”

Mr Mair says he encourages communities who “have suffered a loss of amenity” as a result of sewage spills to “organise and take collective action” against their water companies, adding that it “can and does work”.

Mr Mair, who is a DJ and a former civil servant, said that more than 100 residents joined the proceedings against United Utilities.

The case ended in an out of court settlement in 2013, with United Utilities paying residents between £750 and £2,500 a year compensation, i understands.

The amount of compensation each resident received depended on how close they lived to the plant where the odour came from as well as how severely they were affected by it.

A United Utilities spokesperson said the company has “invested heavily in reducing odours at Fleetwood wastewater treatment works” over the last decade.

Stephanie Eedy, environmental lawyer at legal firm Hugh James, which led the collective action in Fleetwood, told i: “Our claim against United Utilities was for negligently caused odours which affected the community, so we had to prove negligence.

“To prove negligence, you have to have expert evidence showing that the defendant’s operations fell below the standards expected.

“This included submitting freedom of information requests to the regulator for documentation regarding its permits and any inspections carried out.”

The Fleetwood case was based on loss of amenity stemming from “private nuisance” – an interference with people’s ability to use and enjoy their private property.

A landmark Supreme Court judgement earlier this year found that a private nuisance claim can also be used against water companies over sewage spills.

The judgment permitted the Manchester Ship Canal Company (MSCC) to sue United Utilities over a private nuisance caused by raw sewage spills into the Manchester Ship Canal, which MSCC owns.

“The Supreme Court judgment changed the landscape,” Oliver Holland, environmental lawyer at Leigh Day, told i.

Mr Holland explained that “prior to that judgment, it wasn’t possible to bring a case in relation to private nuisance against a water company” over sewage pollution.

“But that judgment changed that, so that it is possible to claim a nuisance.

“It has clarified the law helpfully and has opened the door for local communities to hold sewage companies to account,” he said.

A survey conducted by research firm Thorndon Partners earlier this month found that around 75 per cent of the UK public support legal action for financial damages against polluting water firms after the Manchester Ship Canal judgement.

Commenting on the similarities between collective action cases against water companies over sewage pollution and the Fleetwood case took part in, Mr Barrie said: “I suggest many have a valid claim to seek compensation where their lives have been affected in such a negative manner on the basis that they have suffered a loss of amenity.

“From experience it is frustrating and time consuming but I would encourage everybody affected in such a manner to organise and take collective action. It can and does work. Companies need to be held responsible for the misery they cause.”

United Utilities said it “understood and shared” concerns about the need to improve following the Supreme Court judgment, highlighting its £3bn investment plan aimed at cutting pollution by improving infrastructure.

Since the judgment, Mr Holland told i that Leigh Day has “been instructed by a number of different communities”, including a group of residents in the seaside town of Exmouth in Devon suing their water company over sewage spills.

Nicky Nicholls, of beachside retail and leisure hub Sideshore, is co-ordinating between Leigh Day and Exmouth residents to carry out the legal action against South West Water.

She said: “As residents, we were all getting increasingly aware of the number of pollution incidents on the beach and then a big spill happened in August, meaning the beach was closed in the middle of our tourist season.

“That was the straw that broke the camels back. Businesses felt the immediate. There were fewer tourists, day-trippers and people couldn’t even walk on the beach.

“I talked to business owners along the beach front and was amazed to hear everybody say ‘Enough is enough’.

“We choose to live in Exmouth because of the beach and sea,” she added. “We always walk the dogs on the beach and take the kids there for a swim, play or paddleboarding.

“It means everything to our family and you can’t underestimate the impact it has when suddenly your whole way of life is shifted.”

Ms Nicholls said that around 500 people have joined the collective action against South West Water since the case was launched earlier this month.

One resident involved in the case is Edward John Morgan, 52, who co-owns the watersports business Red Rock.

Mr Morgan, who also runs a beach-side campsite, told i that cancellations and refunds to customers who were unable to access the water due to sewage spills cost his business “thousands of pounds” this summer.

“We are a seaside town that absolutely relies on the sea to attract the tourists,” he said. “If you take the beach away, you’ve floored us.

“Basically, it’s floored the whole of Exmouth, not just me.

“None of us really want any money, we just want it all sorted,” he added. “It’s just not good enough – not in the 21st century.”

South West Water has said that it is “serious about tackling storm overflows and change of this scale takes time, ambition, and increased investment.

“We are investing around £38m in the Exmouth area up to 2030 which includes upgrades to our pumping stations and treatment works to significantly reduce the number of spills and further protect the environment.”

Ms Eedy of Hugh James said that, despite similarities between the Fleetwood case and collective action taken against water companies over sewage, differ in significant ways.

She explained that Fleetwood residents involved in the case against United Utilities were legal owners or tenants who are unable to enjoy their private property, rather than public spaces, such as beaches or seas.

“A claim of nuisance is a claim relating to property. So the person bringing the claim has to have a legal interest in the property affected,” she said.

“A claim for [sewage] emissions caused by negligence would be similar, but our case in Fleetwood was legal owners/legal tenants, so it was a claim for loss of amenity in terms of a loss of enjoyment for properties affected by odour emissions.”

The Labour Government’s new Water (Special Measures) Bill will introduce harsher penalties for law-breaking wastewater firms, with prison sentences of up to two years for executives who fail to cooperate or obstruct investigators.

Water companies will be required to publish near real-time information from storm overflow monitors within an hour of each sewage discharge.

The Bill will also enabled the Environment Agency (EA) to impose “severe penalties more quickly, without having to direct significant resources to lengthy investigations”, for offences related to pollution.

An analysis by i last week revealed that sewage permit compliance tests carried out by the EA are set to hit a 12-year low in England, despite that a record number of sewage spills were reported to the watchdog last year.

Testing conducted on discharges from sewage treatment sites between 1 January to 1 October this year was at its lowest rate since 2012, i‘s analysis found.

Investigators measured 31,687 samples between 1 January and 1 October this year – a drop of almost 2,600, or eight per cent, compared with the same period in 2023.

If testing continues at the same rate for the remainder of the year (between 2 October and 31 December), then fewer tests will be conducted than any year since 2012, when 9,892 tests were conducted in that period.

The lower level of testing came after water companies reported a record 3.6 million hours of sewage spills across England and Wales in 2023, compared to 1.75 million in 2022.

#1. RIVER HEALTH: 77% rivers in good health by 2027

Current situation: England’s rivers were once havens of biodiversity, but the vast majority are now struggling to support healthy ecosystems of plants and wildlife. Just 14 per cent of rivers in England are currently in good ecological health and not a single river has achieved good chemical health. The Government has set a legal target that 77 per cent will achieve good ecological status by 2027 – but without urgent action this will not happen.

Target: Within its first six months in power, the new Government will publish a roadmap on how it is going to achieve this existing legal target, and its long-awaited chemical strategy. The plan must include increased funding for the Environment Agency so the watchdog can do its job – and enforce the law.

#2. SEWAGE: Sewage spills will not damage high-priority areas – including bathing spots and nature sites – by 2030

Current situation: Bathing waters and nature sites are being destroyed by sewage spills, but water companies will not be required to clean up all these spaces until 2045.

Target: Untreated sewage will not cause damage to high-priority sites (which are bathing spots, protected nature sites, National Parks and chalk streams) by 2030. Water companies who fail to meet this target will be prosecuted. Nature-based solutions will be used to clean up sewage wherever possible.

#3. WATCHDOG: Regulators will stop water companies destroying the environment in pursuit of profit

Current situation: Water companies have paid their investors healthy dividends while failing to invest enough in their infrastructure to prevent environmental harm. This is partly caused by a disjointed regulatory system that prioritises economic outcomes over the environment.

Target: Within its first year in power, the new Government will publish a plan to reform regulation of water companies. This plan must be legislated on and executed within the first term of Parliament. This will include tougher powers to restrict dividends and bonuses for underperforming water companies, alongside greater resources to pursue prosecution. A “green duty” will be placed on Ofwat, which will force the regulator to place greater emphasis on the environment when making decisions over water companies’ business plans.

#4. BATHING: Create 100 clean bathing spots in rivers by 2030

Current situation: People in the UK have discovered the joy of wild swimming. But there are only 15 official bathing spots in English rivers, and many are not safe.

Target: 100 bathing spots in English rivers by the end of the new parliamentary term. The Environment Agency must start monitoring water quality throughout the year and take action to improve water quality at these sites. Bathing regulations will be altered so polluters can be prosecuted when bathing sites fail water quality tests.

#5. FARMING: Farmers must be funded to improve water quality, and face enforcement action if they damage the environment

Current situation: Agriculture is the biggest source of pollution in many rivers, but many farmers warn they are struggling to make ends meet under post-Brexit farming subsidies. Meanwhile, the Environment Agency is failing to enforce farming water-quality regulations.

Target: Within its first year in power, the new Government will strengthen its Environmental Land Management scheme so farmers are given more grants, support and advice to undertake activities that will improve water quality. The Environment Agency will commit to a year-on-year increase in the number of farms being inspected – and take enforcement action against those who commit breaches of the “farming rules for water”.",Kyriakos Petrakos,"Court Case, Save Britain's Rivers, Sewage, United Utilities, Water, Water Pollution",2024-10-28,CONTROL_Polish_Womens_Strike_2020_2024,sustained,True,0,"In, The, To"
https://inews.co.uk/news/why-waspi-women-ignored-budget-labour-3341855,i,Why Waspi women will be ignored in the Budget - and what Labour could do next,"Campaigners warned compensation ‘highly unlikely’ this week - but money may become available in 2025

Waspi women have been warned it is “highly unlikely” that compensation payments over changes to the state pension age will be included in Chancellor Rachel Reeves’s Budget.

However, pension experts told i it is still possible Labour will come up with a “narrow” hardship fund for the worst-affected women in the spring of 2025.

Waspi (Women Against State Pension Age Inequality) campaigners have been pushing Reeves to announce a compensation scheme for the 1950s-born women affected by the rise in the state pension age.

A damning report by the Parliamentary and Health Service Ombudsman (PHSO) in March found that the Department for Work and Pensions (DWP) was guilty of “maladministration” for failing to properly notify women of the changes.

An estimated 3.6 million Waspi women expected to get their state pension at 60 but had to wait another five or six years due to increases in the state pension age. Many claim they were not aware and made life-changing decisions because they believed they would get their pension at 60.

The watchdog recommended compensation and suggested payments of between £1,000 and £2,950, which would could put the bill at up to £10.5bn.

But Reeves is not expected to commit to Waspi compensation in Wednesday’s Budget, having previously said she had not “set aside” any money amid a huge “black hole” in the public finances.

Former pensions minister Sir Steve Webb said that if the Government was to accept the PHSO’s findings and come up with some money for Waspi women, it would probably happen in the spring Spending Review, which sets spending limits for different departments.

“It’s highly unlikely there will be something in the Budget – they will need more time,” said the former Liberal Democrat minister, who is now a partner at financial consultants LCP.

“It’s more likely at the spending review in spring, because you would be looking a longer-term spending for departments.

“I presume what they are trying to do is come up with something so they can say, ‘We haven’t completely ignored the ombudsman’ while spending as little as they can get away with.

Helen Morrissey, head of retirement analysis at Hargreaves Lansdown, said: “I would be very surprised to see something on compensation at the Budget.”

“The Government is not likely to open itself up to something on the scale suggested [in the ombudsman’s report]. You could be opening yourself up to eye-watering sums.”

Some Waspi women have told i that they gave up jobs before they were aware of the pension age changes. Some had to sell their homes or continue working with ill-health to get by in their early sixties.

Sir Steve believes a serious option is a means-tested hardship scheme based on “narrow criteria”. Relatively few women would qualify, which would help avoid a huge bill of more than £10bn.

“Government lawyers will want something… that doesn’t open them up to the next 10 campaigns for compensation.

“What they might do is create a hardship scheme for people who can demonstrate not just that they didn’t know [the pension age was going up], but they took major decisions which made material differences to them, that have caused them hardship.”

Tim Middleton, director of policy at the Pensions Management Institute (PMI), said a hardship scheme “may be possible”.

“But it would have to be legally sound, so paying money to Waspi women isn’t an admission of culpability”.

Waspi campaigners say a hardship scheme is not be good enough.

“Compensation is about addressing a wrongdoing, an injustice,” said Angela Madden, chair of the Waspi campaign. “The idea of making a benefit payment to avoid that [admission of wrongdoing] seems crazy.”

Another option for Labour could be the bold decision to completely reject the PHSO findings, which would mean no compensation for Waspi women.

John Ralfe, an independent pensions consultant, thinks this is the most likely scenario. “The likelihood of Waspi compensation being announced in the Budget, or at any other time, are very, very close to zero.”

Alternatively, the Government could announce yet another review on the issue, and let independent experts decide whether compensation is merited and what kind of scheme should be set up.

Mr Middleton said this could buy Labour a few years until the public finances are in better shape. “If they are going to compensate, the money is going to have to be there for them to do it,” he said.

Ms Madden was scathing about the idea. “It’s time to act,” she said, adding: “Delaying again definitely wouldn’t restore trust in politics.”

Labour could also consider allowing Parliament to decide on the compensation issue – perhaps even giving a free vote to MPs.

Sir Steve thinks this route is unlikely. “You don’t want to hand it over to MPs, you would lose control of the process. You want to control something with financial consequences.”

Ms Madden is confident the compensation cause could be won by such a vote. “We have enough support. MPs know the strength feeling in their own constituencies.”

While she conceded that it is “unlikely” Waspi women will see compensation scheme at the Budget, campaigners are still holding a protest at Westminster on 30 October, to ensure the issue is not forgotten.

“We will impress on the Government that we’re not going away,” she added.

A DWP spokesperson said the department was still giving “serious consideration” to the ombudsman’s report. “We will continue to listen respectfully to the women involved, and ensure we take on board any lessons learnt.”",Adam Forrest,"Budget, Labour, Pensions, Rachel Reeves, Waspi",2024-10-28,CONTROL_Polish_Womens_Strike_2020_2024,sustained,True,0,"In, The, To"
https://inews.co.uk/news/world/how-sudanese-communities-saving-lives-shadow-escalating-war-3341734,i,How Sudanese communities are saving lives in the shadow of an escalating war,"As the state collapses during a brutal conflict with no end in sight, neighbourhood networks are stepping in

Reem graduated from medical school three months before civil war broke out in Sudan in April 2023.

Her neighbourhood in central Omdurman, a city on the west bank of the Nile River with capital Khartoum on the other side, was swiftly taken by the paramilitary Rapid Support Forces (RSF) as factions of Sudan’s military government turned on each other.

“In the months we lived under the RSF they committed many abuses,” said Reem, 24, of the forces led by General Hamdan Dagalo, known as “Hemedti”. Neighbours shared stories of torture and executions.

The young doctor fled with a group of relatives and other civilians but a militiaman fired on their car. One of the bullets hit Reem, “narrowly missing my kidney”.

She was taken to her sister’s house in an area of the city controlled by the Sudanese military (SAF), the de facto national government and military. Eventually, her family were able to thread a path through heavy fighting to a hospital for treatment, and she made a full recovery.

Reem now works at a community medical centre in Behri, north Khartoum, where she treats the victims of a brutal war and one of the worst humanitarian crises in modern history, as fighting escalates again across the country.

“Among the cases that we see in the clinic are psychological trauma, rape, and violence by the RSF,” she said. “The unit also works on cases of psychological trauma resulting from random raids on residential neighbourhoods and homes, stray bullets, and severe physical injuries. We also work with citizens who were arrested by the RSF and subjected to violence such as beating and torture for continuous periods.”

The clinic is affiliated to the Khartoum Kitchen social enterprise, a network of sites offering meals to the starving, as well as medical centres, co-founded by Mohanad el-Belal, whose family hail from Khartoum and Manchester.

When the war started, “everybody became out of work basically overnight”, he said, leading to neighbours sharing their diminishing supplies with each other. “The food that was available ended up being pooled in each neighbourhood, and through that you ended up with these community kitchens.”

Mr Belal formed Khartoum Kitchen to support the movement, fundraising abroad and forging connections on the ground. The enterprise now has kitchens in eight of Sudan’s 18 states and feeds 30,000 people a day, he said.

Khartoum Kitchen is part of a wider grassroots response to what one aid worker in Sudan refers to as the “overlapping compound emergencies” resulting from war, any one of which would constitute a humanitarian crisis in itself.

After more than a year of war, fighting is escalating again as the SAF launches an offensive to reclaim Khartoum, and the RSF carries out bloody assaults in the southern state of Jazirah, with hundreds of civilians killed and many more forced from their homes.

The war has already directly killed between 19,000 and 150,000 people by varying estimates. UN officials warn of a new genocide in Darfur – which has already seen one this century – as the RSF seeks to tighten its hold on the region through a bloody sectarian campaign.

Sudan is also suffering “the most severe hunger crisis in the world”, according to the UN, with more than 26 million people – more than half the population – facing acute food insecurity. The spread of waterborne disease has bought a lethal cholera outbreak that has killed hundreds and threatens millions.

The UN, aid groups, and victims also report sexual violence on a near-unprecedented scale. RSF and allied militias, which emerged from the Arab Janjaweed forces accused of genocide in Darfur against black ethnic groups between 2003-2005, have reportedly raped and enslaved women in attacks on the same groups.

The third largest country in Africa is also the site of the world’s largest displacement crisis. More than 10 million Sudanese are internally displaced, and more than a million have fled across borders into neighbouring Chad and Egypt.

As the crisis has deepened and state services have collapsed, community responses have proliferated. Mutual aid networks have spread across the country, staffed by volunteers. Hundreds of “Emergency Response Rooms” (ERRs) offer food and medicine, as well ad hoc services such as organising evacuations and repairing infrastructure.

ERRs have reached more than four million civilians, according to the UN. The network was a leading contender for the Nobel Peace Prize last month, which was eventually awarded to Japanese anti-nuclear campaigner group Nihon Hidankyo.

“Localisation is really working in Sudan,” said Kholood Khair, a Sudanese political analyst and founder of Confluence Advisory, a “think and do tank” in Khartoum. “Emergency kitchens and mutual aid groups have, since the beginning of the war, been coming up with novel, local ways of providing humanitarian support to people.”

Such groups have maintained a strictly neutral position to broaden their operations, said Ms Khair, and relied on local connections to source supplies when aid routes used by the UN and international aid groups have been blocked.

Navigating a war zone still comes with dangers for humanitarians. On 4 October, Riham Abdallah Mohammed, a nurse at a Khartoum Kitchen medical centre, was killed by RSF shelling on her way to work in Omdurman. On 24 October, Ibrahim Mohamed Ali, a manager at the network’s kitchen in Bahri, was also killed by RSF shelling.

Kitchen workers have been beaten by militiamen, said Mr Belal, who believes the RSF are deliberately “engineering” famine. He tells staff in RSF-controlled areas not to advertise their services.

Deprivation may be most acute in al-Fasher, the capital of Darfur, which has been under siege by Hemedti’s militiamen for much of the past year with few supplies allowed in and rocketing prices for the little goods available. Due to the difficulty of establishing permanent stations under siege and under shelling, Khartoum Kitchens look to distribute food to people directly and discreetly.

The UN and major aid groups have struggled to access some of the worst-hit parts of the country, particularly in Darfur.

“Al-Fasher has been under a tight noose by the RSF and its allies…with very little access for humanitarian aid,” said Seif Magango, a spokesperson in the Office of the UN High Commissioner for Human Rights (OHCHR).

UN agencies have also been forced to reduce their presence in areas of heavy fighting because of the danger to aid workers.

In May, the UN High Commissioner for Human Rights, Volker Turk, held separate calls with the leaders of both sides, Hemedti of the RSF, and General Abdel Fattah al-Burhan, head of the SAF and de facto head of state, to urge them to follow the laws of war and to allow aid to reach civilians.

The international community, particularly actors with relations to either side, could do more to pressure them to end human rights violations and enter serious talks to resolve the conflict, said Mr Magango.

There is a widespread sense among humanitarians and experts working on Sudan that this crisis has been marginalised by other wars in Ukraine and Gaza that have sapped global attention and resources. The UN spokesperson calls it a “forgotten conflict”.

One measure of the lack of international commitment is that a UN campaign to raise $2.7b (£2.1bn) in emergency funds for Sudan this year was less than halfway to its goal as of 25 September – a figure that represents a fraction of US aid alone to both Israel and Ukraine over the same period.

Conditions are likely to deteriorate further. The British government assessed last October that RSF attacks on rival ethnic groups in Darfur amounted to “ethnic cleansing”, with UN officials expressing fear this could become – or may already be – a genocide.

RSF troops massacred thousands of ethnic Massalit when they captured the city of Geneina in West Darfur last year, according to the UN and Human Rights Watch, with fears of even greater bloodshed if they are able to capture al-Fasher.

Mass killings have been accompanied by sexual violence. The UN has documented dozens of cases of rape and women being taken into slavery, Mr Magango says, with victims reporting that family members were killed trying to protect them.

This has resulted in shocking figures for maternal health. Medecins Sans Frontieres (MSF) found that two hospitals in Darfur accounted for 7 per cent of all maternal deaths at all of its facilities worldwide last year, across hundreds of clinics in 70 countries. Sexual violence is often a contributor.

“Women and girls who become pregnant after rape have few options,” said Ruth Kauffman, MSF medical emergency manager, speaking from Nyala, south Darfur. “Stigma, shame, lack of resources and rejection by community and family can lead to unsafe abortion – often as a last resort. Complications related to unsafe abortions are a significant contributor to maternal deaths, which we have seen in our facilities in South Darfur.”

The scale of RSF atrocities have led some volunteers and activists to support the SAF as it seeks to reclaim territory, but Ms Khair notes that government forces have also killed high numbers of civilians, often through air strikes in densely populated areas, and suggests the conflict would not be resolved under any form of military rule.

“We cannot have a military government in Sudan because the war is directly the result of a military government,” she said, noting that conflict has persisted through more than 40 years of military rule either side of a revolution in 2019 that resulted in a short-lived commitment to civilian government by the armed factions.

“If we want to end the war and not just stop the fighting – these are two different things, we have to be able to put autonomy and sovereignty in Sudan in the hands of people who will not use weapons to do politics,” she said.

While prospects of a ceasefire appear low, the analyst suggests that the groundwork could be laid through limited political agreements, relating issues such as the rights of different groups and access to resources.

Any political process is complicated by the involvement of many outside actors, Ms Khair notes. Media investigations and US intelligence allege that the United Arab Emirates has been a consistent supplier of weapons to the RSF, a charge the UAE and RSF deny. Open source investigators have found evidence that Iran is supplying drones to the SAF.

A Russian plane shot down in Darfur last week was reportedly being used to supply the SAF, while the Russian Wagner group was once an ally of the RSF.

“So many countries have so many vested interests in some kind of political outcome in Sudan, and many countries have a financial interest in gold and uranium and everything else in Sudan,” said Ms Khair. “If you are trying to get a resolution, it’s not just one or two countries you need to speak to but seven, eight, ten.”

But while the war still rages, with its many overlapping crises, local aid networks will try to save as many as they can.

“It’s not a very grand aspiration,” says Mr Belal of his work. “It’s just about keeping people alive long enough that they can see better days.”",Kieron Monks,"Africa, Aid, Humanitarian aid, Refugees, Sudan, War",2024-10-28,CONTROL_Polish_Womens_Strike_2020_2024,sustained,True,0,"In, The, To"
https://inews.co.uk/news/world/netanyahu-succeeds-in-making-iran-a-distraction-from-gaza-horrors-3346920,i,Netanyahu succeeds in making Iran a distraction from Gaza horrors,"Israeli PM is showing it suits him better to extend and expand the war than to end it

Hours after the Israeli air force completed strikes on Iran, the only English language press releases from Benjamin Netanyahu’s office were pictures of him looking grave and surrounded by respectful subordinates.

A terse caption explained that this was the prime minister in the operations centre of the defence ministry in Tel Aviv “during the attack on Iran”.

But then what more was needed? In capitals across the region and beyond, the burning question was whether the attack – the first direct one on Iranian soil that Israel has ever admitted – would at least for now close the account with Tehran after Iran’s own unleashing of ballistic missiles at Israel on 1 October. Or was this merely a preparatory assault for an infinitely more dangerous one, perhaps on Iran’s nuclear sites? For Netanyahu, those pictures symbolised what he will see as his control of events and political recovery.

The man who was blamed by a majority of Israelis for the intelligence and military failures that preceded Hamas’s attack on 7 October, was excoriated by the families of the 101 hostages still held in Gaza for failing to end the war, and faced international criticism over Israel’s conduct in Gaza was much closer to where he wanted to be.

Netanyahu’s critics have long predicted he would prolong the war in Gaza for as long as possible in the interests of his own survival (in the face of a criminal trial on three corruption charges, which he denies) and until an American election which he fervently hoped Donald Trump would win.

Those predictions proved accurate. And it has paid off; the Israeli consensus in favour of the strikes on Iran is illustrated by the fact that Yair Lapid, the opposition leader, lamented that the Israel Defence Forces (IDF) had not hit “strategic and economic targets” – the ones that Washington had urged Israel to exclude.

But it also looks as if Netanyahu has succeeded, intentionally or not, in focusing the minds of Western leaders on the Iranian issue – and the increasingly lethal war with its Lebanese ally Hezbollah – rather than the dramatically worsening conditions in Gaza, where all this started.

It may be too fanciful to think that the timing of the Iran attack was to eclipse the horrors now unfolding in north Gaza. But it was left on Friday to Jordan’s foreign minister, Ayman Safadi, alone to call for an end to “ethnic cleansing” in Gaza.

Safadi’s call came in the face of increasingly dire conditions for patients at the already minimally functioning Kamal Adwan hospital in north Gaza, subject to bombardment, incursions and the detention and stripping of males including medical staff by Israeli forces.

More than 800 people have been killed in the three weeks since the IDF resumed operations against Hamas in the region. Aid has slowed to a trickle despite US objections and half-hearted threats. Aid workers were forced to suspend the polio vaccination programme.

This has led to speculation that Israel is enacting a version of the so called “generals’ plan”, under which a siege of north Gaza would force the remaining 400,000 Palestinians to head south and give the IDF a free hand to wipe out Hamas units that have regrouped there.

But many remain reluctant to leave because they have elderly or disabled family members, because they fear than nowhere else will be safe, or doubt they will ever be allowed to return home.

Netanyahu has authorised yet another round of talks on a possible hostage release deal. But it’s not clear why these will be more successful than the previous ones. Ominously, he did not declare “victory” after the assassination of Yahya Sinwar, or offer to halt the war on condition that the hostages were released.

Moreover, he has continued to resist a US-urged post-war plan for Gaza involving the Palestinian Authority, which exercises limited self-government in the occupied West Bank.

In an alternative reality, Netanyahu might have agreed to such a plan, which would have allowed Arab governments to begin the huge task of reconstructing Gaza and even to realise his pre-7 October goal of an accord with Saudi Arabia.

Instead, he seems to envisage a long-term occupation of Gaza, with the IDF maintaining a presence to deal with what is likely to be a continued insurgency, possibly working with private contractors inside Gaza.

Despite Netanyahu’s unconvincing public denials, that could lead to the gradual return of Jewish settlers, at least in north Gaza, all of which would be wholly unacceptable to Israel’s Arab neighbours and presumably a Kamala Harris presidency, if not a Trump one.

This regional crisis was precipitated and sustained in Gaza. The war with Hezbollah which has displaced 1.4 million citizens in Lebanon and tens of thousands in Israel could have been halted if Netanyahu had not resisted a ceasefire at a time when US officials and his own generals were advising him that the IDF had gone as far as it could in Gaza.

Netanyahu now appears to believe he has the opportunity to create an ambitious new regional order with Iran and Hezbollah defanged.

There is the faintest of hopes that Biden, freed of electoral constraints, could finally apply US leverage on Israel. The need to end the suffering of over two million Palestinians in Gaza, and the remaining Israeli hostages, is more desperate than ever.",Donald Macintyre,"Benjamin Netanyahu, Gaza, Iran, Israel, Israel–Hamas war",2024-10-28,CONTROL_Polish_Womens_Strike_2020_2024,sustained,True,0,"In, The, To"
https://inews.co.uk/news/world/racist-speech-trumps-rally-risks-alienating-critical-voters-needs-3347848,i,Racist speech at Trump's rally risks alienating the critical voters he needs,"The most jaw-dropping moments came from the warm-up acts, including right-wing comedian Tony Hinchcliffe

If your rally is being compared to an infamous Nazi gathering before it begins, a more circumspect candidate might make a point of toning down the language.

Instead, Donald Trump and his allies ratcheted up their crude and hateful rhetoric to new levels in New York’s Madison Square Garden on Sunday night.

Even by the standards of the Republican presidential candidate, it was a stunning twist, a quadrupling down of the blunt, anti-migrant language that has become a hallmark of his campaign.

The backlash was immediate and fierce, and even the Trump campaign was forced to put out a statement distancing him from the most openly racist remarks.

Millions of voters woke up on Monday morning – eight days before the election – to breakfast TV shows with crude jokes and offensive quips about Latinos, migrants, and women.

The only saving grace for the Trump campaign was that some of them were too obnoxious to broadcast.

The most jaw-dropping moments came from the warm-up acts, including right-wing comedian Tony Hinchcliffe.

To laughs from the audience, he said that Latinos “love making babies. There’s no pulling out. They come inside, just like they do to our country”.

Hinchcliffe added: “There’s literally a floating island of garbage in the middle of the ocean right now. I think it’s called Puerto Rico.”

Given that Trump has been making gains with the Latino vote, it was baffling – at best unhelpful, and at worst the kind of thing that makes a reluctant Trump voter change sides.

If you are Hispanic, this was your “childless cat ladies” moment, the comment by Trump’s running mate JD Vance about single women that has dogged him throughout the campaign.

Soon after, a wave of celebrities posted online their support for Democratic candidate Kamala Harris, including Puerto Ricans Jennifer Lopez and rapper Bad Bunny.

There are one million Puerto Ricans in New York and, more worryingly for the Trump campaign, 500,000 who live in Pennsylvania, the key swing state that both sides must win on 5 November.

That may explain why the Trump campaign did something it hardly ever does and – almost – apologised.

Trump spokesperson Danielle Alvarez said after the rally that the “joke does not reflect the views of president Trump or the campaign”.

But the rally was just getting going, and there was more from Republican politician David Rem.

He called Kamala Harris “the devil” while waving a cross in the air, adding for good measure that she was the “Antichrist”.

Radio host Sid Rosenberg tore in to Hillary Clinton, whom Trump beat in the 2016 election.

He said: “She is some sick bastard, that Hillary Clinton, huh? What a sick son of a bitch.”

Turning to migrants living in hotels in New York, he said there were “veterans – Americans, Americans – sleeping on their own faeces on a bench in Central Park, but the f**king illegals, they get whatever they want, don’t they?”.

Trump’s contribution to the event included repeating his outrageous claim that Democrats are the “enemy within”.

He said that when he takes office, the “migrant invasion of our country ends”, to loud applause from the crowd.

Critics had already compared the Trump rally to the 1939 gathering by the Nazi party at the precursor to Madison Square Garden.

The Nazi event was called a “Pro-American Rally” and was attended by 20,000 people in one of the more shameful episodes of America’s involvement in the Second World War.

The only speaker who made reference to this was surprise guest Terry Bollea – AKA Hulk Hogan – who eventually managed to rip off his shirt as he came on stage.

“I don’t see no stinkin’ Nazis in here,” 71-year-old Hogan, a retired professional wrestler, told the crowd.

Maybe he wasn’t looking hard enough.

On X, former BBC US correspondent Nick Bryant compared the event to the infamous Sheffield rally of the UK’s 1992 general election.

Then, a triumphant Labour Party acted as if they had won already with a US-style blowout party, including loud music and a massive budget.

A week later, they suffered a shock defeat by the Conservatives, a fate that Trump could be facing after what happened on Sunday.",Daniel Bates,"Donald Trump, Racism, Republican Party, US Election, US Politics, USA",2024-10-28,CONTROL_Polish_Womens_Strike_2020_2024,sustained,True,0,"In, The, To"
https://inews.co.uk/opinion/halloween-is-stupid-pointless-and-increasingly-dangerous-3346969,i,"Halloween is stupid, pointless and increasingly dangerous","The only bright spot of this stupid, pointless, infuriating time of year is that at least my own child’s devotion to trick or treating has finally waned.

Twelve long, long years it took, with me weeping with boredom every step of the witchy way. No, I didn’t find it cute when they were tiny and all dressed up like little witches, wizards and ghosts. I found it boring and cold.

No, I didn’t find it endearing when they got a bit older and started going up people’s paths themselves while parents waited at front gates. I found it boring and cold and embarrassing.

And last year, when they all changed into famous murderers and bloody corpses I found it boring and cold and wished we could at least go back to the bit where they were tiny and dressed – it turns out – relatively cutely after all.

Halloween is a nightmare, and not in any of the ways it’s supposed to be. Particularly over the last 10 years or so, as the American way has overwhelmed us, it has become a festival of expensive tat and – as my personal energy and other resources become increasingly depleted – even more expensive effort.

God, I envy the people who can embrace it as a wonderful opportunity to show off their imaginative and creative skills via their kids’ inventive homemade costumes and intricate makeup, and the porches artfully dressed with webs, spiders and hand-carved pumpkins modelled on the gargoyles of Notre Dame. And by envy, I mean hate, obviously. Stop showing me up.

It has become a rehearsal for all the worst bits of Christmas. The weeks of anticipation and fibrillating excitement that distracts your children from even the nugatory bits of homework or LISTENING TO WHAT I TOLD YOU TO DO AND THEN DOING IT that they can customarily manage. The TV schedules and shops fill with one theme and one theme only.

And then there’s the comedown, aggravated by the sugar they have been encouraged to eat by people who don’t have to live with them for the next 24 hours and clean up the sick.

But even more than these superficial frustrations and irritations, I find myself hating Halloween more with every passing year – with an animus that alas my child’s late-arriving disinterest in the event will do nothing to appease – because of the deeper stupidity it represents.

I have always had a low tolerance for those who profess an interest in “the supernatural” (under which moronic umbrella I also include astrology, crystal-healing and the rest, simply because it saves time and mental filing space) but as the world becomes more and more full of thrashing illogicalities and more and more determined to uncouple fact from reality, I find my patience wearing even more thin.

I’ve just watched a documentary, for example, about the digital afterlife industry. Tech bros have realised that there is money to be made in appearing to allow people to talk to the dead. Of course there is. It’s all the bereaved have wanted since time immemorial.

But now AI can crunch the whole of a dead person’s data – and the size and depth of our true digital footprint is astonishing – and add it to the whole of humanity’s internetted history and create an avatar of the lost person that, if all goes well, can converse utterly convincingly with the living. And they do. And a not inconsiderable portion seem to slip towards the belief that their loved one has in fact returned. If humankind, as TS Eliot said, cannot bear very much reality, I suspect we can bear even less unreality and remain sane.

Then there’s the US election – a straight fight between truth and untruth. One side says what it likes, the other side sits there struggling to get its boots on while the falsities travel a million times round the world, swaying more of the credulous with every sweeping pass. Votes will come in, be counted, and the carefully tallied numbers are likely to be dismissed if they do not suit the Republicans, who are now more akin to cult members than a political party.

There are the conspiracy theories that engulf us at every turn. There are the repeated assaults on biological and other scientific facts. There is the desperate clinging on to the faith that the earth is not in climate crisis, that the accumulated evidence – the recorded temperatures, the visible storms and the hurricanes, the measurable rainfall, the plotted graphs drawn from repeated data sets – mean nothing and that we can all go on living our lives heedless and carefree.

I feel we are dangerously maxed out. We have used up all our allowance for playing with facts and truths, for looking for things below and beyond that we cannot understand.

This is not the time to be encouraging, even in a plastic-pumpkin and rubber-masked way, people’s credulity.

I can’t find even the limited fun I once could in us seeking out the unknown and unknowable, of indulging our fears and our fantasies. This is the kind of thing you can afford to do when things are settled, agreed upon, when there is a body of established knowledge, when every fact is not up for debate and every apparent commonality is not built on shifting sand, to be rebuilt and recalibrated with every new breeze that blows.

By heck, think of how much fun I’ll be by Christmas.",Lucy Mangan,"Halloween, US Election",2024-10-28,CONTROL_Polish_Womens_Strike_2020_2024,sustained,True,14,"471, Dentists, Halloween"
https://inews.co.uk/opinion/if-you-want-to-see-two-tier-britain-just-look-at-our-schools-3346812,i,"If you want to see two-tier Britain, just look at our schools","Last week brought yet another depressing set of headlines about the desultory provision for children with special educational needs and disabilities (SEND) in England. They revealed the financial crisis that many councils face as they try to fund the more than £10bn cost of SEND provision.

When a safety valve – the “override” that allows councils to keep SEND spending off balance sheets, and which is designed to help councils fund those with the most severe conditions – is removed in 2026, many face the real prospect of bankruptcy. Bridget Phillipson, the education secretary, claims the system had been “neglected to the point of crisis” by the previous government. Familiar words.

The National Audit Office reports the number of young people requiring education, health and care plans (EHCPs) has doubled in the past decade to 576,000. The Department for Education forecasts this may hit one million by 2032-33. Increased government funding has so far failed to meet inexorably increasing demand.

SEND funding is far too complex to explain in detail here but, essentially, schools are responsible for the first £10,000 to support an individual EHCP, and it is up to the local authority for “higher needs” beyond that. In theory, that support should be specific and quantified. In theory.

However, SEND pupils have fallen still further behind in reading, writing and maths since the introduction of the SEND Code of Practice in 2014. As a teacher who has always had SEND pupils, in both state and private school classes, this is incredibly frustrating. So I can’t imagine how parents of SEND children feel. Actually, I can, as I speak with them regularly. The answer lies both in more, better trained, in-school professionals, as well as parents being more honest about their own children’s needs. The reality is that we all have to manage our expectations about what a little money can achieve, however painful that is.

Consider the rise in children being diagnosed with autism, up from 57,000 to 132,000 since 2015. Think about the demands that places on classrooms in mainstream schools, if children are not placed in specialist SEND schools. Can any mainstream school ever truly have enough specialist teachers and teaching assistants at a realistic future level of funding?

I have taught mixed classes of 30 with two SEND pupils, in which sometimes a Teaching Assistant can assist with purpose. I have also taught lower sets, where the percentage of SEND children is matched only by those with behavioural and other learning issues. It is almost impossible to apply disciplinary Whac-A-Mole enough to ensure the calm, supportive environment that many children on the spectrum require.

Sadly, I can also attest to middle-class parents playing a “SEND game”. Forget the two-year-long process state school parents might endure to obtain an EHCP, some in my own friendship group have sought any relevant private diagnosis, for £300, to “buy” their child more time or the right to use a laptop in exams. Meanwhile, teachers have to cajole some state school parents to forget any supposed “stigma” and seek that same help.

SEND provision is another example of two-tier Britain in action. Yes, the answer partly lies in more funding, but money alone will not fix the educational needs of SEND children. We need a reform of the whole system.

In the meantime, I promise you, teachers will continue to focus on, discuss and worry about your SEND children, each lesson, in every day, of their working week.",Stefano Hatfield,"Department For Education, Teachers, Teaching",2024-10-28,CONTROL_Polish_Womens_Strike_2020_2024,sustained,True,0,"In, The, To"
https://inews.co.uk/sport/cricket/no-country-plays-more-test-cricket-england-suffering-3347066,i,No country plays more Test cricket - and England are suffering because of it,"A reduced schedule in 2025 should help England's Ashes bid

ISLAMABAD — England’s players looked like they had one eye on their flights home during the nine-wicket hammering in Rawalpindi. And that’s probably not unrelated to the fact it was their 14th Test out of 17 this year.

Nobody in the world, not even India, plays more cricket than England. Just look at the schedule this week. As the Test squad lands back home, a white-ball tour of the Caribbean will have already begun.

Exactly one week after the start of the final Test here in Pakistan last Thursday, England play the first one-day international in Antigua. No wonder there is little overlap between the squads.

In all England will play 42 matches across all three formats in 2024. Of the 14 Tests played so far this year they have won exactly half.

This schedule is easing somewhat heading into next year, a key reason why Test coach Brendon McCullum will also assume control of the white-ball teams from January.

But the sheer number of games has to be considered when analysing England’s performance across the year.

They have only ever played as many as 17 Tests once before – back in 2016. No team has ever played as many in the T20 era and only one in history has ever played more, India in 1983.

It’s why meltdowns like the second innings in Rawalpindi last week are more likely. It is also why England have been without key players for periods this year.

A hamstring injury meant captain Ben Stokes missed the three Sri Lanka Tests at the end of the summer and the first match of this series in Pakistan. Mark Wood, thanks to bone stress in his elbow, missed this entire tour and will not be available for the three-match series in New Zealand that starts next month either.

The good news is that England’s Test schedule is relatively light heading into next winter’s Ashes in Australia – the series the whole Bazball era is likely to be judged on.

So dialling back the number of games – there will be just six Tests for England in 2025 before the Ashes and 10 in total during the year – is good news.

Indeed, there will be a five-month break between the end of the New Zealand tour in December and the first Test of the summer against Zimbabwe at Trent Bridge in May. Five more Tests against India follow and although that is a huge series, England should have a refreshed and fully fit pool of players to pick from for it.

Among those, if all goes well, will be Jofra Archer, for whom the lighter schedule should aid his return to Test cricket.

The fast bowler could prove the difference maker Down Under and, if he can be paired with Wood in the same attack, it might be the key to England winning their first away Ashes series in 15 years.

That will take some doing but with the calendar easing, they should have a better chance of producing their best cricket when the Ashes start in Perth on 21 November next year.",Chris Stocks,"England Cricket, Sports Comment",2024-10-28,CONTROL_Polish_Womens_Strike_2020_2024,sustained,True,0,"In, The, To"
https://inews.co.uk/sport/football/manchester-united-erik-ten-hag-sacked-manager-3308695,i,Man Utd sack Erik ten Hag and name Ruud van Nistelrooy as interim manager,"The Manchester United boss departs after two years at Old Trafford produced two trophies but also a record Premier League low

Manchester United have sacked Erik ten Hag after a defeat to West Ham which leaves them 14th in the Premier League.

Ten Hag’s assistant Ruud van Nistelrooy has been appointed interim head coach while the search for a full-time replacement takes place.

In two and a half years at United, Ten Hag won the 2022-23 Carabao Cup and the 2023-24 FA Cup, yet also guided the club to their lowest-ever Premier League finish.

The Dutchman was close to leaving Old Trafford at the end of last season but was given a reprieve after the FA Cup final win and signed a one-year contract extension in a show of faith.

Yet just three wins from the opening nine Premier League games leaves United firmly in the bottom half of the table having won just one of their last eight matches in all competitions.

The club had hoped to keep Ten Hag in position in a time of great change at executive level, but results have forced their hand.

The decision to remove the Dutchman is understood to have been unanimous across the new group of decision-makers, including chief executive Omar Berrada, sporting director Dan Ashworth and technical director Jason Wilcox.

A United source described Ten Hag’s sacking as a “difficult” decision but insisted there are “no excuses” for the club’s poor performances.

Although Van Nistelrooy will take over on a short-term basis, names linked with the full-time job include ex-Barcelona boss Xavi, Brentford’s Thomas Frank and Sporting Lisbon’s Ruben Amorim.

Previous names connected with the job include new England boss Thomas Tuchel, United States manager Mauricio Pochettino and Gareth Southgate, who recently ruled himself out of the running.

In a statement confirming the news, the club said: “Erik ten Hag has left his role as Manchester United men’s first-team manager.

“Erik was appointed in April 2022 and led the club to two domestic trophies, winning the Carabao Cup in 2023 and the FA Cup in 2024.

“We are grateful to Erik for everything he has done during his time with us and wish him well for the future.”

Man Utd 0-3 Bournemouth (Premier League) 9 December 2023

A 2-1 win over Chelsea in early December was arguably United’s best performance of the season to that point and should have been something to build on.

Instead, just three days later they were embarrassed by Andoni Iraola’s Cherries as Bournemouth enjoyed a first victory at Old Trafford – and in some style.

Dominic Solanke opened the scoring five minutes in and then hit a post before further goals from Philip Billing and Marcos Senesi led to boos from many of the United fans that stuck around until the end.

Man Utd 1-2 Fulham (Premier League) 24 February 2024

Confirmation of Sir Jim Ratcliffe’s investment into United, and the overhaul of football operations it would bring, had brought a sense of optimism to Old Trafford.

But it took only a few days for United to puncture it with yet another home defeat.

Harry Maguire thought he had earned a point with an 89th-minute equaliser only for United to switch off and allow Alex Iwobi to strike a dramatic stoppage-time winner.

Coventry 3-3 (2-4 pens) Man Utd 3 (FA Cup) 21 April 2024

Even in victory there were alarm bells ringing at Wembley as United reached a second successive FA Cup final.

United were firm favourites against Championship opposition and duly took a 3-0 lead, apparently cruising to victory.

But Coventry scored three goals in the last 20 minutes to force extra-time and even thought they had won it through Victor Torp in the last minute of that period before VAR intervened with an offside decision.

United came through the penalty shoot-out but it was a victory without much honour.

Crystal Palace 4-0 Man Utd (Premier League) 6 May 2024

Perhaps United’s worst day of the season came at Selhurst Park as Palace completed their maiden Premier League double over the Red Devils.

Michael Olise scored twice as Palace overwhelmed a patched-up United defence manned by Jonny Evans and Casemiro.

Defeat left United with only two wins from 10 league games, a run which would ultimately cost them any chance of finishing in the European places.

Man Utd 0-3 Tottenham (Premier League) 29 September 2024

United had been swept aside by bitter rivals Liverpool and dropped points in the Europa League against lowly-ranked Dutch side FC Twente in their two previous games at Old Trafford.

The mood worsened within three minutes of the Premier League clash with Tottenham as centre-back Micky van de Ven dribbled 70 yards through the heart of the United team before crossing for Brennan Johnson to open the scoring.

United captain Bruno Fernandes then saw red before the interval, after which further goals from Dejan Kulusevski and Solanke were the least Spurs deserved in a dominant display as the pressure on Ten Hag intensified.",George Simms,"Erik ten Hag, Manchester United FC, Premier League, Sports News",2024-10-28,CONTROL_Polish_Womens_Strike_2020_2024,sustained,True,0,"In, The, To"
https://inews.co.uk/sport/football/premier-league-var-lied-worse-than-ever-3347900,i,We were lied to about VAR - it's worse than ever in the Premier League,"Standing at the shoulder of the refereeing class is getting harder by the match. Dealing with the pressure of a difficult job has always been a thankless past-time, aggravated by the actions of players and a partisan public.

Officials operate in a hostile culture, which breeds mistakes. That was partly the point of VAR, to make the job and the life of referees easier, to improve the experience for them and us by the removal of doubt.

What we saw at the London Stadium on Sunday might just have drained the last drop of sympathy held by reasonable folk for match officials, a decision so bad it made even the most virulent Manchester United haters proffer their condolences. “One of the worst decisions I have ever seen,” said former referee Keith Hackett.

The intervention broke the spirit of the summer imperative to stop re-refereeing the game. Any call to the TV monitor had to be justified by a clear and obvious error. Match referee David Coote saw nothing in the coming together of Matthijs de Ligt and Danny Ings on the cusp of normal time. Indeed he waved off the incident with a vigorous hand action and Andre Onana continued with the play.

The ball was in the West Ham box when the game was belatedly brought to a halt by video assistant Michael Oliver, who in the clinical quiet of his Stockley Park laboratory had viewed the action again in super slow-mo, a shape-shifting device which, when the frames are slowed sufficiently, could make a Labrador puppy look like the aggressor in a fight with an American Bully.

There is always the suspicion of vanity with Oliver in the performative strut with which he goes about his business on the pitch. This feeling, this sense of low-level power-tripping transfers easily to Stockley Park when he is the one in control of the remote. To be the only man on earth capable of spotting a crime when all others see innocence adds a yard of swagger and a ton of authority.

There was a feeling observing this from the stands that Coote was being persuaded of something he didn’t quite believe. He spent an age staring at the monitor, which is a ready proof against anything being clear and obvious. In truth even when slowed there was no way of knowing clearly and obviously that De Ligt had fouled Ings.

From almost every angle it looked like the force was with Ings, that his speed and clumsiness initiated the contact. De Ligt’s hands were raised to protect against misinterpretation. But Oliver knew better, because he could see what others could not. Because he is Michael Oliver.

So this is not really about VAR. It never has been. It’s about the inability of humans to decipher truth from ambiguity. The technology takes us only so far. In matters as tangled as a football melee the camera has no place since its objectivity must subsequently pass through the filter of human subjectivity, which inevitably renders it useless and takes us back to square one.

Namely scrub VAR and let the referees get on with it, for good or ill. The alternative is to take referees out of it and hand the game over to AI bots. But then it would not be football, but a Fifa lookalike, a computerised hybrid.

Coming gently back to a reasoned place, there is of course a role for video analysis for the measurable elements, line calls and offsides, for those who like to determine a toenail’s width. But when judgements require human interpretation, technology does not bring us closer to the truth of things nor enhance the watching experience because the camera must defer to the Olivers of this world.

It is incumbent on the refereeing community at PGMOL (Professional Game Match Officials Ltd) to lead the criticism of Sunday’s debacle and reach the necessary compromise to preserve the essence of the game. Yet, any who reads the comments on social media will know that there is little trust in the refereeing community.

Those referees like Mike Dean and Dermot Gallagher, who have migrated to the Sky studios to help unpack decisions for the layperson, and indeed PGMOL chief himself, Howard Webb, via his podcast, have yet to persuade many that they are anything other than apologists for their mates in the middle.

Arsenal’s thriller against Liverpool refereed by Anthony Taylor was beset by its own VAR complications, particularly the check on Ibrahima Konate’s challenge on Gabriel Martinelli, which the Arsenal striker thought illegal. Taylor thought otherwise and was backed by VAR, a critical decision with the match at 1-1.

The Premier League’s contribution via its X account did nothing to add to the sum of understanding telling us only what we already knew, that the check revealed no foul had occurred. That’s not clarity, that’s stating the bleeding obvious as officialdom saw it. And it did not deliver absolute truth but a version of it, which differed to Martinelli’s and 50,000-plus in the stands.

VAR was supposed to bring us closer to heaven, to birth a new clarity and order. The West Ham horror demonstrates how this was always misconceived. We are at a watershed moment, the limits of VAR exposed. The dreaded TV monitor has become a carbuncle responsible for bad decisions after good.

It’s time to reign in VAR, to stop the pretence of perfection and ring-fence its deployment to the measurable elements. Leave the rest up to the man in the middle.",Kevin Garside,"PGMOL, Premier League, Referees, Sports Comment, VAR",2024-10-28,CONTROL_Polish_Womens_Strike_2020_2024,sustained,True,0,"In, The, To"
https://inews.co.uk/sport/football/the-score-verdict-premier-league-gameweek-9-3346830,i,Our verdict on every Premier League club after Gameweek 9,"Aston Villa's midweek hangover, Newcastle have a goalscoring problem, and some absolutely classic Bournemouth-ing

Click the sign-up box below to receive The Score newsletter every Monday morning this season

Manchester City have to be the big winners of the Premier League weekend because they sat back on Sunday and watched on as Arsenal took two leads but lost players to injury and saw Liverpool grab a draw at the Emirates. City are now five points clear of third and happy with their lot.

Below that, Cole Palmer remains extraordinary and will hope to lead Chelsea back into a title challenge with his magic left foot. The only other team to win in the top eight were… erm, Nottingham Forest? Ask Chris Wood for details.

Erik ten Hag lost again to ramp up the pressure on his own position, but it’s the promoted clubs who should panic most after they all lost again. Crystal Palace winning and Wolves drawing means that Ipswich and Southampton’s situation already looks a little forlorn.

Scroll down for our verdict on every team (listed in table order).

Friday

Saturday

Sunday

I know the definition of a full-back is very blurred now, in a world of inversion, overlapping and in which the biggest clubs routinely dominate territory and possession. But after Josko Gvardiol had another two shots against Southampton and five touches in the opposition box, I wanted to run through just how much he has warped the term “left-back” this season.

In the Premier League so far, Erling Haaland has had 123 touches of the ball in the final third of the pitch – fair enough, he’s the centre forward. Gvardiol has had 295 touches of the ball in the final third. In fact, Gvardiol has had more touches in the final third than any player at any other Premier League club (correct at the end of Saturday’s action, although James Maddison would surpass him on Sunday). Again at the end of Saturday, he had had more shots on target than Bruno Fernandes and Jamie Vardy, amongst very many others.

Gvardiol clearly isn’t a left-back; that’s just what it says on the team sheet. But as Manchester City extended their unbeaten home record past two years, it’s amazing to see how their dominance is personified in this Total Football defender who scores, creates, takes on his man, plays passes and generally hovers around the penalty area like an attacking midfielder. Reminder: he was bought as a bloody centre-back.

Absent Arsenal captain Martin Odegaard identified in his programme notes that Liverpool have made “a few changes from how they played under Jurgen Klopp”, suggesting they have more control of matches now, a claim backed up by Virgil van Dijk having more touches than anyone else in the first 20 minutes of the 2-2 draw with the Gunners.

Mikel Arteta says he prefers “dominance” to control, but Arne Slot doesn’t seem to mind it. When Arsenal sat back with a 2-1 lead he urged Liverpool to stay patient and Van Dijk’s touch count kept going up, without much reward. When a frustrated Trent Alexander-Arnold tried an impossible vertical ball with almost no room in behind a set defence, Slot whirled his hand above his head, seeming to indicate the need to recycle the ball and wait for an opening.

It was a vertical ball that did the trick eventually but from much deeper in his own half, Alexander-Arnold sparking a counter-attack with a beautiful raking pass that sent Darwin Nunez clear to set up the equaliser. The much-maligned England full-back animatedly celebrated the goal in the direction of one particular corner of Arsenal fans, whose stick had clearly been particularly pointed.

If Slot wants to create a team that controls games and unpicks defences, he may look at Alexander-Arnold’s skillset and attitude, believing he has an increasingly big part to play in it. By James Gray

Murmuring is rarely a positive noise at a football ground.

It is reserved almost exclusively for an injury to a player of some significance, and at the Emirates Stadium there are few players more significant than Gabriel Magalhaes.

When he went down with a left knee problem just after half-time, cameras quickly cut to the stands where William Saliba, Gabriel’s centre-back partner in 42 of their last 46 Premier League games, sat wearing a cap and a worried expression, unable to help while serving a one-game suspension.

Much had been made ahead of this game about how Arsenal might cope without the Frenchman; the last time he was absent, during the 2022-23 Premier League run-in, their defence fell apart as the Gunners gave up an eight-point lead.

But after 10 minutes against Liverpool, fears of a repeat performance appeared to have been allayed. Ben White, filling in for Saliba, played a perfect pass over the entire Liverpool team to send Bukayo Saka clear for the opening goal.

Thomas Partey, slotting into White’s usual right-back position, appeared not just to have Luis Diaz’s number but his home address, national insurance number and medical records, snuffing out nascent attacks down the right with emphatic tackling and trademark physicality. By James Gray

Read more: Arsenal have proved Gabriel’s injury will not derail their title bid

After the 1-1 draw with Bournemouth, Unai Emery insisted that any conjecture of a midweek hangover was a myth. You can see his point: Villa created the majority of the chances and would have been out of sight were it not for the exploits of Mark Travers in the Bournemouth goal. Had they scored even one of those chances, we would not be having this discussion.

But we are having this discussion. Emery’s team lost control at the end of the game, when Bournemouth attacked and exposed them before and after Villa took the lead. They then gave away a silly free kick out of desperation to stop another counter and subsequently defended it appallingly. After the goal, three different players stared and pointed at each other like that overplayed Spiderman meme.

Villa have dropped points in four league matches this season and three of those games came after they played in midweek. It isn’t that controversial to conclude that the glorious mania of their home Champions League matches creates an “after the Lord Mayor’s show” effect that might seep into the players. After a tedious 0-0 draw with Manchester United and a chaotic 1-1 draw with Bournemouth, both at home, it’s at least worth keeping an eye on.

A few weeks ago we praised Villa for the way in which they have been ruthless when holding onto leads (so of course they now burst our bubble). But it’s true. This was the first time since February 2023 (that mad home game against Arsenal when 2-2 became 2-4 late on) that Villa have allowed points to slip in added time in the second half. Since then, they have won points in the 89th minute or later on five separate occasions.

There is something beautifully raw and naive about Enzo Maresca’s Chelsea: the first side ever to not start a player over the age of 27 in the first nine matches of a Premier League season.

They play football to thrill, blessed by a freedom and innocence to their attacking play without parallel across the top flight. If only their youth could provide equal benefit at the back.

Against Newcastle, there was the sense Chelsea could have won 4-0 or drawn 2-2, such is their fragility and flashing brilliance.

But perhaps the finest sight in this game was Reece James, deep in added time, producing an immaculate diving header over his own crossbar. Not only was it a proclamation that perhaps football’s most complete full-back hasn’t lost his defensive faculties despite years of disruption and false starts and pain, it was the first time he had played 90 minutes since 18 April 2023.

Three interceptions, two blocked shots, two clearances, 80 touches and four successful long balls, all while deployed at left-back for the first time in his career. This was a fascinating experiment, attempting to keep both James and Malo Gusto in the same XI. It worked. By George Simms

Read more: Chelsea are developing the best attack in the Premier League

It was interesting to hear Fabian Hurzeler’s language after Brighton allowed a two-goal lead to slip on Saturday:

“We lost two points and we failed today in our development. We were not mature enough, not professional enough to win this game. We have to learn quickly from this.”

Unsurprisingly, the phrases “not professional enough” and “not mature enough” were used as headlines, which I understand. But I actually don’t think Hurzeler was using the terms in a pejorative way, making accusations against his players. Instead, he was merely being descriptive.

Brighton did make stupid mistakes when 2-0 up. They were entirely in control of the match and stuffed up a genuine four-on-one situation in Wolves’ half, from which the visitors eventually scored their first goal. Either you have to play that break calmly and efficiently to score a third goal or you reduce the number of players steaming up the pitch in case it goes wrong (which it did).

When Hurzeler says that his team are immature, he’s right. Brighton have six outfield squad members aged 28 or over. Of those six, Joel Veltman was the only one on the pitch at the end of the Wolves game. Danny Welbeck had been substituted. Adam Webster, James Milner and Solly March are all injured. Lewis Dunk pulled out before the game with a knock sustained in the warm-up.

Brighton’s team at the end of the game, when they conceded the equaliser, contained three 20-year-olds, a 21-year-old, a 22-year-old and three 24-year-olds. Veltman was the only player on the pitch older than 26 and the central midfield consisted of Max Wieffer and Yasin Ayari, who had previously been on the pitch together for one minute in total.

The point is this: Hurzeler is right that Brighton were immature to let that game slip out of their grasp. But with experience in short supply due to injuries, it’s something that the coach himself must play a role in trying to solve. Either that, or you take it as part and parcel of this project, the infrequent rough with the wonderfully smooth.

Chris Wood turns 33 in December, so he could have been forgiven for taking the last international break off. A quick call to the coach would surely have done, with an explanation of the current workload. New Zealand were playing Tahiti and Malaysia after all, a gimme qualifier followed by a friendly.

Wood went to New Zealand, scored in both matches, flew the 12,000 miles both ways and dealt with the jetlag. That is the sort of the season he’s having, where everything he touches turns to gold and goals.

And why wouldn’t you want to play every game that comes your way when you’re in the form of your life at 32? We have played nearly a quarter of this Premier League season. Erling Haaland is the only player with as many goals as Wood and Nottingham Forest temporarily went fifth in the Premier League on Friday evening. None of this is normal.

The statistics are ludicrous. As of full-time on Friday, Wood was the Premier League striker who had got the highest percentage of his shots on target this season. Of every regular starter in the Premier League, he also ranks highest for his conversion of shots to goals. Wood has taken 18 shots in nine matches, ranking only 18th by that measure despite playing at least one game more than anyone else. He has scored with seven of those 18 shots.

Skip to the longer term and it gets no less silly. Since Nuno Espirito Santo’s first game in charge of Nottingham Forest in December 2023, only Haaland has scored more non-penalty goals in the Premier League than Wood. What started with a supreme hattrick away at Newcastle continued into a purple match that is now getting close to the norm.

The two goals that beat Leicester were the epitome of Wood’s confidence and belligerence. The first was low-key sublime, the type of finish that casual observers may undervalue for its difficulty. In one movement, without ever looking at the goal, Wood touches the ball, turns and guides a curling shot around a central defender. Mads Hermansen would have saved it had the shot only been curled; Wood somehow got power too.

One other trick that Wood has is to take his shots half a second earlier than goalkeepers are anticipating and thus catching them before their feet are perfectly set to dive full-length and make a save (as they need to do when he finds the corner). The flicked header against Crystal Palace last season, the shot against the same team last week, the long-distance shot against Fulham last season and the first goal against Leicester; all fit the pattern.

Want to know the silliest thing? Wood might just do his best work without the ball. Those who see him as simply a target-man striker are underestimating his range. Wood’s work rate in pressing and closing down passing lanes is astonishing, exemplified by him covering more ground than any other Forest player this season. He has become a nuisance out of possession and a killer in the penalty area.

Many Nottingham Forest supporters – and it would be remiss of me not to admit that I was certainly one of them – feared these elements of Wood’s game had been lost forever. He started only 19 league games during his year at Newcastle and scored only four times in the league having also managed only three in 17 during his last half season at Burnley. The deal to take him to Forest – a loan with obligation to buy for £15m – appeared nonsensically steep for a striker of his age. Forest were giving into desperation and were derided by outsiders for doing so.

Well, perhaps. Wood certainly struggled initially for both form and fitness at the City Ground. He was probably fortunate that Taiwo Awoniyi also suffered injury issues and thus kept his place. This summer, Forest certainly targeted both Eddie Nketiah and Feyenoord striker Santiago Gimenez and both would have expected to start under a manager who prefers a single centre forward.

But circumstance creates bright shards of opportunity and careers can become defined by your exploitation of that circumstance. That is what makes this form so joyous. Wood has made the best of everything to keep on keeping on. Watch the reaction of his teammates after every goal: unbridled happiness at their mate in the form of his life. Who knows how far this can go?

On days like this, it is hard to escape the conclusion that more flexibility is required. Tottenham created their best chance of the game two minutes after half-time when Guglielmo Vicario hoisted a ball onto Dominic Solanke’s chest; within two passes Dejan Kulusevski was forcing Dean Henderson into a hurried save in his own six-yard-box. Then they went back to passing it along their own box.

The Kulusevski chance was an anomaly in the first 15 minutes of the second half which was packed full of Palace opportunities. It was a red and blue onslaught with everything naturally running through Eberechi Eze, the playmaker linked with Spurs last summer.

Eze scored but was just caught offside by the high line, had a penalty appeal waved away after a tangle with Van de Ven and then lashed a shot just wide in the space of 10 minutes as Crystal Palace laid siege on a weary Spurs defence.

Postecoglou responded by making a triple change, which included taking James Maddison and Kulusevski – his two most creative players – off. He was rightly praised for making a bold call at half-time during last weekend’s 4-1 win over West Ham, but ditching a 4-3-3 shape for a 4-2-4 this time did not work.

Solanke and Richarlison struggled to connect, while Timo Werner offered no more than Mikey Moore, the 17-year-old who became Tottenham’s youngest Premier League starter in over three decades.

As the clock ticked down, there was desperation in the stands but not on the pitch. Palace survived the closing stages pretty comfortably as Spurs tossed one hopeful cross into the box after another. Maxence Lacroix was superb, so too Marc Guehi. Why it took this long for them to earn their first three points is a mystery. Where Spurs go next is another, after another infuriating away day. By Oliver Young-Myles

Read more: Postecoglou’s stubbornness is holding Tottenham back from their true potential

Are you ready? Because I’m going to do it again. *Taps the “Mbeumo and Wissa” sign once more for old time’s sake.

I know we have gone on about this before, but it’s the silliest thing in the Premier League so I’ll make no apologies for it. Yoane Wissa had missed Brentford’s last four Premier League games and thus the best partnership had been broken up. Wissa started on Saturday so obviously they scored three times between them.

I promise this is the last time I’ll do this, because even Brentford supporters must be getting bored of it, but you all seem to be way too chilled about the numbers. Over the last two years – two years! This is a big sample size! – Bryan Mbeumo and Wissa have started 35 Premier League matches together. In those 35 games, those two players alone have scored 33 goals. That’s not including assists, many of which were for Ivan Toney (who scored 15 goals over the same period).

At the end of Saturday’s action, Fulham were tenth in the Premier League having won three, drawn three and lost three games. It presents a picture of happy mediocrity. If Fulham are to become a mid-table Premier League club by default, few here will be moaning.

Yet that is an entirely inaccurate depiction of Fulham’s season so far: they are in tenth position and yet could be in a top-four race were it not for moments of extreme sloppiness that are threatening to remove the shine from what is working. Raul Jimenez is in the form of his life. The central defensive issues of last season have been largely fixed. Emile Smith Rowe has settled in quickly. Adama Traore is scaring opponents on the counter attack again.

Every supporter of every club has gripes about the points that got away, but at Fulham they really do have a case. We’re still in October and they have dominated at Manchester City with three golden missed chances by Traore, conceded a last-minute equaliser against West Ham, a last-minute equaliser against Everton, missed a penalty at 1-1 against Aston Villa (and lost the game) and lost a penalty shootout 16-15 in the Carabao Cup.

I suppose it’s a compliment that you can have so many nearly moments and still be comfortably clear of trouble, but believe me when I say that it’s starting to annoy Fulham fans.

Some absolutely classic Bournemouth-ing, you have to say. And you better believe that that is a compliment. They are flawed and they occasionally get overpowered because teams play through their press, but three years ago Bournemouth were a Championship team and their ability to punch above their weight since coming up, and particularly since Andoni Iraola came in, is a joy.

We have demonstrated before in this column how Iraola uses substitutions more proactively than any other Premier League manager. I don’t know if he is the only coach in the division who would substitute a starter after 30 minutes without his team even being behind in a tough fixture away from home, but I think the list would be short.

We’ve also detailed how Iraola’s in-game changes tend to work out pretty well. No team in the Premier League have had more goals scored or assisted by substitutes than Bournemouth’s eight. On Saturday, the double whammy: substitute Marcus Tavernier took the free kick and substitute Evanilson scored from it.

What I love most about Bournemouth, from an aesthetic point of view, is that Iraola seems intent on attacking to try and win a game with his changes rather than sitting on a point. Tavernier and Evanilson may have combined to rescue a point, but both players came on the pitch at 0-0. Iraola could easily have brought on a holding midfielder or extra defender for Enes Unal and Justin Kluivert. Instead he maintained the attacking intent and it eventually paid off.

Iraola does it because it works. This season already, Bournemouth have scored five goals in the last 10 minutes of matches, as many as the five teams directly below them had at the end of Saturday’s action. Since the start of last season, when Iraola joined, Bournemouth have scored nine goals in second-half stoppage time. Ridiculous.

Newcastle have a goalscoring problem. Three in their past five Premier League matches, including visits to Everton and Fulham, simply isn’t good enough. Even against a side which presents as many chances as Chelsea do, they did little-to-nothing to pressure or exploit the weak points bar Alexander Isak’s excellently worked goal. Unfortunately that was the exception, not the rule.

Harvey Barnes and Miguel Almiron are not a credible wide pairing for the level Newcastle believe they exist at or aim to inhabit. William Osula might be a fine player, but he should be out on loan, not coming off the bench. With Anthony Gordon ruled out by a groin injury pre-match, Newcastle’s attack was uninspiring and stunted, appeared basically disconnected from a midfield trio overrun by the opposing duo.

Almiron made just eight passes against Chelsea, wasted a big chance and did nothing to take advantage of Reece James playing left-back for the first time in his career. He didn’t compete a successful dribble all game and generally looked somewhere between off the pace and utterly lost. Jacob Murphy was no better in his 22 minutes on the pitch.

Newcastle are sixteenth for shots on target per game (four) in 2024-25, only above Everton, Southampton, Ipswich and Leicester. Isak’s recent performances have been something of an improvement, but he is still both personally underperforming and the victim of wider systemic issues. Two goals in eight games this season highlights how far from his best he still is.

Gordon will go for a scan on Monday, expected to miss both the Chelsea cup game and Arsenal league match in the next week at least. If he’s out for any longer, we will inevitably reach the point where calls for Eddie Howe’s job escape the confines of social media and breach the walls of reasonable discourse. By George Simms

What the blazes was Julen Lopetegui thinking keeping Crysencio Summerville in hiding until the second half? For a manager in even more trouble than Erik ten Hag, to leave Summerville doing crosswords on the bench was inexplicable.

Lopetegui might not have come out for the second half himself had United converted the myriad chances they created in a dominant first half. West Ham could not keep the ball, had no functioning midfield and were looking at disaster, were it not for United’s inexplicable inability to score.

Summerville’s introduction immediately after the break changed the shape of the game, his pace pulling United out of shape and never allowing them to settle. United can moan all they like about the VAR decision that ultimately cost them a point but West Ham had them rocking when Summerville poked his team in front and were unfortunate to concede late in the game.

Tomas Soucek, who also joined the action as one of three post half-time subs, added the ballast and authority that Lucas Paqueta lacked. His introduction did much to bring Jarrod Bowen into the game, changing the momentum completely. And Aaron Wan-Bissaka also had a blinder against his old club finishing with a typically brilliant intervention in the closing stages to deny Alejandro Garnacho as he sped menacingly into the box.

Lopetegui discovered in extremis a formation that works. Let’s see what he can do with it. Although he won’t always have a team as willing as United to help him out. By Kevin Garside

A penalty that made even West Ham blush settled an encounter in added time that they could have lost by a bucket load before half-time. The sense of injustice allowed Erik ten Hag to peel off the familiar excuses but the facts are as bald as his pate. He is not the man to lead Manchester United.

Four league defeats in nine is not an accidental stat. Yes they squandered four gilt-edged chances in half an hour, but in the second half that old inertia reasserted itself and a team that was flatter than a shirt front for 45 minutes, led by a manager even more unpopular than Ten Hag, turned the game on its head with three dynamic substitutions.

Where Julen Lopetegui seized the day at the break, Ten Hag sat back waiting for something to happen, with the now common result. United first fell behind, and after stealing an equaliser with ten minutes to go, found a way not to capitalise on all that early promise.

VAR Michael Oliver’s intervention might have been another performative twist that befuddled all but him and the man in the middle David Coote, yet that cannot be allowed to mask the rank incompetence of the coach overseeing United’s continuing decline. By Kevin Garside

Read more: Ten Hag’s rank incompetence cost Man Utd – not controversial VAR call

After a second half during which Steve Cooper had been serenaded by Nottingham Forest supporters, both a compliment and a series of daggers to the heart, Leicester’s manager discussed, at length, the issues that had led to defeat. The general theme was that Leicester’s defenders needed to take responsibility for self-inflicted mistakes that had been ruthlessly punished. The only quibble: they weren’t punished for them all.

Until Friday, Leicester were the only promoted team that hadn’t got themselves into foolish difficulty by trying – and failing – to play out from the back. Ipswich and Southampton had both been made to look silly. So it was Leicester’s turn.

For Forest’s first goal, Leicester made a mistake because they were pressed and tried to play it short. When a ball was played across the face of the penalty area, James Justin had a second chance to clear but completely shanked his kick because he panicked. Ryan Yates was able to sweep home.

The third goal was even worse, because Leicester didn’t even do the basics. Caleb Okoli let the ball bounce when Matz Sels cleared long, then Wout Faes allowed Chris Wood to outmuscle him and then allowed the striker past him to score from his weak header. Faes is the senior defender, abjectly failing to take responsibility for the situation.

This is the worry about Leicester. Their first-choice back four consists of three players who got relegated two seasons ago (when they conceded 68 times and made a series of sloppy mistakes) plus Okoli. Okoli is 23, had made only 41 top-flight starts before this season and 32 of those were in a Frosinone team relegated from Serie A last season. Is he going to be the difference-maker from two years ago to now?

In summer 2023, a desperate Everton signed two forwards in an attempt to cover for Dominic Calvert-Lewin’s injury – and goalscoring – issues. The first player to arrive was Youssef Chermiti, who signed a four-year contract for a fee of around £12m. Next came Beto for around £26m. Both deals were structured so that Everton had to pay little up front because they couldn’t really afford to.

Before Saturday, their joint records had been dismal. Chermiti has played 192 Premier League minutes across 18 appearances, failed to score and had surgery on a foot injury in August that means he still hasn’t made the bench this season. Beto had scored three league goals – two in defeats and the other in injury time of a 3-0 home win. He’d scored more times against Doncaster Rovers than any other team during his time at Everton.

It might matter that Everton were completely outplayed by Fulham at Goodison, an opponent in a position where Sean Dyche is aiming to take this team. It might matter that Everton are still only averaging a point per game after a decent run and must go to Southampton and not lose to avoid the fear seeping back in.

But to Beto, nothing else matters for now. To see his raw emotion after a goal finally made a difference to his team’s result after 14 months at the club was genuinely touching. Beto was in tears with his shirt over his face at the full-time whistle. It may not have worked out yet, but you can’t say that he doesn’t care.

“I thought it was a brilliant game,” said Kieran McKenna at 5.30pm at Brentford. “The players delivered an outstanding performance in so many areas of the game, with 11 and 10 men. It was a big step forward in terms of the resilience shown, it is disappointing we did not get any points today, but if we can show that character and belief and are competitive every week then things can turn and we can pick up points.”

I fully understand why McKenna is being upbeat – what choice does he have? I fully understand too why he is focusing on character (Ipswich scoring a late equaliser) rather than a lack of concentration and individual errors (Ipswich letting another lead slip and conceding again after their late equaliser).

But Ipswich will be in serious trouble soon if their absentees don’t stop mounting up and if they don’t keep finding new ways not to win league matches. We wrote last week about the amount of enforced changes and personnel tweaks made by McKenna in search of a new mood, but Ipswich made six more for the trip to Brentford. Cameron Burgess and Harry Clarke came into the defence.

It’s fair to ask whether these players are of the level required for Ipswich to accumulate points. Harry Clarke has come through to the first team having been signed from Arsenal as a teenager, but gave away a penalty, scored an own goal and was sent off. Burgess played for Ipswich in League One for two seasons after being signed from Accrington. It will take these players time to get used to the Premier League. Do Ipswich have that time?

Time and time again we repeat the point that staying in the Premier League as a promoted club typically relies upon two attributes: 1) the worst defence almost always goes down, so prioritise that over your attack, 2) you have to make the most of your leads, because they won’t come around every week.

And here’s where the bad news continues for Ipswich. They have the second worst defence in the Premier League and have conceded 10 times in their last three matches to West Ham, Everton and Brentford. And they have held the lead on four occasions this season, more than or equal to the number of times Newcastle, Bournemouth, Manchester United, West Ham, Leicester, Wolves, Southampton, Leicester and Crystal Palace have. They still haven’t won a match.

There was lots to admire about Crystal Palace’s performance during their win against Tottenham. The intensity of their pressing was striking and proof of the players’ continued belief in Oliver Glasner’s methods. Eberechi Eze was central to their dominant attacking display and Jean-Philippe Mateta rediscovered the swagger that made him the division’s in-form forward in the first half of 2024.

But Maxence Lacroix deserves a mention after a commanding display at the back, albeit against an incoherent Spurs attack. The Frenchman, who joined from Wolfsburg in August, had big boots to fill following Joachim Andersen’s move to Fulham and was plonked into a struggling side. Palace’s poor form has naturally prompted an appraisal of their summer transfer business.

Last week, Roy Keane pinpointed Joachim Andersen’s departure as a key factor behind their poor start. “The one player who I believe Crystal Palace are missing than the others, and I know they sold him, but they’re missing Joachim Andersen,” Keane said.

“He’s a huge loss to them. He’s a calming presence and he can score a goal. I know they had to sell a few players and bring in some cash but losing him was massive for them.”

Nothing Keane said was wrong, but Lacroix and Trevoh Chalobah are both well capable of replacing the Dane. As Glasner pointed out afterwards, this was just the third time that Lacroix, Marc Guehi and Chalobah had played together.

Andersen was an excellent player for Palace and struck up a great understanding with Guehi, but Lacroix’s confident display against Dominic Solanke and latterly Richarlison bodes well for the rest of the season and beyond. By Oliver Young-Myles

“I’m a little bit disappointed with myself really that I started with a five. I know we did well with a five against Manchester City and the lads deserved another go at it. But I didn’t think a five would fit very well against Brighton today but at least we were quick enough to change it at half-time” – Gary O’Neil.

I found that very interesting, given how effective Wolves were against Manchester City. Having come in for a fair amount of scrutiny for changing to a back four, O’Neil shifted to a five for last week’s fixture. This was him insisting that he got it right by getting it wrong. To paraphrase: “My original plan was right all along, so we’re going back to it”.

That’s interesting because the plan clearly didn’t work in all the other games Wolves played this season and were second best, with supporters asking why O’Neil was losing defensive protection and also failing to get the best out of attacking wing-backs.

Perhaps O’Neil was wrong and is now right. The back five might have worked better against tough opposition when Wolves could counter (as they did against Manchester City), but his more progressive 4-2-3-1 may be more effective at breaking down teams who will sit deeper and give them more of the ball, particularly at Molineux.

Either way, we’re about to find out. Wolves now play Crystal Palace and Southampton at home and O’Neil seems set to stick with his back four plan. Take maximum points and plenty of the faith the manager has lost will return as Wolves head back towards mid-table. Anything less, with this new shape that fans aren’t convinced by, and O’Neil is in trouble.

Russell Martin promised that he would stick to his guns and we believed him. Martin clearly believes that his way is the best chance Southampton have of success, but there’s also a preservation element to this. He has seen Vincent Kompany get a significant promotion after relegation (with 24 points). Why not try to do the same? If you change and fail you more easily get forgotten.

Narrow defeat – in scoreline at least – to Manchester City probably counts as a step in the right direction, so poor had Southampton’s defending been before then. But I also don’t think that it is hyperbolic to suggest that the home game against Everton next weekend is a must-win for Southampton’s realistic chances of staying up and of this system’s chance of working in the Premier League.

Firstly, the points emergency. Southampton are on one, three points from safety and a single point behind Wolves. Wolves have played Arsenal, Liverpool, Chelsea, Manchester City, Newcastle, Brighton, Aston Villa, Brentford and Nottingham Forest, the latter two of whom are now in the top-half. Southampton’s fixtures have included Leicester and Ipswich at home.

After Everton, Southampton travel to Molineux and then play Liverpool, Brighton, Chelsea, Villa and Tottenham in their next five. If they aren’t going to win now then they are going to get cut adrift and then it doesn’t matter how you play because you won’t be able to catch up.

As for the style, that also has to work now. Everton will probably allow Southampton the possession that Martin craves and let them play out from the back. They were used to opponents such as these in the Championship and were able to break them down. But if Everton are able to expose Southampton on the counter and beat them at St Mary’s, this progressive style is, like Burnley’s, not going to cut it in the top flight.",Daniel Storey,"Premier League, Subscriber Newsletter, The Score",2024-10-28,CONTROL_Polish_Womens_Strike_2020_2024,sustained,True,0,"In, The, To"
https://inews.co.uk/sport/football/var-fpl-arsenal-liverpool-3347631,i,"No, a VAR official was not playing FPL during Arsenal vs Liverpool","The referee's video assistants at Stockley Park weren't choosing who to transfer in and out next week - there is a more innocent explanation

You’ve probably seen it by now – a tweet accusing one of the VAR officials of making some early changes to his Fantasy Premier League team in the middle of Arsenal’s 2-2 draw with Liverpool.

After another weekend of long and agonising refereeing debates, it says a lot about the wider faith in VAR’s functionality and the integrity of those involved that hundreds of thousands of people appeared to instantly believe either Michael Salisbury or his assistant Darren Cann were debating were debating who to transfer out this week.

But this, of course, is not the case.

the VAR guy has FPL open ffs pic.twitter.com/1QiAWcg8pr— Jan (@janhopi)

The Premier League has confirmed to i that the official was using the Match Manager app, which includes in-game information such as the line-ups and live substitutions.

No personal devices are allowed in the VAR Hub, and the Match Manager is in operation at Stockley Park for every Premier League game.

The two apps look similar because they are both made by the Premier League and hosted within the same online domain.

And so while you may still have plenty of questions about how VAR officials can award a penalty for West Ham against Manchester United, or even why they did not choose to send off Micky van de Ven against Crystal Palace, they are not making these mistakes because they are checking their FPL teams.

Premier League officials are not allowed to play FPL and although players still are, plenty of clubs have individually banned it due to the risk of inadvertently leaking team information through in-game transfers, which has happened on multiple occasions.",George Simms,"Arsenal FC, Liverpool FC, Premier League, Sports Explainer, VAR",2024-10-28,CONTROL_Polish_Womens_Strike_2020_2024,sustained,True,0,"In, The, To"
