url,publisher,title,body,authors,topics,publishing_date,event_label,event_type,is_control,topic_id,topic_label
https://www.latimes.com/california/story/2024-10-29/gov-newsom-joins-local-officials-in-unveiling-a-new-round-of-homeless-funding,Los Angeles Times,Gov. Newsom joins local officials in unveiling a new round of homeless funding,"Gov. Gavin Newsom came to Skid Row Tuesday to announce new state funding that will bring $380 million to the Los Angeles region for homeless housing, shelter, rental assistance, outreach and prevention.

The fifth tranche of the Homeless Housing Assistance and Prevention program will distribute $827 million statewide and come with more stringent accountability and transparency measures than in the past, Newsom said.

The city of Los Angeles will receive $160 million and the county $94 million. The remainder will go to the Los Angeles Homeless Services Authority and the separate homeless services agencies of Glendale, Long Beach and Pasadena.

Newsom said a key element of the new accountability is a requirement for cities and counties to present their plans as a region under a contract establishing “an expectation of roles and responsibility” between all the agencies.

He was joined by Los Angeles Mayor Karen Bass, county supervisors Hilda Solis and Kathryn Barger, and Va Lecia Adams Kellum, chief executive of the Los Angeles Homeless Services Authority.

Bass, said she, the supervisors and the homelessness authority have moved beyond the bickering and finger pointing that hampered regional efforts in the past to work on a unified front.

“This is an example of work that we have been doing for the last couple of years which is bringing every level of government together,” she said.

Newsom said the grant program, which committed $2.4 billion in its first four rounds, was formed in the last year of former Gov. Jerry Brown’s administration when about $500 million was spent with “no accountability, no expectations.”

“Since then we have significantly increased the investments but we have also increased the accountability, transparency and the expectations,” Newsom said.

Though he did not go into detail, Newsom said additional accountability would be through “a framework of expectation and reporting that would no longer be at a quarterly or bi-annual basis, but a monthly basis.”

The announcement drew muted criticism from Republican State Sen. Roger Niello (R-Fair Oaks). He commended Los Angeles officials for making progress on getting people off the street and Newsom for promising accountability.

But, in light of a recent report by the State Auditor’s Office concluding that the state has failed to adequately monitor the outcomes of its vast spending on homelessness programs, he remained skeptical.

“He used the word accountable and accountability so many times that if I had a nickel for every time he used it I would have enough to pay for the lunch I’m going to,” Niello said. “If past is prologue, those are just words.”

Homelessness spending should ultimately be directed at getting people to self sufficiency,” Niello said.

“Tell us how much you are spending and tell us what the actual results are with respect to self sufficiency.”",Doug Smith,,2024-10-29,CONTROL_Polish_Womens_Strike_2020_2024,sustained,True,8,"Homeless, Landlord, Shelters"
https://www.latimes.com/entertainment-arts/music/story/2024-10-29/hugh-grant-travis-kelce-taylor-swift-tequila,Los Angeles Times,Hugh Grant recalls getting 'smashed' with Travis Kelce at a Taylor Swift concert,"While Hugh Grant’s daughter may be the bigger Swiftie between them, the actor still relished their moment together on Taylor Swift’s Eras Tour.

The “Notting Hill” star attended the second of eight shows Swift played at London’s Wembley Stadium over the summer — joining fellow actors Rachel Zegler and Tom Cruise in June in one of the rowdier VIP tents on the tour. (Prince William made an appearance the night prior.)

Grant — who leads the upcoming A24 horror film “Heretic” — initially reached out to the “Fortnight” singer’s team because his daughter is “mad about Taylor Swift,” he told NME in an interview published Tuesday.

“I put out some feelers, and to my astonishment, they said, ‘Yeah, come along,’ ” he said.

While his daughter and her friend were “bopping away” to every song, Grant said, he buddied up with Swift’s boyfriend, NFL tight end Travis Kelce. Along with a few others Grant presumed to be rappers, they took shots of tequila and got “absolutely smashed.”

“Dear @taylorswift13 , You have an incredible show, an amazing and v hospitable team and excellent if gigantic boyfriend,” Grant wrote on X the following day. “Thanks so much from one ageing London boy, wife and thrilled 8 year old.”

To which Swift replied: “As a long time Hugh Grant stan this tweet is very important to my culture.”

Recalling her “extremely nice” sentiment, Grant told NME that the “Miss Americana” star — with her three-hour, multimillion-dollar production — delivers a “brilliant show.”

Indeed, Swift seems to keep calm even in the face of wardrobe mishaps and stage malfunctions.

During her third and final stop Sunday night in New Orleans, the Grammy winner was in the middle of her song “Who’s Afraid of Little Old Me?” when the stage’s reflective silver platform — dubbed the “Tayoomba” — suddenly stopped moving. (The mechanism typically roves around for the duration of the number, with Swift swooping and stomping atop it).

Swift played it off, dancing and singing her way down the catwalk as her dancers followed. She then performed “Down Bad” — another track from her April album “The Tortured Poets Department” — without the platform for the first time.

Still, the stage malfunction wasn’t the dramatic highlight of Swift’s New Orleans run. During Saturday night’s show, the billionaire hitmaker welcomed former opener Sabrina Carpenter onstage to sing a medley of her twin singles “Espresso” and “Please Please Please” and Swift’s own “Is It Over Now? (Taylor’s Version).”

After her memorable cameo, Carpenter wrote to Swift on Instagram, “thank you for working late, thank you for being a singer and thank you for having me” — calling her pop mentor’s pulpit the “only stage i’d ever wanna see on a day off.”

Carpenter “had one day off from her very exhaustive tour schedule,” Swift wrote Tuesday on Instagram. “Her show is physically full on and spectacular, and she could’ve been resting in her time off.”

Still, the former Disney Channel star went “out of her way to give fans a surprise moment they didn’t expect. She’s as real as they come and I’m so thankful she did that for us,” Swift said, attaching a photo of the pair onstage.

Swift’s tour continues Nov. 1 in Indianapolis, the last U.S. city on the schedule, and officially concludes in December in Vancouver.",Malia Mendez,,2024-10-29,CONTROL_Polish_Womens_Strike_2020_2024,sustained,True,0,"In, The, To"
https://www.latimes.com/sports/clippers/story/2024-10-29/los-angeles-clippers-ivica-zubac-improvement-leads-to-impact,Los Angeles Times,Ivica Zubac's continued improvement is making an impact for Clippers,"The Golden State Warriors’ defense collapsed on Clippers center Ivica Zubac late in a tense game Sunday night at Chase Center in San Francisco, but he didn’t panic. Zubac calmly passed out of a double team in the post to Norman Powell, who drilled a 20-foot jumper for a five-point Clippers lead with 3 minutes 1 one second left in the game.

A few moments later in that fourth quarter, Zubac set a screen for James Harden. Once he got the pass from Harden by sliding away from a defender, Zubac faked a pass one way and rambled in for a dunk and a five-point lead again with 2:21 left.

Zubac capped his stellar night by throwing down a dunk off a pass from Kris Dunn that sealed the deal for the Clippers with 42.2 seconds left, giving his team a seven-point lead.

Right before all of their eyes, the Clippers are seeing a more composed Zubac, a more developed and complete player that they can rely on more than ever.

“The game is slowing down for me,” Zubac said Sunday night after posting 23 points, 18 rebounds and six assists. “I’m a lot more confident.”

This is Zubac’s ninth year in the NBA and the growth of the 7-footer has been steady.

It has been only three games, but Zubac is averaging career highs in points (22.7), rebounds (14), assists (4.3) and minutes (36.7) per game.

The Clippers will need every bit of what Zubac can offer them to have a successful season.

“That’s part of it, the game is slowing down,” Clippers coach Tyronn Lue said about Zubac. “I think playing through him a little bit more and I think him and James have the good connection. I think James makes a lot of bigs really good over his career. So, just those two guys being on the same page as well.”

Lue said they have gained confidence in using Zubac more in the offense by playing “through him more, giving him more touches.” He has responded by playing his best basketball early in the season. His 14 rebounds per game lead the NBA.

“Yeah, he’s been really good,” Lue said after practice Monday. “I think just coming in, letting him know that we are going to try to post him more, try to get the ball in his hands more and he’s taking advantage of it. I played him a lot of minutes early on, but we needed it just for his rebounding and his presence on the floor offensively. So, I got to find days like this to give him some rest. But we need him on the floor.”

Injury updates

Lue said Kawhi Leonard, who has been out to start the season because of inflammation in his right knee, and Mo Bamba, who also has been out because of knee soreness, both are strengthening their knees.

There is no timetable for either of their returns for the Clippers, who have home games Wednesday against Portland, Thursday against Phoenix and Saturday against Oklahoma City.

“They are out the next two games. That’s all I know,” Lue said. “I’m just focused on getting our guys ready to play and keep executing and getting better defensively and offensively. Those guys are coming along, putting in the work every day to get better, but they are out the next two games. We have to focus on us.”",Broderick Turner,,2024-10-29,CONTROL_Polish_Womens_Strike_2020_2024,sustained,True,0,"In, The, To"
https://www.latimes.com/entertainment-arts/business/story/2024-10-29/david-ellison-not-larry-to-control-familys-paramount-stake-after-deal,Los Angeles Times,"David Ellison, not Larry, to control family’s Paramount stake after deal","Movie producer David Ellison will control his family’s stake in Paramount Global once his Skydance Media completes its merger with the larger movie and TV company.

The Ellison family on Tuesday amended a filing with the Federal Communication Commission to show that Ellison, and not his father, Larry, will control their voting interest.

Ellison is merging his company into Paramount in a series of transactions. The Ellisons and their partner RedBird Capital Partners are buying out the Redstone family’s National Amusements Inc., which owns the majority of the voting stock in Paramount.

The partners are using additional cash to acquire some Paramount shares from stockholders and invest directly in the business.

An earlier filing with the commission said Larry Ellison, the billionaire co-founder of Oracle Corp., would be the controlling shareholder.

Paramount owns TV networks including CBS and MTV, as well as its namesake film studio. Like a lot of legacy media companies, Paramount has struggled as consumers shift from traditional TV to streaming services.

The Redstone family decided to cede control of the company that was put together by Sumner Redstone, the late father of Paramount Chairwoman Shari Redstone. The merger with Skydance is expected to close in the first half of next year.",Christopher Palmeri,,2024-10-29,CONTROL_Polish_Womens_Strike_2020_2024,sustained,True,0,"In, The, To"
https://www.latimes.com/espanol/eeuu/articulo/2024-10-29/nueva-york-legaliza-cruzar-calles-fuera-del-paso-peatonal,Los Angeles Times,Nueva York legaliza cruzar calles fuera del paso peatonal,"NUEVA YORK — Cruzar la calle por lugares no permitidos, una práctica muy arraigada, ahora es legal en la ciudad de Nueva York.

El Concejo Municipal aprobó el mes pasado una iniciativa que se convirtió en ley durante el fin de semana, después de que el alcalde Eric Adams decidió no promulgar ni vetar la medida luego de 30 días.

La concejal Mercedes Narcisse, una demócrata de Brooklyn que patrocinó la iniciativa, dijo el martes que la nueva medida pone fin a las disparidades raciales en cuanto a la aplicación de las leyes peatonales, señalando que más del 90% de las multas que se impusieron el año pasado por cruzar indebidamente fueron contra personas negras y latinas.

“Seamos realistas, todos los neoyorquinos cruzan indebidamente. La gente simplemente está tratando de llegar a donde necesita ir”, dijo en un comunicado enviado por correo electrónico. “Las leyes que penalizan comportamientos comunes para el movimiento diario no deberían existir, especialmente cuando impactan de manera injusta a las comunidades de color”.

La nueva ley permite que los peatones crucen las calles por cualquier punto, incluso fuera de los pasos peatonales. También permite cruzar en contra de las señales de tráfico y establece específicamente que hacerlo ya no es una violación del código administrativo de la ciudad.

Pero la nueva ley también advierte que los peatones que crucen fuera de un paso peatonal no tienen el derecho de paso y que deben ceder el paso a otros vehículos que sí lo tienen.

Liz Garcia, portavoz de Adams, se negó a entrar en detalle sobre la decisión del alcalde de no tomar acciones y permitir que la iniciativa se convirtiera en ley.

Señaló, sin embargo, que el proyecto de ley deja en claro que cruzar en contra de la luz y a mitad de la cuadra es un comportamiento sumamente arriesgado. Las personas también pueden seguir siendo responsables en demandas civiles por accidentes causados por cruzar indebidamente, agregó Garcia.

“Todos los usuarios de vías están más seguros cuando todos siguen las reglas de tránsito”, dijo en un comunicado. “Seguimos alentando a todos los peatones a sacar provecho de los mecanismos de seguridad disponibles —como la iluminación diurna, las islas peatonales y los intervalos peatonales prioritarios— cruzando por un paso peatonal con la señal de caminar”.

Otras ciudades y estados, desde Denver y Kansas City, Missouri, hasta California, Nevada y Virginia han despenalizado los cruces indebidos en años recientes, según America Walks, un grupo con sede en Seattle que aboga por comunidades transitables.

En la ciudad de Nueva York, donde las luchas entre peatones y automovilistas son constantes, la ley de cruzar indebidamente había estado vigente desde 1958 y conllevaba una multa de hasta $250.

___

Esta historia fue traducida del inglés por un editor de AP con la ayuda de una herramienta de inteligencia artificial generativa.",PHILIP MARCELO,,2024-10-29,CONTROL_Polish_Womens_Strike_2020_2024,sustained,True,1,"De, En, La"
https://www.latimes.com/california/story/2024-10-29/south-american-bank-heist-crew-california-crime-spree,Los Angeles Times,"South American crew used signal jammers, blowtorches and disguises on California crime tour, feds say","They arrived in construction vests and surgical masks, armed with signal jammers, sledgehammers and blowtorches. The bank heist crew, made up of mainly Chilean nationals, hit multiple banks across California, according to federal prosecutors, and made off with $2.5 million.

In Fresno, the crew hit a Wells Fargo in May and used tools to get inside an ATM vault through an adjacent unit and made off with more than $80,000 in cash. The next month in Auburn, they scored $226,000 from a Golden 1 Credit Union branch and followed that up several days later by stealing money from two ATMs in Clovis estimated to have carried $150,000-$200,000 each.

But earlier this month, 10 individuals believed to be part of the crew were charged in connection with the robberies. Prosecutors in the U.S. Attorney’s Office for the Eastern District of California charged Alex Moyano Morales, Maite Celis Silva, Erik Osorio Olivarez, Pablo Andres Valdez Rodriguez, Rosa Francisca Bastias Serra, Camilo Andres Sepulveda Guzman, John Doe 2, Bassil Alejandro Cacosta Frias, Camilo Alarcon Alarcon and Michelle Alondra Parada Muñoz on Oct. 21. The charges were first reported by the East Bay Times.

The suspects were either involved in scouting out locations, breaking into banks or other activities related to the robberies, according to prosecutors. Authorities point to over a dozen robberies or attempted robberies from June 14 through Sept. 22, ranging from Long Beach to Yuba City. FBI agents say they believe the same ring is linked to a January robbery in Houston.

Many of the suspects in the case have been previously arrested in California, Florida and Chile. One suspect is originally from Venezuela and multiple suspects have aliases, according to court records.

A confidential informant claims that Moyano is linked to several robberies in other states and he is the leader of the group, referred to by the FBI as the South American Theft Group, according to court records. Moyano was arrested on March 13 in Glendale where there was a warrant out for his arrest under his alias, Nicholas Hernandez.

FBI agents say they started their investigation into the bank heist crew in May and linked their signature tactics to several robberies across California. The crew dressed up in various worker outfits, scouted locations ahead of the robberies, forced their way into an adjoining business to a bank and used signal jammers to disable wireless security devices. They also used sledgehammers and blowtorches to get into the vaults.

An important break in the case came when three vehicles were linked to general locations of robberies in Fresno, Modesto, Roseville, Rocklin, Yuba City and Fall River Mills, according to court records.

A silver Chevrolet Suburban, a silver Audi SUV, and a white Ford Explorer were all present in or around the robberies or attempted robberies.

In September, the Chevrolet was pulled over in Simi Valley, but the driver was not linked to the crew. The vehicle was reported stolen by a Hertz rental company, but the driver claimed he rented the car from a club promoter known as “xtrackz.” Prosecutors did not provide the club promoter’s real name, but FBI agents interviewed him and learned the vehicle was rented to a man named “Gordito,” later revealed to be Moyano.

Moyano was unaware that the Chevrolet was equipped with an Apple AirTag tracking device. The vehicle’s location history coincided with Airbnb rentals on multiple robbery dates, according to court records.

On Sept. 18 the crew broke into a Wells Fargo in Fresno where they made off with $247,000. They broke into the ATM vault by cutting through the wall of a pet spa next door, according to prosecutors. Surveillance footage of the suspects inside the pet spa before the robbery showed one suspect distracting an employee while another tested the durability of a wall. One of the suspects, wearing an upside-down LA hat, can be seen spray painting a surveillance camera outside the business with black paint.

The Airbnb was rented to Celis, who had also rented several other Airbnbs across California that matched the times and locations of several other ATM burglaries or attempted burglaries, according to court records.

Surveillance footage from the Airbnb rentals in Turlock and Mount Shasta showed the suspects moving into the rental units with hard-case toolboxes, tool bags and backpacks, which matched equipment that was seen at several of the robberies.

Federal investigators say the vehicles connected to the group were also captured on license plate readers in Oregon and there were at least two ATM robberies committed there around the same time. Federal agents received a search warrant for Instagram accounts belonging to Moyano, where they discovered he recorded a child shuffling large stacks of hundred-dollar bills and in another post was shown holding several stacks of cash.

In mid-October, federal agents tracked the white Audi to an Airbnb in Oregon. The suspects rented the location from Oct. 16 to 22. All three cars linked to the group were present at the rental location, according to surveillance footage. Valdez, Bastias, Sepulveda, Dacosta and Alarcon were all present at the Airbnb.

The group became suspicious that police were closing in on them and they left in a hurry on Oct. 18, court records show. The following day, investigators found robbery tools and tool cases inside the abandoned rental unit.

On the same day, the white Audi’s location data led federal investigators to an Airbnb in Seattle. Bastias and Sepulveda were pulled over and arrested. Valdez, Dacosta, Alarcon and another man tried to drive away in a silver Ford Fiesta, but they were also pulled over.

FBI agents surrounded the Seattle home and ordered everyone to come out. Parada and another woman came out and were arrested. It took three agents to get a mobile phone out of Parada’s hands while she was being arrested, according to an FBI affidavit.

Investigators received a search warrant for the Airbnb and found about $20,000, along with backpacks and clothing that matched what the group wore during their previous heists, according to court records.

Celis gave birth on Monday while in custody. She’s asked the court to allow her daughter to remain with her after she is discharged from the hospital.",Nathan Solis,,2024-10-29,CONTROL_Polish_Womens_Strike_2020_2024,sustained,True,0,"In, The, To"
https://www.latimes.com/espanol/deportes/articulo/2024-10-29/la-ciudad-natal-de-ohtani-honra-a-su-superestrella-y-ven-con-emocion-la-serie-mundial,Los Angeles Times,La ciudad natal de Ohtani honra a su superestrella y ven con emoción la Serie Mundial,"OSHU CITY, Japón — Shohei Ohtani nació en una pequeña población rural noreste de Japón. La ciudad es famosa por su carne de Maesawa de alta calidad, su historia de fabricación de utensilios de hierro tradicional y las intensas colinas y montañas verdes que la rodean.

En Japón, a los lugares como este se les llama “inaka”, que se traduce ligeramente como “campo”. Sin brillo, calles tranquilas e inviernos fríos. Está a solo 500 kilómetros de Tokio, pero parece aún más alejado.

Hoy en día, la ciudad de Oshu es famosa debido al propio Ohtani y el intenso orgullo que la gente local muestra por uno de los mejores peloteros.

Ohtani comenzó su trayecto en la liga infantil local con los Piratas de Mizusawa y jugó para la secundaria Hanamaki Higashi —una ruta que lo llevó a la Serie Mundial.

La ciudad honra a Ohtani en cada esquina. Para verlo, primero hay que ir a la estética de Hironobu Kanno llamada “Seems”.

Peluquería se convierte en santuario

El lugar se convirtió en un santuario a Shohei Ohtani. La sala de espera es un museo dedicado al pelotero, con unos 300 artefactos colgados y apilados en cada rincón. Kanno dice que tiene más artículos en almacenamiento.

Hay camisetas firmadas de los Dodgers de Los Ángeles, docenas de pelotas autografiadas, bates, zapatos, gorras, guantes, bobbleheads, fotos de Ohtani y su esposa Mamiko Tanaka, así como camisetas con imágenes de su perro Decopin (Señuelo en español), animales de peluche, almohadas y recortes de tamaño real de la superestrella.

Kanno dijo que muchos fanáticos viajan a la ciudad en una especie de “peregrinación”, y su tienda es a menudo parte de eso.

“Mi clientela y aquellos que vienen a visitar la ciudad natal de Ohtani realmente disfrutan viendo la colección, y creo que es una manera muy efectiva para que se sientan más cerca de Ohtani”, dijo.

La colección comenzó de manera fortuita cuando Kanno asistió a un partido el 23 de mayo de 2013, el primer juego profesional en el que Ohtani bateó y lanzó con Hokkaido Nippon-Ham Fighters de Japón. Kanno regresó con una pelota firmada por Ohtani.

“Cuando puse la pelota con la firma de Ohtani en mi salón, los clientes estaban muy felices de verla”, dijo Kanno. “Así que empecé a coleccionar mercancía poco a poco”.

El resto es historia.

La pequeña población se convirtió en un punto de peregrinación para los obsesionados con Ohtani. Incluso el ayuntamiento está lleno de recuerdos del pelotero.

La pieza central de la colección del ayuntamiento es una réplica de la mano derecha de Ohtani. La mano dorada te permite tomarla y ver un video con Ohtani mostrando cómo se hizo la réplica.

Keigo Kishino y su esposa Chiaki dijeron que viajaron en un día desde la ciudad occidental de Osaka, en avión y tren, solo para estrechar la mano.

“Él es una fuente de energía para mí, o algo así”, dijo Chiaki.

El impacto de Ohtani en la ciudad de Oshu es diferente al de cualquier otro pelotero. Ohtani es el único jugador de la MLB de la ciudad de Oshu, aunque otros han venido de cerca.

Pero nadie genera tanto entusiasmo en casa como Ohtani. A principios de este año, un arrozal local se utilizó como un “lienzo de artista” con la imagen de Ohtani en azul de los Dodgers.

El alcalde de Oshu, Jun Kuranari, se refirió a Ohtani como una inspiración. También mencionó a Ohtani como un modelo a seguir.

“Juega con un corazón puro y su rendimiento es increíble”, dijo el alcalde. “Pero lo que también creo que es increíble es que es capaz de mantenerse humilde mientras juega tan bien. Es un modelo a seguir para todos y también hace que los locales se sientan orgullosos”.",STEPHEN WADE,,2024-10-29,CONTROL_Polish_Womens_Strike_2020_2024,sustained,True,1,"De, En, La"
https://www.latimes.com/espanol/eeuu/articulo/2024-10-29/sean-diddy-combs-enfrenta-nuevas-demandas-por-agresion-sexual-a-menores-de-10-y-17-anos,Los Angeles Times,Sean 'Diddy' Combs enfrenta nuevas demandas por agresión sexual a menores de 10 y 17 años,"NUEVA YORK — Sean “Diddy” Combs fue acusado el lunes en dos demandas, una de las cuales asegura que drogó y agredió sexualmente a un chico de 10 años en una habitación de hotel en la ciudad de Nueva York en 2005.

La segunda demanda indica que el magnate del hip-hop agredió de forma similar a un joven de 17 años que quería participar en el reality “Making the Band” en 2008.

Las demandas interpuestas ante la Corte Suprema de Nueva York son las más recientes de una ola de demandas en las que los denunciantes aseguran que fueron agredidos sexualmente por Combs en fiestas y reuniones a lo largo de los últimos 20 años.

Los abogados de Combs rechazaron los nuevos señalamientos y acusaron al abogado Anthony Buzbee —quien también representa a otros denunciantes en demandas previas— de buscar publicidad.

“El señor Combs y su equipo jurídico tienen plena confianza en los hechos y en la integridad del proceso judicial”, señaló un comunicado enviado por correo electrónico. “La verdad prevalecerá en el tribunal: que el señor Combs nunca agredió sexualmente ni traficó con nadie, hombre o mujer, adulto o menor”.

Combs, de 54 años, se encuentra encarcelado en una prisión de la ciudad de Nueva York tras declararse inocente de cargos federales de tráfico sexual, los cuales estaban incluidos en un acta acusatoria desprecintada un día después de su arresto del 16 de septiembre. Entre los cargos se incluyen acusaciones de que coaccionó y abusó de mujeres y silenció a sus víctimas mediante chantajes y actos de violencia.

El niño de 10 años, que no fue identificado en la demanda, era un aspirante a actor y rapero que había viajado con sus padres desde California para reunirse con representantes del sector musical. Durante lo que se suponía sería una audición para Combs, un allegado del empresario le dio un refresco al que se le había añadido un narcótico y posteriormente el fundador de Bad Boy Records lo agredió sexualmente, según la demanda.

A la larga el chico perdió el conocimiento. Cuando despertó, Combs amenazó con lesionar de gravedad a los padres del menor si le contaba a alguien lo sucedido, se indica en la demanda.

En la segunda demanda, un adolescente no identificado de 17 años dijo que Combs lo obligó a realizar actos sexuales con él y un guardaespaldas durante una audición de tres días para el programa televisivo “Making the Band”, el cual era producido por Combs.

Cuando el aspirante a concursante expresó sus reservas, fue eliminado de la competencia y no pudo volver al sector musical durante siete años, según la denuncia.

Ambas demandas fueron presentadas en virtud de la ley de Protección a las Víctimas de Violencia de Género de la ciudad de Nueva York, la cual le permite a las víctimas interponer denuncias incluso después de que los delitos han prescrito.",,,2024-10-29,CONTROL_Polish_Womens_Strike_2020_2024,sustained,True,1,"De, En, La"
https://www.latimes.com/espanol/internacional/articulo/2024-10-29/por-que-egipto-y-otros-paises-arabes-se-niegan-a-acoger-refugiados-palestinos-de-gaza,Los Angeles Times,Por qué Egipto y otros países árabes se niegan a acoger refugiados palestinos de Gaza,"EL CAIRO — Mientras los palestinos desesperados en Gaza intentan encontrar refugio bajo el implacable bombardeo de Israel en represalia por el brutal ataque de Hamás del 7 de octubre, algunos se preguntan por qué los vecinos Egipto y Jordania no los acogen.

Los dos países, que flanquean a Israel por lados opuestos y comparten fronteras con Gaza y Cisjordania ocupada, respectivamente, han respondido con una rotunda negativa. Jordania ya tiene una gran población palestina.

El presidente egipcio Abdel Fatá el-Sisi hizo recientemente sus comentarios más duros hasta la fecha, diciendo que la guerra actual no solo estaba dirigida a combatir a Hamás, que gobierna la Franja de Gaza, “sino también un intento de empujar a los habitantes civiles a... migrar a Egipto”. Advirtió que esto podría arruinar la paz en la región.

El rey Abdalá II de Jordania dio un mensaje similar un día antes, diciendo: “Nada de refugiados en Jordania, nada de refugiados en Egipto”.

Su negativa está arraigada en el temor de que Israel quiera forzar una expulsión permanente de palestinos hacia sus países y anular las demandas palestinas de un estado propio. El-Sisi también dijo que un éxodo masivo podría arriesgar la entrada de militantes en la península del Sinaí de Egipto, desde donde podrían lanzar ataques contra Israel, poniendo en peligro el tratado de paz de 40 años entre los dos países.

Aquí se analizan las motivaciones detrás de las posturas de Egipto y Jordania.

UNA HISTORIA DE DESPLAZAMIENTO

El desplazamiento ha sido un tema principal en la historia palestina. En la guerra de 1948 en torno a la creación de Israel, se estima que 700.000 palestinos fueron expulsados o huyeron de lo que ahora es Israel. Los palestinos se refieren al evento como la Nakba, árabe para “catástrofe”.

En la guerra de Medio Oriente de 1967, cuando Israel se apoderó de Cisjordania y la Franja de Gaza, 300.000 palestinos más huyeron, en su mayoría hacia Jordania.

Los refugiados y sus descendientes ahora suman casi 6 millones, la mayoría viviendo en campamentos y comunidades en Cisjordania, Gaza, Líbano, Siria y Jordania. La diáspora se ha extendido aún más, con muchos refugiados construyendo vidas en países árabes del Golfo o en Occidente.

Después de que cesaron los combates en la guerra de 1948, Israel se negó a permitir que los refugiados regresaran a sus hogares. Desde entonces, Israel ha rechazado las demandas palestinas de un retorno de los refugiados como parte de un acuerdo de paz, argumentando que amenazaría la mayoría judía del país.

Egipto teme que la historia se repita y una gran población de refugiados palestinos de Gaza termine quedándose de manera permanente.

SIN GARANTÍA DE RETORNO

Eso es en parte porque no hay un escenario claro de cómo terminará esta guerra.

Israel dice que tiene la intención de destruir a Hamás por su sangrienta incursión en sus ciudades del sur. Pero no ha dado ninguna indicación de lo que podría suceder después y quién gobernaría Gaza. Esto ha generado preocupaciones de que podría reocupar el territorio por un período, alimentando más conflictos.

El ejército israelí dijo que los palestinos que siguieron su orden de huir del norte de Gaza a la mitad sur de la franja podrían regresar a sus hogares después de que termine la guerra.

Esto nio ha tranquilizado a Egipto.

El-Sisi dijo que los combates podrían durar años si Israel argumenta que no ha aplastado suficientemente a los militantes. Propuso que Israel aloje a los palestinos en su desierto del Néguev, que colinda con la Franja de Gaza, hasta que termine sus operaciones militares.

“La falta de claridad de Israel respecto a sus intenciones en Gaza y la evacuación de la población es en sí misma problemática”, dijo Riccardo Fabiani, director del proyecto de África del Norte del Grupo de Crisis Internacional. “Esta confusión alimenta los temores en el vecindario”.

Egipto ha presionado a Israel para que permita la entrada de ayuda humanitaria en Gaza, e Israel dijo que lo haría, aunque no dijo cuándo. Según Naciones Unidas, Egipto ya alberga unos 9 millones de refugiados y migrantes, incluidos aproximadamente 300.000 sudaneses que llegaron este año tras huir de la guerra en su país.

Pero los países árabes y muchos palestinos también sospechan que Israel podría usar esta oportunidad para forzar cambios demográficos permanentes y arruinar las demandas palestinas de un estado en Gaza, Cisjordania y Jerusalén este, que también fue capturada por Israel en 1967.

El-Sisi repitió las advertencias el miércoles de que un éxodo de Gaza estaba destinado a “eliminar la causa palestina... la causa más importante de nuestra región”. Argumentó que si se hubiera creado hace tiempo un estado palestino desmilitarizado en negociaciones, ahora no habría guerra.

“Todo precedente histórico señala que cuando los palestinos se ven forzados a dejar el territorio palestino, no se les permite regresar”, dijo H.A. Hellyer, miembro asociado senior del Carnegie Endowment for International Peace. “Egipto no quiere ser cómplice de una limpieza étnica en Gaza”.

Los temores de los países árabes solo han sido avivados por el ascenso bajo el primer ministro israelí Benjamin Netanyahu de partidos de extrema derecha que hablan en términos positivos sobre la eliminación de palestinos. Desde el ataque de Hamás, la retórica se ha vuelto menos contenida, con algunos políticos y comentaristas de derecha llamando a que el ejército arrase Gaza y expulse a sus habitantes. Un legislador dijo que Israel debería llevar a cabo una “nueva Nakba” en Gaza.

PREOCUPACIONES SOBRE HAMÁS

A la vez, Egipto dice que un éxodo masivo de Gaza traería a Hamás u otros militantes palestinos a su territorio. Eso podría ser desestabilizador en el Sinaí, donde el ejército de Egipto luchó durante años contra militantes islámicos y en un momento acusó a Hamás de respaldarlos.

Egipto ha respaldado el bloqueo de Israel a Gaza desde que Hamás tomó el poder allí en 2007, controlando estrictamente la entrada de materiales y el paso de civiles. También destruyó la red de túneles bajo la frontera que Hamás y otros palestinos usaban para contrabandear bienes a Gaza.

Con la insurgencia del Sinaí en gran medida controlada, “El Cairo no quiere tener un nuevo problema de seguridad en sus manos en esta región problemática”, dijo Fabiani.

El-Sisi advirtió sobre un escenario aún más desestabilizador: la destrucción del tratado de paz de Egipto e Israel de 1979. Dijo que con la presencia de militantes palestinos, el Sinaí “se convertiría en una base para ataques contra Israel. Israel tendría derecho a defenderse... y atacaría territorio egipcio”.

“La paz que hemos logrado desaparecería”, dijo, “todo por la idea de eliminar la causa palestina”.",JACK JEFFERY y SAMY MAGDY,,2024-10-29,CONTROL_Polish_Womens_Strike_2020_2024,sustained,True,1,"De, En, La"
https://www.latimes.com/business/story/2024-10-29/stock-market-today-rising-tech-stocks-send-nasdaq-to-a-record-as-most-of-wall-street-stumbles,Los Angeles Times,Rising tech stocks send Nasdaq to a record as most of Wall Street stumbles,"NEW YORK — Rallying technology stocks sent the Nasdaq composite index to a record on Tuesday, but trading was mixed elsewhere on Wall Street as home builders and Ford Motor sank after the latest profit reports.

The S&P 500 rose 0.2%, inching closer to its all-time high set earlier this month, even though most of the stocks in the index fell for the day.

Gains for influential major tech stocks helped mask weakness elsewhere, and they pushed the Nasdaq composite up 0.8% to top its last all-time high set in July. The Dow Jones industrial average, meanwhile, fell 0.4%.

Alphabet rose 1.8% ahead of its profit report, which arrived after trading ended for the day. The parent company of Google is the latest member of the group of stocks known as the “Magnificent Seven” to report its quarterly results, and each will have to deliver big growth to justify their high prices.

Other market heavyweights such as Microsoft and Meta Platforms were among the strongest forces pushing the S&P 500 up.

They helped offset an 8.4% drop for Ford, which said an underlying measure of profit for the full year probably will come in at the bottom end of its forecast range. The automaker said stubbornly high warranty expenses and other costs are holding back its earnings, though its results for the third quarter were better than analysts expected.

JetBlue Airways lost 17.1% even though its results for the latest quarter were better than expected. The carrier said its revenue could fall between 3% and 7% in the last three months of 2024 from a year earlier, hurt by this month’s Hurricane Milton and the upcoming U.S. presidential election.

D.R. Horton tumbled 7.2% after the home builder reported weaker profit and revenue for the latest quarter than analysts expected. Executive Chair David Auld said some potential buyers are waiting for mortgage rates to become more affordable and are sitting on the sidelines.

All told, the S&P 500 rose 9.40 points to 5,832.92. The Dow fell 154.52 points to 42,233.05, and the Nasdaq composite rose 145.56 points to 18,712.75.

Mortgage rates have been climbing recently because the 10-year Treasury yield has been charging higher.

Yields have rallied as report after report has shown the U.S. economy remains stronger than expected. On Tuesday, reports said confidence among U.S. consumers jumped more than economists expected, while the number of job openings edged lower in September, but the number of hires remained relatively steady.

Such numbers have forced traders to ratchet back expectations for how much the Federal Reserve will cut interest rates, now that it’s just as focused on keeping the economy humming as getting inflation down. Traders are even betting on a slim chance the Fed will keep its main interest rate steady at its meeting next week, according to data from CME Group.

That’s after the Fed kicked off its rate-cutting campaign in September with a larger-than-usual reduction. Just a month ago, many traders were thinking the Fed would follow up in November with another bigger-than-usual cut.

Yields have also climbed as investors have seen former President Trump’s chances of reelection improving. Economists say a Trump win could help push inflation higher in the long term, and worsening inflation could lead to higher interest rates.

Trump Media & Technology Group, which tends to move more with Trump’s reelection odds than on its own profit prospects, climbed 8.8% to $51.51 on Tuesday. It moved so sharply during the day that trading of the stock was briefly halted several times. The parent company of Trump’s Truth Social platform has been rallying since hitting a bottom of roughly $12 in late September.

Treasury yields eased a bit after paring gains from earlier in the day. The 10-year yield slipped to 4.25% from 4.28% late Monday, but it’s still well above the 3.60% level it was sitting at in the middle of last month. Treasury yields, like stocks, have historically tended to be shaky heading into an election day, only to calm afterward regardless of which party wins.

In stock markets abroad, indexes dipped in Europe after rising in much of Asia outside of a 1.1% drop for stocks in Shanghai.

Crude oil prices slipped after erasing earlier gains to compound their sharp 6.1% drop from the prior day. Brent crude, the international standard, fell 0.4%.

Choe writes for the Associated Press.",Stan Choe,,2024-10-29,CONTROL_Polish_Womens_Strike_2020_2024,sustained,True,0,"In, The, To"
https://www.latimes.com/business/story/2024-10-29/column-has-trump-just-repeated-the-p-r-disaster-that-cost-herbert-hoover-his-reelection,Los Angeles Times,Column: Has Trump just repeated the P.R. disaster that cost Herbert Hoover his reelection?,"“Well, Felix, this elects me.”

The speaker was Franklin Delano Roosevelt, who was at home in Albany with his friend and advisor Felix Frankfurter, monitoring radio reports of a political disaster unfolding in Herbert Hoover’s Washington.

It was 1932. Hoover had dispatched the military to break up a camp of World War I veterans who had massed to demand immediate payment of a bonus they had been promised for serving. News of the cavalry’s gassing and trampling of civilians — the slain including an infant born during the nationwide march of the so-called Bonus Army — would dominate the front pages and tar Hoover’s public image through the presidential campaign.

Flash forward 92-plus years to Donald Trump’s rally Sunday at New York’s Madison Square Garden, a bleak, lurid festival of racist hate and profane vituperation so vile that even fellow Republicans, who have turned a blind eye to Trump’s character for years, are distancing themselves from the event.

Their fear may be that with this heavily promoted event, the fundamental loathsomeness of Trump’s political persona and behavior may break through to the undecided voters he needs to win reelection.

The occasion evokes the line sometimes attributed (perhaps apocryphally) to Mark Twain that “History doesn’t always repeat itself, but it often rhymes.” For the attack on the Bonus Army and the Madison Square Garden rally share features that could bind them together as campaign turning points.

As Twain might have acknowledged, the comparison isn’t perfect — among other differences, the Bonus Army attack occurred on July 28, 1932, in the middle of the presidential campaign, while the Trump rally came only 10 days before election day and after early voting by mail and in person has already started in many states. Trump threatens to turning the military on American citizens to quell demonstrations; Hoover actually did so.

But the events do rhyme. Let’s take a look.

Start with the main characters. Hoover and Trump became president after winning their first campaigns for elective office, and both entered the White House as wealthy men. The similarities end there, however.

Hoover had made a name for himself in public service. During World War I he had served as chair of the Belgian Relief Commission, which shipped food to that German-occupied nation, and subsequently as head of the U.S. Food Administration, which aimed to keep food prices stable while the U.S. participated in the war. After war’s end, he became director of the American Relief Commission, which provided food relief to the war-torn countries of Europe.

Hoover served as Commerce Secretary for Warren Harding and his successor, Calvin Coolidge — in which role he oversaw the interstate negotiations that would clear the way for construction of the great dam that would bear his name. Trump’s public service prior to his election as president was nonexistent.

The two came to their wealth by different paths. Hoover was a self-made man, having earned a degree in engineering as a member of the first graduating class of Stanford University and making a fortune as a mining engineer. Trump inherited his wealth from his father, a real estate developer.

Hoover, like Trump, saw himself as a savior of the nation. “He has wrapped himself in the belief,” his secretary of state, Henry Stimson, wrote in his diary, “that the state of the country really depended on his reelection.” Trump often claims to be the only person who can save America from war and economic depression. Neither, obviously, saw themselves clearly.

On the Democratic side, Roosevelt and Kamala Harris were scorned by critics as intellectual lightweights, despite having had successful careers in government — Roosevelt as a New York state senator, assistant Navy secretary under Woodrow Wilson, and governor of New York; Harris as San Francisco district attorney, attorney general of California, U.S. senator and vice president.

Despite that, FDR was disdained by former Supreme Court Justice Oliver Wendell Holmes Jr. as having “a second-class intellect, but a first-class temperament.” Walter Lippmann, the reigning public intellectual of his era, deprecated FDR as “a highly impressionable person, without a firm grasp of public affairs. ... A pleasant man who, without any important qualifications for the office, would very much like to be President.”

Trump and his cohorts incessantly demean Harris as — to quote the ever-fading Tucker Carlson at the Sunday Trump rally — a “low-IQ former California prosecutor.”

The Republican Parties of 1932 and 2024 were fragmented entities when they nominated their presidential candidates.

Hoover had proven during his term to be a technocrat utterly without political skills. GOP insurgents (led by Harold Ickes, who would go on to serve FDR as interior secretary) had mounted a “dump Hoover” movement at their national convention; it collapsed for lack of a candidate to take up the colors.

Trump prevailed at the 2024 GOP convention, though not without challenges from candidates fearful of his lack of appeal outside a core right-wing base — former North Carolina governor Nikki Haley collected a strong 40% of the vote in a series of primaries, but not enough to carry her to the nomination.

That brings us to what might be the turning points in both Republican campaigns.

For Hoover, it was his response to the Bonus Army. This was a national movement for early payment of a stipend Congress had voted for veterans of the war at a cost of up to $4 billion — but which was not scheduled to be redeemed until 1945. Veterans could borrow from the government against their bonus certifications, but only at a high rate of interest.

As the Depression tightened its grip on the nation in 1931 and amid soaring unemployment and the spread of shantytowns of dispossessed Americans known as “Hoovervilles,” veterans began to gather in Washington, uncorking fears of civil disorder.

Among their targets was Treasury Secretary Andrew Mellon, who was steadfast against early redemption. (Among Mellon’s grandchildren is Timothy Mellon, who is the largest individual contributor to the Trump campaign and other Republicans in this election cycle.)

The Bonus Expeditionary Force, as the Bonus marchers called themselves, originated in Portland, Ore., with an unemployed ex-sergeant named Walter W. Waters as its commander. They started to move east — “hundreds of thousands of men, women, children, and babies ... walking, hitchhiking, hopping freights,” as Paul Dickson and Thomas B. Allen reported in their 2004 book about the Bonus Army.

Most of the marchers fell away en route, but by the end of June a Hooverville-like camp housing as many as 15,000 bedraggled men and their families had sprung up in the desolate, muddy Anacostia Flats area of Washington. They were fed with donated food, treated at a medical clinic set up on the grounds, and mounted a series of marches to Capitol Hill, where a bill to accelerate the bonus payments to the present day was being debated. (It passed the House but was defeated in the Senate.)

Hoover and his aides became progressively more fretful about the settlement at Anacostia Flats, especially when its organizers began to talk about making it permanent. There was talk about its having been infiltrated by Communists and rumors of planned violence. Hoover decided early in July to have the marchers evicted and placed the responsibility in the hands of the Army chief of staff, Gen. Douglas MacArthur.

MacArthur assumed the task of deploying tanks, bayonets and tear gas on fellow citizens enthusiastically, calling the camp residents “insurrectionists.” The prospect appalled MacArthur’s adjutant, 28-year-old Maj. Dwight D. Eisenhower, who claimed later that he tried to convince his superior that the job was beneath his dignity. MacArthur rebuffed him.

On July 28, the attack began, including cavalry troops under the command of Major George S. Patton. Two veterans were killed in the operation and 55 injured. A 12-week-old baby died after being tear-gassed. The tent camp in Anacostia was burned to the ground.

The following day, Hoover issued a statement explaining that he had acted to prevent the government from being “coerced by mob rule.” He kept petulantly defending his actions to the end of his life. In his memoirs he accused the Democrats of distorting the event, implying “that I had murdered veterans on the streets of Washington.” He charged that the Bonus march had been largely “organized and promoted by the Communists and included a large number of hoodlums and ex-convicts.”

As it happened, Roosevelt as president was no more willing to pay the bonus early than Hoover and Mellon had been. In 1936, Congress overwhelmingly passed a measure to pay the bonus immediately — over FDR’s veto.

The ramifications of the Bonus Army attack live on. It set the stage for the creation of a vast administrative infrastructure of aid for service members and veterans, starting with enactment of the GI Bill, which paid for tuition, textbooks and supplies (and $50 a month for living expenses) to grant returning veterans a college education, making American society into a meritocracy.

The bill was signed by Franklin Roosevelt in June 1944, a couple of weeks after allied troops cross the English channel on D-Day.

It also stands as a warning for Trump that taking military action against civilians will inspire a massive public backlash, which in that case contributed — no one can say how much — to Franklin Roosevelt’s landslide defeat of Hoover just over three months later. Roosevelt’s presidency established a new principle in American politics through the New Deal, that government exists to succor all its people, not just the wealthy.

share",Michael Hiltzik,,2024-10-29,CONTROL_Polish_Womens_Strike_2020_2024,sustained,True,0,"In, The, To"
https://www.latimes.com/entertainment-arts/movies/story/2024-10-29/bruce-willis-stutter-dementia-emma-heming-willis,Los Angeles Times,"Stutter that 'propelled' Bruce Willis into acting also masked his dementia, his wife says","Bruce Willis showed signs of decline years before his aphasia diagnosis — but another condition he’d had since childhood kept wife Emma Heming Willis’ concerns at bay.

Willis’ family in 2022 announced the “Die Hard” star would retire from acting after being diagnosed with a cognitive disorder. The next year, they revealed a more specific diagnosis: frontotemporal dementia (FTD), which affects an estimated 50,000 to 60,000 Americans and is marked by a gradual, progressive decline in behavior, language and occupational functioning.

“For Bruce, it started with language,” Heming Willis told Town and Country in an interview published Tuesday. But those early changes in the Emmy winner’s speech didn’t initially alarm her, she said, as he struggled with a “severe stutter” well into his teenage years.

“Bruce has always had a stutter, but he has been good at covering it up. As his language started changing, it [seemed like it] was just a part of a stutter, it was just Bruce,” the former runway model said. “Never in a million years would I think it would be a form of dementia for someone so young.”

“I could hardly talk. It took me three minutes to complete a sentence,” Willis is quoted as saying in “Bruce Willis: The Unauthorized Biography,” published in 1997. “Yet, when I became another character, in a play, I lost the stutter. It was phenomenal.”

It was that discovery that “propelled him into acting,” Heming Willis — who in 2016 presented her husband with an award from the American Institute for Stuttering — told Town and Country.

Willis, who was 67 at the time of his diagnosis two years ago, is currently “stable” in his battle with the disease, his ex-wife Demi Moore said earlier this month. People with FTD can live with the disease for years, but there is no cure and sufferers face an increased risk of falls, infections and diseases including pneumonia, which can be fatal, according to Johns Hopkins Medicine.

Wendy Williams, the 60-year-old former talk show host who went off the air in 2022, was diagnosed earlier this year with aphasia and FTD. The Lifetime docuseries “Where Is Wendy Williams?” chronicles her cognitive deterioration with “radical honesty,” the series’ executive producer Mark Ford told The Times in February.

Heming Willis told Town and Country that she’s “never tried to sugarcoat” Willis’ condition for their two young daughters, ages 10 and 12.

“What I learned from our therapist was that if children ask questions, they’re ready to know the answer,” she said. While the girls don’t understand all the details, she added, they know “Daddy’s not going to get better.”

With the help of Willis’ eldest three children, whom the former actor shares with Moore, Heming Willis said she works diligently to raise awareness of FTD. She previously supported New York state Sen. Michelle Hinchey — whose father had primary progressive aphasia frontotemporal dementia — in creating an FTD registry, “so that when anyone in the state of New York is diagnosed, it gets recorded.”

She’s also working on a book for caregivers, which she first announced in February.

“It’s not just about how to care for your loved one, it’s about how to look after yourself in the process,” the FTD advocate said. “All these experts and clinicians who have helped me find my own footing in this have said, ‘You cannot be a caring partner for your loved one if you are not caring for yourself.’ ”

Heming Willis called the untitled work “the book that I wish I had been handed when we got the FTD diagnosis.”

“I wish I had heard from someone, like, ‘I know this feels horrible and very traumatic, but you’re going to be OK,’ ” she said.",Malia Mendez,,2024-10-29,CONTROL_Polish_Womens_Strike_2020_2024,sustained,True,0,"In, The, To"
https://www.latimes.com/environment/newsletter/2024-10-29/boiling-point-californias-role-in-global-fight-to-protect-nature,Los Angeles Times,Boiling Point: California's role in the global fight to protect nature,"Good morning and welcome to the final week of the spooky season. I’m environment reporter Alex Wigglesworth, filling in for Sammy Roth.

California is home to more species of plants and animals than any other state in the nation. So maybe it’s no surprise the state has sent a large delegation to the United Nations summit on biodiversity (COP16) in Cali, Colombia.

The aim of the two-week conference is to figure out how to achieve the goals of a landmark agreement signed by more than 190 countries in Montreal two years ago — including the protection of 30% of the world’s land and water by 2030.

The United States technically isn’t a party to the Convention on Biological Diversity, as Republicans have blocked ratification of the treaty. Even if it were, California wouldn’t be directly involved in these negotiations since it’s not a nation-state.

But the Golden State is still playing a big role as an advocate and model for protecting nature, said state Natural Resources Secretary Wade Crowfoot. Gov. Gavin Newsom in 2020 issued an executive order that included California’s own 30 by 30 target, which was followed by a state law, a strategic road map and a recent announcement that the state is closing in on its goal. Other counties are now looking to its implementation as an example.

I caught up with Crowfoot, who’s in Colombia, to learn more. The following interview has been edited for length.

What’s California doing at a global biodiversity summit?

Much like we’ve been leaders on climate change for the last 20 years, we really feel like we have leadership to share on protecting nature.

We did a big 18-month process to develop an implementation pathway [for 30 by 30], including tribal consultation and public engagement. We now have this implementation plan called pathway to 30 by 30, and we are sprinting down the field to achieve 30 by 30 in our jurisdiction. That’s something the rest of the world is really interested in: How did we achieve it? What mistakes did we make? What lessons can we share?

At the same time, we are learning about it because other jurisdictions are working toward 30 by 30. Quebec, the Campeche state in Mexico, São Paulo and Rio de Janeiro in Brazil, Wales in the United Kingdom — all of those governments that are considered sub-national governments because they’re not in the negotiating room — are driving toward 30 by 30.

The way I think about these biodiversity negotiations is, national leadership is necessary but not adequate. What are needed also are states, provinces and even cities to drive forward on this.

How is biodiversity connected to climate change?

I think part of the problem is for too long the crisis of climate change and the crisis of biodiversity loss were treated as separate crises. But the way I talk about the biodiversity crisis is as a crisis of nature. It’s losing nature off our planet. What the world’s best climate scientists have said is that nature-based solutions, protecting and restoring nature, are critical to meeting our near-term and mid-term climate targets.

We all had a blind spot on the role of nature in climate change, even in California. While we led with AB 32 [the Global Warming Solutions Act of 2006] and our climate policies on energy and buildings and transportation, historically there wasn’t enough focus on how we actually have to help nature help us on climate change. So part of 30 by 30 is about protecting nature and biodiversity, but part of it is about restoring the health of our lands so they can sequester more carbon.

What do you hope to accomplish at COP16?

One, speaking with a strong voice for California on the need to do more. We’re fanned out across a giant conference center giving talks about what California is doing. Part of this is we have to act more aggressively, more ambitiously to achieve 30 by 30. We came here to advocate for faster, stronger global action. We’re definitely sharing what we’re doing in California as a model.

So to advocate, to share, and the last one would be to learn. We have been learning from the leaders who are driving 30 by 30 and nature-based solutions across the world.

Yesterday we sat in on a panel on how the Canadian government is working with what they call First Nations, what we would call tribal governments, on land back to achieve their 30 by 30 targets. That’s a key area of priority for us. They’ve got some legal designation for land up there that we’re now taking a look at.

Another example is what’s happening with states in Brazil as it relates to the restoration of land. They have some really interesting ways to scale up restoration that we’ll look at as well.

The U.S. is the only country, other than the Vatican, that hasn’t ratified the biodiversity treaty. Does that affect your participation in the summit at all?

Maybe it makes our presence even more important. Because those following wonder what’s happening, is there leadership in the U.S.? Our point is, yes, there’s great leadership.

I will note the Biden-Harris administration played an active role in 2022 in Montreal. The first ever presidential envoy for nature, Monica Medina, she was up there. And from the White House, Brenda Mallory, chair of the Council on Environmental Quality, is coming over the next two days. We have a dysfunctional situation with our U.S. Senate that disallows us from ratifying treaties, but that doesn’t mean the federal government is entirely absent in these discussions.

And you’re also highlighting the need for President Biden to designate three new national monuments — the Sáttítla National Monument in Northern California, and the Chuckwalla and Kw’tsán National Monuments in the state’s deserts. How does that fit into this?

We’ve been supporting tribal leadership on these three national monuments, and to me one of the most powerful changes in California but also in the United States and internationally is the growing voice of Indigenous leaders.

If you walk around this conference center where I’m at right now, you see Indigenous leaders from all around the world. And they’ve been present in the past, but I’m hearing way more than I ever have about the need to support leadership of Indigenous communities, including ancestral land return, which we’re doing in California, and co-managed lands. So I’m really proud to be here in part to support two tribes that are here driving two of the three national monuments. One is the Pit River Tribe in far Northern California; the other is the Fort Yuma Quechan Indian Tribe.

I think it’s this total paradigm shift where we understand that if we’re going to do what we need to do to protect the environment, we have to support and empower tribal leaders.

TOP STORIES

A battle is brewing over the core mission of one of the most influential environmental voices in Sacramento, my colleague Lila Seidman reports.

Some members believe Sierra Club California needs to step up its advocacy around environmental justice issues. Others think the club has strayed too far from its roots as a champion of wilderness preservation.

These debates in some ways mirror those that have roiled the national organization, which was founded 132 years ago by naturalist John Muir. After the murder of George Floyd in 2020, the Sierra Club grappled with calls to reexamine Muir and his legacy, which included racism.

Sierra Club California’s new acting director Bobbi Jo Chavarria must manage these long-running disputes and forge consensus on issues of diversity, equity and inclusion, Seidman reports.

Scientists at UC Berkeley have developed a fluffy yellow powder that can suck carbon dioxide out of the air like trees, according to our crack science and medicine reporter Karen Kaplan.

Researchers say this practice, called direct air capture, is needed to limit global warming.

“Even if we stop emitting CO2, we still need to take it out of the air,” Omar Yaghi, a reticular chemist at UC Berkeley and the study’s senior author, told Kaplan. “We don’t have any other options.”

The scientists say the powder, COF-999, is durable, captures carbon at a rate at least 10 times faster than other materials, and that they are on track to double its capacity in the next year. A version of COF-999 could be ready for direct air capture plants within two years, they say.

And from Tony Briscoe, this disturbing tale: California regulators have found pesticides floating in the air in multiple large farming regions.

Chemicals including 1,3-dichloropropene, a fumigant and probable human carcinogen used to kill crop-damaging pests in soil, were found in nearly 80% of weekly air samples taken last year in Oxnard, Santa Maria, Shafter and Watsonville.

State officials insist that none of the samples exceeded safe limits. But environmentalists and anti-pesticide activists have accused the state of downplaying the results. They say the compounds pose a far greater risk than the state is willing to acknowledge, and that the testing indicates they’re drifting into nearby communities and poisoning neighbors.

There are also concerns about the racial and social disparities in exposure to these chemicals — recent studies have found pesticide use is more prevalent in predominantly Latino communities in California, Briscoe notes.

POLITICAL CLIMATE

A single massive wildfire can cost billions of dollars to fight and recover from. Long-standing policies and procedures dictate that states such as California — the site of some of the most destructive fires in history — share this cost burden with the federal government. But former President Trump has repeatedly threatened to block federal fire aid to a state he perceives as politically unfriendly — most recently in remarks to reporters at his Rancho Palos Verdes golf course and again at a rally in Coachella.

Now, Gov. Gavin Newsom’s administration is working on contingency plans in the event that Trump returns to the White House and makes good on those threats, according to Politico.

Newsom told the outlet that he’s working with other officials to create plans in the state budget for an account California can draw from to pay for responses to fires, earthquakes and other disasters.

In another attempt to get ahead of uncertainty about the upcoming presidential election, federal and state agencies are looking to lock in new rules for California’s major water delivery systems in the coming weeks, our water expert Ian James reports.

The rules will determine how much water may be pumped from rivers to supply people and farmlands while providing enough to protect imperiled fish species.

A Trump victory would probably bring new attempts to weaken protections for fish, while Vice President Kamala Harris would probably seek to maintain stronger environmental protections, James reports.

Still, California environmental groups are criticizing the proposed changes, saying the preferred proposal laid out in a federal draft environmental review would actually make things worse for imperiled species. State officials disagree with those claims.

Time is of the essence: Federal and state officials have been operating the water systems under a court-ordered interim operations plan that will expire in December, James writes.

AROUND THE WEST

Speaking of biodiversity, the Biden administration has approved a massive lithium and boron mine in Nevada despite concerns from some environmentalists that the project could kill off an endangered wildflower, according to the Washington Post.

The project is the latest to highlight the tension between the need to transition to clean energy and the desire to preserve rare species, the article notes.

The Rhyolite Ridge Lithium-Boron Project is expected to produce enough lithium to power about 370,000 vehicles annually for more than two decades, the Post reports. But the Center for Biological Diversity is planning a court challenge, alleging the Bureau of Land Management is violating the Endangered Species Act. Tiehm’s buckwheat, which was listed under the act in 2022, grows only on lithium- and boron-rich soil in Esmeralda County, Nevada, and mining is the No. 1 threat to its existence, according to the article.

Some activists also fear the project could deplete scarce water resources and disturb Western Shoshone sacred sites, the Hill reports.

ONE MORE THING

More than a century ago, Los Angeles embarked on a scheme to drain the Owens Valley by quietly buying up water rights in the Eastern Sierra and then building a massive aqueduct to fuel its own urban growth.

In 1924, the Owens Valley fought back. Residents seized the aqueduct’s control gates and diverted its flow into the Owens River channel. Hundreds of people gathered with the occupiers for a massive community picnic. The event, known as the Alabama Gates occupation, lasted for four days.

An upcoming weekend of free events in Lone Pine will commemorate what organizers call a “legendary act of civil disobedience, which reverberated worldwide, illuminating these two regions’ complicated and intertwined water history.”

“But it also reflects how white settlers had previously confiscated and occupied Payahüünadü, the ancestral lands of the Paiute and Shoshone People in what is now called Owens Valley, along with the repercussions of this settler colonialism on contemporary Tribal residents who continue to live here,” says the announcement for Alabama Gates 2024, produced by There It Is —Take It! in partnership with nonprofit Sierra Forever.

The weekend of panel discussions, film screenings, a walking tour and — yes, a picnic — is set for Nov. 15 to 17. A full schedule can be viewed here.",Alex Wigglesworth,,2024-10-29,CONTROL_Polish_Womens_Strike_2020_2024,sustained,True,0,"In, The, To"
https://www.latimes.com/espanol/eeuu/articulo/2024-10-29/harris-busca-su-gran-momento-en-el-argumento-final-para-pasar-la-pagina-de-trump,Los Angeles Times,"Harris busca su gran momento en el argumento final para ""pasar la página"" de Trump","La vicepresidenta Kamala Harris presentará el martes el argumento final de su campaña presidencial, desde el mismo lugar donde Donald Trump incitó el asalto al Capitolio, esperando ofrecer un panorama claro de los posibles futuros que los votantes enfrentarán si ella o Trump asumen la presidencia.

A una semana de la elección, Harris usará su discurso de las 7:30 p.m., hora del Este, desde el parque The Ellipse, cerca de la Casa Blanca, para prometer a los estadounidenses que trabajará para mejorar sus vidas, mientras afirma que su oponente republicano solo busca su propio beneficio.

Ella esperaba agudizar ese contraste al pronunciar su discurso culminante desde el sitio donde Trump, el 6 de enero de 2021, propagó las falsedades sobre la elección presidencial de 2020 que incitaron a una muchedumbre a marchar hacia el Congreso e intentar, sin éxito, detener la certificación de la victoria del demócrata Joe Biden.

Cada vez con menos tiempo y en una contienda muy cerrada, Harris y Trump han buscado lograr grandes momentos para intentar que las tendencias cambien a su favor.

“Es un lugar que, en nuestra opinión, ciertamente ayuda a cristalizar la decisión en esta elección”, dijo Jen O’Malley Dillon, presidenta del equipo de campaña de Harris, acerca del escenario, calificándolo como “una clara imagen del que es, quizás, el ejemplo más infame de Donald Trump y de la forma en que ha usado su poder para mal”.

Los asesores de campaña enfatizaron que Harris no presentará un tratado sobre la democracia —un elemento omnipresente en los intentos del presidente Joe Biden de contrastar con Trump— ni dedicará demasiado tiempo a centrarse directamente en las impactantes imágenes de ese día. Los asesores de la vicepresidenta dijeron que su objetivo es presentar un argumento más amplio de por qué los votantes deberían rechazar a Trump y considerar lo que ella ofrece.

“Hay una gran diferencia entre él y yo”, dijo Harris a los periodistas el lunes al presentar un avance de su discurso. “Si él resulta electo, desde el primer día se sentará en la Oficina Oval trabajando en su lista de enemigos. Desde el primer día, si soy elegida, lo cual espero plenamente, estaré trabajando a favor del pueblo estadounidense en mi lista de tareas”.

Su equipo de campaña esperaba atraer a una gran multitud a Washington para el evento. Pero, de forma más crítica, espera que el escenario ayude a captar la atención de los votantes de los estados en disputa que aún están indecisos sobre por quién votar, o si van a hacerlo.

Hace unos días, Harris viajó a Texas, un estado confiablemente republicano, para presentarse con la superestrella Beyoncé y enfatizar las consecuencias para las mujeres tras la anulación del derecho constitucional al aborto. También fue un discurso destinado a resonar con los votantes en estados clave.

___

El periodista de The Associated Press Writer Michelle L. Price colaboró desde Palm Beach, Florida.

___

Esta historia fue traducida del inglés por un editor de AP con la ayuda de una herramienta de inteligencia artificial generativa.",ZEKE MILLER,,2024-10-29,CONTROL_Polish_Womens_Strike_2020_2024,sustained,True,1,"De, En, La"
https://www.latimes.com/california/story/2024-10-29/american-cholo-hillary-clinton-fan-to-trump-voter,Los Angeles Times,Column: How an 'American Cholo' went from Hillary Clinton fan to Trump voter,"In a North Hollywood podcast studio last week, Gill Tejada and his co-host, Boo Boo, trashed liberal shibboleths, like any good Trumpers.

Puberty blockers for teens. Los Angeles County Dist. Atty. George Gascón. Gavin Newsom. Homelessness. High taxes. Unchecked migration.

The topics weren’t surprising. The setting and language … were.

“My president got a felony, homeboy!” Tejada exclaimed at one point to hundreds of live viewers on YouTube and Instagram.

“He’s the big homie on the block, bro,” replied Boo Boo, who proudly deemed Trump a “junkyard dog” ready to fight for the United States. “He’s like, ‘I’ll smoke you.’”

Welcome to “American Cholo,” a podcast Tejada has hosted since 2018 that initially focused on stories about gang life and Chicano culture but has now turned full Trump bro.

With his San Fernando Valley Chicano accent, close-cropped hair and frequent use of words like “carnal,” “playboy” and “fool,” Tejada can come off to a first-time listener as a Pendleton-wearing buffoon in a Culture Clash skit.

But dismissing him so easily is a mistake he fully expects liberals to make, to their own detriment. Tejada, 49, embodies a trend that has thrilled Republicans and alarmed Democrats as election day comes closer: the drift of Latino men toward Trump.

Surveys throughout the summer consistently found a double-digit divide between Latina and Latino support for Kamala Harris. The gender gap exists across racial and ethnic groups to some degree, but media outlets have seized on Latino men with disbelief, largely predicated on this question:

How could they cheer on Trump, who has referred to Mexico as a place that sends “rapists and drug dealers” to the U.S.; deemed El Salvador a “shithole” country and Puerto Rico “dirty”; has repeatedly described Venezuelan migrants as criminals; and keeps promising to unleash the “largest deportation” ever if he’s elected?

Northwestern University history professor Geraldo Cadava, who has written extensively about Republican Latinos, says he’s “wary of explanations” about Latino male support for Trump “that are about machismo, misogyny and patriarchy — it might be in there, sure. But I’d also want the people making arguments about that to at least consider these more material matters, like the industries where Latino men are overrepresented, like construction and law enforcement. Their leaders are all in on Trump.”

The threat is real enough that the Harris campaign this month announced an Hombres con Harris (Men with Harris) initiative that quickly drew ridicule from both progressive and conservative commentators for being too much, too little and too late to convince guys like Tejada.

“Many Latinos are going to Trompito Land, fool,” he told a caller during the podcast taping I attended, using a diminutive — Little Trump — uttered by the former president’s Latino haters that Tejada has reappropriated as a loving moniker. His patter — fast, outraged, informed and tinged with well-timed jokes — was a master class in old-school talk radio.

He went through the California propositions on this year’s ballot, focusing for a while on Proposition 6, which would ban forced labor in state prisons.

“Inflation’s gotten so bad that the jail guys want more money,” Tejada said, as Boo Boo laughed. “Is that what it’s come to, America?”

The two, once active in rival North Hollywood gangs, sat at a elegant desk built by Tejada’s brothers-in-law. Five cameras set up by Boo Boo captured their every reaction. Behind them was a screen with the “American Cholo” logo of a microphone backed by an American flag. Above the sound board was a framed canvas with the airbrushed names of dead members of Tejada’s former gang, North Hollywood Boyz. Before him was a plaque that read “Everyday I’m Hustlin’.”

“I don’t really like that fool Trump, but I’m going to vote for him,” Tejada eventually proclaimed. He stopped, looked directly at a camera and grinned. “That should be his campaign slogan.”

The “American Cholo” studio is five blocks away from where Tejada grew up. Among the mementos on the walls: the top of the pool table where he first recorded the podcast, a copy of the Constitution, a rusted sign that once hung on the fence of the long-closed Heman G. Stark Youth Correctional Facility in Chino, where he did a stint.

Images of American flags lined the hallway. “We have them everywhere, because I’m grateful to this country,” he said. “I’ve lived in a Third World country. A lot of liberals haven’t.”

Tejada came to the U.S. from Honduras legally at age 6 to live with his mother, who was undocumented at the time. He dropped out of high school as a freshman and cycled in and out of juvenile halls.

“So the final time, I see an older guy sitting in his cell, and a light bulb went in my head,” Tejada said. He’s stocky, with light brown eyes and tattoos of his late brother and a 170 Freeway sign on his upper chest. “I’m looking around and asking myself, ‘Is that what I want to be?’ I was 24 years old. I was going to be on parole with no job. My daughter’s mom was going to prison. So I picked my family — best choice I ever made.”

Tejada learned how to lay cement — he’s now a foreman for a concrete company — and tried to get young people from his neighborhood into the trade.

He paid attention to politics but didn’t get involved, because he thought this country was mostly on the right track under Democratic leaders: “Bill Clinton was a good president. [George W.] Bush Junior was a complete moron. Obama did a good job.”

He voted for Hillary Clinton in 2016 because he found Trump offensive: “I thought she would do a great job. She’s cutthroat.”

Then came the summer of 2020. Tejada was working on a project near the Third Street Promenade in Santa Monica when a rally against the murder of George Floyd devolved into a ransacking of small businesses.

“Law enforcement had a chance to stop them,” he said. “Instead, they stood down.”

The following day, he saw the damage up close. “And I thought to myself, ‘You can’t go to church and pray to your God, but you can have 10,000 people march and destroy s—? Are you kidding me?’”

He still wasn’t sold on Trump but couldn’t support Joe Biden — “The Democrats made a left turn, then a U-turn to super woke.” So he wrote in “American Cholo” as his choice for president.

The last four years have soured Tejada — who has never registered with a political party — on Democratic rule for good. He had thought Boo Boo was “crazy” for supporting Trump in 2016 — but now they are kindred spirits.

“If California was a prison yard, it’s run by the Democrats — and look at what’s going on,” said Boo Boo, who declined to reveal his real name, saying, “I’m good.”

“My mom can’t take the Metro,” Tejada replied. “My friend’s neighbor got robbed. [The L.A. City Council] is building more transitional housing in North Hollywood. Why aren’t they being built in Brentwood or Hancock Park?”

“My stocks under Trump, they shot up. Now, they’re in the dumps,” Boo Boo added.

“Latino men see the carne asada is $12 instead of $7.99,” Tejada said. “Democrats are having a problem selling that. But y’all are running the show right now, bro. They think we [Latinos] are too dumb to say anything. And if we say something, they say we’re too insensitive.”

I asked the homies if Trump’s rising rhetoric against Latinos bothered them.

“It’s like having a nagging wife,” Boo Boo cracked. “In one ear and out the other. I hate to say this, but these [world leaders] will say, “We want a man to deal with.’ Under Biden, they haven’t been listening. They won’t with Kamala. Trump was that gangster on the block that ran the show.”

“He’s a douche!” Tejada exclaimed, like it was the most obvious thing in the world. “If I could interview him, I’d ask for an apology. But I’m not voting for him to be my compadre, or to marry into the family. I’m voting for him to run this country like a business and get us back into shape.”

Cal State Fullerton Chicano Studies professor Alexandro Jose Gradilla has listened to “American Cholo” and understands where Tejada and Boo Boo are coming from, even if he doesn’t agree with their politics.

He’s seen some of his former male students warm up to Trump. One, who works for a trucking company, said “their taxes were lower under Trump, and [it’s] hurting them to hire people.”

Gradilla said these men are “not monsters” but are symptomatic of how “every cultural and ethnic group is struggling with, how do we incorporate men into civic engagement?”

Too many Latino males, the professor said, are “embracing a hyper-individualized sense” of machismo.

“Someone has hit Control-Alt-Delete on memory, and people say, ‘Sure, grandma was undocumented, but we’re now good people,’” he said. “‘These immigrants are different, they should be deported.’ They’re making a strange invisible inoculation for themselves of, ‘It’s not going to be me who suffers. It’s going to be someone else who deserves it.’”

Tejada scoffs at the suggestion that he considers himself above other Latinos. He has organized backpack giveaways and coached Little League. “American Cholo” continues to feature Chicano musicians and artists, even as Tejada has interviewed local political candidates such as Nathan Hochman, who is running for L.A. County district attorney on a law-and-order platform.

Earlier this year, Tejada even served on the North Hollywood Northeast Neighborhood Council — “until I figured out they would sit there and discuss purchasing a microwave for an hour instead of dealing with real city issues.” He resigned after six weeks.

“People tell me that I forgot where I came from because of my conservative thoughts,” he said, beaming. “But I never left.”",Gustavo Arellano,,2024-10-29,CONTROL_Polish_Womens_Strike_2020_2024,sustained,True,0,"In, The, To"
https://www.latimes.com/entertainment-arts/business/story/2024-10-29/netflix-might-put-narnia-in-theaters-will-it-create-a-streaming-blockbuster,Los Angeles Times,Netflix might put Greta Gerwig's 'Narnia' in Imax theaters. Will it create a streaming blockbuster?,"When Netflix releases big movies, even the ones that resemble Hollywood blockbusters, its approach is consistent: Get people to watch them on the streaming service, not in theaters.

In the cases where Netflix does put its films in cinemas, it does so in a limited fashion, primarily to build buzz or get awards consideration.

Could Netflix be poised to make a big exception?

The Los Gatos, Calif.-based streamer is in early talks with cinema tech provider Imax Corp. to bring its upcoming adaptation of “The Chronicles of Narnia” to its giant screens, according to people familiar with the matter who were not authorized to comment. The highly anticipated movie is based on the popular C.S. Lewis novels and directed by “Barbie” co-writer and director Greta Gerwig.

Discussions between Netflix, Imax and Gerwig, who has been a driving force on the issue, are preliminary at this stage, the people said. A deal may not happen. If an agreement solidifies, it would be Imax’s first deal for a theatrical window for a Netflix feature film.

The talks represent a potentially delicate balancing act for Netflix.

Netflix wants to work with the best filmmakers in the business, and many of them, including “The Irishman” director Martin Scorsese, want their movies shown on the big screen. But Netflix’s priority is its streaming service, which has nearly 283 million subscribers globally and generates billions of dollars in annual subscription revenue. Whenever Netflix executives are asked about whether they’ll do more in theaters, the response is the same: They like their streaming-first model.

Netflix and Imax declined to comment.

The discussions were earlier reported by Bloomberg and Puck News’ Matthew Belloni.

Some analysts and industry observers have been critical of Netflix’s movie strategy over the years, arguing that its films have struggled to enter the cultural zeitgeist in the way its TV shows have. Some felt Netflix left money on the table by only showing “Glass Onion: A Knives Out Mystery,” Rian Johnson’s sequel to his popular murder mystery “Knives Out,” in just 700 theaters for a few days in 2022 before it became available for streaming.

Traditional movie studios put their movies in theaters for weeks and sometimes months before making them available for home viewing. When big studio movies are released early for digital consumption, it’s often as a $25 rental.

It also can be hard for a movie to break through the streamer’s large library of content. Netflix’s top movies of all time are action flick “Red Notice,” dark comedy “Don’t Look Up” and sci-fi movie “The Adam Project,” all movies released two or three years ago. Recent hits on the platform include Jeremy Saulnier’s “Rebel Ridge,” a relatively low-budget thriller. Netflix also does well with movies it licenses from other studios, including Universal Pictures.

“They’re trying to play catch-up with movies, and they’re 100 years behind,” said Michael Pachter, research analyst at Wedbush Securities. “And they’re never going to catch up.”

While Netflix has won a significant number of awards for its films, it has yet to win an Academy Award for best picture. It bought and restored the Egyptian Theatre in Hollywood from the American Cinematheque in an effort to win over cinephiles and filmmakers. Netflix also owns the Bay Theater in Pacific Palisades, where it screens its own movies.

“Some of these films, in the context of that massive bandwidth of Netflix, you’re like a drop in the ocean,” said Paul Dergarabedian, senior media analyst at Comscore. “When a movie is in a movie theater, you’re not competing with unlimited hours of content, unlimited titles on a small screen you can scroll through.”

Domestic theatrical revenues are down significantly from pre-COVID-19 levels. But last year, movies like “Barbie,” “Oppenheimer” and romantic comedy “Anyone but You” received a significant boost in theaters as audiences kept coming through word-of-mouth and the hype of social media. Particularly with “Barbie,” fans dressed in pink to see it in theaters, making it an event.

This year has seen a strong showing for family-friendly films, with the box office success of animated movies such as “Inside Out 2.”

“The Chronicles of Narnia” fits into that genre as an epic tale with Christian undertones about a magical world and the four siblings who discover and rule it as kings and queens. The last three Narnia films, released theatrically in 2005, 2008 and 2010 by Disney and 20th Century Fox, generated $537.7 million in the domestic U.S. and Canada market, according to non-inflation-adjusted data from Comscore.

“If you look at Narnia, the depth and breadth of the fantasy world that it inhabits — having that level of detail ... having that imagery presented in Imax is huge,” Dergarabedian said. “For a movie that is expected to be a visual extravaganza, such as Narnia would present, Imax is a perfect home for that.”

If Netflix were to partner with Imax, it would put Gerwig’s cinematic vision on screens highly coveted by filmmakers and studios. Imax has roughly 2,000 screens globally, with screens typically about 65 feet wide and 85 feet tall. Its biggest screens stretch to more than 125 feet tall. Imax specializes in “event” movies, often in the action-adventure genre that benefits from huge screens.

Over time, Netflix has sought to build excitement for its shows and movies through social media, consumer products and its live programming. The streamer has hosted balls themed around its romantic series “Bridgerton,” helping sustain excitement in between seasons, and has hosted other fan events to support shows like “Outer Banks.”

Netflix executives have defended its movie strategy. Co-Chief Executive Ted Sarandos said in an earnings presentation earlier this month that the streamer’s top 10 films on launch on Netflix have more than 100 million views.

“It’s our desire to keep adding value to our consumers for their subscription dollar,” Sarandos said. “We believe that not making them wait for months to watch the movie that everyone’s talking about adds that value.”

“The Chronicles of Narnia” will be one of the major movies on Netflix’s slate after naming Dan Lin as its new film chief earlier this year. Lin took over the position from Scott Stuber, who left in January to start his own company. It was Stuber who had pushed Netflix executives for theatrical releases of major films. Lin, who produced films including “It” and “The Lego Movie,” is not an evangelist for the theatrical model.

Under Lin, Netflix restructured its movie department to be grouped under genres instead of by size of budget.","Wendy Lee, Samantha Masunaga",,2024-10-29,CONTROL_Polish_Womens_Strike_2020_2024,sustained,True,0,"In, The, To"
https://www.latimes.com/entertainment-arts/movies/story/2024-10-29/emilia-perez-selena-gomez-zoe-saldana-karla-sofia-gascon-interview,Los Angeles Times,Even its stars can't describe the genre-bending 'Emilia Pérez': 'Rarer than a green dog',"“Emilia Pérez” is a miracle of a film about the boldness it takes to blaze one’s own journey into uncharted territory. As its title character embarks on a gender transition that whisks her away from her violent drug-dealing past and into a placid domestic future, director Jacques Audiard concocts a dizzying Spanish-language musical whose outward bombastic flair anchors an intimate focus on the inner lives of women in contemporary Mexico.

When the movie won the actress award at this May’s Cannes Film Festival, the recognition was given to its ensemble: Karla Sofía Gascón, Zoe Saldaña and Selena Gomez shared the award (along with their co-star Adriana Paz). That’s no doubt because their contributions to this equally campy and earnest musical signal a truly collaborative endeavor.

Just don’t describe it as a “narco-musical.”

“I really don’t like when journalists label it that or focus just on that,” says Gascón, 52, a Spanish actor who has steadily been working in Mexico since 2009 and who famously came out as trans in 2018.

“If you think about it, there’s not much talk of drug crime here,” she adds, in her native Spanish. “There’s no narcotráfico here. It’s just not there. I just don’t understand this need by some journalists to lean into all these sensationalist headlines — narco this, trans that. I’ll say what I’ve always said: This is not a documentary.”

As the three actors pointed out while speaking to The Times on a Sunday afternoon following a Hollywood BAFTA screening, “Emilia Pérez” (in limited release Nov. 1; then on Netflix Nov. 13) is a film that is hard to distill into any one thing. Or into any neat label. Sinking into the oversized blazer she’d donned for the post-screening Q&A they’d all convened for, Gomez recalls being intrigued by what was on the page. “I kind of was like, I don’t know how this movie is going to be made, but I knew that it would be something spectacular,” she says.

Gascón, having done away with her heels for the duration of our chat, spells it out more colorfully: “When I first read the script, I thought it would never get made. Because it was so special. So weird. So different. I just never thought we’d be able to make it. I thought it was a kind of dream. But I said that if we were to make it, it’d be like ‘The Rocky Horror Picture Show’ or something like that. I mean, it’s rarer than a green dog. It’s just not normal.”

“Then again, I’m rarer than a blue dog,” Gascón quips.

A fabulously fantastic musical about a cruel cartel leader (Gascón, in the title role) who chooses to begin a gender transition and leave behind his old life as Juan “Manitas” Del Monte, not to mention his kids and young wife, Jessi (Gomez), “Emilia Pérez” is a twisty thriller where strong-willed women (such as Saldaña’s Rita, an attorney and confidante to Emilia) cannot escape the jagged violence that lurks in every corner. It’s also a tender tale about the perils and promises of starting over that owes as much to Mexico’s trite telenovelas as it does to its big-hearted melodramas.

The story takes place in a fable-like version of Mexico, one conceived by a French filmmaker (with music written by singer-songwriter Camille and composer Clement Ducol) and shot on a soundstage in Paris. And the script was fully written out in French, English and Spanish. But for Saldaña and Gomez, the film was more grounding than you might expect — a chance for them to reconnect with their roots.

“Spanish is the first language I was spoken to,” Saldaña, 46, shares, shuttling back and forth between English and Spanish as we talk.

“My mom sang me lullabies in Spanish. So the body keeps score. There’s a recognition of home that I had started yearning for. I wasn’t actively pursuing a film like ‘Emilia Perez’ and a role like Rita, but I needed it. ‘Emilia Perez’ was a medicinal experience for me.”

The “Avatar” star is magnetic as Rita, a good-natured lawyer who soon becomes Emilia’s right hand when the two establish a nonprofit designed to help bring closure to families looking for those who have been disappeared amid Mexico’s cartel violence. In “El Mal,” a tour-de-force musical number staged at a glitzy fundraising gala, Rita sings and spits bars feverishly about the moral compromises she’s had to make to bring Emilia’s well-meaning foundation come to life.

Wearing an instantly iconic red velvet pantsuit with a white tee, Saldaña and her exacting dance moves match beat for beat with her righteous rapping. Like many of the numbers throughout “Emilia Pérez,” Rita’s anthemic set piece is a dream sequence in which the corrupt guests seated around her can’t hear her fury.

For Gomez’s role of Jessi, meanwhile, the “Only Murders in the Building” foil admits she found much in common with a young Mexican American woman who’s constantly searching for ways of being ever more comfortable — in her body, in her home, in her own language. Not for nothing is her standout number, the catchy pop tune, “Mi Camino,” an ode to self-love that finds Gomez cooing, “Quiero quererme a mí misma” (“I want to love myself as I am”)

“I knew specifically Jessi’s story was enticing for me,” says Gomez, 32, speaking to her years of experience in the public eye, “because I’ve been in those situations where you’re placed in an area and you’re like, ‘This is my environment. And I have to just revolve around whatever fits for everyone else.’ I could feel that urgency from her to break free and be her own person.”

Nevertheless, the role of Jessi is unlike anything the Emmy-nominated multi-hyphenate has done before. The character is first introduced as a narco wife (in bleach-blond dyed hair and a body-hugging dress to match) who cannot fathom the loss of her husband and moneyed lifestyle once Rita helps relocate her abroad.

Years later, Jessi is asked to return to Mexico to live with Emilia, a stranger to her but a woman who has been entrusted with giving Manitas’ surviving family everything they could ever need. Emilia, of course, has to hide her true identity from his ex-wife. It’s a gamble the film understands as key to how far Emilia has come and yet how close she wants to remain to the life she has left behind.

Even as Gomez struggled performing in a language she’s not been fluent in since she was a child, she pushed herself to find the honesty in the material. Finding such aural nuances, Audiard admits, was not particularly his strength.

“If I needed, I had people who could translate,” he says over Zoom from across town with the help of a translator himself. “But I don’t always need to understand what is being said. You need to stay in motion and in expression. You need to make music. I think what’s really interesting is the musicality of the text. The musicality of what is sung or spoken is enough.”

Some of the most piercing instances in Emilia’s journey rely on Audiard’s penchant for indelible imagery. In a pivotal scene when the audience first sees Emilia post-transition following her many gender-affirming surgeries, the filmmaker captures her in a quiet moment of complete vulnerability. As we watch Emilia clasping on her bra, readying to leave the hospital once and for all, she’s trying out her new name for size.

“Yo soy Emilia Pérez,” she says over and over again, modulating her intonation ever so slightly. As if she were trying to find the voice that’s long eluded her, a voice far removed from the raspy Brando-in-”Apocalypse Now” mixed with Stallone’s Rambo that Gascón had developed for his crime lord Manitas.

“Obviously that was a very difficult scene to shoot,” Gascón adds. “I had to laugh. I had to cry. And I was naked with all of these scars and everything else. Mentally it was quite taxing. That moment we shot from all sorts of angles. But it really was more beautiful from behind. I remember seeing the shot and telling Jacques, “This has to be the poster. It captures everything about the film.” And he had this notebook with him and he turned to me — I think I was really annoying him at this point — and he goes, “You want to direct the film? Take it!””

Such playful bickering characterized the collaboration Gascón and Audiard developed over the yearlong process of fleshing out Emilia and her story. When Audiard cast Gascón, a veteran actor who’s been working steadily since 1994, he knew he’d found a tireless co-conspirator, one who helped reimagine the role away from the young, hardened protagonist he’d first envisioned. Gascón would often spend her time away from set writing and rewriting dialogue and jotting down ideas she would text the director late into the night. She helped shape Emilia — almost in her own image.

“What I gave to Emilia was my everything,” Gascón says. “My heart and soul. One of my very first jobs was as a puppeteer in Italian and Spanish television. I remember the first time I saw one of the puppets, just laying there, a rag and a plastic head. And I gave them a voice. Gave them their soul. And then, they sort of came alive and became quite famous. I got the same feeling here. That feeling of the power of creation. There’s nothing there and then, all of a sudden, there’s life. It truly feels as if I’ve given her my all.”

Gascón only half-jokes that she is still searching for ways to get what she left onscreen. “I gave Emilia my entire soul. And I’ve had to come back and recover it for myself again, almost.”

“It was a mixture of an experiment and an experience.” Saldaña adds. “I liked the experimental side of it. And we only achieved that because Jacques was not possessive over his words, his lines. That was incredibly collaborative. But also very freeing.”

The rehearsals and workshops that took place before any shooting was done allowed for each actor to feel emboldened to voice concerns or suggestions. There was little room for improvisation on set, but the endless rewriting Audiard did on the script allowed him to incorporate helpful and insightful feedback from cast and crew alike.

“I don’t take every idea,” Audiard clarifies. “But I always listen to my actors.”

Gomez experienced that trust firsthand when an early demo written for Jessi that she deemed too racy was cut from the film. (Audiard is convinced the song may well show up in one of Camille’s future albums.) Nimble pivots were central to the entire process. Jessi’s “Mi Camino,” for instance, was never storyboarded as a karaoke number. “We had weeks of dance rehearsal for that song,” Gomez recalls. “But on the day we were shooting, Jacques just loved the karaoke. He was just like, ‘Keep going! Keep going!’”

There’s no shortage of such moments throughout “Emilia Pérez.” Many of them are rooted in the raw vulnerability Gomez, Saldaña and Gascón bring to Audiard’s maximalist musical. The frayed performances push past the film’s surreal-sounding logline and, by the time credits roll, they burrow themselves deep within the hearts of the audience.

“That’s the beauty of what this film is doing,” Saldaña says. “It doesn’t live in any one genre and yet it somehow crosses through them all.”

She recalls encountering viewers who, afterward, have been left speechless. “Words escape them,” she says. “They’re behind on their thoughts because they’re ahead with their hearts.”",Manuel Betancourt,,2024-10-29,CONTROL_Polish_Womens_Strike_2020_2024,sustained,True,0,"In, The, To"
https://www.latimes.com/sports/ucla/story/2024-10-29/ucla-basketball-report-scrimmage-loss-mick-cronin,Los Angeles Times,Losing scrimmage means little as UCLA players attempt to win over coach Mick Cronin,"Don’t cancel those season tickets just yet.

Yes, UCLA lost a basketball scrimmage against severely shorthanded San Diego State.

No, Bruins coach Mick Cronin wasn’t trying to win. Not even close.

“I used it as a practice,” Cronin said Tuesday of the closed scrimmage earlier this month.

Cronin tinkered with his lineups, using eight different groups of five players, the mass substitutions resembling hockey shifts. The point was to find his best lineups approaching the season opener against Rider on Monday night at Pauley Pavilion.

Saying he “got educated,” Cronin noted that his best offensive and best defensive lineups are different and that the players on the court at the end of games might differ from the starters.

One impression of his players didn’t change. They can defend.

“We don’t have the national player of the year. We don’t have the preseason All-American, right?” Cronin said. “But, I think we can be elite in causing havoc defensively because of our depth at the guard … and speed. We have athletes at the guard position.”

Which guards will play together and for how long at a time? The No. 22 Bruins’ exhibition game against Cal State Los Angeles on Wednesday evening at Pauley Pavilion will give Cronin a chance to figure out his rotations before the games matter.

It’s a massive challenge considering Cronin imported six transfers who were significant contributors on their previous teams in addition to point guard Trent Perry, a McDonald’s All-American at Harvard-Westlake High.

The only player who seems assured of starting is returning point guard Dylan Andrews. Kobe Johnson is a possible starter along the wing, with Tyler Bilodeau at what Cronin calls the “big guard” spot and William Kyle III as the primary post player.

Shooting guard is the position battle that might be the most intense. Newcomers Dominick Harris and Skyy Clark are battling returning starter Sebastian Mack for playing time at what might be the deepest spot on the team.

Almost the entire roster remains in the early stages of learning the way Cronin wants his team to play defense. The coach paused a trapping drill during practice Tuesday to tell Harris he could leave the court if he wanted to do things his way.

“I tell the players, ‘Players determine playing time, ‘” Cronin said before practice started. “‘… Everybody put in my situation would play the guy that gets the job done the most, [so] make it hard on me.’”

Selflessness has been the catchphrase of the preseason for a team that could go 10-plus deep.

“Everybody’s just got to find their niche for this team,” Johnson said. “They got to find what they’re able to contribute, to help with and help make this team better. Because I think that’s what’s most important. Everybody’s not going to be a 20-point scorer, not everybody’s going to be a 10-plus rebounder, but you know, you got to find what you do best for this team. You got to do it well.”

For those still worried about the Bruins’ 72-67 loss to San Diego State — which was missing five scholarship players, including its starting backcourt — the lingering concerns would be rebounding and an inability to convert turnovers into points.

Even without applying all-out pressure, UCLA forced 24 turnovers. The problem was the Bruins turned them into only 21 points. Basketball analyst Ken Pomeroy told The Times that a good college offense typically scores 1.1 points per possession, meaning that the expectation under that metric would be for UCLA to score 26 points.

San Diego State also won the rebounding battle, 35-27, though Cronin pinned that on his team missing so many shots — the Bruins shot only 34.5%.

“You miss a million shots,” Cronin said, “you’re gonna get outrebounded.”

Johnson said he hoped to give fans a taste of the defensive intensity to come during the exhibition against Cal State L.A., which plays in NCAA Division II.

“We got to come out aggressive defensively, set the tone,” Johnson said, “and show teams, you know, we’re not here to play, we’re ready to get up in y’all.”",Ben Bolch,,2024-10-29,CONTROL_Polish_Womens_Strike_2020_2024,sustained,True,0,"In, The, To"
https://www.latimes.com/california/story/2024-10-29/jewelry-thief-suspects-arrested-in-follow-away-crime-spree-in-woodland-hills-area,Los Angeles Times,Jewelry thief suspects arrested after 'follow away' crimes in Woodland Hills area,"A trio of robbery suspects was taken into custody following a series of violent and confrontational attacks in the Woodland Hills area, the Los Angeles Police Department announced Tuesday.

Detectives identified 28-year-old Chazon Brown of Los Angeles, 32-year-old Isaiah Moore of Fresno, and 19-year-old Nhazel Warren of Los Angeles as responsible for a series of crimes known as “follow away” robberies.

The suspects routinely followed their victims in a black BMW sedan, according to police.

Two of the suspects were linked to a robbery on Sept. 19 in the 23000 block of Mulholland Drive in Woodland Hills. The victim was punched and pinned to the ground as the assailants forcibly removed his jewelry, police said.

A similar crime took place last Wednesday in the 21000 block of Ventura Boulevard, where two passengers riding in a black vehicle exited armed with handguns, and stripped the victim of his jewelry before fleeing the scene.

Police issued search and arrest warrants for Brown and Moore on Thursday, retrieving two semiautomatic pistols and other items as evidence. Warren was later arrested in Long Beach but posted bond and was released Tuesday.

The bail amount for each suspect is $1 million. According to police, Warren was wearing a GPS ankle monitor from previous arrests in two unrelated cases from July and August. He posted bond for those arrests as well.

“Based on evidence collected in this case, investigators believe these three individuals are prolific robbery suspects, responsible for many other robberies,” the LAPD said in a news release. “Investigators believe there are many other victims who have yet to be identified.”

The police are asking anyone with information about this case to contact detectives at (213) 486-6840 or email rhdtipline@lapd.online.",Jasmine Mendez,,2024-10-29,CONTROL_Polish_Womens_Strike_2020_2024,sustained,True,0,"In, The, To"
https://www.latimes.com/entertainment-arts/music/story/2024-10-29/beyonce-tina-knowles-memoir-matriarch,Los Angeles Times,Tina Knowles unveils her own 2025 release — a memoir — and Beyoncé 'couldn’t be prouder',"Move over, “Daddy Lessons.” Beyoncé’s mom, Tina Knowles, says she’s ready to share some wisdom of her own in a new book.

Knowles revealed Tuesday morning that her first memoir, “Matriarch,” is underway and will hit shelves next spring. The businesswoman, also the mother to singer Solange and the former costume designer for Destiny’s Child, said on Instagram that her book draws from generations of the “wisdom that women pass on to each other, generation to generation.”

“Even at 70 I am still learning valuable lessons — revelations that I wish that I would have had at 40 or even 20,” Knowles said. “I want to share this knowledge now, one to one with the reader, as we laugh and sometimes cry together through all the stages of our lives.”

“Matriarch,” according to Knowles’ website, will track her life from her upbringing in Galveston, Texas, in the 1950s to her experience raising two superstar daughters. Three, if you count “bonus daughter” and Destiny’s Child star Kelly Rowland, the website says.

In another post, Knowles said writing the memoir over the past two years was like giving birth, telling followers she endured a range of emotions as she put her life story on paper.”Matriarch” has been therapeutic and formative, she said.

“It it has helped me to learn who I truly am and when I think about it, I didn’t learn who I truly am until 70,” she wrote. “I hope this book can help someone to not make some of the mistakes that I made for not really knowing what I wanted or what I needed and how much I deserved it.”

Beyoncé, who channeled her mother’s lineage earlier this year for her “Cowboy Carter” imagery, wrote on Instagram that she “couldn’t be prouder” of her mom. The singer also shared a photo of the memoir’s cover: a colorful portrait of her mother in an ornate gold frame.

The Grammy-winning “Break My Soul” pop diva praised her mom for sharing personal stories with the public, noting, “To know you is to love you.” She also encouraged her mom to hold back just a tiny bit.

“Please don’t spill too much Mama Tea,” Beyoncé joked.

Knowles’ “Matriarch” will hit shelves April 22, and can be preordered on the book’s website.

“Matriarch” marks the latest nonmusic endeavor for the superstar family. A month after launching her SirDavis whiskey brand, Beyoncé unveiled her Cé Lumière perfume — to some social media fans’ chagrin.

Knowles announced her memoir days after she joined Beyoncé and Rowland in Texas to voice support for Vice President Kamala Harris. On Sunday, Knowles urged her Instagram followers to cast their vote for Harris, who would be the first woman president if elected.

“Do not miss the opportunity to be a part of history,” she wrote.",Alexandra Del Rosario,,2024-10-29,CONTROL_Polish_Womens_Strike_2020_2024,sustained,True,0,"In, The, To"
https://www.latimes.com/entertainment-arts/music/story/2024-10-29/liam-payne-posthumous-single-do-no-wrong-sam-pounds,Los Angeles Times,Liam Payne's posthumous single 'Do No Wrong' drops Friday. Some fans are not OK with that,"Liam Payne’s musical legacy will live on with the Friday release of his posthumous single “Do No Wrong.”

Grammy-winning producer Sam Pounds, who collaborated with Payne on the track, wrote Monday on X that he hoped the single would comfort fans of the late One Direction singer, who died Oct. 16 after plunging from a hotel balcony in Buenos Aires.

“I pray that this will be a blessing to the world like Liam has always dreamed,” the “Preacher’s Daughter” singer tweeted. “I pray angels will comfort you all every day while listening. I pray that this song will be a blessing to [Payne’s sister] Ruth, [son] Bear, and the entire family.”

Pounds said he hopes the song “eclipses the negative echoes” and that “supernatural positive healing power will embrace each and every one of you.”

The track was written by Payne, who last released “Teardrops” in March, and his sister Ruth Gibbins, Billboard reported. Gibbins has not publicly commented on the track but paid tribute to her brother in an Oct. 19 Instagram post calling him her best friend.

Although Pounds framed the release as an homage, some followers on social media were not taking it as such, accusing the singer of “trying to profit off a dead man.”

Representatives for Payne, Pounds and Gibbins did not immediately respond Tuesday to The Times’ requests for comment.

“Dude… cant believe you’re making money off of Liam’s death not even 2 weeks after he died. Let the dude rest in peace. This is pathetic,” a user commented on one of Pounds’ recent Instagram posts. “PLEASE just wait like a year and then you can release it, but this is extremely distasteful.”

“This man hasn’t been BURIED yet and you are profiting off him already?? This looks exploitative and gross, especially if it’s true the family does not support this,” an X user wrote in a reply to Pounds’ announcement, referencing a comment made on a Payne fan account.

Others seemed grateful to hear Payne’s voice again.

“I’m genuinely crying just thinking about hearing new music from him. Liam deserved more than he received in the end and we’re so honored you’re sharing this with us,” tweeted X user @BlissfulChelle.

“Thank you so much Sam,” wrote @YNehir92. “Really appreciate this. We love and miss him so much but having at least a song out that Liam was excited to release gives a little comfort.”

“This is going to be so special Sam,” @georgies1D replied. “Thankyou so so much for doing this and giving Liam a chance to still be heard. It breaks my heart that he didn’t get the chance to show us more of his talent. He deserved every piece of love.”

The 31-year-old singer “X Factor” alum, who pursued a solo career after One Direction disbanded in 2015, died from multiple traumas and internal and external bleeding after his fall, according to a preliminary autopsy. Argentine officials also found substances in Payne’s hotel room that appeared to be drugs, as well as evidence of alcohol and narcotics consumption, including the designer drug known as pink cocaine.

On Tuesday, Page Six reported that Payne overdosed and had to be resuscitated at least once while he struggled with his drug addiction. The singer reportedly was just out of rehab when he signed on as a mentor for Netflix’s competition series “Building the Band,” and “there was no way he was in any shape to do” the series, the outlet said.

A decision about how Netflix will proceed with the show has not been announced. The series also features Payne’s friend and former “X Factor” judge Nicole Scherzinger and Destiny’s Child alum Kelly Rowland and is hosted by Backstreet Boys singer AJ McLean.",Nardine Saad,,2024-10-29,CONTROL_Polish_Womens_Strike_2020_2024,sustained,True,0,"In, The, To"
https://www.latimes.com/eta/story/2024-10-29/casablanca-tradition-meets-modernity,Los Angeles Times,Casablanca: Tradition Meets Modernity,"Along Morocco’s Atlantic shoreline lies the bustling city of Casablanca, effortlessly combining tradition with modernity. Often passed over in favor of its historically acclaimed counterparts like Marrakech and Fes, Casablanca is an underrated treasure.

Casablanca, a true melting pot of cultures and a reflection of Morocco’s diverse history. This coastal city has been shaped by Arab, Berber, French and Spanish influences, resulting in a unique cultural fusion. The medina, or old town, is a maze of narrow streets lined with centuries-old buildings and bustling souks or marketplaces. Don’t forget to visit the historic Hassan II Mosque, an architectural marvel and an homage to the city’s Islamic roots.

Casablanca is Morocco’s economic hub, and its modern skyline showcases the nation’s future. Stroll along the scenic Corniche, where you can admire sleek skyscrapers, luxury hotels and upscale restaurants. The Twin Center, an iconic architectural landmark, is worth a visit for its views of the city from aboce. Casablanca offers a different perspective on Morocco, one that is dynamic and forward-looking.

DiningMoroccan cuisine is renowned for its flavors, and Casablanca is no exception. Savor traditional tagines, couscous and pastries in local restaurants. But don’t miss the opportunity to explore the city’s culinary scene where you can find international cuisine, seafood and fusion restaurants. A visit to the Central Market, known as Marché Central, is a must.

ArtsCasablanca has a thriving arts and culture scene. The city is home to numerous galleries, theaters and museums, including the Villa des Arts, which showcases contemporary Moroccan art, and the Casablanca Cathedral.

ShoppingFor those seeking Morrocan retail therapy, Casablanca offers a variety of shopping options. The Quartier Habous, or New Medina, is a shopper;s paradise with artisan boutiques that sell handcrafted goods, leather and pottery. For a more contemporary shopping experience, visit Morocco Mall, one of Africa’s largest shopping centers, with international brands and entertainment options.

Day TripsCasablanca’s location makes it a perfect homebase for day trips to explore nearby cities and attractions. Take a short drive to Rabat, Morocco’s capital, to visit historical sites and the stunning Royal Palace. Or venture to the coastal town of El Jadida, known for its Portuguese influence and UNESCO-listed medina.

Casablanca by NightAs the sun sets, Casablanca comes alive with its nightlife scene. The city offers a range of entertainment options, from rooftop bars with views to lively nightclubs where you can dance the night away to a mix of traditional and modern music.

Casablanca is a city of contrasts, where tradition meets modernity. Its rich history, cultural diversity and economic dynamism make it a destination that offers something for every traveler. Whether you’re captivated by the old-world charm of the medina or the allure of its modern neighborhoods, Casablanca is a Moroccan treasure waiting to be discovered.

-Dilan Gohill",,,2024-10-29,CONTROL_Polish_Womens_Strike_2020_2024,sustained,True,0,"In, The, To"
https://www.latimes.com/sports/lakers/story/2024-10-29/lakers-two-way-center-christian-koloko-cleared-to-play,Los Angeles Times,Lakers two-way player Christian Koloko cleared to play,"Center Christian Koloko, whom the Lakers signed to a two-way contract while he was still not cleared for competition, has been approved by a panel of doctors to return to the court for live action.

The news, which came more than a week after Koloko met with a panel of NBA doctors, means the Lakers will have an intriguing 7-foot-1 rim protector to add to their frontcourt.

According to people with knowledge of the situation Tuesday who are not authorized to speak publicly, Koloko is expected to begin his ramp-up process during South Bay Lakers training camp this week.

Koloko, the third pick in the second round of the 2022 NBA draft, had his career paused because of an issue with blood clots. He missed all of last season.

As a rookie in Toronto, Koloko played in 58 games, starting 19, while averaging 3.1 points, 2.9 rebounds and 1.0 blocked shots.",Dan Woike,,2024-10-29,CONTROL_Polish_Womens_Strike_2020_2024,sustained,True,0,"In, The, To"
https://www.latimes.com/socal/daily-pilot/news/story/2024-10-29/girlfriend-body-found-in-trash-costa-mesa-man-murder-charge,Los Angeles Times,"He killed his girlfriend, then watched TV, D.A. says; Costa Mesa man faces murder charge","Gory and disturbing details have emerged in the case against a Costa Mesa man who is charged with murdering his girlfriend and dumping her body in a trash can.

Daniel Allen Aldrich, 49, allegedly strangled his girlfriend, Julie Anne Sanetra, 38, after they got into an argument following a night of drinking on Oct. 20, according to the Orange County district attorney’s office.

He slit her wrist with a folding knife, according to the office, and then proceeded to watch television and go to bed while her dead body lay on the couch. Prosecutors say he woke up the following day and stuffed her body in the trash before packing his bags and heading to his mother’s house in Glendale.

On Monday, he was charged with one felony count of murder and one felony enhancement of the personal use of a weapon in the death, according to the district attorney’s office. If convicted as charged, he faces a maximum sentence of 26 years to life in prison.

“Julie Sanetra did not deserve to be strangled and stuffed into a trashcan like a piece of garbage,” said Dist. Atty. Todd Spitzer in a statement. “The callousness of this crime shocks the conscience, and we will do everything to get justice for Julie and her loved ones.”

On Oct. 22, landscapers who were hired to mow Aldrich’s lawn discovered Sanetra’s body partially hanging out of the trash by the side of his house in the 1900 block of Maple Avenue and contacted the Costa Mesa Police Department, according to the department and the district attorney’s office.

Aldrich was arrested by Costa Mesa police that evening at his mother’s house in Glendale in the 3700 block of El Lado Drive, according to police and the office.

He is being held in lieu of $1-million bail and is scheduled to be arraigned on Nov. 19, according to the office.",Clara Harter,,2024-10-29,CONTROL_Polish_Womens_Strike_2020_2024,sustained,True,0,"In, The, To"
https://www.latimes.com/socal/daily-pilot/sports/story/2024-10-29/laguna-beach-football-beats-dana-hills-with-homecoming-comeback,Los Angeles Times,Laguna Beach football beats Dana Hills with homecoming comeback,"Laguna Beach found its fire following a dismal first half in its showdown game Friday night with unbeaten Dana Hills, quickly took command, then watched things turn crazy.

For Jackson Kollock, no big deal.

The Minnesota-bound quarterback, limited all season by arm and leg injuries, put on a display after the break, completing 11 of 12 passes for 146 yards and three touchdowns — the final throw a fourth-down, sideline-screen to Jack Hooper for the decisive points with 20 seconds to play — to lift the Breakers to a 35-32 homecoming triumph that positioned them for a share of the first Foxtrot League title.

Kollock, who was three of 10 in the first half and finished with 218 yards, connected with Brady Stringham and then Hooper for touchdowns on successive offensive plays for a 21-14 lead and immense momentum with two and a half minutes left in the third quarter.

It was a battle after that, with lead changes on every possession, four in all in the final quarter, with big defensive plays on two extra-point tries shifting the narrative and ultimately deciding the outcome.

“Here’s the best thing about Laguna kids,” Laguna Beach coach John Shanahan said. “They never get too high, they never get too low, they’re always cool, they handle pressure so well, and that’s why I love to go to battle with them.”

A victory next week at home against Orange would give Laguna Beach (8-1, 3-1 in the Foxtrot League) its fourth league title in five years — the first three in the Pac 4 League — and Dana Hills (8-1, 3-1) can secure a share at home against Northwood.

Kollock, an All-CIF Southern Section selection last year, hasn’t been physically capable of matching his first two years at Laguna Beach, when he threw for 5,374 yards and 73 touchdowns and won the school’s first section championship in 76 years, but he was unstoppable in the season’s most vital moments.

He found Stringham in the end zone from the 22 on third-and-16 to pull the Breakers even at 14 — Dana Hills had scored on two long first-half drives sandwiched around Charlie Hunt’s 76-yard kickoff return — then hit Hooper with a 46-yard bomb for the lead after the defense’s lone three-and-out.

The visiting Dolphins rallied twice to go ahead, and Kollock answered both. He first hit Stringham for 18 yards into Dana Hills territory en route to his 3-yard touchdown run and a 27-26 advantage midway through the fourth quarter, then engineered a five-minute, 69-yard march for the winning points.

Kollock, on fourth-and-4, threw to the right sideline, and Hooper sprinted the 11 yards, breaking a tackle at the 5-yard line, to provide the lead. They connected again on the two-point conversion, the only among four to succeed down the stretch.

“We knew we had it,” Kollock said. “I trusted our guys, they trusted me, and [I just needed to] get the ball into our playmakers’ hands. Let them do the rest of the work.”

Dana Hills had retaken the lead four minutes into the fourth quarter, finishing an 18-play, 88-yard drive with four Radley Geiss runs, the last for 1 yard, then using a long pass to set up a 1-yard Vanden Dugger toss to Chuck Eckl after a successful onside kick. Laguna Beach made big plays after each, a blocked extra point preserving a small lead, then Stringham’s two-point attempt interception keeping the deficit at five points.

The Breakers were ahead a minute and a half later and the Dolphins a minute after that — Dugger completing three long passes, the last a 29-yard throw to James Leicester — and then the final heroics. It wasn’t over until Dugger’s 43-yard Hail Mary was batted down near the goal line as the clock ran out.

“Jackson, he’s a warrior,” Shanahan said. “He’s got a hurt ankle, a hurt knee, a hurt shoulder, but he just kept fighting and fighting. I’m unbelievably proud of him.”

Foxtrot League

Laguna Beach 35, Dana Hills 32

SCORE BY QUARTERS

Dana Hills 0 - 14 - 0 - 18 — 32

Laguna Beach 0 - 7 - 14 - 14 — 35

FIRST QUARTER

None.

SECOND QUARTER

DH — Newsom 18 pass from Dugger (Meyer Zu Drewer kick), 8:12.

LB — Hunt 76 kickoff return (Stringham kick), 7:58.

DH — Walz 11 run (Meyer Zu Drewer kick), 3:40.

THIRD QUARTER

LB — Stringham 22 pass from Kollock (Stringham kick), 4:50.

LB — Hooper 46 pass from Kollock (Stringham kick), 2:27.

FOURTH QUARTER

DH — Geiss 1 run (kick failed), 9:08.

DH — Eckl 1 pass from Dugger (pass failed), 7:58.

LB — Kollock 3 run (pass failed), 6:30.

DH — Leicester 29 pass from Dugger (pass failed), 5:26.

LB — Hooper 11 pass from Kollock (Hooper pass from Kollock), 0:20.

INDIVIDUAL RUSHING

DH — Geiss, 23-73, 1 TD.

LB — R. Chesley, 6-25.

INDIVIDUAL PASSING

DH — Dugger, 22-32-1, 251, 3 TDs.

LB — Kollock, 14-22-0, 218, 3 TDs.

INDIVIDUAL RECEIVING

DH — Leicester, 5-122, 1 TD.

LB — Stringham, 6-69, 1 TD.",Scott French,,2024-10-29,CONTROL_Polish_Womens_Strike_2020_2024,sustained,True,0,"In, The, To"
https://www.latimes.com/california/story/2024-10-29/judge-allows-ucla-baseball-team-to-return-to-jackie-robinson-stadium,Los Angeles Times,Judge allows UCLA baseball team to return to Jackie Robinson Stadium,"The UCLA baseball team was cleared to resume using its baseball stadium at noon Tuesday after a judge temporarily lifted an order barring the team from the stadium on the U.S. Department of Veterans Affairs’ West Los Angeles campus.

U.S. District Judge David O. Carter entered an order Monday restoring UCLA’s access to Jackie Robinson Stadium through July 4, allowing the team to complete its coming season. After that, the stadium will face an uncertain fate.

After a four-week trial this summer, Carter ruled the lease to UCLA of 10 acres on which the stadium sits was illegal because it did not predominantly focus on service to veterans. He ordered the stadium cordoned off in late September.

A class-action lawsuit alleged that the VA had failed in its duty to provide adequate housing for disabled veterans and that its leases of portions of the 388-acre campus for other purposes violated the 1888 deed of the land to the U.S. government for the “establishment, construction and permanent maintenance” of a home for disabled soldiers.

In an attempt to regain use of the stadium, UCLA attorney Raymond Cardozo said the university was willing to nearly double its rent to $600,000 and release two acres for housing. Carter initially spurned that offer while working with attorneys in the case to identify parcels where an initial 106 modular units of temporary housing could be placed.

After selecting the stadium’s parking lot and two other parcels during a hearing Friday, Carter abruptly changed direction, asking attorneys for the veterans who sued why they shouldn’t take the $600,000 and allow the baseball team to use the stadium, when the veterans did not need it. He gave them the weekend to confer with their clients.

Returning to court Monday, attorney Roman Silberfeld said they objected to the terms the judge described.

But Carter said he thought it would not make sense to pass up money that could be used for housing now.

He again urged the university and veterans to come up with a “holistic” agreement by July 4, when the grace period expires, and made it clear he still considers the stadium as a potential site for housing. He suggested that one option would be for UCLA to use more than 30 acres it owns in the Palos Verdes Peninsula for a new stadium.

UCLA praised the decision in a statement attributed to athletic director Martin Jarmond.

“We are excited to practice and play in Jackie Robinson Stadium this season,” it said. “Our young men have been working hard and keeping a positive attitude throughout this period of uncertainty, and we are pleased that they will be able to resume their regular training at the stadium.”

Rob Reynolds, a veteran who acts as a spokesman for the plaintiffs, said Carter’s change of heart “caught everybody by surprise.”

Reynolds said the veterans felt insulted that the amount offered was less than the UCLA baseball coach’s salary.

“It’s a travesty for them to see them get them come back for nothing,” he said.",Doug Smith,,2024-10-29,CONTROL_Polish_Womens_Strike_2020_2024,sustained,True,0,"In, The, To"
https://www.latimes.com/entertainment-arts/business/story/2024-10-29/andrea-mitchell-is-exiting-msnbc-but-will-remain-with-nbc-news,Los Angeles Times,Andrea Mitchell is exiting MSNBC anchor desk but will remain with NBC News,"Veteran journalist Andrea Mitchell will give up her daytime MSNBC program after the presidential inauguration in January, the network announced Tuesday.

Mitchell, who turns 78 this week, will remain with NBC News as chief Washington correspondent and chief foreign affairs correspondent reporting across the division’s programs on the broadcast network, MSNBC and streaming channel NBC News Now. She told viewers at the end of her program “Andrea Mitchell Reports” that the move away from daily anchoring was her choice.

“And after 16 years of being in the anchor chair every day, I want time to do more of what I love the most,” Mitchell said at the end of her program. “More connecting, listening and reporting in the field, especially as whoever is elected next week is going to undertake the monumental task of handling two foreign wars and the political divisions here at home.

In a memo to staff, NBC News leadership said Mitchell’s “deep sourcing and ability to land the biggest-name news-making interviews are unmatched.”

“Her contributions to NBC News over the last 46 years have been invaluable to the network, and we are so pleased that she will remain an essential part of the News Group for years to come,” the memo said.

“Andrea Mitchell Reports” was launched in 2008 when NBC News was adding more of the network’s big names to the channel’s program lineup.

Mitchell’s even-handed approach to Washington politics has fallen out of favor with some MSNBC viewers who have increasingly turned to the progressive-leaning network for critical coverage of former President Trump. Chuck Todd, whose program “Meet the Press Daily” was moved off of MSNBC in 2022, was also subjected to hostile comments on social media.

Mitchell joined NBC News in 1978 to cover energy at a time when the Iranian Revolution disrupted the world’s oil markets. She moved into politics in 1980, covering every presidential election ever since. Her work as a foreign correspondent has taken her to North Korea, Cuba, Iraq, Iran, Afghanistan, Israel, the West Bank, Ukraine, Bosnia, Kosovo, Pakistan, Haiti, Sudan and Japan.

Mitchell started her career in 1976 at an all-news radio station in Philadelphia. She was given an overnight shift to avoid disrupting a newsroom that was still an all-male domain.

Mitchell soon joined he generation of women journalists who broke through as network news stars in the 1970s, which included Lesley Stahl, Connie Chung, Judy Woodruff and Carole Simpson.",Stephen Battaglio,,2024-10-29,CONTROL_Polish_Womens_Strike_2020_2024,sustained,True,0,"In, The, To"
https://www.latimes.com/california/story/2024-10-29/feds-to-spend-42-million-buying-landslide-damaged-homes-in-rancho-palos-verdes,Los Angeles Times,Feds to spend $42 million buying landslide-damaged homes in Rancho Palos Verdes,"The federal government plans to spend $42 million to buy out the homeowners hardest hit by the ongoing landslides in Rancho Palos Verdes, then convert their properties into lower-risk open space.

The program, part of the Federal Emergency Management Agency’s hazard mitigation assistance grants, provides one of the first long-term solutions for residents in the landslide-ravaged region, which has for decades gone through periods of increased land movement — though the scale and speed of the movement in recent months has been unprecedented.

Officials project that they’ll have enough money to buy out 20 property owners in the Portuguese Bend area, the majority of whom face increased property damage and indefinite utility shutoffs due to land movement. Applying for a buyout is voluntary; no one will be forced to sell their home to to the city.

Homeowners can expect to receive offers equal to 75% of their property’s pre-disaster fair market value, before back-to-back winters of heavy rain set off the area’s complex of ancient landslides. With a goal of minimizing future disasters and related losses, the city would then demolish the homes and ensure no future development.

“This buyout program provides a viable pathway forward for our most vulnerable community members, offering the opportunity to relocate and rebuild with meaningful compensation,” Rancho Palos Verdes Mayor John Cruikshank said in a statement. He said dozens of residents have endured unimaginable losses from the recent land movement, “with some facing the real prospect of losing their homes entirely.”

This announcement comes months after residents have pleaded for state and federal assistance amid escalating land movement that has ruined homes, required almost incessant roadway repairs and forced out utility providers. However, only a fraction of the damaged and threatened properties in the area can be approved for the buyout, however. About 200 homes across three neighborhoods have been affected by the landslide in recent months.

Mike Hong, who designed and built his Portuguese Bend home on property he bought in 2014, is hoping the buyout will be available to him and his wife.

“What they’re offering is a lifesaver for most people, and us as well,” Hong, 65, said, although he is concerned about how much the offer would be. “It’s bittersweet — it gives us a chance to save our family’s finances, but you’re seeing the labor of love destroyed.”

Hong estimates his home would have been worth about $3.6 million two years ago — probably on the higher end of neighborhood property values because it’s relatively new — but he said he’ll wait and see what offer, if any.

The announcement of the buyout program follows some of the first positive words in months about the landslide. City officials reported earlier this month that the rate of land movement decelerated as much as 80% in some locations compared to the month prior, primarily due to new, deep dewatering wells that the city installed in between August and October. The wells have pumped out millions of gallons of groundwater, which drives landslide movement.

Hong said that even if they aren’t accepted for the buyout program, the slowing land movement — which led to his home being one of about two dozen that recently regained electricity — has been welcome news.

“We could still ride it out, we could take our chances if this doesn’t work out,” Hong said. “Regardless, we will go ahead and put the application in.”

Not everyone, however, is jumping at the opportunity. Sallie Reeves and her husband, who have lived in their home since 1982, have decided they won’t apply.

“We’re committed to staying,” Reeves, 81, said. “We’re pretty financially committed now.”

They are already weeks into a major renovation after a fissure forced apart rooms in their home. Like several others in the area, they have put their home up on steel beams and adjustable woodwork, which she feels confident can now ride out any future land movement.

But Reeves said she understands why some people may be ready to take a reasonable offer to leave and start over.

“There are people here who feel trapped,” she said. “I’m excited for those who can take advantage of it.”

The city will prioritize homes for the buyout the eight homes that have been red- or yellow-tagged — officially deemed unsafe to enter or unlivable, respectively. Next on the priority list will be properties with significant damage that officials believe could soon require residents to move out. Then, consideration will be given to the approximately 250 additional homes that remain cut off from electricity, according to city officials.

If selected, the city will purchase the property for 75% of what an appraiser determines to have been the fair market value of the land and improvements on Dec. 1, 2022, minus some of the transaction and demolition costs.

Although the buyout program is historically used for property owners in floodprone areas, FEMA, the California governor’s Office of Emergency Services and the city have worked together to customize it for this landslide situation, said Ara Mihranian, RPV’s city manager.

Properties that are acquired by the city must be converted to open space. The city would be in charge of demolishing any structures or improvements, including driveways on the property.

“All that has to be removed, regraded, and it would be deed-restricted for open space in perpetuity,” Mihranian said.

Interested property owners must request a property inspection from the city by Nov. 4.

FEMA and CalOES will check whether the homes seeking a buyout meet all eligibility criteria, which includes a particularly tricky point for many in this landslide zone: Structures must still be on the lot for which they were legally permitted. With hundreds of feet of movement in recent years pushing houses off their original spots, it wasn’t immediately clear how many homes would no longer be eligible.

Another point that has tripped up some residents is that upon approval for the buyout, the property owner will be required to release the city and all other agencies of liability. That’s an issue for many who have sued or plan to sue for losses related to the land movement.","Karen Garcia, Grace Toohey",,2024-10-29,CONTROL_Polish_Womens_Strike_2020_2024,sustained,True,2,"February, Inflation, Rates"
https://www.latimes.com/entertainment-arts/music/story/2024-10-29/shawn-mendes-sexuality-the-mountain-colorado-concert,Los Angeles Times,Shawn Mendes opens up onstage about his sexuality: 'I'm just figuring it out like everyone',"Shawn Mendes on Monday revealed “the real truth” about his sexuality, telling a theater full of fans that he’s really “just figuring it out like everyone.”

The “Treat You Better” and “Stitches” singer opened up just before he performed his latest single, “The Mountain,” which appears to address speculation about his sexuality in its lyrics. The musician debuted the song last week ahead of the Nov. 15 release of his fifth studio album “Shawn” and further discussed its meaning onstage in Colorado on the latest stop of his intimate For Friends and Family Tour.

“Since I was really young, there’s just been this thing about my sexuality and people have been talking about it for so long,” the 26-year-old said while strumming his guitar, according to fan footage from the Red Rocks Park and Amphitheatre posted on TikTok. “I think it’s kind of silly, because I think sexuality is such a beautifully complex thing, and it’s so hard to just put into boxes.

“It always felt like such an intrusion on something very personal to me, something that I was figuring out in myself, something that I had yet to discover and still have yet to discover,” he continued.

Mendes said that writing “The Mountain” — a song with lyrics about having a change of heart and being rumored to like “girls or boys” — allowed him to address the discussion in a way that felt close to his heart.

“I’m just speaking freely now because I just want to be able to be closer to everyone and just kind of be in my truth,” he said. “The real truth about my life and my sexuality is that, man, I’m just figuring it out like everyone. I don’t really know sometimes, and I know other times.”

The crowd erupted in cheers as the “Mercy” crooner continued to speak.

“And it feels really scary because we live in a society that has a lot to say about that. And I’m trying to be really brave and just allow myself to be a human and feel things. And, yeah, that’s all I really want to say about that for now,” he concluded.

The soulful pop-rocker has long been “frustrated” by rumors about his sexuality. He told Rolling Stone in 2018 that he he felt pressure to be seen with women in public “to prove to people that I’m not gay.”

“Even though in my heart I know that it’s not a bad thing. There’s still a piece of me that thinks that. And I hate that side of me,” he said in an article titled “Confessions of a Neurotic Teen Idol.”

The Canadian star, who launched his music career posting cover songs on Vine, was previously linked to his “Señorita” collaborator Camila Cabello for two years and to Hailey Bieber (née Baldwin) before that. He was more recently rumored to be dating chiropractor Jocelyn Miranda and singer Sabrina Carpenter, though never publicly confirmed either of those relationships.

In a 2020 appearance on Dax Shepard’s “Armchair Expert” podcast, the singer-songwriter said that “everyone” has been calling him gay since he was 15. He said he had issues with the way his voice sounded and how he crossed his legs when he would sit and that he “really suffered with that.”

“I think a lot of guys go through that and, even worse than that, there are so many guys who are gay and in the closet and must be hearing s— like that and being like, ‘I’m terrified to come out,’” he said.

He said that he felt “this real anger for those people” and that he was working on finding a “divine middle ground” with his sexuality that artists like Queen’s Freddie Mercury had.",Nardine Saad,,2024-10-29,CONTROL_Polish_Womens_Strike_2020_2024,sustained,True,0,"In, The, To"
https://www.latimes.com/world-nation/story/2024-10-29/germany-recalls-ambassador-from-iran-in-protest-of-california-man-executed,Los Angeles Times,Germany recalls ambassador from Iran in protest of California man executed,"Germany protested to Iran on Tuesday over the execution of Iranian German prisoner Jamshid Sharmahd, who was kidnapped in Dubai in 2020 by Iranian security forces, and recalled its ambassador to Berlin for consultations.

The Foreign Ministry wrote on the social network X that Iran’s charge d’affaires in Berlin was summoned to hear “our sharp protest” against Tehran’s action and added that it reserves the right to take “further measures.” It didn’t elaborate.

At the same time, German Ambassador Markus Potzel “protested in the strongest terms against the murder of Jamshid Sharmahd” to Iranian Foreign Minister Abbas Araghchi, it said. German Foreign Minister Annalena Baerbock then recalled Potzel to Berlin for consultations.

Sharmahd, 69, was put to death in Iran on Monday on terrorism charges, the country’s judiciary said. That followed a 2023 trial that Germany, the U.S. and international rights groups dismissed as a sham.

He was one of several Iranian dissidents abroad in recent years either tricked or kidnapped back to Iran as Tehran began lashing out after the collapse of its 2015 nuclear deal with world powers including Germany.

Iran accused Sharmahd, who lived in Glendora, of planning a 2008 attack on a mosque that killed 14 people — including five women and a child — and wounded over 200 others, as well as plotting other assaults through the little-known Kingdom Assembly of Iran and its Tondar militant wing.

Iran also accused Sharmahd of “disclosing classified information” on missile sites of Iran’s paramilitary Revolutionary Guard during a television program in 2017.

His family disputed the allegations and had worked for years to see him freed.

Iran’s state-run IRNA news agency reported that Potzel had been summoned by the country’s Foreign Ministry to protest the stance of some German authorities regarding the Iranian judiciary, and that he was told everyone is equal before the law.

Araghchi said in a post on X that “no terrorist enjoys impunity in Iran. Even if supported by Germany.” He contended that “the evidence is public and available for all to see.”

He accused Baerbock of “gaslighting” and wrote that “your government is accomplice in the ongoing Israeli genocide.” Germany is a staunch ally of Israel and has sharply criticized Iranian attacks on Israel as tensions spiral over the wars in Gaza and Lebanon.

Sharmahd had been in Dubai in 2020, trying to travel to India for a business deal involving his software company. He hoped to get a connecting flight despite the COVID pandemic disrupting global travel.

Sharmahd’s family received their last message from him on July 28, 2020. It’s unclear how the abduction happened. But tracking data showed that Sharmahd’s mobile phone traveled south from Dubai to the city of Al Ain on July 29, crossing the border into Oman. On July 30, tracking data showed the mobile phone traveled to the Omani port city of Sohar, where the signal stopped.

Two days later, Iran announced it had captured Sharmahd in a “complex operation.” The Intelligence Ministry published a photograph of him blindfolded.

Germany expelled two Iranian diplomats last year over Sharmahd’s death sentence.

On Monday night, Chancellor Olaf Scholz labeled the execution a “scandal” and Baerbock said Germany “made it crystal clear to Tehran time and again that the execution of a German national would have severe consequences.”

She didn’t say what those might be. There is currently no Iranian ambassador accredited in Berlin. The charge d’affaires is running the embassy after the previous ambassador, Mahmoud Farazandeh, left this summer.

In Brussels, European Union spokesperson Nabila Massrali said, “We do condemn this killing in the strongest possible terms.”

She said that “the EU is considering all measures in response,” but noted that any measures would have to be discussed with the bloc’s 27 member countries. She did not elaborate on what action might be taken.

Moulson writes for the Associated Press. AP writers Raf Casert in Brussels and Amir Vahdat in Tehran contributed to this report.",Geir Moulson,,2024-10-29,CONTROL_Polish_Womens_Strike_2020_2024,sustained,True,0,"In, The, To"
https://www.latimes.com/world-nation/story/2024-10-29/ukraines-zelenskyy-says-war-with-russia-is-being-pushed-beyond-borders-as-north-korea-joins-in,Los Angeles Times,Ukraine’s Zelensky says war with Russia is being pushed 'beyond borders' as North Korea joins in,"Ukrainian President Volodymyr Zelensky said Tuesday the thousands of North Korean soldiers expected to reinforce Russian troops on the front line in Ukraine are pushing the almost three-year war beyond the borders of the warring parties.

Western leaders say North Korea has sent some 10,000 soldiers to help Russia’s military campaign and warned that its involvement in a European war could also unsettle relations in the Indo-Pacific region, including Japan and Australia.

Zelensky said he spoke to South Korean President Yoon Suk Yeol and told him that 3,000 North Korean soldiers are already at military bases close to the Ukranian front line and that he expects that deployment to increase to 12,000. South Korea, which has been in close contact with NATO, the U.S. and the European Union about the latest developments, warned last week it could send arms to Ukraine in retaliation for the North’s involvement.

“There is only one conclusion — this war is internationalized and goes beyond the borders” of Ukraine and Russia, Zelensky wrote on Telegram.

The Ukrainian president also said he agreed with Yeol to step up their countries’ cooperation and exchange more intelligence between them, as well as develop concrete responses to Pyongyang’s involvement.

Meanwhile, North Korea said its top diplomat is visiting Russia in another sign of their deepening relationship.

Tensions on the Korean Peninsula are at their highest point in years, with North Korea continuing a run of provocative weapons tests and South Korea and the U.S. expanding their military drills.

Russian drones, missiles and bombs smashed into Kyiv and Kharkiv, Ukraine’s biggest cities, in nighttime attacks, killing four people and wounding 15 in a continuing aerial onslaught, authorities said Tuesday.

Russia has bombarded civilian areas of Ukraine almost daily since its full-scale invasion of its neighbor, causing thousands of casualties.

The Russian army is also pushing hard against front-line defenses in the eastern Donetsk region of Ukraine. The Russian Defense Ministry claimed Tuesday that Russian troops captured the Donetsk town of Hirnyk and the villages of Katerynivka and Bohoiavlenka.

Zelensky also spoke about the war at a meeting Tuesday in Reykjavik with the leaders of Denmark, Iceland, Finland, Norway and Sweden. He said a conference will begin in Canada on Wednesday to address the abduction of what he said were tens of thousands of children by Russia from Ukraine’s occupied territories.

A Russian aerial attack struck Kharkiv, in Ukraine’s northeast, at around 3 a.m., hitting a house and killing four people, regional Gov. Oleh Sinegubov said. Nearly 20 houses were damaged in the attack, he said.

Several hours earlier, Russia dropped a glide bomb on the landmark Derzhprom building in Kharkiv city center, injuring seven people, Mayor Ihor Terekhov said. Derzhprom, also known as the Palace of Industry, is being considered for inclusion on UNESCO’s World Heritage List.

Terekhov said that Russia has concentrated attacks on Kharkiv in recent days. He urged people not to ignore air raid warnings.

Authorities in Kyiv said debris from intercepted Russian drones fell on two city districts, injuring six people.

Ukraine has also used long-range drones to disrupt Russia’s war machine and embarrass the Kremlin by striking targets on Russian soil.

A special forces academy in the Russian province of Chechnya was hit by drones, causing a fire that was quickly extinguished, according to Chechen leader Ramzan Kadyrov, who is close ally of Russian President Vladimir Putin.

It was the first drone attack of the war on Chechnya, which lies about 500 miles east of Ukraine.

Novikov writes for the Associated Press. Associated Press writer Jill Lawless in London contributed to this report.",Illia Novikov,,2024-10-29,CONTROL_Polish_Womens_Strike_2020_2024,sustained,True,0,"In, The, To"
https://www.latimes.com/sports/highschool/story/2024-10-29/city-section-football-standouts-with-one-week-left-regular-season,Los Angeles Times,City football standouts: Who you should know about with one week left in regular season,"For those who keep saying there is a lack of talent in City Section football, let me introduce you to some of the stars with one week left in the regular season.

At Marquez, 6-foot-3, 200-pound sophomore defensive end Elyjah Staples has 12 sacks in his first season playing high school football. He didn’t play as a freshman, but the younger brother of UCLA receiver Exavier Staples is an A student who suddenly loves football.

At Garfield, sophomore running back Ceasar Reyes has led the Bulldogs to the Eastern League title, rushing for more than 1,400 yards in his first varsity season after being a standout on junior varsity as a freshman.

At L.A. Jordan, David Sandy has led his team to the Metro League championship with a spectacular senior season. He has rushed for 2,131 yards and 23 touchdowns. He also leads the team with 88 tackles.

At Bell, running back Erick Stubbs is nearing 2,000 yards rushing and has 25 touchdowns.

At South East, sophomore running back Edward Rivera, the nephew of former All-City running back Robert Lewis, has rushed 1,661 yards and 17 touchdowns.

At Kennedy, junior quarterback Diego Montes has passed for 1,654 yards and 18 touchdowns and rushed for 1,003 yards and 17 touchdowns in leading the Golden Cougars to the Valley Mission League title.

At Dorsey, senior quarterback Brandon Tolson has the Dons on the verge of winning the Coliseum League title with 17 touchdown passes.

At Carson, sophomore safety Troy Taulua has five interceptions and 68 tackles for a team that has beaten every Marine League team except Narbonne.

At Banning, the versatile Steven Perez has rushed for 771 yards and 12 touchdowns, caught 17 passes for two touchdowns, passed for 257 yards and four touchdowns, made 107 tackles and has two interceptions..

At Birmingham, running back Dredon Fowles continues to be a big-play weapon and also contributing as a defensive back.

At Eagle Rock, junior quarterback Liam Pasten has his team closing in on a Northern League title with 1,810 yards passing and 19 touchdowns.

At Narbonne, freshman running back Derrick Jackson looks like a future star the way he punishes tacklers whenever he gets the ball.

At Cleveland, sophomore Domenik Fuentes has the Cavaliers in position to finish second behind Birmingham in the West Valley League with his passing, rushing and tackling.",Eric Sondheimer,,2024-10-29,CONTROL_Polish_Womens_Strike_2020_2024,sustained,True,0,"In, The, To"
https://www.latimes.com/entertainment-arts/movies/story/2024-10-29/teri-garr-dead-tootsie-young-frankenstein-multiple-sclerosis,Los Angeles Times,"Teri Garr, the actress with a flair for comedy specialized in frazzled housewives, has died","Teri Garr, an actor with a flair for comedy who was known for film roles in “Young Frankenstein,” “Oh, God!” and “Tootsie,” a part that earned her an Oscar nomination, has died.

Garr, who became a spokeswoman for multiple sclerosis after publicly revealing her diagnosis in 2002, died peacefully of the illness Tuesday in Los Angeles surrounded by family and friends, her publicist Heidi Schaeffer confirmed to The Times. She also had undergone surgery in 2006 to repair a brain aneurysm. Garr was 79.

When she played Dustin Hoffman’s long-suffering girlfriend in the 1982 hit film “Tootsie,” New Yorker critic Pauline Kael called Garr “the funniest neurotic dizzy dame on the screen.” Ms. Magazine said she “radiated insecurity and satire at the same time.”

Frazzled housewives were a specialty: She was Richard Dreyfuss’ alarmed spouse in “Close Encounters of the Third Kind,” John Denver’s disbelieving wife in “Oh, God!” and a workaholic mother opposite Michael Keaton in “Mr. Mom.”

“I seem to excel at those parts,” Garr told Reuters in 1986. “If you get your foot in the door doing one kind of part, that’s the kind of role they call you for. I can’t say I resent it — then I would resent my whole career.”

In her first big movie — Francis Ford Coppola’s “The Conversation” — she had a small role as Gene Hackman’s girlfriend and received favorable reviews. The same year, she had a breakthrough part in “Young Frankenstein,” the Mel Brooks parody. Playing a liberated lab assistant with a German accent, Garr proved she was “a splendid comedienne,” The Times’ review said.

The two performances “kind of created a balance, you know, that this girl can act and be funny,” Garr told National Public Radio in 2005.

When she played an insecure, nutty waitress who sketches her idols from the 1960s in “After Hours,” The Times called her performance “touchingly bizarre.” Kael praised her “glittering eccentricity.”

In “One From the Heart,” Coppola gave her an early lead role, and Garr — a former professional dancer — tangoed down a Las Vegas street with Frederic Forrest. During filming, a piece of glass sliced a tendon in Garr’s foot; later, she would wonder if the accident had triggered her multiple sclerosis.

After Garr publicly announced that she had MS — a degenerative disease affecting the nervous system — she often joked that she continued to get parts “even though, you know, in Hollywood getting older is worse than having a handicap.”

As a paid spokeswoman for MS LifeLines, an educational program sponsored by drug companies, Garr traveled the country speaking about the disease.

She first noticed the illness in 1983 when her foot “buzzed” while she jogged. It remained undiagnosed until 1999 when she sought out the chairman of the neurology department at what’s now the Keck School of Medicine of USC.

“MS is a sneaky disease. Like some of my boyfriends, it has a tendency to show up at the most awkward times and then to disappear entirely,” she wrote in “Speedbumps: Flooring It Through Hollywood,” her 2005 autobiography.

Teri Ann Garr was born into a show-business family in Los Angeles but spent her early years moving around the country so her father, Eddie Gonnaud, later Garr, could work in vaudeville. Her mother, Phyllis, was a Rockette.

The family, which included two older brothers, moved to North Hollywood when Garr was 8. Her father worked in television and on the Marilyn Monroe film “Ladies of the Chorus.”

Born Dec. 11, 1944, Garr was cagey about her age but repeatedly said she was 11 when her father died of a heart attack. His obituary ran in the New York Times in September 1956, which means she would have been born in 1944, a year cited in early biographical references.

She credited her optimism to her mother, a “tough cookie” who found creative ways to make their finances work after she was widowed, including renting out the front of the family home. Her mother also was a costumer at NBC.

By the end of fourth grade, Garr’s comic timing was so apparent that her teacher handed her a note that said, “Someday you will be a great comedienne,” she recalled in her autobiography.

Garr fancied herself a prima ballerina, obsessively pursuing that goal after her father died. In high school, she toured with a San Francisco-based professional ballet company, but an Elvis Presley song that wafted through her hotel window made her yearn to perform to popular music.

After graduating from North Hollywood High, she toured in a stage production of “West Side Story.” She had one line, got a laugh — and wanted to be an actor.

Her first real success came in television commercials, and she dropped out of Cal State Northridge after studying speech and drama for two years to try show business full-time.

With characteristic wit, Garr told the Ottawa Citizen in 2000, “I remember once saying that I clawed my way to the middle.”

She shimmied on ABC’s musical showcase “Shindig!” in the mid-1960s and danced in nine Presley movies, including “Viva Las Vegas.”

In one early role, Garr played a dippy secretary on a 1968 episode of “Star Trek.” To showcase her big break, she tweaked a Hollywood tradition, placing an ad in Variety that invited readers to watch her “smile on ‘Star Trek.’” The accompanying photograph showed X-rays of her teeth.

For a couple of years in the early 1970s, she was Cher’s sidekick in skits on “The Sonny and Cher Comedy Hour” on CBS, once playing Cher’s dog.

After her film career crested in the mid-1980s, Garr increasingly turned toward the small screen.

She starred in the 1986 soap opera send-up “Fresno” on CBS and in a couple of short-lived TV series. Mainly, she took guest roles on dozens of shows, including playing the eccentric birth mother of Lisa Kudrow’s character, Phoebe, on NBC’s “Friends” in the late 1990s.

Popular on the talk-show circuit, Garr was such a frequent guest on David Letterman’s late-night show that she often had to deny rumors of a romance.

Although she had vowed never to marry, fearing it would hurt her career, Garr found herself in her late 40s yearning for a family. She married John O’Neil, a contractor, the same day their adopted daughter, Molly, was born in 1993. The marriage ended after three years.

Garr, who walked with a leg brace for years, was serious when she blamed ageism, not her illness, for slowing down her acting career, though she continued to appear occasionally on television and in films, including “Unaccompanied Minors” in 2006.

“Actually, I thought, ‘What’s the difference — being handicapped in Hollywood or being a woman over 50?’”

Garr is survived by her daughter, Molly O’Neil, and grandson, Tyryn, whom she adored.

Times staff writer Alexandra Del Rosario contributed to this report.",Valerie J. Nelson,,2024-10-29,CONTROL_Polish_Womens_Strike_2020_2024,sustained,True,0,"In, The, To"
https://www.latimes.com/espanol/california/articulo/2024-10-29/activistas-proinmigrantes-instan-a-los-californianos-a-votar-no-a-la-propuesta-36-aumentaria-deportaciones,Los Angeles Times,Activistas proinmigrantes instan a los Californianos a votar “No” a la Propuesta 36: “Aumentaría deportaciones”,"Activistas pro-inmigrantes en California se oponen firmemente a la Propuesta 36, que busca revertir aspectos importantes de la Propuesta 47 (aprobada en 2014), conocida por sus reformas en sentencias para delitos de drogas y robos menores.

La Propuesta 36 reclasificaría estos delitos como felonías para reincidentes, incrementando penas y la probabilidad de encarcelamiento, lo cual afectaría desproporcionadamente a inmigrantes y personas de color, dicen activistas.

Al igual, abogados expertos de inmigracion advierten que el aumento de sanciones criminales podría agravar los riesgos de deportación para inmigrantes, llevando a más separaciones familiares y a una mayor marginación de estas comunidades.

Por ejemplo, la simple posesión de una sustancia controlada es un “delito grave” de inmigración si las condenas previas por posesión se utilizan como un aumento de la pena. Un delito grave desencadena las penas de inmigración más severas posibles, ordenando la deportación de por vida en casi todos los casos y prohibiendo casi todo alivio de inmigración, incluso para residentes permanentes de largo plazo con dependientes ciudadanos estadounidenses, personas que buscan asilo y víctimas de abuso doméstico. Incluso si la persona completa con éxito el tratamiento obligatorio de drogas y se le otorga una desestimación, la condena por delito grave agravado permanecerá.

Al igual, la Propuesta 36 aumentaría el encarcelamiento por muchos delitos y, debido a la estrecha cooperación entre muchas cárceles, prisiones y el ICE, un mayor encarcelamiento a menudo significa más detenciones y deportaciones.

Críticos de esta medida, incluida Courage California argumentan que la Propuesta 36 no aborda las causas profundas como la pobreza, la adicción y la salud mental, prefiriendo enfoques punitivos que podrían aumentar las poblaciones carcelarias y reducir los fondos para programas comunitarios esenciales.

Estos activistas enfatizan que las inversiones en servicios sociales han demostrado mejores resultados para la seguridad pública y el bienestar comunitario que las tasas crecientes de encarcelamiento, señalando el éxito de la Propuesta 47 al reducir la reincidencia a través de iniciativas comunitarias y apoyo en salud mental.

Recientemente, Courage California y unos líderes de 13 organizaciones asociadas anunciaron su oposición unificada a la Propuesta 36, calificandole como “un intento financiado por corporaciones de hacer retroceder una década de progreso exitoso que costará a los contribuyentes miles de millones de dólares”.

Irene Kao, directora ejecutiva de Courage California, dijo que la Propuesta 36 es un ataque a las comunidades y a las reformas de seguridad pública por las que los californianos han luchado y votado.

“Los financiadores y partidarios de esta medida electoral no se preocupan por la seguridad real de nuestras comunidades; si lo hicieran, no estarían trabajando para eliminar las partes de la Propuesta 47 que han desviado más de $800 millones en ahorros de nuestros días de encarcelamiento excesivo anteriores a 2014 para financiar los programas críticos de tratamiento y desvío que nuestras comunidades necesitan”, dijo Kao.

“Para empeorar las cosas, si se aprueba, la Propuesta 36 costaría a los contribuyentes más de 26 mil millones de dólares en costos penitenciarios en la próxima década”, sostuvo.

A nivel estatal, Onyemma Obiekea, directora de políticas de Black Women for Wellness Action Project, argumentó que la Propuesta 36 propone llevar a California de nuevo a una era de encarcelamiento masivo, que devastó profunda y desproporcionadamente a las comunidades negras.

“Al revertir los esfuerzos respaldados por los votantes que han demostrado implementar soluciones efectivas y receptivas que respaldan la dignidad y la seguridad de todas nuestras comunidades, la Propuesta 36 establece un precedente peligroso que solo desestabiliza nuestras comunidades y perpetúa las desigualdades sistémicas por las que hemos luchado tanto para mitigar los daños”, dijo Obiekae.

A juicio de Jane Kim, directora estatal del Partido de las Familias Trabajadoras de California, para que las familias y comunidades prosperen en California, se deben financiar recursos y servicios que hagan que los vecindarios sean más seguros y al mismo tiempo garanticen la rendición de cuentas.

“La Propuesta 36 es errónea: envía a más personas a nuestro sistema carcelario quebrado mientras recorta la financiación de soluciones que incluyen más de $800 millones en la próxima década para salud mental, tratamiento de drogas, servicios para víctimas y los programas de prevención del delito que los californianos necesitan y por los que votaron”, dijo Kim.

Para Justin Dolezal, presidente de Small Business Forward y copropietario de Bar Part Time, corporaciones como Walgreens y Target han alimentado “cínicamente la falsa narrativa de que el robo minorista está fuera de control y está dañando sus resultados, por lo cual la Propuesta 36 es necesaria”. Sin embargo, “se reveló que la falsa narrativa estaba motivada por su incapacidad para competir con los minoristas en línea y pagar altos alquileres comerciales”, dijo Dolezal.

Para este empresario y activista, si se aprueba la Propuesta 36, “las personas acusadas de delitos menores se convertirán en chivos expiatorios de estos fracasos corporativos”.

“Reducir los umbrales de robo grave no disuade el robo; simplemente envía a más personas vulnerables a prisión por delitos menores, al mismo tiempo que recorta los servicios y programas que sí funcionan y le cuesta dinero a los contribuyentes”, dijo Dolezal.

No obstante, la Propuesta 36 en California cuenta con el respaldo de figuras importantes de la aplicación de la ley y grandes empresas minoristas.

Entre sus principales defensores se encuentran la Asociación de Fiscales del Distrito de California y empresas como Walmart, Target y Home Depot. Estos partidarios sostienen que sanciones más severas ayudarán a abordar problemas crecientes, como el robo minorista organizado y la crisis del fentanilo. Además, defensores como los alcaldes de San Francisco y San José argumentan que la medida ofrece un equilibrio entre la seguridad pública y el tratamiento de adicciones al dar la opción de rehabilitación como alternativa al encarcelamiento en ciertos casos.

Los simpatizantes ven la Propuesta 36 como una forma de contrarrestar las consecuencias no deseadas de la Propuesta 47, que redujo ciertas penas en el pasado y, según ellos, contribuyó al aumento de los robos y problemas relacionados con las drogas.

Para los activistas en contra como Pablo Rodríguez, director ejecutivo de Communities for a New California, el proyecto no ofrece soluciones reales.

“Está plagado de consecuencias no deseadas, como la posible desviación de fondos necesarios de las escuelas. Le costaría al Valle de San Joaquín millones de dólares de los contribuyentes, ya que abrumaría las cárceles y los tribunales locales”, dijo.

Recientemente, en una votación dividida, los supervisores del condado de Los Ángeles aprobaron una resolución que se opone a la Propuesta 36. A favor de la resolución en contra se encuentran Hilda Solis, Holly Mitchell y Lindsey Horvath, pero Kathryn Barger votó en contra y Janice Hahn se abstuvo de votar.

Por su parte, en el Ayuntamiento de Los Ángeles, Eunisses Hernández se opone a la Propuesta 36. Y el fiscal de distrito Gascón también.",Selene Rivera,,2024-10-29,CONTROL_Polish_Womens_Strike_2020_2024,sustained,True,1,"De, En, La"
https://www.latimes.com/california/story/2024-10-29/csu-shift-to-career-focus-for-student-success,Los Angeles Times,CSU to shift the end game for student success: A good job and a four-year degree,"For decades, the California State University system focused on graduation rates as the top marker of student success, in line with most of its fellow higher education institutions.

But CSU — often called “the People’s University” — is poised for a major reset as it changes its ultimate goalpost from a four-year degree to a good job. As more students and families question the value of a college pedigree, the nation’s largest four-year university system plans to boost efforts to link higher education with clear employment payoffs, offering more intentional advising on how to choose a career path of interest, select the right major for it and network with alumni and others to help land related internships and jobs.

“We have to show students what’s the end game,” CSU Chancellor Mildred García said in an interview this week. “It’s not graduation. It’s how do we connect graduation to either a career that they’re studying or graduate school and help them get to that? That’s what families want, right? Return on investment.”

García said the changing nature of the system’s 460,000 students — 54% of them Latino, Black, American Indian and Alaska Native, historically underrepresented groups — requires the 23 campuses to be more intentional about career guidance. Many students, especially those who are the first in their families to attend college, may not have the social connections to build resumes enhanced by internships, summer fellowships and other experiences that help launch careers after graduation, she said.

García spoke about the pivot as CSU released new data Tuesday on progress toward its 10-year goal to increase graduation rates for all students and eliminate racial and ethnic achievement gaps. The findings — which show the system falling short in some areas despite improvements — will be discussed this week at a three-day CSU symposium on the Graduation 2025 initiative and the shift toward an expanded view of student success.

The initiative set out to increase four-year graduation rates for first-time students from 19% in 2015 to 40% in 2025 and six-year rates from 57% to 70% during that same period. For transfer students, the goal is raising two-year graduation rates from 31% to 45% between 2015 and 2025 and four-year rates from 73% to 85% during that same period.

The new 2023-24 data show uneven progress and raises questions as to whether CSU can hit the end target next year. Four-year graduation rates for first-time students rose to 36.1% from 35% last year, 3.9% short of goal. Six-year rates stayed steady at 62%, 8% short of goal.

For transfer students, two-year rates increased to 44.2% from 41% last year, less than a point short. Four-year graduation rates for transfer students are struggling, and fell to 75.6% from 79% last year.

The proportion of students who dropped out has remained stagnant at 30%, CSU reported.

“Thank God we are making progress ... but we still have a lot of work to do,” García said. “I think we have to be honest that this ... doesn’t happen overnight, and we have to do everything we can to get our students to get to the finish line.”

Pandemic, inflation a blow to students

Dilcie Perez, CSU deputy vice chancellor for academic and student affairs, said she remained optimistic that more progress can be made by next year. The pandemic was a key barrier to greater success, she said, forcing some students to leave school for health reasons, family responsibilities and financial difficulties. Those challenges have remained for some students, as inflation has boosted living costs and hit family budgets, she said.

Even so, the data show some bright spots, including a near doubling of the four-year graduation rates for first-time students since 2015.

Perez said some campuses have started “early support” programs, monitoring the grades and attendance of students to intervene with help for those who begin showing signs of struggle. Another program, Second Start, involves outreach to those who have dropped out to help them restart their studies.

Cal State Los Angeles, for instance, has started using Graduate365, a new tool that helps the campus identify first-year students who did not reenroll, allowing outreach efforts to them. Cal State Monterey Bay is engaging students through a new program with the Pebble Beach Co. that provides opportunities to study and work in the hospitality industry while earning money and credits toward their degree and a full-time job upon graduation.

“I still think we have an opportunity to make a difference,” Perez said.

As the 10-year graduation initiative nears its end, CSU has launched an unprecedented outreach effort to survey more than 1 million faculty, staff, students, alumni and others on how to reimagine student success. University officials are culling the data gathered and holding sessions with participants to begin crafting the new direction.

Questioning the value of college

García — who previously served as president of Cal State Dominguez Hills and Cal State Fullerton — said she wanted to focus on post-graduate career success. She said she witnessed growing skepticism about the value of a college degree nationwide while serving as president of the 350-member American Assn. of State Colleges and Universities in Washington, D.C., before returning last fall to take the CSU helm and felt it should be addressed — especially for the university’s first-generation and underrepresented students who may come in with “limited knowledge” of the vast careers available to them.

About 30% of CSU students are first-generation. And nearly 50% are Latino — a huge shift from the 24% in 2007, when García stepped in to head Dominguez Hills.

While the work to more intentionally link higher education and post-graduate jobs is just beginning, García said it is crucial for not only students but also for cities, the state and nation which will need the health professionals, teachers, businesspeople and other educated workers to keep the economy vital and strong.

“We have the talent,” García said. “We have to make sure that we understand that public higher education is an investment.”",Teresa Watanabe,,2024-10-29,CONTROL_Polish_Womens_Strike_2020_2024,sustained,True,12,"Attorneys, Loans, Student"
https://www.latimes.com/california/story/2024-10-29/new-lapd-chiefs-past-lends-clues-about-his-leadership,Los Angeles Times,What type of LAPD chief will Jim McDonnell be? Clues may lie in the past,"When Jim McDonnell is officially sworn in as the next Los Angeles police chief on Nov. 14, daunting challenges await.

The list includes dealing with powerful union resistance to major disciplinary reforms; scrutiny from oversight officials after a rash of confidence-shaking scandals; and calls to improve relations with communities left mistrustful after decades of adversarial policing.

But for McDonnell — who served a single term as L.A. County sheriff from 2014 to 2018 — that’s all familiar territory.

Although the LAPD and the Sheriff’s Department are worlds apart culturally, longtime observers of both agencies say McDonnell’s resume, which also includes a stint as police chief in Long Beach and 28 years in the LAPD, offers insights into both his managerial style and the potential pitfalls he’ll face.

In introducing McDonnell at a news conference earlier this month, Mayor Karen Bass praised his decades of experience and repeatedly referred to the incoming chief as an “innovator.” But his critics argue that his four years as sheriff suggest he’s unlikely to enact drastic changes as LAPD chief.

McDonnell still requires City Council confirmation and is scheduled to appear before the public safety committee on Tuesday, but his public swearing-in ceremony is already set for Nov. 14.

The LAPD referred requests for an interview with McDonnell to a spokesperson for the mayor’s office, who did not respond to numerous emails. The Times spoke with several of his former Sheriff’s Department colleagues, as well as LAPD veterans, about the incoming chief’s record. He has for the past several years worked at USC, where he ran the school’s Safe Communities Institute.

As sheriff, he came under fire from some progressives who said he didn’t do enough to change the perennially troubled department. At the same time, some of his actions rankled the deputies’ union so much that it poured money into the 2018 campaign to unseat him.

Some wonder how that experience might affect his dealings with the LAPD’s equally powerful union, the Los Angeles Police Protective League, which has been emboldened by Bass’ strong public support in recent months. After approving pay raises for officers, amid warnings of financial risk for the city, the mayor has often spoken publicly about the need for improving officer morale — a common refrain from League officials.

The League, which represents about 8,800 officers, has voiced support for McDonnell, saying he shows the mayor is committed to improving police staffing, boosting officer morale and fixing a “broken discipline process,” which some claim protects top leaders while unfairly punishing the rank and file for similar misconduct.

Earlier this year, Bass vetoed an effort to give the chief more power to fire officers accused of serious misconduct. With disciplinary matters still largely decided by civilian Board of Rights panels, McDonnell could have limited room to maneuver, according to former LAPD Chief and City Councilmember Bernard Parks.

“They’ve gotta clean that [discipline system] up to give him a chance not to just sit there and wring his hands and say, ‘Oh my gosh,’” said Parks, who frequently tangled with the police union over matters of discipline as the city’s top cop from 1997 to 2002.

Parks was chief during the Rampart scandal, which led to court-mandated reforms after officers were found to have committed robberies, murders and other crimes. The next chief, Bill Bratton, chose McDonnell to serve as a top aide.

Greg Yates, a longtime civil rights lawyer, said he was “cautiously optimistic” given how McDonnell helped orchestrate the department’s post-Rampart turnaround.

“He’s survived because he’s very diplomatic and an experienced and intelligent guy,” Yates said.

But if or when McDonnell decides to challenge the status quo, Yates said, “he’s going to be like everyone else, he’s going to get hammered.”

At the Sheriff’s Department, McDonnell aimed to improve honesty and transparency after scandals under Lee Baca.

Baca, who stepped down in 2014, was convicted of thwarting an investigation into his department’s troubled jail system and then lying to federal investigators about it.

McDonnell created an information-sharing agreement with the Office of Inspector General, hired constitutional policing advisors, strove to make sure dishonest deputies got fired and supported the idea of turning over the department’s so-called “Brady list” of problem deputies to county prosecutors.

“He did maintain a very, very high standard about honesty,” said Neal Tyler, who served as undersheriff during the first two years of McDonnell’s term. “I presumed he brought that from LAPD.”

But his tenure as sheriff was also dogged by issues around immigration.

McDonnell opposed a “sanctuary state” bill that aimed to prevent federal immigration agents from taking custody of people being released from California jails. In doing so, he broke ranks with many other local politicians — including the bill’s sponsor, Councilmember Kevin de León, then in the state Senate. It was a massive political gamble at a time when officials found strong support for standing up to former President Trump’s policies.

McDonnell — who at the time described himself to The Times as “not a Trump guy” and “not an anti-Trump guy” — joined other sheriffs who oversee jails in arguing that the proposal was more likely to hurt immigrants than protect them. McDonnell had been a registered Republican in the past, but said during his time as sheriff that he was no longer affiliated with a political party.

Concerns among immigration advocates about McDonnell’s stance have only heightened, with Trump now repeatedly promising mass deportations if reelected.

Other detractors, such as Melina Abdullah, co-founder of Black Lives Matter Los Angeles, pointed to the former sheriff’s failure to improve conditions in the L.A. County jails or more aggressively root out deputy gangs, the unsanctioned groups of tattooed deputies repeatedly accused of misconduct over the years.

As the mayor’s chief search narrowed to two other finalists that included a Black woman and a Latino man, Abdullah said that the other two candidates — Deputy Chief Emada Tingirides, who runs the department’s South Bureau, and former LAPD assistant chief Robert “Bobby” Arcos — had found some support among some progressive groups who were normally leery of law enforcement.

“The jails and the allowance for the expansion of the deputy gangs was so horrible that even these progressive organizations were like, ‘Anybody but Jim McDonnell,’” she said.

Tyler, the former undersheriff, noted that McDonnell won’t answer directly to voters as chief. And he also won’t have to overcome being an outsider, which he struggled with previously as a longtime LAPD member stepping in to lead the county agency.

“He failed to get elected again — that doesn’t matter to LAPD,” Tyler said. “And he failed to be a sheriff’s deputy from day one — that doesn’t matter to LAPD.”

Unlike his predecessors, Tyler said, McDonnell directly involved himself in disciplinary decisions, asking the undersheriff to brief him on every case. He cracked down on unauthorized station logos and imagery, Tyler said, and started the inquiry into deputy subgroups that later gave way to the Rand Corp. report published after McDonnell’s successor had already ousted him from office.

In an email to The Times, former Sheriff Alex Villanueva wished McDonnell luck as chief, and stressed the need for striking a “sensible balance between supporting the officers doing a difficult job and holding them accountable when they don’t meet the standards the community deserves.”

On social media, Villanueva — who was voted out of office himself four years after succeeding McDonnell — struck a snarkier tone. “Hopefully,” he said, “Mr. McDonnell has learned something about how not to run a large organization.”

Villanueva rolled back many of McDonnell’s key reforms, bringing back the controversial “Fort Apache” logo at the East L.A. station, replacing the department’s constitutional policing advisors, clamping down on the sharing of information with oversight officials and creating a group to evaluate terminations and discipline under McDonnell’s term.

Inspector General Max Huntsman, the county watchdog whose office is tasked with overseeing the Sheriff’s Department, said McDonnell’s emphasis on discipline and accountability sparked opposition from the union and made him unpopular with some deputies, while outsiders faulted the lack of a sweeping overhaul.

“He didn’t wanna come in as an LAPD guy and just say we’re gonna do it this way, the LAPD way,” Huntsman said. “So he took his time and as a result I think was perceived as being too slow.”

Keith Swensson, a former commander in the Sheriff’s Department, said that McDonnell never “really had enough time to make major changes.”

“He definitely tried,” Swensson said. “He kind of had more discipline than what the department had before he arrived. But did that really change the department that much? I don’t think it did.”","Libor Jany, Keri Blakinger",,2024-10-29,CONTROL_Polish_Womens_Strike_2020_2024,sustained,True,0,"In, The, To"
https://www.latimes.com/about/pressreleases/story/2024-10-29/l-a-times-feature-documentary-film-out-of-plain-sight-doc-nyc-world-premiere,Los Angeles Times,L.A. Times and Sypher Studios to Premiere Environmental Documentary Feature ‘Out of Plain Sight’ at DOC NYC,"The Los Angeles Times’ most ambitious documentary film yet will world premiere in November at DOC NYC, the nation’s largest documentary film festival. The feature-length film “Out of Plain Sight” is a cinematic expansion of a series of haunting reports by environmental journalist Rosanna Xia, who broke the story that as many as half a million barrels of toxic waste had been quietly dumped into the ocean decades ago, just off the coast of Los Angeles.

In a first for The Times, the reporter, Xia, serves as the film’s director alongside Daniel Straub, a documentary filmmaker based in Los Angeles. The film is an independent co-production from L.A. Times Studios and Sypher Studios, produced by Xia, Straub and Emmy® Award-winning cinematographer Austin Straub.

Watch the trailer for “Out of Plain Sight”

(Cinematography by Austin Straub. Music by James Ellington.)

“This film project has transcended what I thought was possible for environmental journalism,” said Xia, whose investigative reporting has jolted Congress, inspired scientists and deepened the way people today understand the marine environment.

“I have spent years unraveling a toxic mystery that the ocean had buried for generations, and this story was begging to be told more visually – with a more profound exploration of how the horrors of our past continue to affect us and our future,” said Xia. “It is an honor to build on the work of Rachel Carson’s ‘Silent Spring,’ and to immerse the audience in a world that I have spent years getting to know.”

“The language of the film emerged within the first few hours of filming,” said Straub, who has been riveted by this story since Xia’s first article in 2020. “Rather than have Rosanna be our main ‘on-screen talent,’ sitting in a chair doing a retrospective interview, it was clear to me that she also needed to be directing the film with me.

“It was surreal for my brother Austin and me to join her process as we saw the journalism continue to unfold through her eyes – connecting the dots across so many silos of science and bringing us into spaces that are inaccessible to most documentary filmmakers. The trust she has built with her sources, and the empathy that she brings to connecting the human and more-than-human world, has made this film both cinematically beautiful and journalistically precise,” said Straub.

Through the film, viewers are launched on a gripping journey as Xia searches for answers at sea, in the lab and across breathtaking environments up and down the California coast. Immersive soundscapes by Gigantic Studios and a captivating score composed by James Ellington give voice to our deeply interconnected ecosystems, and a trove of unearthed archival footage reinforces the unsettling reality that forever chemicals can span multiple generations, outlive our collective memories – and eventually come back to haunt us.

“‘Out of Plain Sight,’ as the name suggests, is about something appalling that we’ve unknowingly coexisted with, for decades,” said Bedatri D. Choudhury, a features programmer for DOC NYC. “Produced by the L.A. Times and helmed by Rosanna Xia, an environment reporter at the publication, along with director and producer Daniel Straub, it is an exhaustive report on an environmental catastrophe that would’ve perhaps remained unknown had it not been for Xia.

“The film does an excellent job balancing a journalistic tone and reportage with an engaging visual language that makes for a watch that is both enlightening and alarming,” said Choudhury. “DOC NYC, with its history of championing bold storytelling and innovative documentary filmmaking, is the perfect festival for the film’s premiere.”

“Out of Plain Sight” will screen as a DOC NYC world premiere Saturday, Nov. 16, at 6 p.m. and again on Monday, Nov. 18, at 9 p.m at the Village East Cinemas by Angelika. A Q&A with filmmakers Rosanna Xia, Daniel Straub and Austin Straub will follow each in-person screening. DOC NYC is also offering an online option, with the film available to screen on-demand Nov. 17 to Dec. 1. Tickets are available via docnyc.net.

The film is an acquisition title at the festival. Executive producers for L.A. Times Studios are Chris Argentieri, Shani O. Hilton, Maurice James and Leslie Lindsey. Executive producers for Sypher Studios are Jens Jacob and Jason Pamer.

Recent documentary film projects from the Los Angeles Times include “Hollywood’s Finest,” “The Colorado River in Crisis” and “Repowering the West,” as well as the documentary short film series L.A. Times Short Docs, which is presented by Canon U.S.A., Inc., the official imaging provider of the L.A. Times. “The Last Repair Shop,” an L.A. Times Short Doc, won the Academy Award for Best Documentary Short earlier this year, adding an Oscar to the Times’ collection of Pulitzer Prizes, Emmys and various other awards for its journalism.",,,2024-10-29,CONTROL_Polish_Womens_Strike_2020_2024,sustained,True,0,"In, The, To"
https://www.latimes.com/entertainment-arts/business/story/2024-10-29/cnn-bans-pro-trump-commentator-after-offensive-beeper-remark,Los Angeles Times,CNN bans pro-Trump commentator after offensive 'beeper' remark,"CNN banned a right-wing commentator who aimed an offensive comment at another guest that referenced an attack on Hezbollah on Monday’s edition of “NewsNight with Abby Phillip.”

Ryan Girdusky, a political strategist and supporter of former President Trump, made the remark in a heated exchange with panelist Mehdi Hasan about the Republican presidential candidate’s Sunday rally at Madison Square Garden in New York. Vulgar and racist comments made by a number of speakers at the event have drawn significant backlash.

After Hasan weighed in, Girdusky said, “I hope your beeper doesn’t go off” — a reference to the use of mobile communications devices to kill members of Hezbollah in Lebanon on Sept. 17. Israeli intelligence reportedly triggered the mobile device explosives that wounded as many as 3,000 Hezbollah members and others. At least a dozen people were killed in that attack

Hasan, a Muslim, is an outspoken supporter of the Palestinian cause on TV programs and his own news site, Zeteo. He was visibly stunned by the remark.

“Did your guest just say I should be killed on live TV?” Hasan said to Phillip.

After a commercial break, Phillip apologized to Hasan and the viewing audience. She also announced Girdusky would not be returning.

“When we get this discussion started you’ll see Ryan is not at the table,” Phillip said. “There is a line that was crossed there and it is not acceptable to me. It’s not acceptable to this network.”

In recent months, CNN has turned “NewsNight” into a conflict-driven talk show — reminiscent of the network’s long-running “Crossfire” program that ended in 2005 — with pundits presenting opposing viewpoints. Discussions on the program often become angry, with guests talking over each other while Phillip tries to maintain control.

In a statement, CNN said there is “zero room for racism or bigotry at CNN or on our air” and that Girdursky will not be invited back on the network.

“We aim to foster thoughtful conversations and debate including between people who profoundly disagree with each other in order to explore important issues and promote mutual understanding,” CNN said.

Girdusky tried to apologize on the air. Later on social media site X, he was defiant. “Apparently you can’t go on CNN if you make a joke,” he wrote. “I’m glad America gets to see what CNN stands for.”",Stephen Battaglio,,2024-10-29,CONTROL_Polish_Womens_Strike_2020_2024,sustained,True,0,"In, The, To"
https://www.latimes.com/entertainment-arts/music/story/2024-10-29/rufus-retro-wainwright-spective-wallis-theater,Los Angeles Times,Rufus Wainwright takes time to make music on his terms — hallelujah for that,"Rufus Wainwright feels the clock ticking. He’s only 51, but when his mother died at the age of 63 it made him “keenly aware that you’ve got to do what you can while you’re here,” he says, “because it could end at any time.”

It’s not exactly a morbid mood inside the small, circular library of Wainwright’s home in Laurel Canyon, the October sun shining warmly on the bear rug and floor-to-ceiling books — but the conversation does begin with death. His mother was Kate McGarrigle, the Quebec-born folk singer-songwriter and “the most talented person I ever met,” Wainwright says. “She had this really uncanny ability to just find music in everything.”

But when she died in 2010, there were several unwritten musicals and many unfinished songs.

“I think she always felt limited,” he says, “and just didn’t have the confidence and the support to fulfill her wildest dreams.”

Wainwright is making up for her lost time, in a way, and ensuring he doesn’t lose any of his own. That translates to an incredibly busy schedule of constant touring and performing around the world, and to a prolific output. In addition to his 10 studio albums and two original operas, just this year his first musical, “Opening Night,” debuted in London’s West End, and his “Dream Requiem” for chorus and orchestra premiered in Paris.

This week, he will take audiences through 70 songs from his prodigious catalog across three nights at the Wallis in Beverly Hills. “Rufus-Retro-Wainwright-Spective” will offer a crash course in a critically vaunted musician who has a passionate cult following — including many Hollywood stars — but who has always been a little hard to pin down.

“There are still a lot of people who don’t know my music,” Wainwright says, “but oddly enough a lot of people know my voice — and when I say my voice, I mean my speaking voice.”

Or, he acknowledges, they know him from his iconic cover of Leonard Cohen’s “Hallelujah.” That track has many fans — including, we now know, Donald J. Trump. During the former president’s infamous town-hall-cum-listening-party earlier this month in Oaks, Pa., Trump’s team played Wainwright’s “Hallelujah” in its entirety while the Republican nominee swayed and seemingly listened to every word.

“Great song,” Trump told his faithful, with the giant words “TRUMP WAS RIGHT ABOUT EVERYTHING” looming behind him.

This event occurred a few days after my interview with Wainwright, who immediately issued a public statement and was asked for comment by several news outlets.

“For him to use it was ... blasphemous, in many ways,” the singer told Stephanie Ruhle on MSNBC. But, Wainwright went on, “there were moments when I did also see — because the song is so beautiful and it brings out a kind of humanity — I did see a broken man up there, who needs help, and who is expressing some kind of yearning, maybe, for redemption or something.”

Jamie Lee Curtis — one of Wainwright’s many A-list actress friends — was struck by his ability to mine something hopeful out of this moment of deep fracture and darkness.

“Hearing Rufus articulate so beautifully the grace of the song, in a weird way, wishing that for a man who’s clearly unhinged and saying, ‘Maybe that’s grace for him, and maybe it will help him and heal him a little,’” Curtis says. “I love that Rufus has found himself in the zeitgeist of this collision of culture and politics and humanity and compassion and division.”

Wainwright is accustomed to bringing high culture into, shall we say, less than highbrow arenas; after all, his sublime version of “Hallelujah” originated on the soundtrack for “Shrek.” At the outset of his career in 1998, his unique genre of songwriting was dubbed “popera” by a family friend — and his music does somehow encompass the catchy tune and the irrepressible rhythm of great pop within complex classical chord sequences and a Verdi-sized ambition.

It was only a matter of time before that ambition burst into actual opera; his first, “Prima Donna,” arrived in 2009, followed by “Hadrian” in 2018.

Before the pandemic, Wainwright was approached by the Greek National Opera to compose a work for the 200th anniversary of the Greek revolution of 1821. Through a few left turns, he wound up instead composing a requiem Mass based on the poem “Darkness” by Lord Bryon (who figured in that revolution). The Los Angeles Master Chorale was one of the many commissioning organizations, and Jane Fonda will narrate at the U.S. premiere next May.

Meryl Streep, another friend, narrated the world premiere by the Orchestre Philharmonique de Radio France and choir in June, and the debut was a triumph — “I kind of had the French on their knees, which was amazing,” Wainwright says — which came as a balm after the commercial failure of “Opening Night.” He had always loved the 1977 John Cassavetes film of the same name, and amidst a deep depression a few years ago he had a vision of adapting it into a stage musical.

The result, which starred Sheridan Smith as a woman going through a psychological breakdown, opened in May; it failed to find an audience and closed two months early. Wainwright initially blamed too-conservative British audiences, but today admits that this intimate, dramatic piece was confusingly located in a huge theater between “Cats” and “Fawlty Towers: The Play,” and that it was badly produced.

“So it kind of collapsed at the end, which I think actually gives it a little bit more of a cult quality,” he says, still licking his wounds but looking for the silver lining. His book of 25 original songs was recorded on the final nights, and a cast album is forthcoming.

Finding joy in the darkness seems to be a running theme. That’s what Wainwright did when the pandemic forced everyone into their homes: he began broadcasting daily “Robe Recitals” (a.k.a. “Quarantunes”) on social media; either solo or with a small, masked band, he performed stripped-down versions of his copious songbook — from “Cigarettes and Chocolate Milk” and “Going to a Town” to deep cuts and covers.

He occasionally invited friends to enter the bubble, because “if you do have a little bit of an audience there’s a magic that happens,” he says, “like being in an AA meeting or something.” From the couch in Wainwright’s living room, James Corden sang a duet of “Across the Universe,” and on another day Curtis came over with her husband, Christopher Guest, a lifelong friend of Loudon Wainwright III, Rufus’ father.

“Here I was, wracked with fear and tension,” says Curtis, “and there I was being lifted by the sound of instruments and voices coming together harmonically, spiritually, emotionally. I left better.”

The experience taught Wainwright that many of his songs, which are often elaborately orchestrated, held up well in their most skeletal form. So last year in Paris, he packaged a series of acoustic shows based around themes — “Songs of Youth and Addiction,” “Songs of Love and Desire” and “Songs of Contempt and Resistance ”— interwoven with stories. The Wallis concerts are a reprise of that program.

It’s a second life for a pandemic pick-me-up project — which isn’t all bad memories for Wainwright. He admits feeling a little romantic, even nostalgic, when he thinks back to the quarantine era.

“I miss having the time to really focus on my art and practice my piano,” he says, “and just get lost in that realm.”

He has many more wild dreams — to write a comic opera, to make a French record, possibly to score a film. But first he wants to make one more pop album, possibly his last. For that, Wainwright says he wants “to really burrow into someplace, and take as much time as I can.”

The clock is ticking.",Tim Greiving,,2024-10-29,CONTROL_Polish_Womens_Strike_2020_2024,sustained,True,4,"Kate, Middleton, Photo"
https://www.latimes.com/food/story/2024-10-29/michael-mina-orla-santa-monica-egyptian-mediterranean-ettore-vino-flowers-finest-chopped-cheese,Los Angeles Times,Michael Mina's new oceanfront restaurant goes back to his Egyptian roots,"Orla

At Michael Mina’s newest restaurant the meal begins with a wooden box, wherein nine spices provide a hint of what’s to come: At Orla, the celebrity chef’s interpretation of his Egyptian heritage weaves these and other aromatics into kebab platters, tableside baklava sundaes, charcoal-grilled octopus, caviar-topped fateer and chicken-stuffed dolmas with an ocean view in the Regent Santa Monica Beach hotel.

Mina, who now operates roughly 30 restaurants including Glendale’s Bourbon Steak, grew up in a house bustling with parents and aunts and uncles. Born in Egypt but raised in the U.S. since the age of 2, Mina always wanted to turn his culinary focus to this upbringing and the flavors of the Middle East and Mediterranean.

“It was always something in my mind and in my heart that I knew I was going to do: a concept that really went back to my roots,” Mina said. “My mom had such a big influence on my cooking — both why I enjoy cooking so much, and a lot of how I cook — but I also wanted to do it a little later in my career, when I had a little more depth.”

Roughly a decade ago he built a test kitchen for the Mina Group, and it was here that he and his team began dabbling; he was so reinvigorated that it set a cookbook in motion. “My Egypt: Cooking from My Roots” took seven years and debuted earlier this month, informing Orla as it went, with roughly 80% of the new restaurant’s dishes overlapping with recipes from the book. Six visits to Egypt in the writing process helped Mina better understand the country, beyond his family’s interpretations of classic dishes that he’d grown up eating in the U.S.

“What I had learned over my career was that Egyptian food had its staples, but then it had a lot of influence from different countries because of how much it had been invaded,” Mina said. “Probably the biggest influence was Greek cooking, at least for what I grew up eating … so much of what I thought growing up was Egyptian had a lot of Greek influence. It actually made it even more magical in a lot of ways.”

During the pandemic he focused heavily on the new cookbook and the concept of Orla. Earlier this year he opened the inaugural outpost in Las Vegas, then in October followed it with a location in Santa Monica, which boasts an expanded menu and executive chef Jacob Solomon (formerly of Chicago’s Testaccio). He’s serving his own spins on dishes that span cultures and family recipes. His mother’s falafel, studded with bell peppers and red onions, would slide into pocket bread; at Orla, Mina serves his version topped with urfa-dusted tuna crudo. His mom would only make the labor-intensive, layered-pastry fateer on weekends and top it with jam; Mina uses his as a vehicle for caviar.

Everything is available a la carte, with an additional prix-fixe express menu available at lunch and a larger family-style option at dinner. Michael Lay, the beverage director for Mina Group, incorporated much of the flavor from the savory menu into Orla’s cocktails, resulting in baharat-tinged rum with elderflower and pomegranate; melon-tea-infused gin with almond and lemon; and a cardamom-and-ginger negroni. He also compiled roughly 800 wines for Orla’s extensive and eclectic list, which ranges from affordable by-the-glass options to hard-to-find vintage bottles. Orla is open daily from 6:30 a.m. to 3 p.m. for breakfast and lunch, and from 5 p.m. to 9:30 p.m. for dinner, with the bar open throughout the day and night.

1700 Ocean Ave., Santa Monica, (310) 899-4050, orlasantamonica.com

Ettore Vino e Cucina

A new Italian restaurant and wine bar is now open in the Original Farmers Market with fresh pastas, grilled meats, wine flights and a patio space. Filippo Cortivo, a sommelier and an owner of Larchmont’s Osteria Mamma, wanted to expand to the famous food landmark for years, checking in periodically about open storefronts. He began consulting for Mendocino-based, Italian-influenced winery Ettore, and now he and the brand have partnered for a new restaurant: Ettore Vino e Cucina, where Ettore’s organic wines are offered by the glass and bottle and even used in some of the kitchen’s dishes. The menu, Cortivo said, is almost entirely a departure from the dishes found at Osteria Mamma.

“It’s a little bit of everything here, with a few dishes from the north, a few dishes from the coast,” he said. “We just opened it up to everything we like. [Osteria] Mamma is more traditional, but here we want to have our traditional flavors in a more fun way.”

Chef Mònica Angelats Coll, formerly of Brera Ristorante and Flor y Solera, heads up a menu that includes rolled lasagna Bolognese, grilled octopus-and-sausage skewers, braised lamb shank, fried anchovies and more. The new restaurant and wine bar also sells limited pantry items, including imported dried pastas and Ettore’s house olive oil. Ettore Vino e Cucina is open daily from 11 a.m. to 9 p.m.

6333 W. 3rd St., Stall #120, Los Angeles, (628) 529-5616, instagram.com/ettorevinocucina

Flower’s Finest

A new storefront by a small-batch tea retailer is offering tea service, weekend baked goods, vintage home items, tea blending classes and more. Flower’s Finest, by the team behind Flowerhead Tea, recently opened in Eagle Rock as a colorful place that owners hope will build community around tea, at every level.

“I respect so many tea makers and tea farmers around the world and I think there is this representation of it that feels very serious,” said founder Karina Vlastnik. “Even though I respect that so much, I wanted to have somewhere really fun, and not intimidating.”

She and her business partner, Kendall Brinkley, relocated their Bay Area headquarters to L.A. over the last two years, operating their tea service through a roving truck while they readied the space.

Now that they’re open, baker Emily Alpen (Pinyon Ojai) is selling baked goods such as apple cider muffins and brûléed-fig scones, and Vlastnik and Brinkley are introducing hands-on tea workshops, book clubs, chess nights and more. Vintage cocktail glasses and tea sets from the 1930s perch on shelves alongside new tea strainers and other accessories, while boxes and bags of teas — plus other pantry items — add even more options in the colorful space. The collection of vintage items for sale includes knicknacks the team had been collecting for years.

“We were really excited for the opportunity to grow in a new place,” said Vlastnik. “We knew it was going to be really hard, but we were like, ‘If we can do it here [in L.A.], we can do it anywhere.’ It’s kind of just been building up to this moment.”

Flower’s Finest is open Wednesday to Sunday from 11 a.m. to 6 p.m.

4538 Eagle Rock Blvd., Los Angeles, flowersfinest.com

White Rice

A popular quick-and-casual Filipino restaurant from San Diego just touched down in the L.A. area. White Rice, from chef-owner and Momofuku vet Phillip Esteban, is the latest vendor in Montebello’s BLVD MRKT food hall. Esteban’s menu is geared toward silog, or rice bowls laden with garlic and egg, and here they can come topped with longanisa, crispy lechon, soy-braised pork, mushroom with tofu and more. Two varieties of lumpia — one vegetarian, one with pork and shrimp — are on offer, as are fresh ube sweet rolls with whipped ube butter, and calamansi iced tea. White Rice is open Tuesday to Thursday from 11 a.m. to 8 p.m., and Friday and Sunday from 11 a.m. to 9 p.m.

520 Whittier Blvd., Montebello, ricebowlsforall.com

New York’s Chopped Cheese Mid-City

One of the East Coast’s favorite sandwiches is popping up around the city thanks in large part to Harlem’s own Anthony Arias. The founder of New York’s Chopped Cheese began appearing in L.A. in 2021 via a bright yellow food truck, serving fluffy loaves filled with griddled beef that’s chopped on the grill, plus American cheese, sweet onions, lettuce, tomato, ketchup and mayonnaise.

Last year he debuted a bodega-inspired bricks-and-mortar in Hollywood, and this month he added a new Mid-City location with ample seating and parking. New York’s Chopped Cheese serves the classic iteration of the sandwich as well as spins that include jalapeño poppers or barbecue sauce, while others are made with chopped chicken, mushrooms or vegan Impossible meat. Other New York-inspired classics — such as a bacon, egg and cheese or a chopped Italian sub — are available alongside the gooey, meaty namesake. New York’s Chopped Cheese is open in Mid-City on Sunday to Thursday from 9 a.m. to 11 p.m., and Friday and Saturday from 9 a.m. to midnight.

5109 Venice Blvd., Los Angeles, newyorkschoppedcheese.com

Luke’s Lobster

A prolific East Coast lobster-roll chain just made its way to Southern California. Luke’s Lobster specializes in wild-caught seafood, stuffing lobster, crab and shrimp into buttered buns — sometimes drizzled with flavored butter sauces such as truffle or hot honey. Founder and third-generation lobsterman Luke Holden began the company in 2009 and has opened outposts in Maine, New York City, Japan, Rhode Island, San Francisco, Singapore and beyond — including his latest, a 22-seat “lobster shack” in Santa Monica. Here you’ll find Maine lobster rolls; Jonah crab rolls in lemon butter; seafood grilled cheese; bowls of clam chowder; and local craft beer such as Crowns and Hops. L.A.’s first Luke’s Lobster also serves trios of lobster rolls and seafood rolls for a sampling, plus by-the-pound seafood and lobster roll kits for home assembly. Luke’s Lobster is open in Santa Monica daily from 11 a.m. to 9 p.m.

200 Santa Monica Blvd., Santa Monica, (424) 298-2080 , lukeslobster.com",Stephanie Breijo,,2024-10-29,CONTROL_Polish_Womens_Strike_2020_2024,sustained,True,0,"In, The, To"
https://www.latimes.com/world-nation/story/2024-10-29/dutertes-jarring-testimony-about-drug-killings-revives-a-nightmare-for-many-in-philippines,Los Angeles Times,Duterte’s jarring testimony about drug killings in Philippines revives a nightmare for many  ,"The cockiness, expletives and threats unleashed by former President Rodrigo Duterte in a Senate inquiry brought back the nightmare of the bloody “war on drugs” for many families of the thousands of victims who were gunned down under his rule.

Speaking under oath in Monday’s televised hearing into the killings, a defiantly combative Duterte returned to the national spotlight for the first time since leaving office in 2022 with little show of remorse.

He got away with it again, critics say.

“If I’m given another chance, I’ll wipe all of you,” Duterte, 79, who is seeking a new term as mayor of his southern home city of Davao next year, said of drug dealers and criminals.

Duterte again denied that he authorized extrajudicial killings of drug suspects, saying there were no “state-sponsored killings.” But he acknowledged that as mayor of Davao, before becoming president, he kept a small “death squad” of gangsters whom he had ordered to eliminate other criminals.

Duterte’s profanity-laced outbursts scared Randy delos Santos, who was invited by the Senate to speak about the killing of his nephew, Kian, by police under Duterte’s ostensible war on drugs. It felt, he said, like a nightmare had returned.

“I had this frightening feeling that thousands of innocent people may be gunned down again,” delos Santos told the Associated Press on Tuesday. “I was wondering why he was allowed to speak with disrespect and given a stage to vent his past excuses.”

Duterte has upended politics in Philippines

The thousands of killings — which human rights groups estimate could exceed 20,000 — under Duterte’s administration from 2016 to 2022 were unprecedented in recent Philippine history and triggered an International Criminal Court investigation as a possible crime against humanity.

They have also become a delicate fault line in the increasingly hostile rivalry between Duterte and his children, including Vice President Sara Duterte, and President Ferdinand Marcos Jr. They had a bitter political fallout over key issues. While Duterte had nurtured cozy ties with Chinese President Xi Jinping and Russian leader Vladimir Putin, Marcos has broadened defense and military relations with the United States and its Western allies.

“It’s unfortunate that drug-related crimes are on the rise again. Every day you can read about children being raped, people getting killed and robbed and just recently a drug den was raided within the Malacanang complex,” Duterte said, referring to the presidential palace in Manila. “Purveyors of this menace are back in business.”

Duterte has previously accused Marcos of being a drug addict and weak leader. Marcos had retorted that Duterte was a user of fentanyl, a painkiller and powerful opioid.

With Duterte appearing frail and misstating his age as 73 at one point, the daylong Senate hearing also served as the latest reality check on the political restraints that he and his family face after he relinquished his grip on power.

Duterte was one of Asia’s most unorthodox leaders and carved a controversial political name for his deadly campaign against criminality, expletives-laced outbursts and disdain for human rights and the West. He once called the pope a “son of a bitch” for setting off a monstrous traffic jam during a Manila visit and told then-President Obama to “go to hell” for criticizing his brutal anti-drugs crackdown.

Duterte’s profanities became a trademark of his political persona and some regarded him as Asia’s Trump.

During a heated exchange on Monday, Duterte raised his voice at Sen. Risa Hontiveros, a staunch human rights activist, who said that his campaign had killed 122 children, including a baby. Hontiveros asked the chairman overseeing the hearing to restrain the increasingly volatile Duterte, who rambled on as she spoke. He later stopped and apologized.

“You’re trying to pin me down on semantics,” Duterte blurted out at Hontiveros, who shot back: “You’re pinned by your own words.”

“You were never a mayor, prosecutor … I was a prosecutor, mayor, president and I know my job. You should talk like, `Son of a bitch, you stop, or I will kill you,’” Duterte told the senators.

Killings left deep scars

A Roman Catholic priest, the Rev. Flavie Villanueva, showed during the hearing a list of what he said were more than 300 victims, many of them breadwinners of poor families, who were killed under Duterte’s crackdown. The roll of white paper with the names of the dead that the priest unfurled was so long it touched the carpeted floor.

Former Sen. Leila de Lima, one of the most vocal critics of Duterte who was arrested and detained for years during his presidency, confronted him during the hearing.

The drug charges against her, she said, were fabricated by Duterte and his officials to stop her investigation of the drug killings. She was cleared of the charges and freed last year.

“This man … for so long has evaded justice and accountability,” de Lima said of Duterte, who sat near her.

Sen. Jinggoy Estrada asked why de Lima failed to file any criminal complaint against Duterte for so long.

Witnesses against Duterte, she said, were afraid to come out during his presidency when large-scale killings were unfolding.

“There was an atmosphere of fear, a culture of fear and impunity,” she said. “I hope many more will come out now.”

Gomez writes for the Associated Press.",Jim Gomez,,2024-10-29,CONTROL_Polish_Womens_Strike_2020_2024,sustained,True,0,"In, The, To"
https://www.latimes.com/world-nation/story/2024-10-29/judge-continues-to-block-florida-officials-from-threatening-tv-stations-over-abortion-ads,Los Angeles Times,Judge continues to block Florida officials from threatening TV stations over abortion ads,"A federal judge on Tuesday continued to block the head of Florida’s health department from taking any more steps to threaten TV stations that air commercials for an abortion rights measure on next week’s ballot.

U.S. District Judge Mark Walker extended a temporary restraining order, siding with Floridians Defending Freedom, the group that created the ads promoting the ballot question that would add abortion rights to the state constitution if it passes Nov. 5.

Walker handed down the decision from the bench after hearing arguments from attorneys for the campaign and state officials. The order extends a previous one that bars State Surgeon General Joseph Ladapo from taking any further action to coerce or intimidate broadcasters that run the commercials.

Walker said extending the temporary restraining order will give him more time to rule on the preliminary injunction that the abortion rights campaign is requesting.

The group filed the lawsuit after Ladapo and John Wilson, who was then the top lawyer at the state health department before resigning unexpectedly, sent a letter to TV stations on Oct. 3 telling them to stop running an abortion rights ad, asserting that it was false and dangerous. The letter also says broadcasters could face criminal prosecution.

The ad at issue features a woman named Caroline Williams who said Florida’s current law — which bans most abortions after six weeks — would have barred her from getting the procedure that her doctors said was needed to extend her life, after she was diagnosed with terminal brain cancer in 2022. Her providers wouldn’t go forward with her cancer treatment while she was still pregnant.

The decision Walker handed down on Tuesday extends an Oct. 18 order barring state officials from “trampling” on the free speech rights of those they disagree with.

“The government cannot excuse its indirect censorship of political speech simply by declaring the disfavored speech is ‘false,’” the judge said in the previous order.

He added: “To keep it simple for the State of Florida: it’s the First Amendment, stupid.”

Tuesday’s hearing is the latest development in an ongoing fight between advocates for abortion rights and officials in the administration of Republican Gov. Ron DeSantis, who has waged his own state-funded campaign to block the ballot measure.

If approved by 60% of Florida voters, the constitutional amendment would protect the right to an abortion until fetal viability, considered to be somewhere past 20 weeks. The measure would override current state law, which bans most abortions after six weeks, before many women know they’re pregnant.

In the weeks leading up to the election, DeSantis has held taxpayer-funded, campaign-style rallies with doctors and religious leaders to advocate against the proposed amendment. Four state agencies have set aside millions of dollars in public funds to create their own commercials railing against the abortion measure and another proposed constitutional amendment that would legalize recreational marijuana use in the state — a move that critics say violates a state law that bars government officials from using their public office for electioneering.

Payne writes for the Associated Press.",Kate Payne,,2024-10-29,CONTROL_Polish_Womens_Strike_2020_2024,sustained,True,0,"In, The, To"
https://www.latimes.com/entertainment-arts/tv/story/2024-10-29/bobs-burgers-actor-jay-johnston-sentenced-jan-6-prison,Los Angeles Times,'Bob's Burgers' actor Jay Johnston sentenced to a year in prison for role in Jan. 6,"An actor known for his roles in the television comedies “Bob’s Burgers” and “Arrested Development” was sentenced on Monday to one year in prison for his part in the mob attack on the U.S. Capitol nearly four years ago.

Jay Johnston, 56, of Los Angeles joined other rioters in a “heave-ho” push against police officers guarding a tunnel entrance to the Capitol during the Jan. 6, 2021, riot. Johnston also cracked jokes and interacted with other rioters as he used a cellphone to record the violence around him, prosecutors said.

Johnston expressed regret that he “made it more difficult for the police to do their job” on Jan. 6. He said he never would have guessed that a riot would erupt that day.

“That was because of my own ignorance, I believe,” he told U.S. District Judge Carl Nichols. “If I had been more political, I could have seen that coming, perhaps.”

The judge, who sentenced Johnston to one year and one day of imprisonment, allowed him to remain free after the hearing and report to prison at a date to be determined. Nichols said he recognizes that Johnston will miss out on caring for his autistic 13-year-old daughter while he is behind bars.

“But his conduct on January 6th was quite problematic. Reprehensible, really,” the judge said.

Johnston pleaded guilty in July to interfering with police officers during a civil disorder, a felony punishable by a maximum prison sentence of five years.

Prosecutors recommended an 18-month prison sentence for Johnston. Their sentencing memo includes a photograph of a smiling Johnston dressed as Jacob Chansley, the spear-carrying Capitol rioter known as the “QAnon Shaman,” at a Halloween party roughly two years after the siege.

“He thinks his participation in one of the most serious crimes against our democracy is a joke,” prosecutors wrote.

Johnston played pizzeria owner Jimmy Pesto Sr. in the animated “Bob’s Burgers,” a police officer in “Arrested Development” and a street-brawling newsman in the movie “Anchorman: The Legend of Ron Burgundy.” Johnston also appeared on “Mr. Show With Bob and David,” an HBO sketch comedy series that starred Bob Odenkirk and David Cross.

Johnston, a Chicago native, moved to Los Angeles in 1993 to pursue an acting career. After the riot, Johnston was fired by the creator of “Bob’s Burgers,” lost a role in a movie based on the show and has “essentially been blacklisted” in Hollywood, said defense attorney Stanley Woodward.

“Instead, Mr. Johnston has worked as a handyman for the last two years — an obvious far cry from his actual expertise and livelihood in film and television,” Woodward wrote.

Woodward accused the government of exaggerating Johnston’s riot participation “because he is an acclaimed Hollywood actor.”

Johnston attended then-President Trump’s “Stop the Steal” rally near the White House on Jan. 6 before joining the crowd that marched to the Capitol. He used a metal bike rack to scale a stone wall to reach the Capitol’s West Plaza before making his way to the mouth of a tunnel entrance that police were guarding on the Lower West Terrace.

“When he was under the archway, he turned and waved to other rioters, beckoning them to join him in fighting the police,” prosecutors wrote.

Entering the tunnel, Johnston helped other rioters flush chemical irritants out of their eyes. Another rioter gave him a stolen police shield, which he handed up closer to the police line. Johnston then joined other rioters in rhythmically pushing against police in the tunnel, a collective effort that crushed an officer against a door frame, prosecutors said.

Johnston recorded himself cracking a joke as rioters pushed an orange ladder toward police in the tunnel, saying, “We’re going to get those light bulbs fixed!”

A day after the riot, in a text message to an acquaintance, Johnston acknowledged being at the Capitol on Jan. 6.

“The news has presented it as an attack. It actually wasn’t. Thought it kind of turned into that. It was a mess,” Johnston wrote.

FBI agents seized Johnston’s cellphone when they searched his California home in June 2021.

More than 1,500 people have been charged with Capitol riot-related federal crimes. Over 1,000 have been convicted and sentenced. Roughly 650 of them received prison time ranging from a few days to 22 years.

Kunzelman writes for the Associated Press.",Michael Kunzelman,,2024-10-29,CONTROL_Polish_Womens_Strike_2020_2024,sustained,True,0,"In, The, To"
https://www.latimes.com/business/story/2024-10-29/b-riley-hurley-apparel-asset-sale-236-million,Los Angeles Times,"Troubled B. Riley raises $236 million in sale of apparel, Brookstone brands","Struggling B. Riley Financial said Tuesday that it had sold its interests in its apparel and Brookstone brands for about $236 million — the second such asset sale in a month as it works to pay down debt related to a buyout deal that turned sour.

The Westwood-area financial services firm sold its Hurley, Justice and other apparel brands, as well as its interests in women’s clothing retailer Bebe and personal care company Brookstone, in two separate transactions to a joint venture of Hilco Global and TPG Angelo Gordon, the companies said.

Hilco Global is a diversified financial services firm based in Northbrook, Ill. TPG Angelo Gordon is a unit of TPG, an alternative asset manager based in Fort Worth and San Francisco.

B. Riley shares were up 19% to $6.70 in morning trading on Nasdaq.

Earlier this month, B. Riley sold a majority stake in its Great American appraisal and liquidation business in a nearly $400-million deal that earned the company $203 million in cash and left it with a minority stake valued at roughly $183 million in a new holding company it is forming with Oaktree Capital Management, the Los Angeles global investment manager that specializes in distressed assets.

The two sales have netted the company more than $400 million in cash that will help pay down debt that B. Riley valued at roughly $1.9 billion last month, some of which stems from a $2.8-billion buyout last year of Franchise Group, a Delaware, Ohio, company that operates Vitamin Shoppe, Pet Supplies Plus and other retailers.

“With the completion of this transaction and the expected sale of a majority stake in Great American Group in late November, we are moving from a period of asset monetization to a renewed focus on growth in our core financial services operating businesses,” B. Riley founder and co-chief executive Bryant Riley said in a statement Tuesday.

B. Riley offers wealth management and financial services, but has made investments in consumer companies, starting in 2016 with legacy internet service provider United Online. The company through a partnership with Bluestar Alliance also repositioned the brands of faded apparel companies, including girls clothing brand Justice, now sold in Walmart.

The firm had seen its stock drop more than 90% since it underwrote the management-led buyout last year of Franchise Group, whose founder, Brian Kahn, has been tied to the collapse of Prophecy Asset Management, a hedge fund that federal prosecutors allege defrauded investors of $294 million.

B. Riley took on $600 million in debt to underwrite the deal and lent Kahn $200 million to establish and take Franchise Group private — with most of the loan secured by shares of Franchise Group. Riley said last month that the firm had lowered its debt related to the deal to about $380 million.

The Securities and Exchange Commission has issued subpoenas to B. Riley as it investigates the firm’s relationship with Kahn, 50, who resigned as CEO of Franchise Group but has not been charged with any crime and has denied any wrongdoing at Prophecy.

Riley, 57, has denied knowledge of any alleged wrongdoing at Prophecy. An outside law firm also concluded that neither he nor others at the financial services firm had involvement with or knowledge of any wrongdoing at Prophecy, which had offices in New York and South Carolina.

B. Riley said Tuesday it had acquired the apparel brands, excluding Bebe and Brookstone, for about $222 million and received $179 million in distributions during its ownership.

B. Riley Financial was formed in 2014 by a merger of Riley’s privately held stock firm with Great American, which was public at the time and had flourished during the financial crisis liquidating companies such as Mervyn’s.",Laurence Darmiento,,2024-10-29,CONTROL_Polish_Womens_Strike_2020_2024,sustained,True,0,"In, The, To"
https://www.latimes.com/environment/story/2024-10-29/port-of-l-a-wins-400-million-grant-to-electrify-operations,Los Angeles Times,Port of Los Angeles receives unprecedented $400-million grant to electrify operations,"The U.S. Environmental Protection Agency has awarded the Port of Los Angeles more than $400 million to support its transition to electric cargo-moving equipment — a major boost to efforts aimed at curbing pollution at America’s busiest container port.

The so-called Clean Ports grant, announced Tuesday, is part of a larger $3-billion initiative to deploy zero-emission equipment at the nation’s ports, which are significant sources of lung-searing smog and greenhouse gas emissions.

The Port of Los Angeles received the largest single award, securing $411 million in federal funding. The port and its private partners have committed an additional $236 million in matching funds for zero-emission initiatives.

“This transformative investment will be a tremendous boost to our efforts to meet our ambitious zero-emission goals, improve regional air quality and combat climate change while accelerating the port industry’s transition to zero emissions across the country,” said Gene Seroka, executive director at the Port of Los Angeles.

The landmark grant, funded through the Biden administration’s Inflation Reduction Act, will significantly accelerate the port’s efforts to replace diesel-powered equipment with all-electric alternatives.

The funding is expected to finance the purchase of more than 400 pieces of cargo-moving equipment, such as yard tractors and forklifts. The grant also aims to increase the number of battery-electric trucks and expand the port’s charging infrastructure.

These investments will help the port avoid burning 3.5 million gallons of diesel fuel each year, according to port officials. It will reduce smog-forming emissions by 55 tons and planet-warming carbon emissions by 41,500 tons per year.

“Our ports are the backbone of our economy — critical hubs that support our supply chain, drive commerce, create jobs and connect us all,” said EPA Administrator Michael Regan, who visited the port in March. “But we cannot overlook the challenges faced by the communities that live and work near these ports. Too often these communities face serious air quality challenges due to diesel pollution from trucks, ships and other port machinery.”

Six other California ports were also awarded federal funding: Oakland, Oxnard, San Diego, San Francisco, Stockton and Redwood City. The Port of Long Beach however, which operates adjacent to the Port of Los Angeles and is the second-busiest port in the nation, was notably absent from the list of announced grant recipients.

The Port of Los Angeles — nicknamed America’s Port — serves as a vital gateway between Asia and the United States. From furniture to electronics, roughly $300 billion worth of goods pass through the sprawling seaport every year. These operations provide tens of thousands of jobs to dockworkers, truck drivers and other laborers who help move this cargo.

But the port’s activity is also one of the region’s largest fixed sources of smog-forming emissions. Although the port has drastically slashed diesel exhaust and nitrogen oxides through cleaner fuels and engines in the past two decades, it is now faced with its stiffest challenge to date: adopting zero-emission technology.

The new funding will help push it toward its ambitious goal of having all terminal equipment be zero-emission by 2030. The port has more than 2,100 pieces of cargo-moving equipment — about 72% of which are diesel-powered while 9% are electric.

The Clean Ports funding could phase out more than a quarter of the diesel equipment. It will assist the port tenants in purchasing 337 yard tractors that ferry containers across the harbor; 56 top handlers that load and stack cargo; and 24 forklifts.

The trucks, cargo ships and trains that transport these goods continue to generate pollution and planet warming emissions, however.

More than 22,000 trucks are registered to serve the Port of Los Angeles. Ninety percent are diesel-powered. Fewer than 2% are zero-emission, and they include 332 electric trucks and 51 hydrogen fuel cell trucks.

The EPA grant will fund the financial incentives for trucking companies and operators to purchase another 250 electric cargo trucks. It is also expected to cover the installation of 300 electric chargers, two solar arrays and 10 battery storage systems.

“The San Pedro Bay communities have struggled with the impacts of cargo-goods-related emissions for far too long, so we congratulate the Port of Los Angeles on its substantive EPA Clean Ports Grant award to make meaningful progress towards the stated zero-emissions goal,” said Ed Avol, who sits on the board of the Harbor Community Benefit Foundation, an organization working to mitigate pollution at the ports. “The Harbor Community Benefit Foundation looks forward to working with the Port to achieve that goal without delay.”

In July, the EPA announced another historic $500-million federal grant to the South Coast Air Quality Management District, which plans to encourage the adoption of zero-emission cargo trucks, delivery vehicles and some locomotives.

The Port of Los Angeles partnered with Yusen Terminals LLC, Everport Terminal Services, TraPac, Fenix Marine Services, APM Terminals and the Harbor Community Benefit Foundation for the grant application.

The port’s bid was supported by elected officials, public agencies, business groups, environmental justice advocates, community groups and labor organizations.

Beyond the environmental benefits, the International Longshore and Warehouse Union emphasized that the grant funding will be spent on human-operated equipment that won’t automate operations and eliminate jobs. This includes $50 million toward community benefits, including training for residents who are interested in learning how to operate and repair this new equipment.

“The men and women of the ILWU are thrilled to learn of this over $400 million investment, by the U.S. EPA, in the environmental and economic well-being of our members and local community,” said Gary Herrera, president of ILWU Local 13. “Human-operated, zero-emission cargo handling equipment is the gold standard for maritime port operations not only because it protects good jobs while cleaning the air, but is also the most efficient and cost-effective in terms of port operations, while additionally providing the necessary safeguards against cyber threats to our national security.”",Tony Briscoe,,2024-10-29,CONTROL_Polish_Womens_Strike_2020_2024,sustained,True,0,"In, The, To"
https://www.latimes.com/opinion/letters-to-the-editor/story/2024-10-29/trumps-madison-square-garden-rally-it-was-terrifying,Los Angeles Times,Letters to the Editor: I attended Trump's Madison Square Garden rally. It was terrifying,"To the editor: I am an Angeleno in New York who decided to see the biggest theatrical event in a city known for its theater — former President Trump’s rally at Madison Square Garden. As a lifelong Democrat and supporter of Vice President Kamala Harris, I felt I needed to see firsthand just what we are dealing with.

It was terrifying.

In the 1920s and ’30s, disgruntled Germans would gather to hear Adolf Hitler tell them all of their problems were because of the Jews. Sunday night at Madison Square Garden, angry voters went into a frenzy as Trump told them all their problems were because of immigrants.

Before he took the stage, a parade of people spewing lies and hate went on for hours. Among them was Dr. Phil McGraw, who went on a long-winded speech about how Trump was not a bully and was somehow going to stop the bullying of children (what?).

It was a rollicking party where the theme was hate. “Throw them out” is the new “Lock her up.”

Harris is not perfect, but after what I saw on Sunday, I am convinced more than ever that Trump is a danger to our democracy and our values.

Doug Jones, New York

..

To the editor: The speaker who referred to Puerto Rico as “garbage” was just channeling Trump, who had labeled America as “garbage can of the world” a few days before.

I don’t understand why some Republicans were offended by the speaker’s remarks but remained silent on Trump’s.

June Thompson, Los Angeles

..

To the editor: I’ve been hoping Trump would self-destruct before the election.

This disgraceful exhibition of racism, misogyny, threats and polarization might just convince enough voters on the fence to go for Harris. It was like a modern-day dust-up of Hitler’s Nuremberg rallies.

It would only take about a two-point swing in the electorate to defeat Trump — for good.

Mark McIntyre, Los Angeles

..

To the editor: Columnist Doyle McManus makes the case for understanding Trump’s threat to our democracy by listening to the ex-president’s former aides.

One can add to that his current political advisor Stephen Miller, who stated at Trump’s Madison Square Garden rally, “America is for Americans and Americans only.” This is a throwback to the Nazi slogan, “Only for Germans.”

Trump is indeed an existential threat to our country.

Matt Giorgi, Brea",,,2024-10-29,CONTROL_Polish_Womens_Strike_2020_2024,sustained,True,0,"In, The, To"
https://www.latimes.com/world-nation/story/2024-10-29/israeli-strike-in-northern-gaza-kills-at-least-60-officials-say-as-hezbollah-announces-new-leader,Los Angeles Times,"Israeli strike in northern Gaza kills at least 60, officials say, as Hezbollah announces new leader","An Israeli strike on a five-story building where displaced Palestinians were sheltering in the northern Gaza Strip killed at least 60 people early Tuesday, more than half of them women and children, Gaza’s Health Ministry said.

In a separate development, Lebanon’s militant group Hezbollah said it has chosen Sheikh Naim Kassem to succeed longtime leader Hassan Nasrallah, who was killed in an Israeli airstrike last month. Hezbollah vowed to continue with Nasrallah’s policies “until victory is achieved.”

Meanwhile, eight Austrian soldiers serving in the U.N. peacekeeping force in Lebanon were lightly injured in a missile strike at the Naqoura camp, Austrian authorities said.

Defense Ministry spokesperson Michael Bauer wrote on social network X that the incident happened Tuesday around lunchtime. He said it wasn’t immediately clear who was responsible for the strike. None of the soldiers needed emergency treatment.

Austrian Defense Minister Klaudia Tanner “condemns this attack in the strongest terms and calls on all sides immediately to cease combat operations in the surroundings of the U.N. mission’s positions,” Bauer wrote.

Israel also faced a backlash after passing legislation that could severely restrict the ability of the U.N. agency for Palestinian refugees to operate in the Palestinian territories. The agency, known as UNRWA, is the largest aid provider in Gaza. Israel has long accused it of militant ties, allegations the agency denies.

A spokesperson for the U.N. children’s agency said the decision “means that a new way has been found to kill children.”

Hezbollah’s new leader vows to keep fighting Israel

Hezbollah said in a statement that its decision-making Shura Council elected Kassem, who had been Nasrallah’s deputy leader for over three decades, as the new secretary-general.

Kassem, 71, a founding member of the militant group established following Israel’s 1982 invasion of Lebanon, had been serving as acting leader. He has given several televised speeches vowing that Hezbollah will fight on, despite a string of setbacks.

Hezbollah began firing rockets into Israel, drawing retaliation, after Hamas’ surprise attack out of Gaza on Oct. 7, 2023, triggered the war there. Iran, which backs both groups, has also directly traded fire with Israel, in April and then again this month.

The tensions with Hezbollah boiled over in September, as Israel unleashed a wave of heavy airstrikes and killed Nasrallah and most of his senior commanders. Israel launched a ground invasion into Lebanon at the start of October.

Hezbollah fired dozens of rockets into northern Israel on Tuesday, killing at least one person in the northern city of Maalot-Tarshiha, authorities said.

Strike in northern Gaza comes as Israel wages a major operation there

Even as attention has shifted to Lebanon and Iran in recent weeks, Israel has continued to wage a large operation in northern Gaza and to carry out airstrikes across the territory.

Dr. Marwan al-Hams, director of the field hospitals’ department at the Gaza Health Ministry, announced the toll from Tuesday’s strike in the northern town of Beit Lahiya at a news conference. He said another 17 people are missing.

The ministry’s emergency service said at least 12 women and 20 children were among the dead, including babies. The dead included a mother and her five children, some of them adults, and a second mother with her six children, according to an initial casualty list provided by the emergency service.

There was no immediate comment from the Israeli military, which has been waging the operation in northern Gaza for more than three weeks, targeting what it says are pockets of Hamas militants who have regrouped there.

Dr. Hossam Abu Safiya, the director of the nearby Kamal Adwan Hospital, said it was overwhelmed by the wave of wounded people from the strike. Israeli forces raided the medical facility over the weekend, detaining dozens of medics.

The military said it detained scores of Hamas militants in the raid on Kamal Adwan, the latest in a series of raids on hospitals since the start of the war.

The Israeli military has repeatedly struck shelters for displaced people in recent months, saying it carried out precise strikes targeting Palestinian militants and tried to avoid harming civilians. The strikes have often killed women and children.

Israel’s latest major operation in northern Gaza, focused on the Jabaliya refugee camp, has killed hundreds of people and driven tens of thousands from their homes in another wave of mass displacement more than a year into the war in the tiny coastal territory.

On Tuesday, the military said four more soldiers were killed in the fighting in northern Gaza, bringing the toll since the start of the operation to 16, including a colonel. The military says it has killed dozens of militants, without providing evidence, while Hamas does not publicize its losses.

Israeli laws targeting U.N. agency could further restrict aid

Israel has also sharply restricted aid to the north this month, prompting a warning from the United States that failure to facilitate greater humanitarian assistance could lead to a reduction in military aid.

Palestinians fear Israel is enacting a plan proposed by a group of former generals, who suggested the civilian population of the north should be ordered to evacuate, aid supplies should be cut off and anyone remaining there should be considered a militant.

The military has denied carrying out such a plan, while the government has not made a clear statement about it.

On Monday, Israel’s parliament passed two laws that ban UNRWA from operating on Israeli soil and cut all ties with the agency. Israel controls access to both Gaza and the occupied West Bank, and it was unclear how the agency would continue to operate there.

Israel says UNRWA has been infiltrated by Hamas and that the militant group siphons off aid and uses U.N. facilities to shield its activities, allegations denied by the U.N. agency.

Aid groups have warned that there is no immediate replacement for UNRWA, which provides education, healthcare and emergency aid to millions of Palestinian refugees from the 1948 war surrounding Israel’s creation and their descendants. Refugee families make up the majority of Gaza’s population.

James Elder, a spokesperson for the U.N. children’s agency, known as UNICEF, said the suspension of UNRWA’s work “would likely see the collapse of the humanitarian system in Gaza.” He said UNICEF “would become effectively unable to distribute lifesaving supplies.”

He said that would impede deliveries of vaccines, winter clothes, hygiene kits, health kits, water and ready-to-use therapeutic food to combat malnutrition.

The war in Gaza began when Hamas-led militants stormed into Israel on Oct. 7, 2023, killing some 1,200 people, mostly civilians, and abducting around 250. Some 100 hostages are still inside Gaza, a third of whom are believed to be dead.

Israel’s retaliatory offensive has killed over 43,000 Palestinians, according to local health authorities. Many of them were women and children. Around 90% of the population of 2.3 million have been displaced from their homes, often multiple times.

Shurafa, Magdy and Mroue write for the Associated Press. Magdy reported from Cairo and Mroue from Beirut. Associated Press writers Tia Goldenberg in Tel Aviv, and Jamey Keaten in Geneva contributed to this report.","Wafaa Shurafa, Samy Magdy, Bassem Mroue",,2024-10-29,CONTROL_Polish_Womens_Strike_2020_2024,sustained,True,0,"In, The, To"
https://www.latimes.com/world-nation/story/2024-10-29/shohei-ohtani-hometown-oshu-japan-dodgers-world-series,Los Angeles Times,"Dodger blue, Ohtani Days and World Series mania in Shohei Ohtani's hometown","It was moments before Game 3 was set to begin, and the city where Shohei Ohtani was born breathed a collective sigh of relief.

“I almost cried when I saw the injury,” 50-year-old resident Ayako Oyama said, referring to a partial shoulder dislocation the Dodgers superstar had suffered on a base-stealing attempt two days earlier.

Despite fears that the designated hitter would be out for the rest of this series, he had bounced back, and Oyama, dressed in a blue Ohtani jersey, had come to the local auditorium where the city was holding a World Series watching party.

Her employer — the city of Oshu — had given her the morning off to attend. (Oshu is 16 hours ahead of Los Angeles.) She had gotten up early to mark her place in the long line that wrapped around the building with around 200 other residents and Mayor Jun Kuranari, who earlier this month traveled to California to sign a friendship city agreement with his counterpart in Torrance. A camera team from Fox was livestreaming the scene to U.S. audiences.

“I’ve never seen Oshu at the center of attention like this,” Oyama said, clutching two blue bambams.

Ohtani is, of course, a national hero in all of Japan, his image plastered over billboards, green tea advertisements and newspaper pages.

But there is something else to Oshu’s love for its native son. He is more than just a celebrity from their city, or a rare baseball talent, but someone truly one of their own.

“The people in this region are known for having a serious, diligent and persevering character,” Tomonori Toriumi, an official in Oshu’s sports promotion department, said.

“That is Ohtani. Even when he is under such pressure, he doesn’t show it.”

A colleague from the “Shohei Ohtani Hometown Cheering Team,” the city’s fan club that Toriumi leads, took the stage to rehearse several chants with the crowd: “Let’s go Shohei!”

The first inning started out strong: The Yankees walked Ohtani. Freddie Freeman followed up with a homer and drove him home.

The crowd whooped, furiously slapping together their bambams.

::

Oshu, a semi-rural city of around 114,000, is not exactly a tourist hot spot.

The handful of hotels in the city are more likely to be booked up by businesspeople from Taiwan and South Korea visiting the nearby semiconductor factories. The streets are dead quiet and pitch dark by 10 p.m.

Among the leading local attractions is the Cattle Museum, a nod to the region’s high-quality beef. Other local specialties include a form of traditional ironware known as Nambu Tekki, and apples.

“Very few people come here,” Hidetoshi Watanabe, a 68-year-old taxi driver, said.

“For every 100 outsiders you see, maybe one or two are tourists.”

Like many of the longtime locals, Watanabe affectionately remembers a time when Ohtani was just one of the neighborhood kids: the skinny freshman who joined the baseball team at nearby Hanamaki High School, where Watanabe’s son was a senior outfielder.

“My son looked after Ohtani a lot,” Watanabe said.

Even then, Ohtani was already famous as a “yakyu baka”: a boy obsessed with baseball.

“I knew he was destined to become big,” Watanabe said. “You could tell he had a much sharper sense for baseball. Everybody knew Ohtani was different.”

In the years since he left home — and went on to become who many say is the most talented baseball player of all time — Ohtani’s local presence has only grown.

Arrive at the bullet train station near the area where Ohtani grew up and you are greeted by metal wind chimes engraved with messages of support and a small glass-enclosed exhibit featuring signed memorabilia.

Local elementary schools serve their students Ohtani-themed lunches, including menu items like toast with “Dodgers 17” scribbled in blueberry jam. The city has designated the 17th of each month as Ohtani Day, meaning bank workers, taxi drivers and civil servants go to work in their Dodgers garb. (Los Angeles followed suit, declaring May 17 an annual Ohtani day.)

One of Oshu’s most popular events is an annual festival featuring rice art, made from growing five different varieties of rice to form vast images on the farmland. This year’s offering: Ohtani in his Dodgers uniform, tossing aside his bat after one of his 54 regular-season home runs.

Meanwhile, nearly every trace of Ohtani’s former team has been mercilessly scrubbed from the city. There is no Angels red in Oshu.

The Ohtani posters reading “The Pride of Oshu City” — plastered across the city, in bars, train stations, government offices — are now all blue.

“Well, we support Ohtani first and foremost, not the Angels,” Toshihide Oikawa, an official at the Oshu Chamber of Commerce and Industry, said with a sheepish laugh.

Though Oshu, a three-hour train ride from Tokyo, isn’t exactly drawing hordes, city officials like Toriumi still field continuous email inquiries from foreign and Japanese fans alike looking to make an Ohtani pilgrimage.

“Nobody can speak English very well so it’s difficult to properly respond to them,” Toriumi said apologetically.

Some find their way regardless.

In the lobby of Oshu City Hall is an iron replica of Ohtani’s hand, cast while he was playing for the Japanese league’s Hokkaido Nippon-Ham Fighters, his team before the Angels.

“Around 20 to 30 people from overseas have come in the last month,” Miyoko Ishikawa, whose seat at the information desk directly faces the outstretched appendage.

“They come as a family, couple or friends — they come to shake the hand.”

::

By the time the ninth inning came around, it was apparent that Game 3 would be another win. Oyama, the civil servant, hurried off to go to lunch before she had to return to work.

The projector screen displayed Yankees star Juan Soto looking defeated.

Ohtani had had a quiet outing, but the slightly thinned-out crowd belted out one last chant for his final at-bat, groaning loudly when the ball glanced off his left toe, leading to a walk. The Japanese broadcasters had filled the lack of action by sampling a Wagyu burger from Yankee Stadium.

But Oshu doesn’t care if Ohtani wins or loses, whether he is slumping or the clutch-time hero.

“The Dodgers winning the World Series would of course be an amazing thing because we want to see Ohtani’s dreams come true,” Toriumi said.

“But even if Ohtani doesn’t win a World Series, Oshu will always love him.”

Special correspondent Momo Nagayama contributed to this report.",Max Kim,,2024-10-29,CONTROL_Polish_Womens_Strike_2020_2024,sustained,True,0,"In, The, To"
https://www.latimes.com/california/newsletter/2024-10-29/horror-films-redefined-breathtaking-at-these-california-locations-essential-california,Los Angeles Times,California is an old haunt for horror films. Which ones tingle your spine?,"Good morning. Here’s what you need to know to start your day.

Where to find iconic horror film locations in California

In case you missed the signs (the many, many signs), the Halloween season is upon us. In my haunted household, that means it’s time to watch as many horror movies as possible.

It probably won’t come as a shock that some of the most iconic and beloved horror films were set or filmed right here in the Golden State. Let’s plot a few points on the map.

I’ll start in the San Gabriel Valley, where sleepy neighborhood streets starred as Haddonfield, Ill., in John Carpenter’s original “Halloween.” Horror icon Michael Myers, a quiet guy who lets his knife do the talking, lurks behind hedges and in dark corners of real-life homes in South Pasadena. The masked boogeyman’s childhood house remains a tourist draw to this day — and a city landmark.

Head several hours north to Bodega Bay in Sonoma County and you’ll find the little coastal town terrorized from above in Alfred Hitchcock’s “The Birds.” The 1963 classic was shot there and a little farther inland in the town of Bodega. That’s where you can find the large schoolhouse where Tippi Hedren and a group of kids flee, only to become target practice for some angry crows.

From there, head down the coast to the Santa Cruz Boardwalk, featured prominently in the 1980s teen vampire cult favorite “The Lost Boys.” More recently, the boardwalk was the destination for dueling doppelgangers in Jordan Peele’s “Us.”

Peele then headed down to SoCal for 2022’s sci-fi/horror/western “Nope,” where Daniel Kaluuya and Keke Palmer wrangle a space monster over the skies of Agua Dulce — a frequent western backdrop nestled between the Santa Clarita and Antelope valleys.

An hour or so southwest in Simi Valley, a tract home became the center of some serious paranormal activity in 1982’s “Poltergeist.” That can’t be good for property values.

California’s deserts are also a draw for filmmakers seeking isolated places for their characters to get stranded, like in the family-unfriendly 1970s slasher flick “The Hills Have Eyes,” filmed in the Victorville area. And I can’t forget to shout out “Tremors,” in which giant, monstrous worms terrorize a small desert town — in Nevada onscreen, but filmed in Olancha, Calif., near Death Valley National Park.

Curious about other famous frightful spots? Check out this Times map of horror movie or TV houses in SoCal, including some noted above, but also the eerie residences from Michael Jackson’s iconic “Thriller” music video and “A Nightmare on Elm Street,” plus the Bates Motel and creepy hillside home from Hitchcock’s “Psycho” (which also had a cameo in this year’s L.A.-based horror film “MaXXXine”).

What’s your favorite California locale in a horror flick? Let’s split up and check them out!

Share your spooky site by emailing us at essentialcalifornia@latimes.com (bonus points if you have a photo of the location you’ve taken yourself). Your responses could be included in the Oct. 31 edition of the newsletter.

Today’s top stories

Election Day is a week away

State Farm is accused of funneling excess profits to its parent company while seeking a 30% rate hike

California has seized $544 million in illegal weed so far this year. But that’s a drop in the bucket, experts say

The Dodgers could win the World Series tonight

What else is going on

Get unlimited access to the Los Angeles Times. Subscribe here.

Commentary and opinions

This morning’s must read

Is this L.A.’s silliest law? Hollywood bans Silly String on Halloween, with the colorful goo blamed for damaging everything from parked cars to the Hollywood Walk of Fame stars.

How can we make this newsletter more useful? Send comments to essentialcalifornia@latimes.com.

For your downtime

Going out

Staying in

A question for you: What’s one of your favorite scary movies?

Michael Letteriello writes: “When I saw ‘favorite scary movie,’ I immediately thought of the first time (and subsequent times) I saw John Carpenter’s ‘The Thing,’ starring Kurt Russell and a great ensemble cast of perfect types.

“The sense of foreboding, the sense of growing desperation and panic, even the unexpected comedic touches, the excellent acting of Kurt Russell, and that magnificent music of Ennio Morricone, probably the best horror music ever written: simple, powerful, haunting. The two men waiting for the next move at the end of the film: What’s to happen next?”

Feel free to email us at essentialcalifornia@latimes.com, and your response might be included in the newsletter this week.

And finally ... your photo of the day

Show us your favorite place in California! Send us photos you have taken of spots in California that are special — natural or human-made — and tell us why they’re important to you.

Today’s great photo is from Randi Chylinski of Los Angeles: Santa Barbara’s Arroyo Burro Beach, a “beloved haven for people and pups alike.”

Randi writes: “With its scenic cliffs, coastal trails, and welcoming on and off-leash areas, it embodies the California coast’s natural beauty. For my dog Ziggy and me, it’s the perfect spot to enjoy the sun, sand, and vibrant community — an essential stop for any California beach lover.”

Have a great day, from the Essential California team

Ryan Fonseca, reporterDefne Karabatur, fellowAndrew Campa, Sunday reporterHunter Clauss, multiplatform editorChristian Orozco, assistant editorStephanie Chavez, deputy metro editorKarim Doumar, head of newsletters

Check our top stories, topics and the latest articles on latimes.com.",Ryan Fonseca,,2024-10-29,CONTROL_Polish_Womens_Strike_2020_2024,sustained,True,0,"In, The, To"
https://www.latimes.com/espanol/entretenimiento/articulo/2024-10-29/becky-g-emilia-kali-uchis-y-anitta-cantaran-en-los-latin-grammy,Los Angeles Times,"Becky G, Emilia, Kali Uchis y Anitta cantarán en los Latin Grammy","CAMINO AL LATIN GRAMMY — La Academia Latina de la Grabación acaba de anunciar el segundo grupo de celebridades que estarán actuando en la edición 25 de los Latin Grammy que se celebran el 14 de noviembre en el Kaseya Center de la ciudad de Miami.

La lista encabeza la brasileña Anitta, seguida de la angelina Becky G, además del máximo nominado de esta edición Edgar Barrera, la talentosa Kali Uchis y la sensación argentina Emilia. También actuarán Silvia Pérez Cruz y sus colegas Eladio Carrión, Darumas, Leonel García, Grupo Frontera, Danny Ocean, Carlos Rivera y los previamente nominados Pitbull y Reik.

La oriunda de Inglewood, California, Becky G llega a la contienda con una nominación en la categoría Mejor Canción Regional Mexicana al lado de Leonardo y Ángela Aguilar por el tema “Por el contrario”, mientras que Anitta lo hace con sus postulaciones a Grabación del Año y Mejor Interpretación Urbana en Lengua Portuguesa.

Edgar Barrera, con nueve nominaciones, entre las que se incluyen las categorías a Cantautor del Año y Productor del Año, también estará participando junto a algunas celebridades que interpretan sus grandes éxitos.

Eladio Carrión llega con sus tres nominaciones entre las que se incluye la de Mejor Álbum de Música Urbana.

Tanto Darumas como Emilia debutan como nominadas a Mejor Nuevo Artista y Mejor Álbum Vocal Pop respectivamente. Leonel García está nominado a Mejor Álbum Cantautor y Mejor Video Musical Versión Corta. Grupo Frontera también recibió sus primeras nominaciones a Mejor Álbum de Música Norteña y Mejor Álbum de Música Mexicana Contemporánea.

Por su parte, Danny Ocean se presenta en Miami con dos nominaciones en las ternas a Canción del Año y Mejor Canción Pop. Silvia Pérez Cruz, que recibió dos nominaciones a Canción del Año y Mejor Video Musical Versión Corta, también estará participando al igual que el mexicano Carlos Rivera, quien está nominado a Mejor Canción Pop, mientras que Kali Uchis llega a la competencia con cuatro nominaciones incluyendo la de Grabación del Año por “Igual que un ángel” junto a Peso Pluma.

Pitbull, ganador del Latin Grammy y el Grammy, también estará cantando al igual que los mexicanos Reik y de esta manera se suman al talento que ya fue anunciado anteriormente como David Bisbal, Alejandro Fernández, Luis Fonsi, Juan Luis Guerra, Carín León, Elena Rose, Ela Tauber y Carlos Vives, designado como Persona del Año 2024 de La Academia Latina de la Grabación.

La ceremonia será televisada en vivo por Univisión desde las 8 p.m. ET/PT (7 p.m. hora del centro), precedida por un pre-show de una hora que comenzará a partir de las 7 p.m. ET/PT.

La Premiere del Latin Grammy , donde son otorgados la mayoría de los premios, precederá a la transmisión televisiva desde el Centro de Convenciones de Miami Beach.",Tommy Calle,,2024-10-29,CONTROL_Polish_Womens_Strike_2020_2024,sustained,True,0,"In, The, To"
