url,publisher,title,body,authors,topics,publishing_date,event_label,event_type,is_control,topic_id,topic_label
https://www.telegraph.co.uk/politics/2024/10/29/tory-cabinet-knew-rwanda-bill-would-not-work-robert-jenrick/,The Telegraph,"Entire Tory Cabinet knew Rwanda Bill would not work, Robert Jenrick claims","Rishi Sunak’s Cabinet, in its entirety, knew that the Rwanda Bill would not work, Robert Jenrick has claimed.

The Tory leadership hopeful said on Tuesday night that every minister “turned a blind eye” to weaknesses in the Bill, which was intended to deport asylum seekers to the east African country.

No one was ever deported under the scheme apart from four migrants who went to Rwanda voluntarily.

Mr Jenrick resigned as immigration minister in December last year because measures he had proposed to strengthen the Bill were rejected by Mr Sunak.

He told Sky News: “There was a choice for me at the time: take a Bill through Parliament which I knew didn’t work and which, frankly, everyone in Cabinet knew didn’t work; or leave the government and make the case in Parliament, where I was honest with myself and with the public.”

Mr Jenrick was then asked to clarify whether everyone in the Cabinet, which included Mr Sunak and then-home secretary James Cleverly, believed it would fail.

“I think everybody involved in that decision knew perfectly well that that policy was not going to succeed, but they turned a blind eye to it,” he said.

“I wasn’t willing to be a minister like that.”

Mr Jenrick quit as immigration minister after losing battles to strengthen the Rwanda Bill and push through a full package of reforms to reduce record net migration.

He predicted that the Tories would face the “red-hot fury of voters at the ballot box” if they did not do more to bring down historically high levels of immigration.

The Rwanda scheme had first been announced by Boris Johnson’s government in 2022.

But it faced a series of legal challenges brought by human rights lawyers which prevented any deportations taking place.

These included the overruling of Britain’s Supreme Court by the European Court of Human Rights (ECHR) in June 2022.

Mr Jenrick has vowed to quit the ECHR if he defeats Kemi Badenoch to become Tory leader.

The Rwanda Bill was eventually passed in April this year during the general election campaign, and Mr Sunak promised that the first deportation flights would take off after a Conservative victory.

But in July it was killed off on the first day of Sir Keir Starmer’s Labour Government.

Yvette Cooper, the Home Secretary, has since claimed that £700 million was spent on the scheme despite only four migrants voluntarily being sent to Kigali.

She told MPs that the Tories had budgeted to spend more than £10 billion over six years on the deal with the east African country.

Mr Cleverly, the shadow home secretary, accused Ms Cooper of using “made-up numbers”.",Tim Sigsworth,"Rwanda, Rishi Sunak, UK News, Politics, Robert Jenrick, Standard, Kemi Badenoch, News, Conservative leadership election, Conservative Party",2024-10-29,CONTROL_Polish_Womens_Strike_2020_2024,sustained,True,0,"In, The, To"
https://www.telegraph.co.uk/us/comment/2024/10/29/almost-everything-youve-been-told-about-trumps-fascist-new/,The Telegraph,Almost everything you’ve been told about Trump’s ‘fascist’ New York rally is wrong,"Being in New York this weekend, curiosity demanded that I drop into the Trump rally in Madison Square Garden. As with all Republican events in the age of MAGA, this was a spectacle on a grand scale, and on the biggest of stages. A non-American audience may have found the experience bewildering – not least the arrival of Hulk Hogan, a surprisingly persuasive orator – and the intensity of the energy in the room (which doesn’t translate to TV clips) certainly had the flavour more of a religious revival than of a political conference.

But overall, that energy was positive and inclusive.

You sometimes hear speculation that the line-up behind Trump must have been hand-picked to include black, Hispanic and female supporters, and that this cannot possibly be representative of the wider audience at his rallies. This is untrue. There were men and women, grandparents and young children.

The audience was ethnically mixed, including from some unexpected quarters – not least “Albanians for Trump” draped in their national flag, and swapping their MAGA caps for qeleshes. No doubt there were some colourful characters – a man near me in the queue, visibly unwashed and swigging a gallon bottle of chocolate milk, climbed up a flagpole and proclaimed “I’m rising in the polls like Trump!” More typical was Debbie, a semi-retired grandmother from Long Island who had made the journey alone: “I’ve been in this line for three hours, and I don’t care whether I make it in – I’m here for Trump.”

One word I hardly heard: “Republican”. This is Trump’s party and, as has been clear for years, the MAGA movement is a cult of personality. But that does not make it inherently evil or fascist.

Many on the Left have looked to draw parallels with the infamous 1939 German American Bund Nazi rally, with MSNBC cross-cutting the two events on television and the Guardian claiming that Trump filled the arena with “anger, vitriol and racist threats”. Looking around at the Israeli flags hanging from the balconies, and the many Orthodox Jews attending in traditional dress (and MAGA caps), this is hard to swallow.

Rudy Giuliani, the former mayor of New York, hammered home Trump’s support for Israel as a key theme, while Howard Lutnick of Cantor Fitzgerald closed his remarks with a full-throated yell: “The first thing, we must elect Donald J Trump president because we must crush jihad”. His comically overstated delivery was typical of the range of speakers, who came across as more Groucho than Goebbels.

Trump’s speech itself was characteristic of his recent performances on the campaign trail. Rambling in places, it also elicited genuine laughs from the audience. He avoided divisive rhetoric, instead repeatedly stressing the need to unify all Americans (“Jews, Muslims, Catholics and Evangelicals”), and he made only very occasional indirect reference to election fraud.

His reference to the “enemies within” has been seized on by his opponent and some portions of the media as proof of latent fascist tendencies. Lest we get too carried away, we should remember that Margaret Thatcher used this same phrase of striking miners in the 1980s. That hardly precipitated a slide into full-blown fascism.

As Trump danced off stage to the strains of “New York, New York”, the Hispanic gentleman to my left, who had come with his nine-year old son, slapped me heartily on the back: “We just witnessed history here, buddy”.

In the media, the event has been overshadowed by a tasteless joke about Puerto Rico made by the Z-list comedian Tony Hinchcliffe. Hinchcliffe was at the bottom of the running order and addressed a half-empty room which was still filling up (very slowly due to the heightened security checks). The joke did not land at all with the crowd, and was a craven bid for virality, with some success, as Google searches for Hinchcliffe temporarily surpassed those for Taylor Swift. It was, however, a huge own goal from Trump’s team.

Whatever the outcome next week, this was an historic event. Trump addressed a packed hall under an enormous screen proclaiming “New York is Trump Country!”, with many thousands more supporters watching on big screens outside.

Polling suggests this is unlikely to be the case – despite the palpable fervour in the room – but it was a strong homecoming for Trump the consummate New Yorker, marred only by a careless oversight of one of the warm-up acts.

Having sat there for over five hours, watching the crowd thin out, I thought there were many things you could have called it: theatrical, overblown, schlocky. But it was no Nuremberg.",Robin Culshaw,"Republicans, Opinion, Donald Trump, Comment, Kamala Harris, Democrats, US Election, US content",2024-10-29,CONTROL_Polish_Womens_Strike_2020_2024,sustained,True,0,"In, The, To"
https://www.telegraph.co.uk/us/politics/2024/10/29/china-hacked-phones-donald-trump-family-says-fbi/,The Telegraph,"China hacked phones of Donald Trump’s family, says FBI","China hacked the devices of Donald Trump’s family ahead of the election, authorities believe.

An investigation was launched two weeks ago into how China-linked hackers accessed communications data from the personal phones of Trump and JD Vance, The New York Times reported.

Now, the scope of the investigation has been widened after it emerged that the former president’s son, Eric Trump, and his son-in-law Jared Kushner, were also targeted.

If China has obtained such details, it would give its spies an insight into whom to target as part of any influence campaign.

Sources told The New York Times that fewer than 100 individuals have been targeted in the sophisticated hacking operation, which broke into telecommunications company systems.

The list includes members of Kamala Harris’s campaign staff, as well as diplomatic, government and policy experts. An aide to Chuck Schumer, the Senate majority leader, was also targeted.

FBI investigators believe there is evidence that audio communications have been hacked, and that the group may have been able to access unencrypted text messages and call logs on certain devices, sources told the paper.

Eric Trump blamed the security breach on President Biden’s administration. “Does this surprise anyone? Under Kamala and Biden, China has walked all over our country,” he told the NY Times.

His comments echoed those of a Trump campaign spokesman last week, who said the Democrats would “stop at nothing…to prevent Trump entering the White House”.

The Trump campaign was made aware at the time that the Verizon phone network had been infiltrated, leading to the potential exposure of personal data linked to the former president, his running mate, as well as a number of people inside and outside of the US government.

US authorities have blamed the targeted security breach on “actors affiliated with” the Chinese government, with Western cybersecurity experts claiming a group called Salt Typhoon is behind it.

The group has a history of carrying out sophisticated cyberoperations on behalf of Chinese intelligence and was blamed by US security officials for accessing the country’s telecommunications system earlier this year.

Investigators more recently discovered they were targeting specific cell phone numbers.

It is not known whether the Chinese hackers were able to read text messages, especially those sent through encrypted messaging services.

Trump’s campaign has not directly addressed the reported hacks against the presidential nominee and his running mate.","Cameron Henderson, Joe Barnes","China, US Politics, Donald Trump, Politics, Kamala Harris, Standard, US Election, US News, FBI (Federal Bureau of Investigation), US content",2024-10-29,CONTROL_Polish_Womens_Strike_2020_2024,sustained,True,0,"In, The, To"
https://www.telegraph.co.uk/us/politics/2024/10/29/election-poll-republican-kari-lake-ahead-arizona-senate/,The Telegraph,Kari Lake surges ahead in Arizona polls with days to go until election,"Kari Lake has taken the lead in the Arizona Senate race with days to go before the election, new polling suggests.

The Republican has moved ahead of her Democratic challenger Ruben Gallego for the first time in months, potentially paving the way for the GOP to take control of the Senate.

The polling, published by Data Orbital, shows the controversial Republican candidate on 45.2 per cent of the vote, narrowly ahead of her opponent on 44.5 per cent.

Although the gap remains comfortably within the margin of error, it is the first time since July that a head-to-head poll has put the Republican candidate in the lead.

With the Senate currently tilted 51-49 in favour of the Democrats, the emergence of Ms Lake, an ardent Donald Trump ally, at this late stage could prove to be decisive in determining who controls the Senate under the next administration.

It comes after the Republican candidate was involved in a heated exchange with CNN on Monday in which she refused to concede that she lost the 2022 governor’s race, despite being defeated by more than 17,000 votes.

Asked whether she lost in 2022, Ms Lake said: “Why are we looking backward? I’m looking forward.”

Pressed on the matter, she hit out at the media who she said “can’t get over it. You say I can’t get over it, and it looks like you can’t”.

“I’m actually thinking you meant to ask me about the issues people cared about,” she added, before attempting to switch track to focus on immigration - a key Republican issue in the border state.

Many senior GOP donors have expressed doubts over Ms Lake’s chances on November 5, citing her feuds with fellow Republicans, including the family of the late Arizona Senator John McCain, and her refusal to accept past election results.

Ms Lake, a former local news anchor, is widely known for pushing unfounded claims about election fraud, having previously backed an audit of the 2020 presidential race and later filed a lawsuit over the outcome of the 2022 governor’s race.

She and Phoenix congressman Mr Gallego, a retired Marine, are contesting the seat of Crysten Sinema, a former Democrat turned independent who announced her departure in July.

Arizona has long been a Republican stronghold, turning partly blue for the first time in decades when Ms Sinema was elected in 2018.

The Data Orbital poll, conducted from October 26-28, quizzed 550 likely voters and was conducted through a combination of phone and online surveys.",Cameron Henderson,"Republicans, US Politics, Donald Trump, Arizona, Politics, Democrats, Standard, US Election, US content",2024-10-29,CONTROL_Polish_Womens_Strike_2020_2024,sustained,True,0,"In, The, To"
https://www.telegraph.co.uk/news/2024/10/29/how-weekend-warriors-lower-dementia-risk-regular-exercisers/,The Telegraph,How weekend warriors could have a lower dementia risk than regular exercisers,"Weekend exercise could be more effective at reducing the onset of mild dementia than working out Monday to Friday, a study has suggested.

Researchers found that so-called weekend warriors who workout in one or two bursts each week had a lower chance of developing mild dementia than those who exercised more regularly.

The findings come a month after another study found being a weekend exerciser cuts our risk of developing more than 200 diseases.

The study, published in the British Journal of Sports Medicine, found that people who exercised in weekend bouts were 15 per cent less likely to develop mild dementia compared with those who did not exercise, while people who exercised regularly were 10 per cent less likely.

After taking account of factors that might influence the results, such as age, smoking, sleep duration, diet and alcohol intake, the researchers suggested both exercise patterns had similar benefits.

The research team said that the exercise may be increasing brain plasticity and the concentration of molecules responsible for the growth and survival of neurons.

‘More convenient option for busy people’

Researchers from across the world, led by the University of the Andes in Bogota, Colombia, analysed data from the Mexico City Prospective Study.

They examined the results from 10,033 people with an average age of 51 and assessed their physical activity levels and rates of cognitive decline over a 16-year period.

Overall, 7,945 people did not exercise at all; 726 were weekend warriors; 1,362 exercised several times a week; and 2,088 made up the combined group.

Over a follow-up of 16 years, 2,400 cases of mild cognitive impairment were identified.

“The weekend warrior physical activity pattern may be a more convenient option for busy people around the world,” the researchers concluded.

“This study is important because it suggests that even busy people can gain cognitive health benefits from taking part in one or two sessions of sport and exercise per week,” they added.

They said the findings showed that “around 10 per cent of [mild dementia] cases would be eliminated if all middle-aged adults were to take part in sport or exercise once or twice per week or more often”.

‘Exercise associated with greater memory’

The authors said there were limitations to the study, including that exercise habits were self-reported and how much people were exercising was not digitally measured, but they suggested several possible explanations for why exercise may protect the brain.

They said: “Exercise may increase brain-derived neurotrophic factor concentrations (molecules that support the growth and survival of neurons) and brain plasticity.

“Physical activity is also associated with greater brain volume, greater executive function, and greater memory.”

A second study in the same journal also found that exercise of any intensity is linked to a 30 per cent lower risk of death from any cause after a diagnosis of dementia.

Those researchers, from the Korea University College of Medicine, said people with dementia should be encouraged to keep up or start an exercise routine, especially as the average life expectancy after a diagnosis of dementia may be only about four to five years.

Last month, a study of nearly 90,000 people enrolled in the UK Biobank project found that weekend warriors who fit a week’s worth of exercise into one or two days had a lower risk of developing more than 200 diseases compared with inactive people.

The diseases ranged from high blood pressure and diabetes to mood disorders and kidney disease.",Michael Searles,"Colombia, Dementia, Standard, News, US content, Health news, Exercise, Brain health",2024-10-29,CONTROL_Polish_Womens_Strike_2020_2024,sustained,True,10,"Weekend, Workouts, Your"
https://www.telegraph.co.uk/opinion/2024/10/29/experience-shows-nhs-cant-be-trusted-use-funds-efficiently/,The Telegraph,Experience shows that the NHS can’t be trusted to use funds efficiently,"SIR – Where will the “billions” to reduce waiting lists in the NHS actually be spent (“NHS will need more tax rises, signals Reeves”, report, October 29)?

First, the administrators will hold meetings, then appoint external management consultants to decide how to use the money.

They in turn will appoint assistants, who will need assistants. At a late stage it will be discovered that a large proportion of the cash has been spent, without ever getting anywhere near a patient.

Equally, given that the current staff and infrastructure can’t cope with demand, where will the necessary extra medical, nursing and paramedical personnel suddenly come from?

Call me an old cynic, but after nearly 40 years as a surgeon, I’ve seen it all before.

David Nunn FRCSWest Malling, Kent

SIR – I am older than the NHS, and for the past 70 years I’ve heard the same mantra from politicians of all persuasions: “The problems with the NHS can only be solved by injecting more money.”

Unfortunately, it is hardly ever suggested that, to improve its service to the public, the NHS must: cut waste, theft and fraud; crack down on over-medication and misdiagnosis; cut unnecessary bureaucracy and manage its estate, facilities and purchasing power more efficiently; encourage staff to work more intelligently; train and monitor its managers so that only those with vision, leadership qualities and effective management skills rise to the top; and treat its patients in a caring but pragmatic manner.

When are we going to get politicians who are brave enough to demand these changes?

Brian FarmerCarmarthen

SIR – According to the NHS Counter Fraud Authority, the NHS is vulnerable to £1.264 billion worth of fraud each year.

Until fraud is seen as a major crisis within the NHS, the Government is merely filling the pockets of fraudsters when it doles out yet more taxpayer money every year.

They must be rubbing their hands with glee today.

Trixie FosterTotnes, Devon

SIR – Last week I received a notification to check online about a forthcoming appointment.

There were two letters waiting for me, identical except that one said my appointment was changing from December 16 to January 7, while the other said it was changing from January 7 to December 16. If the intention was to confuse me, the NHS has succeeded.

Even as a retired GP, this has surpassed my previous experiences.

Dr Mark KaplanLondon W12

North Korea at war

SIR – With North Korea entering the war in Ukraine by sending troops to assist Russia (report, October 29), the West has a decision to make. Sadly, it risks making the same mistake that caused it to lose the Vietnam War, the Iraq War and the Afghan War.

In each, led by an America with a naive and legalistic interpretation of its adversary, the West fought a proxy rather than the enemy itself. In Vietnam, the true enemy was China; in Iraq and Afghanistan it was primarily Iran.

North Korea is a wholly dependent puppet state of China. This was demonstrated when Donald Trump attempted to make peace with Kim Jong-un. All went well until the North Koreans flew to China to get the proposed thaw in relations ratified. It is inconceivable that North Korea has escalated its involvement in Ukraine without Chinese authority.

While the use of proxies on both sides continues to make it possible to pretend otherwise, it nevertheless follows that the West is now in a military conflict with China.

China, Iran and Russia are allies. Having won three significant wars against the West already, is it any wonder that they fancy their chances in a fourth?

George BathhurstWindsor, Berkshire

SIR – The news that Olaf Scholz, the German chancellor, has rejected Ukraine’s request to swiftly join Nato (report, October 26) was a relief.

Nato has gone to the limit in helping Ukraine. Allowing it to join the alliance in the middle of a conflict could very easily drag the West into a full-scale war. Nato was formed to prevent such a thing happening.

John VestbirkAngmering, West Sussex

Lost German script

SIR – Our family archive holds countless letters of every handwriting style and language (Letters, October 29).

My late mother was a German refugee, and we have many items of hers, such as her dear little handwritten recipe books, which are almost unreadable. She managed to take these with her when escaping Germany with whatever she could carry in a knapsack on her back.

They are in German, of course – a language I was never taught. My childhood was so soon after the Second World War and spent in a central African colony of the British Empire, where German was all but forbidden.

My mother wrote in the beautiful Sütterlinschrift script that today most Germans cannot read or decipher. That old handwriting style, banned by the Nazis, now needs an expert to read and translate.

Angela WaltersPrinces Risborough, Buckinghamshire

Teddy on the tracks

SIR – I was born in 1944, and my godmother made me a teddy bear (Letters, October 29). He was formed from dark brown corduroy with coat buttons for eyes. He was very ugly. I loved him and named him Big Brown.

When I was a toddler, we set off for a family train trip to London, and unfortunately I dropped Big Brown between the platform and the train. He could not be retrieved, but a very kind porter promised to rescue him once the train had left and send him to St Pancras on the next train. This he did, and we were reunited, much to everyone’s relief.

He still sits in my bedroom.

Caroline ReavellWilden, Bedfordshire

The UN in Gaza

SIR – The services that the UN Relief and Works Agency for Palestine Refugees (UNRWA) supplies in Gaza are undoubtedly vital, but they should not be provided by UNRWA, a deeply compromised organisation (“UNRWA banned from operating within Israel”, report, October 29).

Around the time the state of Israel came into being, some 750,000 non-Jews left their homes – some from fear of forthcoming conflict, some as a result of fierce exchanges. After the armistice, the UN set up UNRWA to assist them. It began work in May 1950. Seven months later the UN set up the Office of the UN High Commissioner for Refugees (UNHCR), excluding Palestinian refugees from its remit. Ever since, Palestinians have been treated differently by the UN – to their disadvantage.

The 1949 UN resolution that established UNRWA said: “Constructive measures should be undertaken at an early date with a view to the termination of international assistance for relief.” In other words, the new agency’s mission was intended to be temporary, as the refugees under its wing were resettled. But resettlement never occurred. UNRWA totally ignored this key aspect of its remit.

On the contrary, UNRWA’s policy was to perpetuate the Palestinians’ refugee status. It decided to regard as refugees all the “descendants of Palestine refugee males” in perpetuity.

The number of Palestinians in camps registered by UNRWA as refugees has therefore ballooned from about 750,000 in 1950 to 5.9 million in 2023. Its expanding client base is, of course, used by the “temporary” UNRWA to justify its transformation into an international bureaucracy, with a staff in excess of 30,000 and an annual budget of about $1.6 billion. While UNHCR concentrates on resettling refugees so they can rebuild their lives, UNRWA has converted nearly six million people into permanent charity-dependent clients.

UNRWA should be dissolved, and its functions absorbed by UNHCR.

Neville Teller Beit Shemesh, Israel

Fish and fizz

SIR – My son took me for lunch at the Angel Hotel in Bury St Edmunds, which serves “fish, chips and sips”. The sips were from glasses of Laurent-Perrier champagne (“May I suggest a sausage roll with your champers, sir?”, Features, October 22). What a treat – and in the hotel where Dickens wrote some of The Pickwick Papers.

Mary ThompsonSudbury, Suffolk

Why cutting Cadet Forces funding will backfire

SIR – I read with interest Lt Col John Flexman’s concerns about the decision taken by the Department for Education to cancel its support payments to state-school Combined Cadet Forces (Letters, October 26).

He writes that these school cadet units enhance our children’s life chances by providing young people with life-changing opportunities. As a former inspector of such units and an honorary colonel of a community cadet battalion, I can vouch for this – not just from my own experiences, but because I have read the University of Northampton’s report on the social impact and return on investment that results from expenditure on the Cadet Forces.

This report makes a number of key findings, but as a care leaver myself I am struck by one in particular – namely that 97 per cent of Cadet Force adult volunteers who were teachers, social workers or members of the police believe that participation is particularly beneficial for disadvantaged youngsters. The report also adds that there are financial and non-financial benefits to UK society and the taxpayer.

In other words, the Cadet Forces deliver a positive return financially, enhance community cohesion and improve the prospects of young people, especially the disadvantaged. Any government, of whatever leaning, should be pouring money into these organisations.

Lt Col Lyndon Robinson (retd)Mursley, Buckinghamshire

Dedication to rescuing endangered hedgehogs

SIR – I have recently begun supporting hedgehog rescue centres in my area of Dorset (“Hedgehog extinction fears grow as population plummets in Europe”, report, October 29).

These are mostly in the homes of dedicated individuals. One woman I know has set aside two bedrooms and a shed for the purpose. In one week in August, she had 32 rescues, including hoglets and many injured hedgehogs. She tended to them all summer.

If this level of need is replicated across the country, it is not surprising that their population is declining.

Rosemary J WellsChickerell, Weymouth

SIR – Hedgehogs are delightful creatures, and are undoubtedly up against many dangers, an important one being traffic. However, another major problem is that badgers regard them as a delicacy.

The huge increase in the badger population is the unintended consequence of the Protection of Badgers Act 1992, which meant that farmers and landowners were no longer allowed to manage the numbers of badgers in the countryside.

Badgers also cause problems for ground-nesting bumblebees.

David ReynoldsPytchley, Northamptonshire

Letters to the Editor

We accept letters by email and post. Please include name, address, work and home telephone numbers. ADDRESS: 111 Buckingham Palace Road, London, SW1W 0DT EMAIL: dtletters@telegraph.co.uk FOLLOW: Telegraph Letters @LettersDesk NEWSLETTER: sign up to receive Letters to the Editor here",Letters to the Editor,"NHS (National Health Service), Labour Party, Opinion, Rachel Reeves, Comment, The Budget, Wes Streeting, US content, Letters",2024-10-29,CONTROL_Polish_Womens_Strike_2020_2024,sustained,True,0,"In, The, To"
https://www.telegraph.co.uk/us/politics/2024/10/29/kamala-harris-ellipse-washington-dc-rally-us-election/,The Telegraph,Harris rally latest: Kamala Harris to make closing election argument with Ellipse speech,"Kamala Harris will deliver her closing argument of the campaign this evening in a rally at Washington’s Ellipse.

The vice president will use the setting - where Donald Trump rallied his supporters to march on the Capitol on Jan 6 2021 - in order to offer voters a “stark visualisation” of the choice the nation faces on November 5.

During her speech, which kicks off at 7.30pm EDT, Ms Harris will draw a sharp distinction between her and the former president, who she is expected to call “unstable,” “obsessed with revenge” and “consumed by grievance”.

“Donald Trump has spent a decade trying to keep the American people divided and afraid of each other. That’s who he is,” Ms Harris plans to say. “But America, I am here tonight to say: that’s not who we are.”

The Democratic candidate is expected to contrast the “chaos” and “division” Americans can expect under a second Trump administration with her pledge to “seek common ground and common sense solutions,” and “to listen to experts”.

“He has an enemies list of people he intends to prosecute,” Ms Harris is to say. “He says one of his highest priorities is to set free the violent extremists who assaulted those law enforcement officers on Jan. 6.”",Cameron Henderson,"Washington D.C., USP, Politics, USP Social affairs, Kamala Harris, US Election, US content",2024-10-29,CONTROL_Polish_Womens_Strike_2020_2024,sustained,True,0,"In, The, To"
https://www.telegraph.co.uk/us/politics/2024/10/29/kamala-harris-tells-crowd-chant-their-names-awkward-silence/,The Telegraph,"Watch: Kamala Harris tells crowd to chant their own names, leading to awkward silence","Kamala Harris told her supporters to chant their own names instead of hers, causing an awkward silence to descend at her rally on Monday.

Speaking in Ann Arbor, Michigan, the Democratic nominee said: “We are all here because we are fighting for a democracy and for the right of people to be heard and seen.

“We’re not about the enemy within. We know we are all in this together. That’s what we are fighting for.”

Her comments were greeted with cheers and an outbreak of chants of “Kamala, Kamala, Kamala”.

Instead of continuing her speech, Ms Harris then ad-libbed, pointing at her supporters and telling them: “Now I want each of you to shout your own name, do that.”

Her instruction was met with widespread confusion, with the audience falling silent.

Ms Harris continued: “Because it’s about all of us, it’s about all of us,” before returning to her script.

Footage from the rally has since gone viral on social media, with many users describing the moment as “cringe-worthy” and saying it reminded them of Michael Scott, the character from US television series The Office.

Scott, played by Steve Carrell, is renowned for his awkward sense of humour.

Trump campaign adviser Jason Miller shared a clip of the speech on X, formerly Twitter, captioned: “Classic Kamala! Her lack of connection with the audience is cringe-worthy.”

Ms Harris has repeatedly been criticised by Republican opponents who accuse her of not being able to connect to audiences.",Cameron Henderson,"Republicans, US Politics, Donald Trump, Politics, Kamala Harris, Democrats, Standard, US Election, US News, US content",2024-10-29,CONTROL_Polish_Womens_Strike_2020_2024,sustained,True,0,"In, The, To"
https://www.telegraph.co.uk/news/2024/10/29/boys-fell-ill-poisoned-sergei-skripal-handed-bread-ducks/,The Telegraph,Boy fell ill after poisoned Sergei Skripal ‘handed him bread to feed ducks’,"A boy fell ill after poisoned former Russian spy Sergei Skripal handed him a piece of bread to feed some ducks, an inquiry heard.

The moment was captured on CCTV and came shortly before Mr Skripal was found slumped on a nearby bench, making strange “chanting” sounds.

Mr Skripal and his daughter Yulia collapsed near the River Avon in Salisbury a few hours after they were targeted with Novichok by a Kremlin hit squad in March 2018.

The inquiry was shown CCTV footage of Mr Skripal – who by this time was contaminated with Novichok – handing over some bread to the boy, seen dressed in a cap and Wellington boots.

The child, along with two others, was later traced as part of the investigation, and reported to have been unwell for a day or two after the interaction.

However, when they were eventually tested, all three showed no traces of the chemical weapon.

‘Chanting and using unintelligible words’

Passer-by Alison McCourt, who was the British Army’s Chief Nurse at the time, told the inquiry on Tuesday that she rushed to the aid of Mr Skripal and Yulia after her daughter raised the alarm.

Ms McCourt said she happened to be in the vicinity only because her children wanted to eat at the restaurant chain Nando’s – dismissing later conspiracy theories about her involvement.

As they were passing through The Maltings shopping centre, Ms McCourt’s daughter reportedly alerted her to the pair by shouting: “That man looks like he’s having a stroke.”

The former Army Chief Nurse said that as she approached the bench, she was greeted by Mr Skripal making strange noises, his arms outstretched, while Yulia sat with her hands grasping the back of the seat.

In a witness statement read to the inquiry, Ms McCourt said Mr Skripal was “chanting” using “unintelligible words” and that she couldn’t make out his accent. “It was incomprehensible, it wasn’t words. I don’t think it was someone trying to speak,” she added.

“It was all very strange, there was no chance of two people having an epileptic fit at the same time and place”, she said, adding that they were both “well dressed”, which “didn’t fit the stereotype for drug users”.

The inquiry is also examining how Dawn Sturgess, 44, died four months after the attack on the Skripals, having been exposed to Novichok that had been left in a discarded perfume bottle found by her boyfriend Charlie Rowley.

She was turning blue around the lips

For the first time, the inquiry heard details of how Ms McCourt and off-duty paediatric consultant Helen Ord mounted a desperate fight to save the lives of Mr Skripal and his daughter.

Detectives believe the pair first came into contact with the Novichok nerve agent when it was smeared on the front door handle of their Salisbury home.

Ms McCourt and Dr Ord, who was also in the area by chance shopping with her partner, carried out a series of emergency procedures to assist the two.

While Ms McCourt tried to help Mr Skripal, Dr Ord concentrated on Yulia, whose condition at that point appeared to be notably more severe than her father’s.

She was fitting, her airways were obstructed and she had vomited heavily, turning blue around the lips.

Dr Ord, who was a paediatric registrar at the time, told the inquiry: “She was critically more unwell than he was.”

While making sure passers-by had called an ambulance, the off-duty consultant kept Yulia’s airway open by carrying out a “jaw thrust” to ensure the 33-year-old did not swallow her own tongue.

“There was a very limited amount of stuff that I could do to help,” said Dr Ord, who had no specialist equipment to hand.

Lord Hughes of Ombersley, chair of the inquiry, told her: “Everybody was fortunate that you did respond.”

‘I had never seen them before in my life’

The inquiry heard that both Ms McCourt and her daughter suffered side effects as a result of coming into contact with the Skripals, waking the following morning with their eyes red and swollen and suffering from itching to the joints. Blood tests for the pair came back negative.

In a second witness statement, Ms McCourt dismissed a document published by the Russian Embassy after the attack. It claimed to pose a series of “unanswered questions” and suggested it was too much of a coincidence that the Chief Nurse of the British Army would happen to be passing at the time of the Skripals’ collapse.

Ms McCourt, who left the Army in 2022 after going on to command an Ebola treatment unit in Sierra Leone, told the inquiry: “I had no prior knowledge of the individuals on the bench. I had never seen them before in my life and nor did I know who they were.

“Given my training, had I known that a nerve agent had been used I would not have exposed myself to any potential risk of harm.”

She added: “That particular destination for our trip had been chosen by my children: they had wanted to travel to Salisbury because it had a Nando’s. My preference had been to visit another town in the area and a different restaurant, but I had given in to my children and so we ended up going to Salisbury.”

The Skripals eventually recovered after weeks of treatment, which also involved expert advice from the nearby Porton Down chemical warfare research facility. They were given new identities and now live in an undisclosed country.",Patrick Sawer,"Sergei Skripal, Salisbury, Standard, News, US content, Yulia Skripal, Novichok",2024-10-29,CONTROL_Polish_Womens_Strike_2020_2024,sustained,True,0,"In, The, To"
https://www.telegraph.co.uk/news/2024/10/29/the-middle-class-cult-that-tried-to-derail-the-justice/,The Telegraph,The middle-class cult that tried to derail the justice system,"Nestled in a leafy, quiet street lies an imposing double-fronted Victorian house that seems an unlikely nexus for a resolutely middle-class cult convinced the “country is going to be taken over by Nazis”.

But this is the London home of self-styled “chief judge” Mark Christopher, who this week was jailed for seven years after storming a coroner’s court to kidnap a senior coroner for “interfering with the dead”.

Christopher, 59, alongside former police officer Shiza Harper, her husband Sean Harper, and Matthew Martin, marched into Essex coroner’s court in Chelmsford, in April 2023, threatening to mete out “corporal punishment”.

Their target was senior coroner Lincoln Brookes, and when they realised he was not present, they then threatened coroner Michelle Brown, before the police were alerted.

The incident and fast unfolding investigation initially sparked additional concerns among senior police officers, because of the pending Coronation of King Charles III.

Martin, 47, from Plaistow, east London, was arrested at the scene, but Christopher, along with Shiza Harper, 45, and Sean Harper, 38, both from South Benfleet, Essex, were later arrested in Southend.

All four, who were sentenced at Chelmsford Crown Court on Monday, were part of a bizarre “anti-establishment cult” that claimed “non-existent powers” to usurp the legal system, said Mr Justice Goss.

The judge said that Christopher, a convicted fraudster, was “intelligent, persuasive, manipulative and dishonest” and “preyed on the vulnerabilities of others”.

Christopher is believed to have gained hundreds of followers across the world since he created his “Federal Postal Court” or “Court of the People”, which, he admits, is modelled on American cult leader David Wynn Miller. As well as claiming that he had died during surgery before a miraculous recovery, Miller developed “Quantum Grammar”, a legal language that he said was the only true legal language.

Miller, who died in 2018, was part of the sovereign citizen movement, which includes anti-government activists, conspiracy theorists and tax protestors, and has a long record of financial scams. Christopher’s website, which went live during the pandemic, offers followers the chance to “eliminate your…mortgages & debts” – for a price.

His online university enables students “to overcome the tricks and traps of…courts, governments and corporations” and “the investment of this life-changing training is £7,449 Great British Pounds”.

Styling himself as “Global Chief Federal Post Court Judge & Plenipotentiary Judge”, Christopher states that he has jurisdiction over “any governments, courts and corporations”. His rambling videos can be found on YouTube and the darker recesses of the web, not least Rumble, the video-sharing platform that hosts Russell Brand and is popular among the American far-Right.

In one video, Christopher claimed to have been the template for Dwayne Johnson’s portrayal of an ancient superhuman in the Hollywood blockbuster Black Adam. Christopher also boasts that he “reversed” a fatal disease and that for £7.44 you can download his Kindle book on how to reverse diabetes, cancer, heart disease and auto-immune dysfunction.

His origins, however, are murky, although a purported passport states that he was born in Singapore in 1965.

A neighbour of his in London, who did not want to be named, said that Christopher had been living in the ground floor flat for a “long time” with his partner.

She said: “We used to see him riding around on his bike. He was a nice neighbour and we were fond of him. He used to do my garden, and we never had any problems with him. He did not have many visitors and kept a quiet profile.

“He never went into detail about what he did for a living but it was law-related stuff. Going after bad guys. He had conspiracy theories about companies doing illegal stuff.”

But Chelmsford Crown Court heard a different story, with Allister Walker, for the prosecution, stating that Christopher was “motivated by power and greed” and had “cult-like influence and control” over his followers.

He had appointed Martin as “sheriff and coroner” and Sean Harper was also a sheriff, with his wife Shiza “a postal inspector” and the group believed they were “entitled to enter any building… and to perform audits”.

The court was told that Lincoln Brookes began receiving a series of threatening letters couched in legal language from the group in 2022, but in 2023 they took a more “personal and direct” tone.

Christopher told the group that they were doing this because “their country is going to be taken over by Nazis (who) think they can… mutilate your children for surgery” and they must “whack them to death”.

The quartet, the court heard, then drove in two separate cars, both displaying the quasi-legal emblem of their organisation, armed with handcuffs and a photo of Brookes, with the intention to shut the court down and detain the coroner.

Only a last-minute family matter had prevented Brookes from being confronted by the group, and in a statement to the court, the senior coroner said that he felt “haunted” and was in trauma therapy. When his colleague Michelle Brown called him to warn him, Brookes had to pull over and now frequently has “nightmares about the incident”, which means he “can never feel fully safe”. Fellow coroner Brown said her life had “changed forever” and that she “was extremely scared and feared for my safety”.

Narita Bahra KC, representing the Harpers, said that they were in Christopher’s “thrall” and were now on a “trajectory of awakening”. They had been “pressured” to pay more than £30,000 in fees for online courses run by Christopher, including his mortgage elimination scheme. But Justice Goss said that they “remain committed to (Christopher) and his status”.

Martin, in his mitigation, said that he had been acting to tackle “state child trafficking” with the King’s approval and apologised for the effect he had on the two coroners.

All four were convicted of conspiracy to kidnap and conspiracy to commit false imprisonment. Christopher was also found guilty of sending a letter or email with intent to cause distress or anxiety.

Det Chief Insp Nathan Hutchinson, of Essex Police, said that Christopher was “very good at manipulating people – people with debts, people with problems have come to him; they’ve signed up to his online courses and believed that everything he was doing was legal”.

He added that investigators “had the challenge of cutting through this group’s ludicrous beliefs in order to identify the motive…and identify any wider threats, especially given concern about HM The King’s approaching coronation”.

Graham Baldwin, an expert in cults and psychological manipulation, says: “These seem intelligent, middle-class people. What marks people out with these groups is that they are often desperate, vulnerable or have problems in their lives, and these groups give them a sense of belonging and purpose.

“They are not marked by low intelligence but often people who are well educated, very often middle-class, and looking for some significance in their lives. This makes them vulnerable to exploitation.”

But Christopher is likely to hail his sentence as proof positive of his plenipotentiary powers. Remarkably, on his website, he notes: “Any persons wanting to hide their criminality…will be prosecuted and sentenced to a minimum of seven years.”

It would appear his prediction has come to pass.",Adam Luck,"UK News, Crime, Daily Features, Standard, Conspiracy theories, News, Other features, Ministry of Justice, US content",2024-10-29,CONTROL_Polish_Womens_Strike_2020_2024,sustained,True,0,"In, The, To"
https://www.telegraph.co.uk/news/2024/10/29/the-southport-child-victims-deserve-better/,The Telegraph,We deserve to know the full truth about the Southport massacre,"From the minute they said he was “Cardiff-born” I was outraged. How dare they. No Welshman in history had ever been accused of running amok with a carved knife in a group of little girls at a Taylor-Swift-themed dance class, which is what was reported to have happened on that sunny July day blighted in a few minutes by unspeakable darkness. The massacre of three innocents at a holiday club in Southport did not feel like your typical British crime. It felt alien and extreme and full of horrifying, blood-curdling hatred. Many of us sensed that we weren’t being given the full picture, didn’t we?

But the authorities may have had reasons for wanting us not to know. On July 29, Merseyside Police said the motivation for the attack in which three small children were killed and six other girls and two adults were injured was “unclear”, but added that it was “not believed to be terror-related”. How could they speak with such certainty so soon?

It was revealed yesterday that the teenager accused of murdering Elsie Dot Stancombe, aged seven, six-year-old Bebe King and Alice Da Silva Aguiar, aged nine, has now been charged with an offence under the Terrorism Act. Axel Rudakubana is charged with carrying out a knife attack and also of producing ricin, a biological toxin, and keeping a military study of a training manual related to Al-Qaeda, the Islamist terrorist group.

As this is a live case, there are many things which, unfortunately, I am not allowed to write. It is deeply frustrating. What I can say is that there is good reason to suspect the official delay in disclosing relevant information stoked an already febrile atmosphere in which public speculation and anger about this heinous crime grew, eventually leading to widespread rioting. Police must surely have discovered what appeared to be ricin at Rudakubana’s home quite rapidly, and presumably informed the Home Secretary. Why was that important information not made public, Yvette Cooper?

You might also point out that Southport rioters or those who merely posted so-called “disinformation” on social media – “far-Right thugs”, as the Prime Minister immediately dubbed them – were interviewed, arrested and even tried and jailed with remarkable speed in order to deter further protests. Compare and contrast with the treatment of Rudakubana, whose trial is scheduled for January 2025. Why such a delay? It is surely in the public interest to get to the bottom of this shattering atrocity as quickly as possible. Are they hoping people will forget?

We don’t know for certain what the motives of the alleged attacker were; they will be determined at the trial. What we do know, from bitter experience, is that any crime which may or may not turn out to have an Islamist or jihadist component is treated with extreme defensiveness and secrecy by the police, government, security services and Left-wing commentators.The pattern goes something like this:

a. Suppress information on the identity and ethnicity of the suspect (most likely revealed by the media).

b. Criticise perfectly understandable public speculation and anger about the alleged attacker.

c. Deny the attack is related to terrorism. Also deny the alleged attacker was ever on the radar of the security services.

d. Once alleged attacker’s identity is revealed, release sweet, angelic childhood photo. Also emphasise good character of alleged attacker – he wanted to be an architect, helped old ladies cross the road, neighbours said what a lovely chap, etc - and don’t mention any previous criminal record or negative comments.

e. Police issue stern warning about online “misinformation”. Narrative shifts as fast as possible to disgusting “hate speech” on social media and away from truly disgusting killings.

f. Prominent Left-wing commentators fret about “disinformation” and “Islamophobia” and don’t mention names of victims who are quickly forgotten.

g. Politicians avoid awkward conversations about failures of multiculturalism, mass immigration and lack of integration and suggest the solution may be more online censorship. (After the murder of Sir David Amess, MPs in the Commons actually said the lesson of his killing by a young, knife-wielding jihadist was that politicians needed to be nicer to each other. Yes, really.)

h. Public encouraged to participate in touching displays of peaceful commemoration and reconciliation. (Don’t Look Back in Anger is what crowds sang after the mass murder of young people and their parents by a suicide bomber at an Ariana Grande concert at Manchester Arena.)

i. Cancel all of the above if attacker turns out to be far-Right and white. Phew! Huge relief all round.

j. News cycle moves on past horrific crime and postpones any further discussion of the causes until a trial and/or public inquiry makes such embarrassing disclosures hard to avoid.

In the case of the Southport massacre, I notice that, three months later, we still have not heard from relatives of Elsie, Bebe or Alice; their grief is private, of course, but is is possible that they have been instructed not to talk in case people get stirred up and upset again? Might not the British people be entitled to their distress given the provocation?

Tory leadership contender Robert Jenrick yesterday issued a hard-hitting video saying that, while the legal process needs to be respected, he was seriously concerned that the facts may have been withheld from the public. “The Government and authorities told us for months that they were not treating this as a terrorist incident,” Jenrick said. “This atrocity was of immense public concern. The public had the right to know the truth right away. Any suggestion of a cover-up will permanently damage trust in whether we are being told the truth about crime in our country.”

He called on Keir Starmer to urgently reveal to the country what he knew about the Southport attack and when. “Across the board, the hard reality of mass migration is being covered up. The public can see with their own eyes that they are being gaslit by the liberal elite.”

Damning stuff, and millions will agree with Robert Jenrick. I know I do. Since when did publicly-funded bodies get to stifle crucial information that the taxpayer paid for just because the authorities don’t want to face the unpalatable truth? That is not justice, and nor is it democracy.

Elsie, Bebe and Alice, those sweet girls, deserve better than this charade. So do any children or adults who might risk harm in the future from attacks which are definitely not terrorist-related. I got that right, didn’t I?",Allison Pearson,"Crime, Allison Pearson, Daily Features, Terrorism, Comment, Robert Jenrick, News, Other features, Columnists, Southport",2024-10-29,CONTROL_Polish_Womens_Strike_2020_2024,sustained,True,0,"In, The, To"
https://www.telegraph.co.uk/opinion/2024/10/29/more-money-wont-save-nhs-crisis-budget-tax-health-streeting/,The Telegraph,Still more money won’t save the NHS,"Rachel Reeves is expected to use her first Budget to pump billions of pounds in to the NHS, The Chancellor will find more cash to feed the voracious appetite of a health system that remains a byword for waste, inefficiency and poor outcomes despite being mightily funded for years.

It is in perpetual crisis, however much it is given. Indeed, Wes Streeting, the Health Secretary, spent months before the election insisting that the answer to the NHS’s woes is not more money. Yet Ms Reeves has been persuaded to tax and borrow more in order to prevent a “dire” winter.

Since the people who run the NHS know winter is coming why do they not prepare for it? Why is there an annual panic about its ability to cope even though funding is £50 billion higher than 10 years ago?

Since Mr Streeting accepts that tax rises and more money will not arrest the decline of the NHS why does he not say what will? He has launched a “national conversation” to seek ideas to underpin a 10-year plan for its improvement. But we don’t yet know what he has in mind or whether his colleagues will even let him make radical changes, such as charging for GP appointments.

The overall waiting list for treatment referrals is 7.6 million with no time frame for reducing this. The NHS is also required to cover about £4 billion in medicine costs and in higher wages following the Government’s pay awards. There are fears within the health service that even the extra billions to be announced in the Budget will not be enough.

But enough for what? The idea that more money will rescue the NHS has been tested to destruction over the past 25 years. However much is pumped in, the crisis will never abate for as long as it remains structured the way it is.

The NHS is a nationalised system with all the inherent flaws and inefficiencies that go with such a vast and unwieldy organisation, Getting it to work in a coherent way is impossible as we have discovered over the past 75 years.

It is now beyond argument that the cause of falling health standards, poor outcomes, intolerable waits and broken primary care is the NHS itself. More money than ever is being thrown at it to no avail. Everyone knows this, especially the politicians warning of the winter crisis.

A year ago Mr Streeting said: “If we just pour ever-increasing amounts of taxpayer money into a broken system, we will continue to get worse health outcomes than other leading economies.” So why are we about to see more of the same?",Telegraph View,"NHS (National Health Service), Labour Party, Opinion, Politics, Rachel Reeves, Comment, The Budget, Wes Streeting, NHS waiting lists, Telegraph View",2024-10-29,CONTROL_Polish_Womens_Strike_2020_2024,sustained,True,0,"In, The, To"
https://www.telegraph.co.uk/politics/2024/10/29/rachel-reeves-to-hand-military-nearly-3bn-in-budget-boost/,The Telegraph,Rachel Reeves to hand military nearly £3bn in Budget boost,"Rachel Reeves is to hand the Armed Forces a funding boost of almost £3 billion in the Budget, The Telegraph understands.

The Chancellor is set to announce an increase to the defence budget for next year in a move that will be welcomed by military chiefs.

Her decision will end fears that defence will bear the brunt of the “difficult decisions” she says are needed to fix the public finances.

It will mean that the proportion of national wealth spent on the military will decline slightly, but remain roughly stable at 2.3 per cent of GDP.

Part of the extra cash is expected to be used to cover the £400 million a year cost of giving soldiers a 6 per cent pay rise backdated to April.

The money will also fund the purchase of weapons to replenish stockpiles which have been depleted by arms donations to Ukraine.

While the new funds will be welcomed by military leaders, they will not be enough to tackle all of the funding challenges the Armed Forces face.

It is understood the £2.9 billion injection will be a one-off while the Government conducts a wider review into future defence spending.

Ms Reeves will not set out a pathway to increasing the military budget to 2.5 per cent of GDP at the Budget, as has been demanded by the Tories.

Last week Sir Keir Starmer said ministers would set out plans for hitting that figure “in due course” but refused to give further details.

Before the general election Rishi Sunak, the former prime minister, committed to increasing defence spending to 2.5 per cent of GDP by the end of the decade.

His decision was expected to add £23 billion to the military budget by 2030 and was to be partly bankrolled by shrinking the size of the civil service.

Almost half of that amount was set to go on growing the domestic defence industry and boosting stockpiles of weapons, including air defences.

While in opposition, Labour did not commit to the same plan, arguing that it was unfunded.

It comes after John Healey, the Defence Secretary, warned that Britain was no longer in a position where the Armed Forces could defend the country.

Speaking earlier this month, Mr Healey said that the military had been “hollowed out” and “underfunded” by the Tories to such an extent that it was not ready to fight a war.

He said: “The UK, in keeping with many other nations, has essentially become very skilled and ready to conduct military operations.

“What we’ve not been ready to do is to fight. Unless we are ready to fight, we are not in shape to deter.”

Senior military figures later hit back at the remarks, saying that should a war break out with Russia then they would “back the British soldier every day”.

The Tories have in turn accused the Government of putting Britain’s security at risk by refusing to match their 2.5 per cent spending commitment.

Ben Wallace, the former defence secretary, warned that the failure to do so represented “another broken promise from Starmer”.

“He said he would put defence of the realm first but in fact he has put the NHS first and let defence take a cut,” Mr Wallace told The Telegraph.

It comes following an internal Cabinet row over which departments would be expected to bear the brunt of spending constraints to balance the books.

Cabinet ministers wrote directly to Sir Keir earlier this month complaining to him about their budgets being squeezed in real terms by Ms Reeves.

They included Angela Rayner, the Housing Secretary, Louise Haigh, the Transport Secretary, and Shabana Mahmood, the Justice Secretary.

The Chancellor told a Cabinet meeting on Tuesday that “the inheritance the Tories left meant there would have to be difficult decisions on spending, welfare and tax”.","Nick Gutteridge, Danielle Sheridan","British Army, Ministry of Defence, Labour Party, UK News, Rachel Reeves, The Budget, Politics, Standard, News, Defence industry",2024-10-29,CONTROL_Polish_Womens_Strike_2020_2024,sustained,True,0,"In, The, To"
https://www.telegraph.co.uk/royal-family/2024/10/29/teenage-cancer-princess-of-wales-fashion-shoot-bucket-list/,The Telegraph,Teenage photographer with cancer who met Princess of Wales shoots fashion models in bucket list wish,"A teenage girl with cancer who met the Princess of Wales has fulfilled the latest dream on her photography bucket list – taking part in a professional shoot with top models.

Liz Hatton, 16, has hailed her passion for photography as a way to “not get stuck in a rut” thinking about her terminal illness.

The teenager, from Harrogate, North Yorkshire, has a rare and aggressive form of the disease and has dropped her formal studies in favour of following her dream of photography.

On Tuesday, she took part in a shoot with models from the Storm Management agency organised by The Telegraph.

Liz, who has now fulfilled all but two of the wishes on her photography bucket list, said: “Whenever I do photography, I find it a lot easier to take my mind off things and distract myself from the pain and stuff like that.

“Obviously, living with a terminal illness there is a lot of pain, a lot of not very great stuff that comes with it, but having other stuff to focus on really helps because you don’t have to think about that, and you don’t end up getting stuck in a rut thinking about it.”

Earlier this month, she met the Prince and Princess of Wales at Windsor Castle, when she was given rare permission to shoot pictures behind the scenes of an investiture.

Her work was later published by Kensington Palace.

Liz was invited to attend by Prince William after he found out about her bucket list mission via the London Air Ambulance Charity, of which he is patron.

The event marked the first time the Princess, a keen photographer herself, had been photographed back at work since finishing her own chemotherapy this summer.

Liz’s bucket list was originally posted on X by her mother, Vicky Robayna, in May.

Since then, she has photographed a performance by the Royal Ballet, attended a movie premiere with Gareth Cattermole, a photographer from the Getty agency, and is scheduled to do a shoot with Rankin, the legendary British photographer, this week.

At the modelling agency shoot on Tuesday, Ms Robayna said: “When we started, Liz didn’t think we’d pull one of these things off the list and everything else has now been accomplished and more.

“She never dreamed that she would get to go to a premiere, she never dreamed that she would get to meet the Prince and Princess – none of those things felt like real possibilities.

“So she’s had so many incredible opportunities… and is loving every minute of being able to take photos of new things.”

Liz began her photography bucket list after being diagnosed with desmoplastic small round cell tumour, which is rare and has no standard path of treatment, in January.

‘We focus on her happy days’

Her mother told The Telegraph: “We know the future is coming, but we just don’t think about it.

“Obviously in the dead of night there are times you can’t help but think about it but on the whole we get through by focusing on the next exciting thing that Liz is doing, and by thinking about the happy days that she’s had that week.

“That keeps us all going, not just Liz. As a parent, all you want are your kids’ dreams to come true.”

Ms Robayna explained that she wants her daughter to remain “focused on the things she can still do,” adding: “We’ve been really lucky, because most people at the stage of her cancer wouldn’t be travelling.”

She credited her daughter’s medical team for “pulling out all the stops” to make the fulfilment of her dreams possible.

“It’s no easy feat, it’s not like, ‘Oh take some meds.’ We’re travelling with quite an extensive drug cabinet wherever we go and [nurses] are having to administer those, but they’re all just so thrilled for her so they’re pulling out all the stops to make it happen,” she continued.

Liz said she initially told her mother there was “no point” in putting out the now viral bucket list on X, explaining that she didn’t think anybody would read it.

“But people definitely read it,” she said, “They did a lot more than that as well and for that I can only be so grateful for, because even if they didn’t actively do anything, even if they just liked it or shared it … it just goes to show the kindness of humanity really.

“Kindness in general was something my whole family needed back in the time when it was posted especially, but everybody needs kindness always really.”

The teenager photographed Beatrice Axe and Tallula Harris, who are signed to Storm, in a studio in Peckham on Tuesday in a shoot styled by Edie Rose.

A Storm spokesman praised Liz’s “great eye for detail and lighting”, saying she made the models feel “relaxed and empowered” during the shoot, as well as giving them “strong and valuable direction”.

Liz added that her passion for photography, which began when she was just two during a family trip to Peru, will “always be something that I’ve been shaped by”.

She added of her bucket list journey: “I want my siblings in particular to know that there’s always a bright side, you don’t have to sit and be miserable.

“Because I don’t want the people I love to sit and be miserable when I’m gone, I want them to look on the bright side and still be able to smile in darkness.”",India McTaggart,"UK News, Photography, Prince William, Standard, Cancer, News, Royal Family, Princess of Wales, The Royal Family, US content",2024-10-29,CONTROL_Polish_Womens_Strike_2020_2024,sustained,True,0,"In, The, To"
https://www.telegraph.co.uk/rugby-union/2024/10/29/ben-spencer-perfect-partner-marcus-smith-after-finn-russell/,The Telegraph,Ben Spencer perfect partner for Marcus Smith after bringing best out of Finn Russell,"Ben Spencer has had to wait over six years for his first start for England and yet now the 32-year-old Bath scrum-half has been intriguingly thrust into a pivotal role against New Zealand on Saturday, and one that could surprisingly unlock the best out of Marcus Smith’s attacking prowess on the international stage.

Smith has been paired with five different scrum-halves during his 22 starts for England at fly-half – Jack van Poortvliet, Ben Youngs, Harry Randall, Alex Mitchell and Danny Care.

The last two on that list are significant. Mitchell, unavailable for the autumn campaign with a neck injury, has established himself as England’s first-choice scrum-half predominately through his high-tempo game – a contrasting style to Spencer – who is more lauded for his kicking and game management.

Both of Steve Borthwick’s other scrum-half options in the squad, Randall and Van Poortvliet, are more adept at replicating Mitchell’s sniping style, and yet the England head coach has plumped for the player whose international involvement has previously been restricted to six caps – a total of 81 minutes – off the bench since his debut against South Africa in 2018.

Which brings us to Care. Smith’s best form for Harlequins has been forged by his partnership with the highly experienced 37-year-old, who is capable of shouldering the game-management pressures to allow Smith to attack with a more care-free approach, where his primary focus is on scanning for space and executing his skills to exploit it.

Thriving Russell partnership a facsimile for Smith

What is likely to have tipped the scales in Spencer’s favour has been his flourishing partnership with Finn Russell, a similarly attack-focused fly-half. There were questions over how cohesive Russell and Spencer would be, given their contrasting styles, but those soon disappeared during Bath’s surge to the top of the Gallagher Premiership after six rounds.

Borthwick pointedly noted that Spencer’s “speed of ball” from rucks has improved significantly. He might not match the average ruck speeds of Van Poortvliet and Mitchell, but it is clear that his attacking game has evolved significantly by rubbing shoulders with Russell to add a new layer to his game. The clincher, however, is that his game management and experience should free up Smith.

“Ben has been around the England team for a good period of time – through the Six Nations and through the summer series,” said Borthwick. “He’s spent a good amount of time with us, understanding. I think that’s been a huge benefit. Ben is such an experienced player.

‘He’s a guy who knows how to deliver on the biggest of stages’

“He’s played so many games in the Premiership and his performance in big games… you saw the way he played in the Premiership final. I thought he was absolutely outstanding. He’s a guy who knows how to deliver on the biggest of stages and I think that’s important. He’s a calm guy. A leader with his club. He’s played in a lot of big games.

“Ben has incredible super strength around his kicking game. His speed of ball from the breakdown has really stepped up as well, which is something Bath and we discussed and I think that’s a big, big step forward in Ben’s game.

“And there is also no doubt that Marcus is a player who can unlock defences; he sees space, he finds space and Marcus is a player who things happen around. He attracts defenders to make decisions that they shouldn’t make, and I want Marcus to bring all of his X-factor on to the pitch on Saturday.

“We’ve seen all our nines step forward, because we believe it’s all about ruck speed. We want to make sure that we are getting faster ball. It has been an area of focus over the last period of time, and a nine moving the ball is key within that.

“We are measuring, and you see them all getting quicker. We measure it in training, we measure it in all our games, we measure it in club games.”

Spencer can box-kick clever to exploit new edict

With a clampdown on players shielding team-mates catching high balls by obstructing those chasing a high kick – one of the key directives issued to referees ahead of the Autumn Nations Series – Spencer’s box-kicking will also be critical.

“Well, potentially, ultimately this is a very new development and for the referee, for Angus Gardner, at the weekend it’s effectively a new development for all of us,” added Borthwick. “So how this plays out, I think there’s going to be a need to be adaptable on the pitch there at the weekend, but certainly I think that that strength of Ben’s is a significant one.

“But I would also say the speed-of-ball increase as well has been noticeable over the last period of time in Ben’s game as well and how that rule plays out at the weekend – players are going to have to understand the changes you’re going to make very quickly in the game.”

With Mitchell likely to be unavailable for all four of England’s Test matches, Spencer and Smith are poised to have the benefit of building a relationship through the autumn. Borthwick will hope that cohesion brings the best out of both of them.",Gavin Mairs,"Autumn Internationals, Harlequins Rugby, Sport, Standard, England Rugby Union Team, Marcus Smith, Bath Rugby, Sport analysis, New Zealand Rugby Union Team, Rugby Union",2024-10-29,CONTROL_Polish_Womens_Strike_2020_2024,sustained,True,0,"In, The, To"
https://www.telegraph.co.uk/rugby-union/2024/10/29/joe-marler-ridiculous-haka-binned-all-blacks-england/,The Telegraph,Joe Marler takes aim at All Blacks by calling for ‘ridiculous’ haka to be ‘binned’,"Joe Marler has fanned the flames ahead of England’s game against New Zealand on Saturday by calling for the All Blacks to get rid of the haka, claiming the pre-match tradition is “ridiculous”.

Marler posted on social media: “The Haka needs binning. It’s ridiculous.” While the England prop is not involved in this weekend’s match at Twickenham, his comments are bound to increase tensions between the two sides leading into England’s first game of the autumn.

Marler, 34, broke his foot during the first Test between England and New Zealand earlier this summer and has not played since then for club or country. Ellis Genge will start at loosehead prop for England this weekend, while Fin Baxter, Marler’s Harlequins team-mate, has been named on the bench.

Marler has history when it comes to the haka, notably crossing the halfway line during the build-up to the 2019 Rugby World Cup semi-final. Marler was told to move back by referee Nigel Owens, and England went on to be fined £2,000 by World Rugby for breaching tournament rules “relating to cultural challenges”.

Marler later explained on The Jonathan Ross Show that England had confused how they were supposed to line up in response to the haka, ending up in a ‘V’ formation.

“The issue was, Ben [Youngs] drew it up the night before … he got up and he did it on a flipchart and he marked it all out with Xs and Os,” Marler said at the time. “The issue I had with it is I look at that board and thought, “It’s not to scale”... I thought we were meant to be closer than what the picture said. [I went over the line] which I thought we were all going to do but then I looked back and they weren’t doing it but I thought, I’ve already committed now.”",Ben Coles,"England Rugby Union Team, Autumn Internationals, New Zealand Rugby Union Team, Rugby Union, Sport, Standard",2024-10-29,CONTROL_Polish_Womens_Strike_2020_2024,sustained,True,0,"In, The, To"
https://www.telegraph.co.uk/us/news/2024/10/29/ballot-boxes-street-fall-off-truck-florida/,The Telegraph,Ballot boxes left strewn across street after falling off truck,"Boxes containing hundreds of votes landed in the street after toppling from a moving truck in Florida, election department officials said.

An employee in Florida’s largest county, Miami-Dade, forgot to lock the back of their truck, causing containers holding ballots to fall out, the local elections department said.

Dashcam footage of the incident shared on social media shows a car coming to a halt after spotting a blue box on the ground in the middle of the left-hand lane of a dual carriageway on Monday evening.

A figure can then be seen retrieving the blue box and a blue bag and returning to the car.

A video taken inside the vehicle shows the box is labelled with county barcodes and has “official election materials Miami-Dade” written on the side, while the satchel is marked “early voting”.

A further video shows a man returning the containers to the Miami-Dade Police Department before a woman can be heard thanking the good Samaritan for his “community service”.

Ballot seals intact

The Miami-Dade elections department confirmed that ballots inside the retrieved containers had already been scanned and tabulated at an early voting site on Monday, the Miami Herald reported.

Christina White, the county elections supervisor, said the ballot seals were intact and that none of them were damaged or tampered with.

Miami-Dade elections department said the incident occurred due to “human error” and praised the “upstanding residents” for returning the ballots to the police department.

The employee driving the truck has since been fired, the department said, as it has “zero tolerance for error”.",Cameron Henderson,"USP, USP Social affairs, Standard, News, US Election, Florida, US News, US content",2024-10-29,CONTROL_Polish_Womens_Strike_2020_2024,sustained,True,0,"In, The, To"
https://www.telegraph.co.uk/world-news/2024/10/29/four-missing-torrential-rains-spain-coastal-resorts/,The Telegraph,At least four missing as torrential rains batter Spain and its coastal resorts,"At least four people are missing after torrential rains caused flash flooding across southern and eastern Spain, hitting popular holiday resorts.

Some areas across the Costa Del Sol, and further north in Valencia on the Costa Blanca, got a month’s worth of rain on Tuesday, as mud-coloured waters carried away cars and cut off roads and rail connections.

Emergency services workers are looking for “around four” people who are missing in the wake of the flash floods, Letur Mayor Sergio Marin Sanchez told Spanish public television.

“We couldn’t have predicted anything like this was going to happen. It’s a major catastrophe.

“Emergency responders, including a police helicopter, are still searching for around four people who we haven’t been able to account for in the flood area,” he said.

“Some people were in a vehicle and others were at home,” Mr Marin said, adding he did not have further details. “There’s been a lot of damage but we’re just hoping everyone is okay and there are no personal casualties.”

A lorry driver disappeared on Tuesday afternoon in the town of L’Alcudia in the Valencia region, while in the Paiporta area a bridge was filmed collapsing into the river.

On Tuesday evening, the entire province of Valencia, which has a population of 5.5 million, was told to avoid travel.

In the southern region of Andalusia, a high-speed train with 276 passengers derailed, although no one was injured, the regional government said.

Emergency services also rescued scores of people in Alora in Andalusia, some by helicopter, after a river overflowed.

Spain’s weather agency AEMET has declared a red alert in the eastern Valencia region and the second-highest level of alert in parts of Andalusia in the south.

On Monday, the UK Met Office issued a rare weather warning of landslides, flash flooding and severe disruption to British tourists in the country.

National rail infrastructure operator ADIF said it had suspended high-speed trains between Madrid and Valencia as a result of the storm.

An emergency rescue brigade of Spain’s army has been deployed to help rescue efforts.

The storms are forecast to continue through Thursday.

Scientists say extreme weather events are becoming more frequent due to climate change.

Meteorologists believe the warming of the Mediterranean, which increases water evaporation, plays a key role in making torrential rain more severe.",Our Foreign Staff,"Climate change, Weather, Flooding, Met Office, Standard, Spain, World News, US content, Mediterranean",2024-10-29,CONTROL_Polish_Womens_Strike_2020_2024,sustained,True,9,"Plans, Spain, Wine"
https://www.telegraph.co.uk/books/authors/slavoj-zizek-against-progress-philosophy/,The Telegraph,The Elvis Presley of philosophy: ‘It’s stupid and humiliating to be old’,"As the philosopher Slavoj Žižek takes a seat opposite me in a Bloomsbury pub, he spots a poster for The Lion King on the wall – and he’s off. As if playing a highbrow version of Just a Minute, he launches into a monologue encompassing the show’s debt to Hamlet, a comparison between Shakespeare’s play and the Oedipus myth, and speculations on Freud’s sex life.

You wouldn’t get this with, say, AC Grayling. But one of the factors that has won the 75-year-old Žižek a huge global following – he has been called the Elvis of philosophy, and comes second on Google’s list of the most famous living Slovenians after Melania Trump – is the unconventional way he combines high theory with politically incorrect jokes. He’s a sort of Bernard-Henri Manning, if you will.

What he describes as his “degenerate” personality is such a crowd-pleaser that I ask if he’s putting it on a bit in public. “No! For example, I never say to my wife when I go to sleep: ‘Good night, darling.’ It’s ‘Drop dead, bitch’ or something like that. Once, I was too tired to play these games, I just tell her: ‘Oh Hello darling, nice to see you’. She was in a panic! ‘Are you divorcing me? Are you ill?’”

A pasty Captain Haddock lookalike with a Daffy Duck lisp, invariably clad in complimentary airline socks and t-shirts that appear to be prison issue, Žižek resembles nobody’s idea of a megastar, but his high-energy public appearances pull in huge audiences. They love his long breathless philosophical arias, with their constant offbeat references to culture high and low.

Žižek still lives in Slovenia, where he grew up as “the only guy in my generation who never smoked, was never drunk in my life, never tried even light drugs. I was the madman interested in books and politics.” He is in London to launch the latest of his 50-odd books: Against Progress, the first in a new series of short essay collections.

Invigorating, funny, sometimes baffling, the book, in which Žižek defines himself as “a moderately conservative Communist”, takes in everything from Lacanian psychoanalysis to quantum physics to The Wire while investigating how to deal with dangers attendant on the pursuit of narrow capitalist notions of progress.

“I think that all the s--- we are confronted with today - the ecological crisis, Artificial intelligence and so on – I don’t think it can be solved or even coped with through the existing liberal democratic nation-state orders. Stronger notions of international co-operation will be necessary, and the problem is how to do this without regressing to authoritarian systems.

“My view of the future is pessimistic: we are approaching what in the book I call soft Fascism. In China, you know what Xi said a couple of weeks ago? The young generation should be re-educated – not, as I expected him to say, by reading Mao or Marx, but in the Confucian tradition. He wants, not Communism, but a strong state based on some traditional hierarchic ideology.”

At this point, we are interrupted by a fan, who asks if he can have a photo with Žižek when we’ve finished. “Sure, as long as I don’t have to see it. I hate my face.” When I ask how he feels about being a celebrity, he insists he isn’t, and turns down all invitations to meet famous people, “apart from Ralph Fiennes – we meet often, we talk.” (The actor’s sister, the director Sophie Fiennes, has collaborated with Žižek on documentary films such as The Pervert’s Guide to Ideology).

Does he have any thoughts on the state of British politics? “The problem with the United Kingdom is that you have now one big centrist, moderately conservative party. On the Left it’s a great void.” He says that “for a long time I kind of liked Corbyn” but now accuses him of “buying all this proxy war bulls--- with Ukraine.”

Although his stance on the Middle East – “The only ethical thing is to see the horrors on all sides” – has seen him attacked as both anti-Semitic and pro-Zionist, there is no equivocation when it comes to Ukraine. “The Left think the Ukrainians are so stupid they fight a proxy war for Nato? They know if they surrender they will disappear as a nation. I think that maybe this disorientation over Ukraine will be the final nail in the coffin of the Left – it will have to radically reinvent itself.”

Once a prolific contributor to the organs of the mainstream Left, Žižek declares that the Left-wing press now “prohibit” him. He is even no longer on speaking terms with the Centre for Ideology Critique and Žižek Studies at Cardiff University, whose director has complained about his increasing “conservatism”.

Žižek deplores “stupid liberal notions like ‘let’s just open the borders and the immigrants will integrate’” which play into the hands of “a monster like Trump” (although he endorsed Trump’s candidacy in 2016, arguing that his victory would force the Democrats to become more radical in response) as well as “the new MeToo feminism, where the Left was sublimated into a strictly upper-middle-class academic affair. I often ask when I read these radical cancel culture texts: do these people know any real poor people?”

He notes that “all the black people and Native Americans I speak to in the US hate these patronising white liberal anti-racists. I met a group of so-called Native Americans at a round table in Missoula, Montana, and they referred to themselves as Indians and of course a white liberal immediately jumped up and said, ‘You are humiliating yourself’. The Indian guy said, ‘Why not call us Indians, as a monument to the stupidity of the white men who thought they were in India?’ That’s the spirit!”

An hour with this Niagara of ideas is highly stimulating, but does he talk non-stop like this at home with his family? (After three divorces – one from an Argentinian lingerie model 30 years his junior – he is on his fourth wife and has two adult sons.) “This is only one part of me. My small band of savage people, the Slovenes, we are manic depressives. I have these outbursts but then I have long periods of tiredness and inactivity. And now I have diabetes, I am old. It’s just stupid and humiliating to be old.”

Age doesn’t bring wisdom? “No! Except now I have learned not to trust psychoanalysis, because I don’t believe in inner truth. Your ethical duty is to find a good cause outside yourself and stick to it: pretend that you are good and act accordingly and maybe there is a chance you will become good. But don’t look deep into yourself. You will discover only s---.”",Jake Kerridge,"Books, Donald Trump in the UK, Culture Editor's Choice, Standard, Jeremy Corbyn, US Election, Features interview, Culture, Non-fiction, US content, Authors",2024-10-29,CONTROL_Polish_Womens_Strike_2020_2024,sustained,True,0,"In, The, To"
https://www.telegraph.co.uk/business/2024/10/29/reeves-make-bank-england-take-climate-change-seriously/,The Telegraph,Reeves to make Bank of England put climate change and growth on equal footing,"Rachel Reeves is planning to make the Bank of England take climate change as seriously as growth, as the Chancellor seeks to use her maiden Budget to overhaul the economy.

In a letter to Governor Andrew Bailey on Wednesday, Ms Reeves is expected to call on Threadneedle Street to reinstate climate change as one of the Bank’s key priorities.

This will once again put the environment on an equal footing with issues such as improving growth and boosting home ownership, while also reversing Jeremy Hunt’s decision to downgrade the significance of climate change for the Bank last year.

It comes despite stark criticism from high-profile economists, including Lord Mervyn King, the former Bank of England governor, who have warned that climate change is a distraction from fighting inflation.

Ms Reeves will set out key priorities that the Bank of England’s Financial Policy Committee must consider. Chancellors typically send the document, known as a remit letter, to the Bank’s Governor once a year.

Former chancellor Mr Hunt came under fire from environmental lobby groups last year when he downgraded climate change, mentioning it only once in his letter.

Before taking power, Labour vowed in its manifesto that it would reverse the decision to stop the Bank from giving “due consideration” to climate change in its mandate.

However, Ms Reeves’s move to reintroduce a remit to combat risks from climate change could prove controversial.

Lord King told The Telegraph last year that it made “absolutely no sense” to make net zero another responsibility for the Bank.

“The Bank of England can do nothing about climate change,” he said, adding that the institution should focus on interest rates and keeping prices in shops stable.

There have been other warnings, with Mr Bailey conceding that while there was no excuse for failing to tackle climate change, it was not the Bank’s job to help “the world adjust”.

Similarly, the Economic Affairs Committee in the House of Lords said last year that the central bank’s focus on net zero “jeopardises” its ability to face down inflation.

The Committee urged the Treasury to “prune” the Bank’s responsibilities and said it risked becoming politicised because of avalanches of priorities it was being asked to consider.

The Government has made the environment a key policy issue, with its election manifesto promising to make Britain a “clean energy superpower” and accelerate the transition to net zero.

Ms Reeves has also enlisted former governor Mark Carney, who made climate risks a defining issue during his time in office, to advise on unlocking private investment and creating a national wealth fund.

Mr Hunt removed “climate change and energy security” as a priority in the remit letter for the Financial Policy Committee that he sent to Mr Bailey in November 2023.

The change prompted the Bank of England to “slim down” its work on climate change and devote fewer resources to it, Mr Bailey told a parliamentary committee earlier this year.

Instead Mr Hunt included boosting “productive finance” and changed a previous priority from “openness and competitiveness” to “growth and competitiveness”.

It underscored a sharp change from his predecessor, Rishi Sunak, who as chancellor mentioned climate change 13 times in his letter to Mr Bailey in 2021.

Mr Carney and Mr Bailey have previously warned that climate change poses a significant risk to the financial system.

The Treasury and the Bank of England declined to comment.",Eir Nolsøe,"Bank of England, Climate change, Rachel Reeves, The Budget, Business, Standard, Economy, UK economy",2024-10-29,CONTROL_Polish_Womens_Strike_2020_2024,sustained,True,0,"In, The, To"
https://www.telegraph.co.uk/cycling/2024/10/29/tour-de-france-2025-route-tom-pidcock-ineos-mark-cavendish/,The Telegraph,Tour de France 2025 route unveiled as Tom Pidcock’s place in doubt and Mark Cavendish rumours rife,"The 2025 Tour de France route has been announced in Paris, with the race almost certain to come down to another slugfest between three-time winner Tadej Pogačar and two-time winner Jonas Vingegaard.

Can anyone else put themselves in the mix? How will Ineos Grenadiers approach it? And what can cycling fans look forward to in general from the 112th edition of cycling’s most famous race? Telegraph Sport stares into its crystal ball:

Route highlights: Return of Mont Ventoux and uphill time trial in Pyrenees

Starting on Saturday July 5 in Lille and concluding 21 stages later in Paris, the 2025 Tour takes place entirely on French soil and returns to its traditional finish in the French capital after ending in Nice this year due to the Olympics.

Unlike the brutally hot and hilly 2024 grand depart in Italy, the first yellow jersey of next year’s race looks set to go to a sprinter. In fact, Pogačar and Co might even have to wait as long as a week to challenge for yellow, although do not bet on it. There is a 33km time trial in Caen on stage five, but it does not look hard enough to really shake up the standings.

Weeks two and three, though, will certainly sort the wheat from the chaff. Three summit finishes in the Pyrenees, including a time trial to Peyragudes altiport, come before an ascent of Ventoux, where a Tour stage will finish for the first time since Chris Froome ran up it in 2016.

From the “Giant of Provence”, the peloton heads towards the Alps and two further summit finishes, on the Col de la Loze – which holds happy memories for Vingegaard as it was where the Dane decisively claimed victory in 2023 – and at La Plagne.

Can anyone break the Pogacar vs Vingegaard stranglehold?

Not unless they fall off their bikes. Remco Evenepoel impressed many at this year’s Tour, finishing third on debut. And Primoz Roglic has suffered dreadful luck in France. But it still feels as if they are a good chunk behind the leading duo.

Pogačar, in particular, has just completed one of the most dominant seasons in cycling history, winning at will, be it grand tour or one-day racing. Vingegaard (Visma-Lease a Bike) has already started winter training early in an effort to close the gap, which by his own admission grew this year, Vingegaard’s big crash in the Basque Country in the spring notwithstanding.

“By starting the training so early, we can create a very good foundation,” Vingegaard’s coach Tim Heemskerk said in a recent interview with Velo. “We need that if we want to close the gap with Pogačar. We can’t sit back and say that Jonas would have beaten Pogačar without that fall.

“We have to accept that Pogačar has raised the bar even higher this year. We have to look at everything to beat him. We know that we have a big task ahead of us.”

Stage-hunting for Ineos, but will Tom Pidcock ride?

Owner Sir Jim Ratcliffe wants to win the Tour de France. But the problem is he does not have the riders to do it. Ineos are in a funk. The team announced another big shake-up of its staff recently, which means the transitional years are likely to continue for a while yet.

In terms of the overall, Carlos Rodriguez has finished fifth and seventh in the last two years and the Spaniard is still only 23. But it is hard to see him closing the gap to the leading contenders sufficiently to challenge.

Geraint Thomas, the team’s most reliable grand tour rider of recent years, will be in the final year of his contract. And Tom Pidcock might not be at the team at all. A major ruck between Ineos’ star rider and team management means he has been exploring exit options.

If he does ride, would he try for GC? Now that the Olympics are over, perhaps he could dedicate himself fully to the task? It feels as if stage-hunting is probably the most likely target for the British superteam.

Mark Cavendish coy on future

The most successful Tour de France stage winner of all time was present at the Palais de Congrès in Paris and offered a cryptic response when asked about his future plans. Cavendish, of course, is in the final year of his career.

Having delayed his retirement by 12 months to win a record 35th Tour stage, he can ostensibly retire happy. But it seems he is still figuring out exactly what his future plans look like.

“After last year I was exhausted, you know how it is,” he told the host of the Tour route unveiling. “I said ‘never again’. Then I went on holiday with my wife and kids and really relaxed for the first time in years. I saw things a bit differently.”

Asked whether he might ride on, he replied: “Yeah, we’ll see.” It is thought he might carry on doing some riding or racing for his own enjoyment.

Tour de France Femmes avec Zwift expands to nine stages

With the addition of a ninth stage in 2025, the Tour de France Femmes continue to grow, slowly but surely. The fourth edition of what has rapidly become the biggest race in women’s cycling features over 17000m of climbing, finishing with a brutal final weekend which takes in a summit finish on the 2,000m Col de la Madeleine and then a final day schlep over the infamous Col de Joux Plane.

It’s a serious route, although Jumbo-Visma team manager Rutger Tijssen did describe the lack of a time trial as “a bit surprising and, frankly, a bit disappointing.”

Expect Demi Vollering, who has completed a move from SD Worx to FDJ-Suez, to challenge for the title she lost narrowly to Kasia Niewadoma (Canyon-SRAM) this year.",Tom Cary,"Mark Cavendish, Tour de France, Sport, Standard, Road cycling, Cycling, US content",2024-10-29,CONTROL_Polish_Womens_Strike_2020_2024,sustained,True,0,"In, The, To"
https://www.telegraph.co.uk/golf/2024/10/29/ryder-cup-2031-spain-catalunya-camiral-golf-wellness/,The Telegraph,Wait for Ryder Cup’s return to England goes on with Catalunya to host 2031 match,"Spain is set to be awarded the 2031 Ryder Cup, meaning that England’s wait to host the biennial showdown will extend into a third decade.

With only a few details to be ironed out, Camiral Golf & Wellness, formerly PGA Catalunya, has won the bidding race to stage the match between Europe and Team USA.

Telegraph Sport reported at the start of last year that the Girona venue was the overwhelming favourite, but hurdles emerged which suddenly put new-build developments in Bolton and Luton into contention, along with the London Club in Kent.

First, the Catalan authorities refused planning permission for the construction of a third layout especially for the Ryder Cup and then doubts arose about the promised £100 million government backing at both national and regional level.

Yet with the finance finally secured, a compromise has been reached concerning the course, which will be a composite of the two 18-holers already at Camiral.

The Stadium Course was originally built for the 1997 Ryder Cup, but delays saw the first match on Continental soil played at Valderrama in the south of the country.

However, after again coming close for last year’s encounter in Rome, the journey will finally be completed and although there will be disappointment in England – which last staged the biggest event in golf at the Belfry in 2002 – there can be no doubting the appeal of the resort just an hour north of Barcelona, with its plethora of upmarket accommodations, 10-minute transfer to Girona Airport and position in such a vast catchment area.

It is owned by Irish billionaire Denis O’Brien, who has spent huge sums on an overhaul and upgrades since his 2007 purchase. There can be no doubt that the DP World Tour is enamoured by a rich benefactor – see Sir Michael Smurfit at the K Club in 2006, Sir Terry Matthews at Celtic Manor in 2010 and JP McManus at Adare Manor where the 2027 tussle will take place – as their involvement almost casts a guarantee on the economic pledges.

“From its inception, our Stadium Course was designed and built to host the world’s largest events – and hosting the Ryder Cup would be the realisation of this vision,” O’Brien said during the last bidding process.

The fight will now begin for 2035 and although England is in the driving seat it will entail government backing and, along with other nations, Germany could throw in its hat. There is hope in English golf circles that the 2030 Solheim Cup – the female equivalent of the Ryder Cup – could be secured. Remarkably, the Solheim has yet to take place in England.",James Corrigan,"Ryder Cup, Golf, US content, Sport, Standard",2024-10-29,CONTROL_Polish_Womens_Strike_2020_2024,sustained,True,0,"In, The, To"
https://www.telegraph.co.uk/health-fitness/diet/nutrition/health-benefits-of-pumpkins/,The Telegraph,The health benefits of pumpkins and how to cook with them,"More than 30 million carefully carved pumpkins will line doorsteps and window sills across the UK this Halloween – before the iconic autumn vegetable is inevitably put in the bin a few days later when the flesh becomes slumped and sad-looking.

“Not only is that a massive shame in terms of food waste, but it means people are missing out on a delicious, nutritious meal,” says chef Emily Gussin. The vegetable isn’t just a decoration – it’s a nutritional powerhouse and so versatile that it can be cooked into both curries and cakes. Also, its sweet, nutty taste and crunchy nutrient-packed seeds are delicious, she says.

Here, the experts share why we should all be eating more pumpkin and how to best harness their health benefits.

1. Pumpkin is good for the skin

Pumpkins have a really high beta-carotene content, which is a red-orange pigment that gives the vegetable its colour.

“The body converts beta-carotene into vitamin A, which is essential for maintaining healthy skin by supporting cell production and repair,” explains Rob Hobson, a registered nutritionist and author of Unprocess Your Family Life.

A typical 80g serving of pumpkin offers up to around 42 per cent of our recommended daily vitamin A intake, he notes.

2. It supports the immune system

Pumpkin contains vitamins and antioxidants which contributes to good immunity. “This is especially beneficial during cold months, which is when pumpkins are in season,” Hobson says.

Vitamin A in particular supports the production and function of white blood cells, which help fight infections, he notes. “It also maintains the integrity of skin and mucosal barriers, such as in the respiratory and gut linings, acting as a first defence against pathogens.”

The vegetable also contains vitamin C (around 9 per cent of our recommended daily intake), which supports immune cells to ward off infections.

Additionally, pumpkin seeds are one of the richest sources of zinc, which supports immune cell function and wound healing, notes Hazel Flight, programme lead of nutrition and health at Edge Hill University.

3. The vegetable is improves heart health

The flesh of the pumpkin contains potassium and fibre, which support heart health by managing blood pressure and cholesterol (two risk factors for developing heart disease), Hobson explains.

Pumpkin seeds provide a further heart boost. They’re full of monounsaturated and polyunsaturated fats and help to increase levels of “good” high-density lipoprotein (HDL) cholesterol and reduce levels of “bad” low-density lipoprotein (LDL) cholesterol, he notes.

Both pumpkins and their seeds are rich in phytosterols, which are compounds that are known to lower levels of LDL cholesterol, Flight says.

4. Pumpkin is great for eye health

Three compounds that give pumpkins their colour – beta-carotene, lutein and zeaxanthin – protect and improve eye function. They are known to protect the retina from the effects of ultraviolet light and reduce the risk of age-related macular degeneration, Hobson says.

6. The vegetable improves gut health

Pumpkin is a source of fibre (containing around 1.1g per serving), which supports gut health, promotes regular bowel movements and maintains stable blood sugar levels, says Flight.

“The flesh and seeds also contain prebiotic fibre [which promotes the growth of “good” gut microbes] and supports healthy gut bacteria,” she notes.

7. Pumpkin improves sleep

“There is tryptophan in pumpkin seeds – an amino acid that helps to produce serotonin,” Flight says. Also known as the “sleep hormone”, serotonin has been shown to improve sleep quality.

The seeds also contain magnesium which is an essential mineral for relaxation and better sleep, she notes. Healthy magnesium levels have been linked with better sleep quality, longer sleep duration and lower levels of tiredness.

How much should you eat?

An 80g serving of pumpkin (around three heaped tablespoons) counts as one of your five a day. “But of course you can eat as much as you like within reason because, as with other vegetables, they are a very healthy addition to the diet,” says Hobson.

The recommended serving for pumpkin seeds is 25g. “Again, there is no harm in eating more and they are really versatile so you can eat them raw as a snack or as a topping for other foods,” he adds.

What are the most nutritious ways to eat them?

Like most vegetables, it’s best to avoid overcooking or boiling, as this leads to the nutrients degrading or leaching out, Hobson explains. However, roasting preserves most of the nutrients, especially the beta-carotene and vitamin C, he says.

Hobson recommends cutting the pumpkin into chunks, tossing with olive oil and roasting at 180C (356F) until tender. “I think this is the best way to cook pumpkin as the natural sugars caramelise enhancing the flavour,” he says.

Another option is to puree the pumpkin after it has been roasted. “This maintains most of the nutrients and provides a creamy texture for soups or baking,” he notes.

Gussin recommends adding roasted pumpkin wedges to salads or eating as a side, or grating the flesh to make rosti or add to cakes as a substitute for carrot.

“There’s no need to peel most pumpkin varieties, only do so when the skin is very thick and bumpy, and eating the skin will give your meal a boost of fibre,” Gussin adds.

“You can even use the scooped out insides to make a golden hued stock and roast the seeds as a crunchy snack. The only bit that should go to waste is the stem.”

Incorporating more pumpkin into meals can bring a range of health benefits and make for a delicious addition to both sweet and savoury dishes, Flight says.

“Each year thousands of acres of farmland are used to grow pumpkins which are merely carved and then thrown away. This could be considered a waste of valuable, nutritious and delicious food. So this year, you might want to consider turning your jack-o’-lantern into a delicious, homemade meal instead.”

Pumpkin recipes

Chickpea, pomegranate and pumpkin curry

Serves 4

From The Detox Kitchen Bible by Lily Simpson and Rob Hobson

Ingredients

Method

Brothy beans with pumpkin

Serves 2–3

From Don’t Waste Your Pumpkin by Emily Gussin

Ingredients

Method

Pumpkin and burrata grain salad

Serves 4–6

From Don’t Waste Your Pumpkin by Emily Gussin

Ingredients

Method",Emily Craig,"Health and Fitness, Nutrition, Better Life Evergreen, Better Life Guide, Diet, Standard, Pumpkin recipes, Halloween recipes, Halloween",2024-10-29,CONTROL_Polish_Womens_Strike_2020_2024,sustained,True,14,"471, Dentists, Halloween"
https://www.telegraph.co.uk/news/2024/10/29/ee-manager-sacked-employer-reality-show/,The Telegraph,EE manager tried to sue employer after taking unauthorised leave to go on dating show,"A store manager at EE tried to sue his employer after he took unauthorised leave to go on a dating show, a tribunal has heard.

Luke Worley alleged he was sacked unfairly by network operator EE after he took unauthorised time off to appear on a Channel 4 dating programme.

But the 32-year-old has now lost his unfair dismissal case after a tribunal judge found that he had no “legitimate” reason for his absence.

In September 2021, Mr Worley flew to appear on reality TV show Davina McCall’s The Language of Love – despite having been told by his employer that he could not have the time off.

Mr Worley, who was a store manager of EE in Basildon, Essex, at the time, received an offer to appear on the dating show and was told he “had to be free” between Sept 13 and 22.

However, after requesting the time off, his application was refused by Paul Redhead, his manager.

Mr Redhead said the dates requested fell in a particularly busy period as it was the week Apple was launching its iPhone 13 Pro and iPhone 13 Pro Max, the tribunal heard.

But days after making the application for absence, Mr Worley allegedly told his manager he “would still be taking the opportunity to appear” on the show and “would face any consequences on his return to work”.

His employment contract stated that all holiday requests must be approved by a manager ahead of taking any time off.

On Sept 13, the shop manager failed to show up at work or inform his bosses that he would be off.

After making further attempts to contact Mr Worley, his absence was marked as unauthorised and he was regarded as being AWOL from that date.

Upon his return, the store manager was invited to a disciplinary hearing on Oct 7 and dismissed.

Mr Worley, who also appeared on Married at First Sight last year, tried to sue EE for unfair dismissal, breach of contract, and disability discrimination.

But his claims have now been dismissed.

Employment Judge Stephen Shore said the reason for Mr Worley’s dismissal was gross misconduct after he took more than six days of unauthorised absence.

The reality TV star tried to claim disability discrimination for his dyslexia, which he alleged had impacted his ability to understand EE’s AWOL policy.

However, the tribunal found the diagnosis came from a report that was not medical nor carried out by anyone with relevant qualifications.

He unsuccessfully tried to claim a “fire at his home” had “destroyed his personal medical records that may have supported his case at face value”.

The panel ruled that Mr Worley had said in a phone call with his line manager that he would “take the leave anyway”.

Concluding the judgment, Judge Shore said: “[Mr Worley] did not have a legitimate reason for absence.

“We find that [Mr Worley] was capable of reading, understanding, and following the AWOL policy.”",Jenny Medlicott,"UK News, Essex, Jobs and employment, Standard, Channel 4, News",2024-10-29,CONTROL_Polish_Womens_Strike_2020_2024,sustained,True,0,"In, The, To"
https://www.telegraph.co.uk/news/2024/10/29/scottish-tree-skipinnish-oak-ceilidh-band-woodland-trust/,The Telegraph,Scottish tree named after ceilidh band wins Tree of the Year,"A tree named after a Scottish band who revealed its existence to experts has been crowned as Britain’s best.

The centuries-old Skipinnish Oak, named after a ceilidh band of the same name, has won this year’s Tree of the Year contest, the Woodland Trust has announced.

The oak, thought to be at least 400 years old and hidden away in a sitka spruce plantation in Lochaber, in the Scottish Highlands, is a surviving remnant of the native ecosystem, playing host to rare lichens and other species.

It was not known to modern tree experts until a chance encounter with the band, who were playing for the Native Woodland Discussion Group nearby and who directed them to its hidden location, enabling it to be added to the ancient tree inventory.

The tree won 21 per cent of the public vote in this year’s competition, which shortlisted a dozen ancient and veteran oak trees across Britain, to secure the title, and will go on to compete in the European Tree of the Year contest early next year.

Andrew Stevenson, from the band, said: “I am delighted that The Skipinnish Oak has won Tree of the Year.

“The tree has held a special place in my heart since my father first described it to me, and the first time I saw it many years ago.”

The tree narrowly beat the Darwin Oak, in Shrewsbury, estimated to be 550 years old and growing very close to the childhood home of Charles Darwin but threatened with being felled for the Shrewsbury bypass, which secured 20 per cent of the votes.

The 1,000-year-old Bowthorpe Oak, in Lincolnshire, a hollow tree with ancient graffiti inside and boasting the claim three dozen people once stood inside it, came third with 14 per cent.

The public were given the chance to vote on 12 trees on the theme of magnificent oaks, 11 of which had been chosen by a panel of tree experts, along with one nominated by members of the public on social media.

According to the Woodland Trust, oaks can live more than 1,500 years and support 2,300 species of wildlife, and Britain boasts more ancient oaks than the rest of Western Europe combined.

As the Woodland Trust is campaigning for more robust legal protections for the country’s most valuable trees, the charity said it was an obvious choice to select oaks – which are “ingrained in our heritage” – to make up the shortlist.

Dr Kate Lewthwaite from the Woodland Trust said: “The Skipinnish Oak is a magnificent example of the natural heritage we strive to protect, and its recognition as UK Tree of the Year shines a light on the incredible biodiversity that our trees support.

“We encourage everyone to celebrate and preserve these vital features of our environment.”

The Skipinnish ceilidh band say they are planning to compose a new song in honour of the oak, which they will debut next September at a gig at the OVO Hydro, in Glasgow.",Telegraph Reporters,"UK News, Standard, News, Lincolnshire, United Kingdom, Trees and forests, Highlands and Islands, Scotland",2024-10-29,CONTROL_Polish_Womens_Strike_2020_2024,sustained,True,0,"In, The, To"
https://www.telegraph.co.uk/news/2024/10/29/stacey-smith-ambulance-worker-oopsie-boss-hammer-row-kill/,The Telegraph,Ambulance worker said ‘Oopsie’ after trying to kill boss with hammer in row over shifts,"An ambulance worker said “Oopsie” after trying to kill her boss with a hammer in a row over shift patterns, a court heard.

Stacey Smith, 46, waited outside the home of her manager Michala Morton before launching a “frenzied” attack which left her with life-changing injuries.

She was handed a 20-year sentence at Manchester Crown Court on Tuesday after she was found guilty of attempted murder last month.

Judge Hilary Manley said Smith, who worked as an ambulance care assistant at the North West Ambulance Service (NWAS), had “long held a grudge” towards Ms Morton.

“I detect very little remorse,” the judge said. “In fact, it seems you feel you were justified in your actions, or at least driven to it.”

The court heard during Smith’s trial in September that she had filed a formal grievance against her manager, whom she had worked with since 2017, as part of a years-long dispute over her shift patterns.

Hayley Bennett, prosecuting, told the jury that Smith’s wife, who was not named, also worked for NWAS.

“The crux of the issue was Stacey Smith and her wife wished to work together and share non-working days,” Ms Bennett said.

‘Very candid’

In November 2023, Smith made a second complaint against Ms Morton and was due to be spoken to by the ambulance service’s human resources department.

However, days before that on Nov 11, she turned up outside her boss’s home in Dukinfield, Greater Manchester, and “pounced” as her manager left for work at 5.30am.

Smith struck Ms Morton with a hammer on her head, arms, legs and torso and fractured her wrist as she tried to defend herself.

“Stacey Smith was screaming at Ms Morton during the attack, calling her manager a b----.” Ms Bennett told the jury.

“She screamed that she was going to kill her. She was in a rage.”

Smith then left the scene in her car before texting a friend to say: “I’ve smashed her head in – Oopsie xx”.

Ms Morton’s neighbours rushed to administer first aid, secured the hammer and called emergency services, who took her to hospital.

Det Con Stephen McNee, from Greater Manchester Police, said she had been left with “serious and life-changing injuries”.

Smith later handed herself in at a police station, where she was arrested on suspicion of attempted murder.

Ms Bennett told the jury that Smith had been “very candid about her intent to kill Ms Morton, and how she wished she had”.

Mental trauma

Smith, of Ascot Road, Newton Heath, pleaded guilty to causing grievous bodily harm with intent but denied attempted murder.

A jury unanimously found her guilty last month and on Tuesday she was sentenced to 20 years in prison, with five years on licence to follow.

Speaking after the sentencing, Det Con McNee said: “This was a particularly violent attack on the victim which left her with serious and life-changing injuries.

“Physically injuries may heal but the mental trauma of the attack will stay with the victim for life. I’d like to thank her for her bravery in supporting us with our investigation.

“I’d also like to thank the local residents who came to the victim’s aid on the morning of the attack, they ensured initial first aid was given to the victim before emergency services arrived and also made sure that the hammer was covered in a plastic bag to maximise the forensic evidence we could take.”

He added: “We are pleased with today’s result, which has seen a violent woman taken off the streets and we hope that this goes some way to helping the victim to come to terms with what has happened to her and allows her to heal.”",Tim Sigsworth,"Court cases, Crime, Standard, News, Greater Manchester, Ambulances, Greater Manchester Police",2024-10-29,CONTROL_Polish_Womens_Strike_2020_2024,sustained,True,0,"In, The, To"
https://www.telegraph.co.uk/news/2024/10/29/starmer-neuter-parliament-in-the-name-of-modernity-labour/,The Telegraph,Labour will neuter parliament in the name of modernity,"Sir Lindsay Hoyle is known in Parliament as a genial and kind man. After years of being ruled by a malign escapee from Disneyland’s Small World ride, most parliamentarians consider the affable MP for Chorley a step-up both in terms of standards and general sanity. Occasionally, however, Sir Lindsay explodes. Certain breaches of protocol elicit a full tongue-lashing, and nothing causes the eruption of the Lancashire Krakatoa more assuredly than ministers revealing policy via leak or interview before presentation to the Commons.

Though she wasn’t there to hear it, Rachel Reeves fell on the receiving end of one such outburst on Monday, having announced changes to the fiscal rules in an interview abroad. In her absence it fell to David Lammy to take the hit, days after receiving a similar verbal battering for signing away the Chagos Islands during recess. Budget pre-briefings in particular are almost a tradition in themselves. However the lack of shame about them has become more noticeable. Whereas in 1947 Hugh Dalton resigned after inadvertently leaking the merest hint of an upcoming budget to a newspaper, nowadays whole spreadsheets get pinged into journalistic inboxes with gay abandon.

Sadly this trend away from Parliament and its scrutinising role is merely a microcosm of our politics. Policy is increasingly made by and through committees and arms-length bodies. Our energy and housing needs are subject to legalistic jiggery-pokery. Last summer, Supreme Court judges agreed with activist Sarah Finch that carbon emissions from burning fossil fuels should be factored into future planning approvals; an under-discussed decision with calamitous consequences for future energy security. Thanks to Natural England, bat and newt wellbeing often trumps human prosperity in deciding housing approvals.

The response to excessive red tape is, er, more red tape. In lieu of policies, Rachel Reeves will unveil a new “Office for Value of Money” which sounds like a not-very-good parody organisation in a political satire. Nor is the trend confined to Labour. Boris Johnson recently blamed the Migration Advisory Committee for the unpopular explosion in immigration numbers under his watch. The idea that, as PM, he could have simply ignored their suggestions seems not to have occurred to him. The result is an identity crisis for politicians and a democracy itself, with accountability pooled between the elected and unelected.

In Keir Starmer we have a PM who appears inherently suspicious of the cut-and-thrust of Parliament. In a revealing interview, when asked to “choose between Davos or Westminster,” Starmer unhesitatingly replied “Davos”; describing Westminster as “too constrained”, and a “tribal, shouting place”. It isn’t just that he isn’t a “House of Commons man”. He seems committed to trying any and all extra-Parliamentary procedures to bypass scrutiny. Ministers may boast of their vast majority, but under this administration Parliament seems to matter less than ever.

He is unsurprisingly wary of ancient traditions. As a young barrister, Starmer called for judges and lawyers to be stripped of their wigs and gowns in a bid to make the courts feel “more like a GP’s office”. This view isn’t a personal one of the PM but the general creed of the party. New MP Blair McDougall gleefully tweeted that, with Lords reform, “a line going back to the Witan a millennia [sic] ago has been broken.” Whatever your view of hereditary peers, it is telling here that the erosion of history is viewed as an unqualified good in itself.

This suspicion of archaism mirrors a broader “year-zeroism” in constitutional matters. Tony Blair often spoke of wanting Britain to be seen as a “young country”. The vandalism inflicted on the constitutional settlement via changes to the Lords in 1998 and 2005 involved clearing away functional parts of the ancient constitution in favour of “modern” bodies modelled on American or European ones. The result has been a precipitous decline in the quality of legislation, endless legal deadlock and more power than ever in the hands of committees and quangos. Starmer evidently views his job as finishing what Blair started.

His new Attorney-General, Richard Hermer KC recently delivered an astonishing lecture which reveals much about this government’s direction. Speaking of his mission to “shore up the rule of law against the forces of populism”, Hermer cites institutions that he sees as sacrosanct and integral to a functioning democracy but which are threatened by populists. To critique them is therefore to subvert democracy. Tellingly, both “NGOs” and “the academy” get a specific mention; apparently “populism” is when you think that we shouldn’t be run by the charity industrial complex, or clueless academics.

The Starmerist vision reframes the “rule of law” as an article of faith, chanted like “the greater good!” in Hot Fuzz; both a cover for unpopular policy positions and an attempt to insulate them from debate.

Sir Lindsay Hoyle was right to be angry, but with a Labour majority this big, I suspect that his will be an increasingly lone voice against the prevailing tide. When it comes to the neutering of Parliament, pre-Budget briefing is just the tip of the iceberg.",Madeline Grant,"Labour Party, Opinion, Politics, Rachel Reeves, Tony Blair, Comment, News, Lindsay Hoyle, Keir Starmer, David Lammy",2024-10-29,CONTROL_Polish_Womens_Strike_2020_2024,sustained,True,0,"In, The, To"
https://www.telegraph.co.uk/politics/2024/10/29/charts-show-extent-starmer-plunge-in-popularity/,The Telegraph,The charts that show the extent of Starmer’s plunge in popularity compared to other PMs,"The collapse in Sir Keir Stamer’s approval rating marks the worst decline for an elected prime minister in more than 40 years, figures show.

Sir Keir’s rating has fallen by 47 points since Labour’s landslide election win in July, with net approval now at -34 per cent.

This means the decline for the Prime Minister is more than triple that experienced by Sir Tony Blair in 1997. His net approval fell from +60 per cent to +46.

Margaret Thatcher’s approval rating declined from plus two per cent to minus eight per cent, while David Cameron’s fell from 32 per cent to 21.2 per cent.

The figures reflect the tough start to Sir Keir’s premiership, with unpopular decisions including cuts to winter fuel payments for the elderly, the early release of thousands of prisoners and the prospect of £35 billion tax rises at the Budget.

He has also been dogged by the controversy over freebies for ministers and the row over the Labour donor Lord Alli’s gifts to key party figures, including Sir Keir.

The figures, which come a day before the Budget, show that Sir Keir ends his fourth month in office with lower ratings than any other prime minister in modern history at similar points in their tenure.

Rishi Sunak, his predecessor, had a net approval rating of -28 per cent at the same point in his time in office.

Only Liz Truss – who did not make it to the same point – suffered a steeper initial decline in her rating. After her immensely unpopular mini-Budget, her approval ratings collapsed from -5.6 per cent to -60 per cent, a level never before seen by a prime minister.

So poor have his ratings been that Sir Keir is now more unpopular than Nigel Farage, the Reform UK leader.

The Prime Minister’s net favorability comes in at -36pc, compared to Mr Farage’s -35 per cent, despite the Clacton MP’s long time on the political front line and the fury he inspires among opponents of Brexit.

Sir Keir’s decline in popularity has been fuelled most by the Labour voters who put him in power. The share of Labour voters viewing him favourably fell from 77 per cent just after the election to 27 per cent in early October.

Sir Keir has overseen the largest drop in economic confidence by a prime minister since Lord Cameron, who implemented austerity measures in the midst of a global financial crisis.

Ipsos’s Economic Confidence Index, a measure of how people feel about the direction of the economy, shows that confidence fell 21 points between the July election and last month.

Under Lord Cameron, it fell 31 points, and under Gordon Brown it dropped 13 points. Meanwhile, Theresa May, Boris Johnson and Mr Sunak all managed to see it increase.","Ben Butcher, Ollie Corfe","Rishi Sunak, Labour Party, UK News, The Budget, Politics, Standard, News, Polls, Keir Starmer, Nigel Farage",2024-10-29,CONTROL_Polish_Womens_Strike_2020_2024,sustained,True,0,"In, The, To"
https://www.telegraph.co.uk/politics/2024/10/29/kemi-badenoch-robert-jenrick-tory-leadership/,The Telegraph,Badenoch ramps up media appearances amid ‘low Tory leadership voter turnout’,"Kemi Badenoch said she is ramping up her media appearances in the final week of the Tory leadership contest because “people aren’t turning out to vote”.

The former Cabinet minister, considered to be the favourite to replace Rishi Sunak, said she was doing more interviews “specifically” because the turnout is lower than expected.

There are three days to go before voting closes, with the new party leader to be announced on Saturday.

Mrs Badenoch, who has had several high-profile clashes with journalists in the past, has generally been seen as more hesitant to engage with the media than her rival, Robert Jenrick.

Earlier this month, she took part in a hustings on GB News at which the candidates took turns to field questions from the studio audience. But she declined to participate in a subsequent BBC Question Time special, where she would have faced Mr Jenrick directly, after the Conservative Party refused to endorse the event.

ITV offered the two rivals the chance to debate their leadership bids on the Peston show, but Mr Jenrick, the former immigration minister, ended up going on alone after the broadcaster was spurned by the Badenoch camp.

Similar invitations were also made by Sky News and The Sun, but both proposals were mired in a bureaucratic to-ing and fro-ing that scuppered the plans.

In a notable escalation of her media campaign, Mrs Badenoch took part in a series of interviews with broadcasters on Monday and Tuesday.

Speaking to the BBC, she said she had made the conscious decision to increase her engagement because the turnout in the leadership contest had been lower than anticipated.

“I’m doing more media this week specifically because people aren’t turning out to vote as much as we would have expected,” she said.

She said this had been borne out in her own conversations with Conservative members, with some telling her they were “going to wait till the last minute” when she asked whether they had cast their ballots yet.

Mrs Badenoch insisted that she was not “worried” that she did not have enough support, pointing out that “the bookies have me ahead”. But she said added that she would still consider the contest “neck-and-neck”, arguing that “either of us could win”.

It comes after moderate Conservatives threatened to throw their ballots away in protest over James Cleverly’s shock elimination from the race.

One supporter of the shadow home secretary said a dozen members had told him they were putting their voting slips “in the bin” after their choice for leader was knocked out earlier this month.

Mr Cleverly was considered the most centrist candidate, while both Mr Jenrick and Mrs Badenoch are seen as being on the Right of the party.

Furious Tories blamed his surprise exit on MPs “freelancing” in misguided tactical voting, while others pointed the finger at Grant Shapps, Mr Cleverly’s campaign manager, who was known to track supporters on a spreadsheet.

The Tory Reform Group, which represents those on the centrist “One Nation” wing of the party, also refused to endorse either of the final two leadership hopefuls, claiming they had both used rhetoric that was “far and away from the party at its best”.",Amy Gibbons,"UK News, Politics, Robert Jenrick, Standard, Kemi Badenoch, Grant Shapps, News, Conservative leadership election, James Cleverly, Conservative Party",2024-10-29,CONTROL_Polish_Womens_Strike_2020_2024,sustained,True,0,"In, The, To"
https://www.telegraph.co.uk/racing/2024/10/29/aidan-obrien-melbourne-cup-furious-jan-brueghel-ruled-out/,The Telegraph,‘Devastated’ Aidan O’Brien hits out at Melbourne Cup stewards as Jan Brueghel is ruled out,"A “devastated” Aidan O’Brien took a verbal swipe at the Melbourne Cup stewards after Jan Brueghel, one of the favourites for next Tuesday’s race, was scratched by the vets.

O’Brien may have an ongoing love affair with the Breeders’ Cup in America, where a brace of winners this weekend would make him the joint-leading trainer in the history of the fixture, but his relationship with Australia appears to be over.

The 55-year-old trainer has had an uneasy relationship with the Victoria Racing stewards for a number of years now. In 2008 he was called back from the airport to face them after Septimus and two stablemates went clear of the field before fading and the enhanced scanning, which has effectively ruled out Jan Brueghel, was brought in after his Derby winner Anthony Van Dyck was fatally injured in the 2020 race.

However, after Coolmore spent the thick end of £130,000 flying the unbeaten St Leger winner halfway round the world, O’Brien took a swipe at the Australian stewards suggesting that, in his view, it was almost inevitable they would chuck out the colt.

The stewards said that they had withdrawn the three-year-old acting on specialist veterinary advice that his scans “indicate the horse is currently at heightened risk of injury” and that, consequently, the horse was unsuitable to compete.

‘It was devastating news – it was unlucky for us, lucky for them’

In response, O’Brien, speaking from Del Mar, said: “In this part of the world horsemen decide, but in other parts of the world horses trot in front of a phone, the phone videos the trot and the phone tells you whether it’s lame or not.

“It was devastating news. It was unlucky for us, lucky for them. He was a Group One horse in handicap with 8st 7lbs with Ryan Moore riding him and getting better every week.”

When asked if it was the end of his attempts to win the Melbourne Cup he replied: “They made the decision and our vets didn’t agree that there was a shadow in front and a shadow behind.

“Every three-year-old will have shadows and fissures, they’ll have this and that. There comes a point when it becomes ridiculous, horsemen and women are out of the picture.”

A bit like the Grand National, the downside of the Melbourne Cup’s popularity is that it is also a much-scrutinised race and the deaths of six horses in a decade, five of them European trained, have led to more stringent pre-race veterinary checks, including nuclear scanning for international runners before they leave.

City of Troy warm but ready for ‘atrocious’ final tilt at Breeders’ Cup

Meanwhile City of Troy was the warmest of the Ballydoyle contingent on their first morning on the track having done their mandatory 48 hours in quarantine but O’Brien was, nevertheless, happy with him as he faces the last and biggest test of his career in Saturday’s $7million Breeders’ Cup Classic.

He explained that he had nothing against horses that sweat and that he was trying to keep an edge on the Derby winner before Saturday. Reflecting on the colt’s draw in stall No 3 he added that “in was better than out” but conceded it is more a case of how the race unfolds.

“We think we have him prepared to go forward,” he said. “Whether he is quick enough to go forward from that slot, in this type of race? I’m not sure. This is the most atrocious, demanding race for a horse all year.

“We have got a three-year-old running against older horses. He has an awful lot of things to overcome, if we are being realistic about it. We have prepared everything we can do. It’s going to be interesting.”",Marcus Armytage,"Melbourne, Horses, US content, Racing, Sport, Standard",2024-10-29,CONTROL_Polish_Womens_Strike_2020_2024,sustained,True,0,"In, The, To"
https://www.telegraph.co.uk/us/comment/2024/10/29/trump-is-surging-among-a-surprising-demographic-it-could-co/,The Telegraph,Trump is surging among a surprise demographic. It could cost Kamala Harris the White House,"“We, as Muslims, stand with President Trump!” proclaimed imam Belal Alzuhairi at a rally in the Detroit suburb of Novi, Michigan, last week. Alzuhairi was addressing an enthusiastic gathering at which a group of clerics endorsed Donald Trump. The Republican nominee, who is often derided by the legacy media as xenophobic, was on hand and declared himself “thrilled to accept the endorsement of these highly respected leaders”.

He was also endorsed by Bill Bazzi, the Lebanese-born mayor of nearby Dearborn Heights, Michigan. In September, Amer Ghalib, the Yemeni-born mayor of Hamtramck, Michigan, another Detroit suburb, also endorsed Trump, calling him “a man of principles” and “the right choice”.

This pro-Trump trend among Arab-American voters in Michigan, one of seven swing states that will decide the election, is no isolated development. According to a YouGov poll released last week, among Arab-American voters, whether Christian or Muslim, Trump enjoys a national lead of 45 to 43 per cent over Kamala Harris. An earlier poll taken by the Arab American Institute, led by the respected Lebanese-American pollster James Zogby, found Trump edging out Harris by one point, 42 to 41 per cent.

Traditionally, Arab-Americans have favoured Democratic presidential candidates by a commanding majority. Now, however, a majority identify as either Republicans or independents. When the party labels are removed, 68 per cent of Arab-American voters say they are conservatives or moderates, while just 27 per cent profess to be liberals, according to YouGov. On the pressing question of who would better handle the Israeli-Palestinian conflict, Trump beats Harris by 39 to 33 per cent among this group. YouGov also gives the Republican candidate a six point lead among the group over Harris on the economy, a vital national issue for voters of all demographics.

What accounts for this dramatic change? Alzuhairi may have spoken for many Arab-Americans by identifying Trump as the candidate most likely to bring peace. “He promises peace, not war!” the imam told his audience. “We are supporting Donald Trump because he promised to end war in the Middle East and Ukraine.”

Trump, whose 2020 Abraham Accords delivered the first Arab-Israeli peace treaties since 1994, has promised to work to “finish” both conflicts, while the Biden administration’s floundering diplomacy has consistently failed to end or even restrain the violence. In August, an activist group called “Muslim Women for Harris” disbanded and withdrew its support from the Democratic candidate over her approach toward the conflict.

For one Arab-American voter I spoke to, originally from Egypt and now a postgraduate student in international arts management, Trump’s “more unusual form of diplomacy conjures more optimism” than the failed Washington consensus. Closer to home, Trump’s campaign appears to resonate with many values that Arab-Americans hold dear, including a commitment to family, hard work and entrepreneurship. A retired US Army colonel of Palestinian heritage told me that “Arab Americans want the version of America they came here for, an America that respects God, honours country, and protects family … President Trump espouses these values.”

Another factor behind the swing towards Trump will surely be simple aversion to Harris, and the radical progressive agenda that a great many Democrats now embrace. Hamtramck, Michigan, where Amer Ghaleb governs alongside what is believed to be America’s first all-Muslim city council, recently outlawed flying the LGBTQ+ Pride flag on government property, much to the consternation of the pro-Harris Democrats who formerly controlled the city government. In Left-leaning municipalities across America, Muslim groups have joined conservative Christians to protest sexual content in school curricula, material that progressive Democrats tend to favour and defend.

In an election that remains nail-bitingly close, Arab-Americans comprise only about 1 per cent of the US population. But a few thousand of their votes could conceivably guarantee Trump’s victory next week.",Paul du Quenoy,"Republicans, Opinion, Donald Trump, USP, Comment, Kamala Harris, Democrats, US Election, US content",2024-10-29,CONTROL_Polish_Womens_Strike_2020_2024,sustained,True,0,"In, The, To"
https://www.telegraph.co.uk/us/politics/2024/10/29/kamala-harris-rally-dc-speech-election-watch-video-live-cam/,The Telegraph,What time is Harris’s rally today? Watch Kamala’s major speech live,"Kamala Harris will host a major campaign rally tonight on the National Mall in Washington, DC. The incumbent vice-president will deliver a speech as she seeks to sway last-minute voters to her campaign one week before the US presidential election on Nov 5.

What time does the rally start?

Where can I watch the rally live?

The Telegraph is hosting a livestream on this page that will show a live camera feed of the event as it happens. That stream can also be followed on our YouTube channel.",Telegraph Video,"Washington D.C., Donald Trump, USP, Politics, USP Social affairs, Kamala Harris, Democrats, Standard, US Election Video, US Election, US content",2024-10-29,CONTROL_Polish_Womens_Strike_2020_2024,sustained,True,0,"In, The, To"
https://www.telegraph.co.uk/world-news/2024/10/29/keir-starmer-israel-gaza-hamas-netanyahu/,The Telegraph,Starmer condemns ‘gravely concerning’ UNRWA ban as Israel faces international backlash,"Sir Keir Starmer has said he is “gravely concerned” over Israel’s decision to ban the main Palestinian aid agency from the country amid an international outcry over the move.

The Prime Minister joined the backlash from Israel’s closest Western allies after the country’s parliament voted for two bills to prevent the UN Relief and Works Agency (UNRWA) from working within its territory.

His fears of Israel “jeopardising” aid to Gaza came after the United States warned of a looming humanitarian “catastrophe” and said that children could starve to death.

The UNRWA was created in 1949 to help displaced Palestinians following the war between Arab nations and the newly established state of Israel.

The agency now receives a budget of more than £1.12 billion from the UN to provide humanitarian aid including food, medicine and education supporting 5.9 million Palestinians.

However Israel has claimed that up to 10 per cent of its staff have links to terror groups and that some of its workers participated in the Oct 7 massacre.

A UN investigation found that nine employees from the agency “may have” been involved in the murder of 1,200 Israelis and kidnapping of hundreds more.

Israel’s Knesset overwhelmingly voted for two bills on Monday, the first banning the agency from operating in Israeli territory and effectively shuttering its offices in East Jerusalem.

The second will severely curtail the agency’s activities in Gaza and the West Bank by banning Israel’s state authorities from having any contact with the agency.

Benjamin Netanyahu, the Israeli prime minister, who has a long-running feud with the agency he says has links to Hamas, has insisted humanitarian aid would reach Palestinians.

He has vowed to “stand ready” to help but added UNRWA personnel “involved in terrorist activities against Israel must be held accountable”.

Israel’s foreign ministry said members with links to terror were not just a “few rotten apples” but “a rotten tree entirely infected with terrorist operatives”.

There are 90 days before the laws will be implemented but Britain joined the US in condemning the move.

“The UNRWA bills passed by Israel’s Knesset are gravely concerning,” Sir Keir said. “This risks jeopardising the international humanitarian response in Gaza. We need to see an immediate ceasefire and the release of hostages. Israel must ensure sufficient aid reaches civilians in Gaza.”

Anneliese Dodds, the Development Minister, also hinted that Britain could suspend more arms sales to Israel if the ban goes ahead, describing the bills as “unacceptable”.

The US has urged Israel to reconsider with Matthew Miller, spokesman for the state department, saying that in the current crisis the agency was “irreplaceable”.

“There’s nobody that can replace them right now in the middle of the crisis,” he said.

The department added in a statement the legislation “risks catastrophe for the more than three million Palestinians who rely on UNRWA for essential services, including healthcare, and primary and secondary education”.

It urged Israel to “pause and further consider implementation of this legislation to ensure UNRWA can effectively carry out its mission and facilitate humanitarian assistance”.

More than a dozen other European governments including Germany and France have condemned the decision while Unicef said the move would kill children.

James Elder, spokesperson for the UN’s children’s emergency fund, said banning the UNRWA could see the humanitarian response in Gaza collapse.

“If UNRWA is unable to operate, it’ll likely see the collapse of the humanitarian system in Gaza,” he said. “So a decision such as this suddenly means that a new way has been found to kill children.”

The move comes amid growing concern over conditions in Gaza, where two million residents are effectively dependent on the services from the agency.

Aid to Gaza has fallen to its lowest level since the war began with the UN stating that only 704 truckloads had entered the Strip so far this month, compared to 3,000 truckloads in September.

In the war-torn enclave displaced refugees described the agency as “our only saviour” and said they would starve to death without its support.

“These children need at least bread to eat,” Rawan Sawaf, 34, a mother of five who has been displaced from Rafah, told The Telegraph on Monday. “There is nothing to feed them. We live on UNRWA aid. If its work stops, who will provide us with services?”

Saeed Al-Helou, 55, from Gaza City, said his family received food and medicine through the agency, and said he would be unable to feed his children.

“Their stopping work means a real disaster for us. We cannot buy food supplies such as canned food, lentils, rice, and others, not even flour. We have lived through the worst experiences during this war. Should we beg to feed our children?”

Rawan Al-Louh, 40, a mother of six from Rafah, said all her family had was two bags of flour and needed the agency to survive.

“We live on their help,” she said. “The situation is very difficult and tragic. We are suffering to obtain water, medicine, food, and other things. The conditions are difficult and our days pass with difficulty.

“Without UNRWA, people will die of disease and hunger.”","Neil Johnston, Ruwaida Amer","Foreign aid, Gaza, Politics, Benjamin Netanyahu, Standard, World News, United Nations, Israel-Hamas War, Keir Starmer",2024-10-29,CONTROL_Polish_Womens_Strike_2020_2024,sustained,True,0,"In, The, To"
https://www.telegraph.co.uk/world-news/2024/10/29/russia-test-nuclear-missiles-land-sea-air-massive-response/,The Telegraph,Russia carries out test for ‘massive’ nuclear strike on West,"Russia has test-fired nuclear missiles from land, sea and air as it simulated a “massive” response to an attack from the West.

Vladimir Putin also warned that Russia would respond to any attack with “overwhelming” nuclear firepower as this was its “ultimate” security.

“Taking into account growing geopolitical tensions and emerging new threats and risks, it’s important for us to have modern strategic forces that are always ready for combat,” the president said.

News agencies linked to the Kremlin said that the Russian military test-fired a Yars nuclear-capable intercontinental ballistic missile from the Plesetsk launchpad at the Kura testing range on the Kamchatka peninsula.

The Yars missile was developed in secret in 2007. It is a thermonuclear missile that can be armed with four warheads that are individually programmed to strike different targets.

Russia’s ministry of defence also said that two nuclear-powered submarines in the Barents Sea, in the Arctic, and the Sea of Okhotsk, in the Pacific Ocean, had fired ballistic missiles that can be armed with nuclear warheads.

Tu-95 strategic bombers also launched practice long-range cruise missile attacks.

On a live video feed, Andrey Belousov, Russia’s minister of defence, told Putin that the exercise simulated Russia’s “strategic offensive forces launching a massive nuclear strike in response to a nuclear strike by the enemy”.

In September, Putin lowered the threshold to launch a nuclear strike in Russia’s military doctrine. Analysts said that Russia’s nationwide nuclear test on Tuesday had been expected and planned for several months although, with more nuclear test-firing, there was a sense of increasing nuclear danger.

“Ten days after the US commenced Global Thunder nuclear exercise, Russia said it ‘practised launching a massive nuclear strike’,” said Hans Kristensen, director of the Nuclear Information Project at the Federation of American Scientists. “Important to add that these exercises are planned long in advance and not a direct reaction to the other.”

Ukraine is still trying to persuade its Western partners to allow it to fire Western-made long-range missiles at Russia, a move that the Kremlin has warned would trigger a major response.",James Kilner,"Nuclear weapons, US content, Russia-Ukraine invasion live, Vladimir Putin, Standard, World News",2024-10-29,CONTROL_Polish_Womens_Strike_2020_2024,sustained,True,0,"In, The, To"
https://www.telegraph.co.uk/business/2024/10/29/big-money-complicit-unravelling-american-democracy/,The Telegraph,Big money is complicit in the unravelling of American democracy,"America’s plutocrats are systemically complicit in the Trump restoration. Whether from ideological affinity, fear of retribution, or cynicism, big money is either passively or actively contributing to his attempts to subvert the anchor institutions of American democracy.

The US corporate world has either fallen silent or quietly “normalised” Donald Trump, as if the storming of Congress and the attempted coup d’état of Jan 6 had never happened.

The warnings of America’s top military officers can hardly be clearer. “A fascist to the core” and “the most dangerous person to this country”, says General Mark Milley, ex-chairman of the joint chiefs of staff.

A proto-dictator willing to throw off all constraints, is the verdict of General John Kelly, Trump’s White House chief of staff. It seems to fall on deaf ears.

More than 100 major companies vowed to cut off campaign funding for the 147 Republican congressmen who voted to decertify the election result in 2020 or persisted in claiming that Joe Biden had stolen the election. This corporate pledge has been comprehensively ignored.

An analysis of campaign finance records by Accountable.US shows that Amazon, Intel, Pfizer, Raytheon, Lockheed Martin, Oracle, Goldman Sachs, Allstate, General Motors, Ford, Boeing, GE, ADM, AT&T, J&J, Tyson, Walmart and Home Depot, among others, have since funnelled money to election deniers after saying they would not do so.

ProPublica says the percentage that goes to deniers makes up 75pc of total political funding for Alcoa, 62pc for Cheniere Energy, 57pc for NRG Energy, 40pc for ADM and 38pc for American Electric. Most oil majors never made the pledge in the first place.

The result of letting off all these putschists with a slap across the wrist is a Congress today with a composition unlikely to certify a victory by Kamala Harris, should she win by anything less than a landslide, and therefore creates the pre-conditions for political civil war.

This insouciance is in striking contrast to what happened in Brazil two years ago. The Chamber of Commerce, the Federation of Banks, and the São Paulo Federation of Industries, all joined a national front of civil society to resist Jair Bolsonaro’s assault on the rule of law, even if it meant enduring the soak-the-rich taxes of a Lula government.

Where is the US Chamber of Commerce today? We hear not a whisper because most of its members want Trump to win. This is understandable on a policy level. The Biden plan for a 25pc tax on unrealised capital gains – belatedly dropped by Kamala Harris – borders on economic lunacy.

But it is hard to separate this from the parallel fact that top executives stand to make a windfall from stock options if Trump cuts corporation tax from 21pc to 15pc, leading mechanically to a surge in equity prices (ceteris paribus). Harris wants to raise the tax to 28pc. Goldman Sachs estimates that this would lead to a 5pc haircut for stocks.

The National Association of Manufacturers has fallen silent as well. Has it forgotten its thundering condemnation of the putschists on Jan 6 2020, when it called for Trump’s immediate removal from office under the 25th Amendment?

“Throughout this whole disgusting episode, Trump has been cheered on by members of his own party, adding fuel to the distrust that has inflamed violent anger. It is mob rule. It is dangerous. This is sedition and should be treated as such,” it said.

Four years later the same body is quietly acquiescing as the same man stands again on the cusp of power, this time vowing to go even further: to stack the Justice Department with loyalists, to deploy the military to crush the “enemies within”, and to dismantle the checks and balances of American democracy from top to bottom.

Billionaire owners of two of the country’s great liberal newspapers have blocked editorials over the last week endorsing Kamala Harris. Patrick Soon-Shiong, the pharma tycoon, intervened at the Los Angeles Times, saying the publication should not aggravate political divisions. Three members of the editorial board have resigned.

“How could we spend eight years railing against Trump and the danger his leadership poses to the country and then fail to endorse the perfectly decent Democrat challenger – who we previously endorsed for the US Senate?” said Mariel Garza, head of editorials, in her resignation letter.

Much the same has happened at the Washington Post, the newspaper that brought down Richard Nixon for abuse of power over Watergate, a misdemeanour when set against insurrection. Staff accused Amazon’s Jeff Bezos of unconscionable meddling, calling it the “abandonment of the fundamental editorial convictions of the newspaper”.

Mr Bezos is right to fear Trump. Amazon alleged in a lawsuit in 2019 that it had lost a $10bn (£7.7bn) cloud computing contract with the Pentagon as punishment for earlier quarrels. But if Mr Bezos has too many irons in the fire to risk a fight, he should not be the proprietor of the Washington Post.

Collaboration takes many colours. We dwell too much on the faux-ridiculous Elon Musk, who has swung from staunch Democrat and climate apostle to Trump’s cheerleader-in-chief in barely two years, donating $132m of his own money to the cause and actively working to muddy the Pennsylvania election.

We can speculate about motives. Tesla is worth a small fraction of its $850bn market cap if it fails to secure regulatory approval for level four autonomous driving, reducing it to just another car company in a crowded global field for electric vehicles. He depends on federal contracts for his SpaceX satellites. Or has he just gone bonkers?

Less attention is devoted to all the other plutocrats either full-square behind Trump or willing to cross the moral picket line to help him, whether Marc Andreessen, the founder of Netscape, or Stephen Schwartzman, chief executive of Blackstone; Bill Ackman, boss of Pershing Square, or hedge fund king John Paulson.

And what are we to make of Microsoft’s Bill Gates or JP Morgan’s Jamie Dimon “tiptoeing around Trump” in the words of Vanity Fair? Everybody is lying low.

It is in poor taste, and generally unwise, to bring up the interwar years in Germany or Italy, but there is a loose parallel of sorts. Hitler could not have risen to power without the backing of the German economic elites, a pact sealed by his speech to the Industry Club in Düsseldorf in January 1932.

A circle around steel magnate Fritz Thyssen persuaded president Hindenburg to appoint Hitler as chancellor a year later, mistakenly thinking that they could control him. Thyssen himself came to regret it. He ended up in Dachau.

You can understand how it happened in Germany, where banks had collapsed, unemployment had hit 30pc and Bolshevism loomed large. But nothing of the sort is going on in America today. The economy is the envy of the world. Unemployment is 4.1pc. The US remains the paramount energy, technological and military superpower. And Comrade Kamala is no Spartacist.

The Trump phenomenon is a sociological paradox and so is la trahison des riches that feeds it.",Ambrose Evans-Pritchard,"US Politics, Opinion, Donald Trump, US economy, Comment, Ambrose Evans-Pritchard, Kamala Harris, Business, White House, US content",2024-10-29,CONTROL_Polish_Womens_Strike_2020_2024,sustained,True,0,"In, The, To"
https://www.telegraph.co.uk/business/2024/10/29/britain-high-paid-workforce-slumps-record-low-reeves-budget/,The Telegraph,High-paid workforce shrinks to record low,"Britain’s high-paid workforce has shrunk to a record-low, official data shows, as the Chancellor prepares to hand minimum-wage employees an inflation-busting pay rise.

The share of high-earning employees in the labour market has fallen to the lowest level since at least 1997, according to the Office for National Statistics (ONS).

High-earners now account for just 22.7pc of the UK workforce, a decline from a high of 26.4pc last reached in 2012.

The fall in high-paid jobs comes as workers brace for a tax grab in Rachel Reeves’s maiden Budget targeting those with the “broadest shoulders”, despite Labour’s manifesto pledges promising to shield “working people”.

She will simultaneously raise the National Living Wage by 6.7pc from next April, with some younger workers getting pay rises as large as 18pc.

The declining share of high-earners has accelerated in recent years amid high inflation and a round of mass lay-offs in the technology and banking sectors.

The ONS describes someone earning 1.5 times the median wage as a high-earner, meaning they make at least £25.63 an hour or around £53,450 annually if working full-time.

Luke Hildyard, of the High Pay Centre, said employers protecting lower-paid staff during the cost of living crisis had likely driven some of the fall.

He said: “We have had a period of intense pressure on cost of living and employers may have understandably sought to prioritise pay increases for lower-earners struggling to cover essentials like food, clothing, energy bills and rent.”

Over the same period the lower-paid workforce has also plunged, falling to 3.4pc of employees in 2024 from 9.8pc last year. In 2002, lower-paid workers made up 22pc of the jobs market.

The ONS defines this group as those earning less than £11.39 an hour, equivalent to around £23,750 a year full-time.

Describing someone earning just shy of £50,000 as highly paid “is not what most people would have in mind when they think of a high-earner”, Mr Hildyard warned.

He said: “For so-called high-earners who actually aren’t so far above the middle of the earnings distribution, policymakers certainly should and would want their pay to be growing, along with those in the middle and at the bottom.”

ONS data shows that people in jobs including social care and customer service have seen the biggest pay rises, ahead of professionals and managers, directors and senior officials.

Jack Kennedy, senior economist at Indeed, said: “We have seen quite subdued pay increases in higher-paid categories, at least in the last two or three years. A lot of the wage growth is driven by the bottom end of the market.”

The Chancellor is also expected to extend stealth levies like freezing income tax brackets and raising employers’ National Insurance contributions, often described as a tax on jobs.",Eir Nolsøe,"Rachel Reeves, The Budget, Business, Standard, HM Treasury, Tax rises, UK economy",2024-10-29,CONTROL_Polish_Womens_Strike_2020_2024,sustained,True,5,"Driving, The, Wage"
https://www.telegraph.co.uk/business/2024/10/29/hong-kongs-richest-man-mulls-investment-in-thames-water/,The Telegraph,Hong Kong’s richest man mulls Thames Water investment,"Hong Kong’s richest man is exploring plans to invest in Thames Water, as the troubled supplier seeks to raise billions of pounds to survive.

Li Ka-shing, who already owns a 75pc stake in Northumbrian Water, is mulling an investment package that would grant Thames Water an additional lifeline to stave off nationalisation.

It is understood Li Ka-shing’s CK Hutchison has been approached by bankers as part of Thames’s efforts to raise at least £3bn in new investment to stay afloat.

CK is unlikely to make a final investment decision until regulator Ofwat reveals how much Thames Water can raise household bills by in its final determination later this year.

However, any proposed investment would significantly strengthen Thames Water’s balance sheet, while also expanding the Hong Kong tycoon’s sprawling network of assets in the UK.

As well as a majority stake in Northumbrian Water, CK Group also owns a stake in Northern Gas Networks and a portfolio of 32 onshore wind farms. It also owns the retailer Superdrug and mobile network Three.

It comes just days after bosses of Thames Water announced an emergency £3bn cash injection from a group of creditors.

Thames said in an update last Friday that the proposed financing would allow it to stave off collapse up until at least October 2025, having previously warned it could run out of cash by December this year.

The proposed deal will include an initial £1.5bn payment from senior creditors, with the capacity for a further £1.5bn split across two tranches.

However, Chris Weston, chief executive of Thames, stressed that the investment from creditors would not derail its separate equity-raising process, which is being led by bankers at Rothschild.

He said last week: “The liquidity extension acts like a bridge that enables us to carry on discussing with both potential providers of equity and also our creditors about what Thames’s balance sheet should look like.”

It is understood that the fundraising process has also drawn interest from investment giants Brookfield Infrastructure Partners and Global Infrastructure Partners, as well as Carlyle, the US private equity house, and Castle Water, a supplier backed by the billionaire Pears’ property dynasty.

Industry sources said that private equity firm I Squared Capital had also been approached.

However, Northumbrian, which is not seeking a full takeover bid of Thames, could emerge as a potential frontrunner.

Any investment would serve as a relief for Sir Keir Starmer, who has so far resisted attempts to nationalise Thames Water, which remains burdened by a £16bn debt pile.

The company has been seeking new backers ever since it was abandoned by a consortium of shareholders in April.

At the time, the cast of deep-pocketed investors claimed tough regulatory conditions had rendered the utility company’s business plan “uninvestable”.

CK Infrastructure declined to comment.","Luke Barr, Ben Marlow","Water and sanitation, Debt, Utilities and support services, Mergers and acquisitions, Business, Standard",2024-10-29,CONTROL_Polish_Womens_Strike_2020_2024,sustained,True,0,"In, The, To"
https://www.telegraph.co.uk/food-and-drink/wine/comparing-english-fizz-and-supermarket-champagne/,The Telegraph,Can cheap supermarket fizz compete with English sparkling wine? I tried nine bottles to find out,"With so many English sparkling wines now jostling for space on the shelves alongside more familiar champagnes, one question is being asked (a lot). Why pay more for English bubbly than champagne?

The cheapest champagnes retail for as little as £13.99 (see the “house” versions from Lidl and Aldi, below), while the best-selling English sparkling wines (ESWs) tend to cost around £35 at full price, only dropping to between £22 and £30 when on special offer, still a difference of at least £8. Then there’s the intriguing fact that some champagne producers have been crossing the Channel to make wines in southern England; Pommery and Taittinger have established wineries in Hampshire and Kent respectively in recent years.

What champagne and ESW have in common

First, let’s start with the similarities. Champagne can only be made in the Champagne region of northern France according to the méthode traditionnelle which involves a second fermentation in bottle and long yeast-ageing – and almost all ESWs follow suit. Most would agree this is the best way to produce complex, elegant, age-worthy sparklers.

Second, champagne uses three main grape varieties: chardonnay, pinot meunier and pinot noir. Although there are exceptions, most English fizz is made with one or more of these grapes too. And some English vineyards have chalky soils much like Champagne’s, although how much influence that has on the finished wines is the subject of debate.

And the differences

Unsurprisingly, it is colder in the UK than in northern France. Will Perkins, grape farmer and head winemaker for Louis Pommery England, says the harvest in Champagne is generally much earlier than the English one: “This year at Champagne Pommery it was from 10 to 23 September while it took place from 13 to 24 October at our English vineyard.” The longer growing season could mean increased labour and energy costs for UK producers.

While Champagne is not without its weather-related problems, here late frosts in April/early May and poor picking conditions into later autumn can make grape growing precarious in difficult years, something that will push up the price of the finished wines.

Grape yields also tend to be lower in our cooler climate. Perkins says Champagne Pommery yields are typically 8,500 kilos per hectare (about 2.5 acres) while his English vines produced 6,500 kilos per hectare this year. This isn’t only because of the cooler climate, it’s also due to higher-density planting in Champagne. “The same area of land in Champagne might be twice as densely planted as in England,” he says.

Another important factor that determines the cost of ESWs is the relatively small size of the wineries and viable vineyard areas to plant on. There are few, if any, economies of scale here compared to Champagne, and although that may change as some English wineries expand, it will be limited by the number of suitable sites.

Making traditional method sparkling wine is a meticulous, labour-intensive process that is very expensive indeed. Add in a small winery with limited vineyard space and occasional bad vintages where few grapes are produced, and you start to see why ESWs cost more than cheaper champagnes.

The effect on flavour

This difference in climate results in slightly lower alcohol levels in ESWs (typically 12 per cent; sometimes 11.5 per cent) than in champagne (typically 12.5 per cent) and more pronounced acidity. Expect a tingling, whistle-clean, lemony streak in a typical young ESW but somewhat richer, broader flavours in champagne.

If you prefer your sparklers more bracingly crisp and “lifted”, with lots of apple and lemon, then you may well favour ESWs over champagne and you might be prepared to pay extra for one. Lovers of a richer, riper style that’s more rounded and yeasty might plump for champagne instead. If you are serving an aperitif designed to wake up the palate, or as a match for oysters or other simple seafood, ESWs can be better at the job. But if you are pairing your fizz with richer food, say, savoury pastry canapés, fish in creamy sauces, lightly spiced dishes, then champagne is probably a better bet.

Of course, I am generalising since all wineries make somewhat different styles. Decisions around sweetness/dryness, the blend of varieties, the use of older reserve wines in a non-vintage blend and the length of bottle ageing on the yeast lees will come down to the individual winemaker, but it’s a generalisation that held true in the taste test here.

It’s been said that the top English sparkling wines of today taste much like youthful champagne used to taste fifty years ago. I wasn’t (quite) old enough to drink champagne back then but I can imagine there’s something in this. It will be fascinating to see how the character of today’s released ESWs, with their crisp acidity, develop over the next decade or two.

Cheap champagne vs English sparkling wine

I tried the two cheapest supermarket champagnes from Aldi and Lidl alongside five of the best-known English sparkling wines and all were impressive. Ultimately, your choice about whether to spend more will come down to personal taste and when – or with what – you’re serving it.

Champagnes

Champagne Veuve Monsigny No.III Brut, France (12.5%, Aldi, £14.99)

Aldi’s house champagne is golden-straw in colour and has big, lively bubbles, with a relatively rich, yeasty scent. It tastes rather riper and more rounded than the ESWs here and although there’s some green apple lifting it, the finish is a little softer. It’s 40 per cent chardonnay, 40 per cent pinot noir and 20 per cent pinot meunier from limestone-rich soils, aged for five years on its lees.

Champagne Comte de Senneval Brut NV, France (12.5%, Lidl, £13.99)

Lidl’s equivalent has aromas of red fruit, with raspberry yoghurt and lightly toasted bread. Much yeastier than the ESWs here, it still has lively acidity to balance it out but softer notes, finishing on tea biscuit and light toast. It’s red-grape dominant, with 80 per cent pinot noir and meunier and 20 per cent chardonnay, aged for 15 months on the lees.

English sparkling wines

Denbies Greenfields Brut NV, Surrey (12%, denbies.co.uk, £25; Grape Britannia, £27.99)

This pale straw blend of 56 per cent pinot noir, 32 per cent chardonnay and 12 per cent pinot meunier from North Downs chalky soils is aged on the yeast lees for a minimum of three years before release. It speaks of a cool climate and is the most “English” of this group of ESWs in that it displays very fresh acidity, with bright, tingling lemon, grapefruit and green apples, a twist of white pepper and even a dab of mint.

Chapel Down Brut NV, Kent (12%, Sainsbury’s, £28.50; Majestic, £35 or £30 in a mixed six until 18 November, Waitrose £29.99 or £22.49 in a mixed six until 29 October; masterofmalt.com, £26.99)

Chapel Down’s main release is a little more golden-hued and also has pronounced though balanced acidity, with crunchy red apple, lemon and tangerine fruit. It’s a little richer on the finish when baked apples and light biscuit notes appear. It’s 45 per cent chardonnay, 41 per cent pinot noir, 11 per cent pinot meunier with a tiny amount of pinot blanc, aged in the bottle on its lees for an average of 18 months.

Ridgeview Bloomsbury NV, West Sussex (12%, Waitrose, £34.99; Majestic £40 or £22.50 in a mixed six; Strictly Wine, £38.25, down to £29.99 in case of three; The English Vine, £32.99, down to £29.69 in a mixed case of 12)

The Bloomsbury cuvée is slightly brighter gold again, with a lovely aroma of lemon mousse, tea biscuit and hazelnut. There’s chopped apple and nectarine among the flavours, crisp acidity but also a subtle element of brioche and sweet pastry, before a tangy orange streak on the finish. It’s chardonnay-dominant at 61 per cent with 27 per cent pinot noir, 12 per cent pinot meunier and aged on its lees for 18 months on average.

Nyetimber Classic Cuvée MV (multi-vintage), West Sussex (12%, Field & Fawcett, £35.50; Waitrose £39.99; Majestic £45 or £29 in a mixed six)

The richest gold yet, with slightly bigger bubbles. The scent has a distinct creaminess, light nuttiness, pineapple yoghurt and a hint of red berries. On the palate there’s that distinctively English hit of firm acidity and more pineapple, wild strawberry and sweet hay. Ends dry and lifted. Fruit comes from Nyetimber’s vineyards in Sussex, Hampshire and Kent. A blend of 55-65 per cent chardonnay, 30-40 per cent pinot noir and 5-15 per cent pinot meunier, aged for “more than three years” on its lees.

Hattingley Classic Reserve Brut NV, Hampshire (12%, Waitrose, £33.99; Grape Britannia £31.99; Wickhams, £37.30 down to £33.75 in a mixed six)

Bright yellow-gold toned. With digestive biscuits and baked yellow apples and crème patissière on the nose, it seems rich but the palate reveals – guess what? – more lifted, fresh acidity, as well as tarte au citron, vanilla custard, hazelnut yoghurt and melon. Tastes slightly softer, less bone dry than the other ESWs here. A blend of 50 per cent chardonnay, 35 per cent pinot noir, 15 per cent pinot meunier, it spends four years on lees.",Susy Atkins,"Lifestyle, Lidl, Aldi GmbH, Standard, Food and drink, Sparkling wine, Susy Atkins, Wine, English wine, US content, Champagne",2024-10-29,CONTROL_Polish_Womens_Strike_2020_2024,sustained,True,9,"Plans, Spain, Wine"
https://www.telegraph.co.uk/global-health/science-and-disease/world-to-miss-tb-targets-without-technological-breakthrough/,The Telegraph,World will miss ambitious TB targets without urgent technological breakthroughs,"The world will not hit ambitious targets to cut its deadliest infectious disease without urgent technological breakthroughs, an annual survey of tuberculosis has found.

The bacterial disease killed an estimated 1.25m people last year, slightly down from the year before, but it reclaimed its top slot as the planet’s biggest infectious killer, after three years behind Covid-19.

TB rates across the world did show signs of plateauing, the World Health Organization (WHO) report said, but there had been a worrying sharp rise in cases across the Americas.

Experts said it was a “particular concern” that the incidence rate had risen a fifth across North and South America since 2015, while it had largely fallen elsewhere.

Some 10.8m people fell ill with TB in 2023, up from 10.7m the year before, though the overall incidence rate was almost unchanged at around 134 new cases per per 100, 000 people.

Those figures mean the world appears set to fall well short of goals to bring sharp reductions in TB deaths and infections over the next decade.

Officials aimed to cut deaths to a quarter of their 2015 level by 2025. So far they have fallen 23 per cent. TB incidence was supposed to be cut by half over the same period and has only fallen by eight per cent so far.

The targets “cannot be met without intensified research and innovation”, the report concludes.

“Major technological breakthroughs are urgently needed to accelerate the annual decline in the global TB incidence rate.”

“Priorities include new vaccines to reduce the risk of infection, new vaccines or preventive drug treatments to cut the risk of TB disease in people already infected, rapid diagnostic tests for accurate detection of TB disease at the point of care, and simpler, shorter treatments for TB disease.”

TB researchers are excited by a healthy pipeline of new vaccines under development to supplement the century-old ‘BCG jab’, but each faces years of clinical trials.

One of the most promising candidates, called M72/AS01E, may be able to save millions of lives in the coming year, but trials which began this year may stretch to 2029.

However funding for new research and vaccines was lacking, the report said, with donors pledging only a fifth of what was needed.

The report showed a mixed picture of the toll of the disease around the world, with developing and middle income countries hit hardest. The most vulnerable are the poor, the hungry and those on drugs.

Five countries account for nearly three-in-five of the worldwide total of cases: India (26 per cent), Indonesia (10 per cent), China (6.8 per cent), the Philippines (6.8 per cent) and Pakistan (6.3 per cent).

Rates are falling in most regions of the world, except for the Americas and the Western Pacific.

Earlier this year, a study led by researchers from California’s Stanford University found that booming prison populations across Latin America were driving TB rates in the region.

The number of people locked in the region has jumped four-fold in the past 30 years and the study found prison, with its overcrowding and poor ventilation, was responsible for a third of all TB cases.

America’s Centres for Disease Control earlier this year reported that after decades of declines, rates in the US had started to creep back up after the pandemic and had risen back to 2013 levels.

The worst hit were people born outside the country, Black people and Native Americans.",Ben Farmer,"Global Health Security, World Health Organisation, Tuberculosis (TB), Science &amp; Disease, Standard",2024-10-29,CONTROL_Polish_Womens_Strike_2020_2024,sustained,True,0,"In, The, To"
https://www.telegraph.co.uk/money/tax/non-dom-tax-status-what-rules-changing/,The Telegraph,Non-dom tax status: what is it and how is it changing?,"The terms “non-dom” is short for non-domiciled, and in Britain relates to someone who lives in the UK, but whose permanent residence for tax purposes is registered abroad.

The status can come with significant tax breaks – but it’s all set to change as Labour is intending to remove domicile status from the UK tax system from April 2025 as part of its public spending audit.

Here, Telegraph Money explains what the non-dom tax rules are currently, what’s due to change, and how you might be affected. This guide will cover:

What is a non-dom?

A “non-dom” is a UK citizen whose permanent residence is registered abroad.

They only have to pay UK tax on the money they earn here in the UK – so they aren’t taxed on earnings made overseas, which in many cases will be substantial.

The special tax treatment is not available to ordinary UK taxpayers, even though the non-doms may spend most of their time in the UK and have lived here for several years.

Why are non-doms controversial?

Non-doms have long been a source of contention because while the generous tax breaks are entirely legal they predominantly benefit wealthy foreigners.

One in five bankers were reported to be non-doms in 2022, according to the London School of Economics, and four in 10 individuals who earned £5m or more in 2018 had claimed non-dom status at some point.

However, supporters of the regime argue that non-doms should be allowed to retain the tax relief, as having these wealthy individuals in Britain comes with benefits.

If the Government abolishes the regime it could cost the UK £6.5bn by 2035, and 23,000 jobs by 2030, according to the Adam Smith Institute. This would be due to lower investment, a drop in tax revenue, reduced consumption, and a resulting loss of jobs.

What does being a non-dom mean for tax?

Non-doms can make significant tax savings, as they do not have to cough up income tax or capital gains tax on investments and other assets held overseas.

They also benefit significantly from potential inheritance tax savings (IHT). While a normal UK resident’s worldwide estate is subject to 40pc taxation after £325,000 (plus an extra allowance for family homes), a non-dom is only taxed on their UK assets, so their assets held abroad are immune to the UK’s hefty death duties.

Non-doms must pay UK tax on foreign income and foreign gains if and when they are brought (or remitted) to UK accounts.

Rishi Sunak’s wife, Akshata Murty, was criticised after it emerged she had held non-domiciled tax status as an Indian citizen.

It meant she had not paid UK tax on overseas income, including dividends on her shareholding in the IT giant Infosys. Ms Murty has since voluntarily decided to pay tax in the UK on her worldwide income.

How do you become a non-dom?

A non-dom must demonstrate to HM Revenue and Customs that their domicile (permanent home) is in another country.

Your domicile is usually the country your father considered his permanent home when you were born, so it’s not necessarily related to your nationality or country of birth. This has led to the situation of somebody living in the UK for virtually their entire life but maintaining an overseas domicile as their father lived abroad when they were born.

If you were born in the UK, you are likely to start off with a UK domicile and losing it is difficult.

However, it may be possible, particularly where people retire to another country with no intention of returning to the UK. The law surrounding this area is complex, so if you’re planning on trying to gauge whether your overseas move can open the door to non-dom status, it’s best to speak to a regulated financial adviser.

How long can you live in the UK with non-dom status?

While non-doms can currently reap the rewards of special tax treatment, the benefits are not forever immune to UK taxation. Essentially, the perks begin to be eroded after seven years, before disappearing entirely after 15 years.

Non-doms have to pay a £30,000 annual “remittance charge” after being resident in the UK for seven of the previous nine tax years. This rises to £60,000 after being resident for 12 of the past 14 tax years.

In 2017 the rules were changed, so that someone who has lived in the UK for at least 15 of the past 20 years automatically becomes domiciled in the UK – and they lose their non-dom status. As a result of this, the number of non-doms in the UK has plummeted from 85,000 to 55,000 since 2017, as shown in the graph below.

How are the non-dom rules changing?

The previous Conservative government introduced the plans to change the generous tax breaks for non-domiciled individuals in its 2024 Budget. Labour has since committed to continuing the plans – going a step further to close a “loophole” that allows non-doms to move money into an offshore trust before the ban comes into place in April 2025.

In its public spending audit, the Government confirmed the concept of “domicile status” will be removed from the tax system from April 2025 and replaced with “a new internationally competitive residence-based regime”.

As of next April, with new arrivals to the UK paying the same tax as everyone else after four years. New arrivals to the UK will receive 100pc tax relief on their foreign income and gains for their first four years of tax residence, as long as they have been non-resident for the past 10 years.

To help transition to the new rules, there will be a Temporary Repatriation Facility (TRF), so people can bring pre-April 2025 foreign income and gains held offshore into the UK at a reduced rate of tax.

There may also be tweaks to the policy that make it less punishing to non-doms, due to concerns that the measures would backfire if they forced non-doms to leave the country. One option could be reducing the amount of inheritance tax non-doms would have to pay as a result of the changes.

Further costings are expected to be published at the Budget, on October 30.

How much tax will be recouped through abolishing the non-dom tax regime?

Labour is yet to announce its full costings of the non-doms policy.

However, Telegraph analysis found that Labour’s crackdown on non-doms will bring in just £8,000 per person, raising the possibility that it may cost more than it raises, should wealth be driven away from Britain.

Under the Conservatives’ plans, ending the regime would raise an estimated £3.6bn in tax for the Treasury, according to a report by the University of Warwick and the LSE.

The researchers estimated that non-doms hold £10.9bn in income and gains overseas which could be brought into the scope of the UK’s tax system if the regime was scrapped.

However, experts warned that doing away with the generous tax break could drive non-doms to pack their bags and head elsewhere.

The chart below shows how much tax the Treasury has taken from non-doms claiming the “remittance basis”.

According to HMRC, only 55,200 taxpayers claimed to be non-domiciled in 2022, representing 0.08pc of the UK population.

Of these, 37,000 non-doms claiming the “remittance basis” paid over £6bn in tax in 2020-21.",Joe Wright,"Better Life Evergreen, Tax, Better Life Guide, Tax cuts, Standard, Money-Explain, Tax rises, Money",2024-10-29,CONTROL_Polish_Womens_Strike_2020_2024,sustained,True,7,"Free, Irs, Tax"
https://www.telegraph.co.uk/money/tax/rachel-reeves-national-insurance-raise-half-predicts/,The Telegraph,Why Reeves’s National Insurance raid will bring in nowhere near £20bn,"Rachel Reeves’s National Insurance raid on employers will raise “closer to half” of the £20bn she projects, a leading think tank has warned.

Tomorrow the Chancellor is expected to increase employers’ National Insurance by up to 2pc in order to fund the NHS and plug a fiscal black hole.

Ms Reeves will also slash the earnings threshold at which employers start making National Insurance contributions, according to reports.

Despite this, Helen Miller, of the Institute for Fiscal Studies, said that Government costings failed to account for the “knock-on effect” of the strategy which would reduce the money generated from other taxes.For example, the National Insurance increase on businesses would lower their profits or prompt them to reduce their workers’ wages.

Ms Reeves’s overhaul of the system was expected to raise about £20bn for the Treasury.

The tax take will be confirmed tomorrow by the Office for Budget Responsibility (OBR) in its policy costings document or “scorecard”.

However, the National Insurance increase will also have knock-on economic effects which the OBR will capture in its overall tax revenue figures also published tomorrow, but not in its scorecard.

Posting on the platform X, Miller said: “The scorecard will not account for the fact that higher employer National Insurance contributions MUST lower some other tax bases – e.g. lowering firms’ profits or workers’ wages

“This knock-on effect will be picked up in the OBR’s overall modelling of profits, wages & tax revenues

“There’s speculation about a potential £20bn rise in employer National Insurance contributions but, in reality, £20bn on the scorecard would mean something closer to half of that in the Treasury coffers.”

Miller went on to say that this was “not a secret or a trick” but a consequence of how the OBR separates policy costings and macroeconomic forecasts.

There is often a difference between the actual tax raised by a policy change and the figure included on the OBR’s scorecard. “For other tax rises, this difference is usually very small,” Miller said.

However, the knock-on effect of increasing employer National Insurance is expected to be much bigger because of the scale of the change.

Employers currently pay National Insurance of 13.8pc on a worker’s earnings above £175 a week.

According to HM Revenue and Customs figures, a one percentage point increase in employer contributions would raise about £8.5bn per year. However, the IFS estimates the tax rise would actually generate £4.5bn if it was fully passed through to workers.

The OBR includes “direct behavioural effects” in its costings but not indirect effects such as changes in “employment, investment, consumer spending or inflation” resulting from policies.

The watchdog will sometimes flag in its outlook where the indirect effects of large measures have been captured in the forecast.

‘Smaller businesses won’t be able to weather the storm’

Tax experts have warned that an increase in employer National Insurance contributions would ultimately hit workers by making it more expensive for companies to hire and retain staff.

Andrew Timpson, of accountancy firm RSM, said: “If employers’ National Insurance contributions are increased, there’s likely to be a domino effect, starting with pay freezes, slower wage growth, a pause on recruitment then potential job losses.

“This will be particularly prevalent among smaller businesses, which won’t be able to weather the storm of both NIC increases and a rise in National Minimum Wage.”

Robert Salter, of accountancy firm Blick Rothenberg, said the tax rise could be a drag on the economy.

“It could reduce labour demand. Businesses may look to offshore labour because it’s cheaper. It could encourage them to use artificial intelligence more. People may well lose their jobs.”

He added there could also be an inflationary effect in the long term. “In most sectors I think companies will try and pass on their labour costs to consumers.”

The Chancellor is expected to announce as much as £35bn in tax rises in tomorrow’s Budget in order to repair the public finances and boost funding for the NHS.",Charlotte Gifford,"Tax, Rachel Reeves, The Budget, Standard, National insurance, Tax rises, Money",2024-10-29,CONTROL_Polish_Womens_Strike_2020_2024,sustained,True,0,"In, The, To"
https://www.telegraph.co.uk/news/2024/10/29/bma-cass-review-child-gender-services-scotland/,The Telegraph,"BMA attack on Cass review was ‘based on blog’, Scotland’s chief medical officer says","A British Medical Association attack on the Cass review into child gender services was based in part on a blog that lacked scientific credibility, Scotland’s chief medical officer has said.

Sir Gregor Smith said it was striking that Britain’s doctors’ union had now backed away from its call for implementation of the landmark review to be paused, after a backlash from its own members.

In August, the BMA had called for a ban on puberty blockers to be lifted, citing medical and academic concerns about “weaknesses in the methodologies used” by Baroness Cass.

The intervention was leapt on by trans rights activists who have repeatedly attacked the review and in some cases spread disinformation about it.

However, giving evidence to MSPs at Holyrood, Sir Gregor said two evidence papers on which the BMA based its claims had been quickly debunked.

“One was essentially a blog and opinion rather than any research paper,” he said. “They were critiqued through normal scientific process, and the credibility was undermined quite significantly as a consequence of that.

“There were really quite marked flaws, from what I have seen, in the way that these two papers approached the critique of Cass.”

He added: “Scientific process is really important. Unfortunately, there is much that has been written about gender identity services, about the Cass review itself, which doesn’t have that scientific rigour.”

Baroness Cass’s review has led to widespread changes to how children with gender issues are treated throughout the UK.

Puberty blockers are no longer prescribed to new patients after she highlighted a lack of evidence that they were safe, with the Scottish Government accepting the finding in full.

Baroness Cass also called for in-depth assessments to identify underlying reasons which may have led to children experiencing gender distress, in what was seen as endorsing a move away from the “affirmative” model previously widely used.

Medical pathway

The review raised concerns about the dangers of rushing children on to a medical pathway, involving hormones and potentially surgeries in later life, which may not be in their interests.

Holyrood’s health and sport committee heard on Tuesday that of those on the waiting list for Scotland’s only child gender clinic, at the Sandyford in Glasgow, high numbers had other mental health or developmental issues.

One-in-three on the waiting list had a diagnosis of a mental health condition and two thirds had a neurodevelopmental condition, such as autism, MSPs were told.

Sir Gregor also rejected comments from Gillian Mackay, the Green MSP, who raised suggestions that the move to suspend puberty blockers was “ideologically driven”.

He said: “In any of the discussions I’ve been a part of, I’ve never seen evidence of an ideology driving this.

“I’ve seen evidence of a real desire to get to the bottom of where the evidence lies, either in support or against the use of these drugs.”

Last month, the BMA reversed its attack on the Cass review, saying it would be adopting a “neutral” position after about 1,000 doctors signed an open letter attacking its previous stance.

The BMA said it would carry out a review of Cass but that this would be “evidence-led” and start from “a position of neutrality”.",Daniel Sanderson,"Transgender, UK News, Standard, News, Scotland, Children's health, British Medical Association (BMA), US content",2024-10-29,CONTROL_Polish_Womens_Strike_2020_2024,sustained,True,0,"In, The, To"
https://www.telegraph.co.uk/news/2024/10/29/the-daily-t-polling-seven-swing-states-decide-us-election/,The Telegraph,The Daily T: Your guide to the seven states that decide the US election,"From the states to watch to the stats to know, this is your ultimate audio guide to the US election.

Kamal and Gordon Rayner are joined by US Editor Tony Diver to explain how the electoral college system works, why just seven states will decide the election next week, and which issues are driving voters on each side to the ballot box.

So who will win each swing state? Data Editor Ben Butcher gives The Telegraph’s predictions and looks at how reliable the polling is from the US.

Plus, the team answer your questions, from when we’ll know the result to what President Joe Biden has been up to.

Watch episodes of the Daily T here. You can also listen on Spotify, Apple Podcasts, or wherever you get your podcasts, and subscribe to The Daily T newsletter for updates.","Kamal Ahmed, Gordon Rayner, Tony Diver, Ben Butcher","The Daily T podcast, Donald Trump, Kamala Harris, Standard, News, US Election, Swing states",2024-10-29,CONTROL_Polish_Womens_Strike_2020_2024,sustained,True,0,"In, The, To"
https://www.telegraph.co.uk/news/2024/10/29/viktor-orban-hungary-georgia-election-putin-stooge/,The Telegraph,For once the Left is right. Viktor Orban is Putin’s stooge,"For once the Left is right: Viktor Orban is now Putin’s stooge to such an extent that he has turned a blind eye to the blatant rigging of Sunday’s election in Georgia. On Monday the Hungarian Prime Minister turned up in Tbilisi to hail the pro-Russian Georgian Dream party’s “overwhelming victory”.

While most Western observers have condemned wholesale irregularities – including ballot box stuffing, voter intimidation and bribery – Orban was fulsome in his praise for “this free and democratic election”. He added that Georgia had made the “pro-European choice” – even though the Caucasian republic’s increasingly authoritarian government has jeopardised its EU candidacy.

Orban’s trip to Tbilisi is deliberately provocative, but in one sense he does speak for Europe. At present Hungary holds the rotating presidency of the European Union’s Council of Ministers. Nothing that Orban’s EU colleagues say or do will stop him exploiting this role to endorse a regime that patently prefers Moscow to Brussels or Washington.

Whether Orban’s endorsement actually confers legitimacy on the Georgian Dream government will depend on how far the West is prepared to go. The US Secretary of State Antony Blinken has refused to recognise Sunday’s election and called for further investigation, while most European governments are also holding back.

But they have stopped short of declaring solidarity with the French-born Georgian President, Salome Zourabichvili. She has denounced the election as a fraud, in defiance of Georgian Dream and its all-powerful founder, the billionaire oligarch Bidzina Ivanishvili.

Last spring the country was convulsed by protests against a draconian law against “foreign interference” brought in by the Prime Minister Irakli Kobakhidze, seen as Ivanishvili’s loyal crony.

Ivanishvili and Kobakhidze both subscribe to the “Global War Party” conspiracy theory, which claims that a shady Western alliance has manipulated Georgia and Ukraine into war against Russia. Unsurprisingly, they believe that George Soros is behind the conspiracy – the Hungarian-born American billionaire whom Orban has demonised for decades.

Speaking yesterday, Orban echoed this theory, congratulating Georgians for “having voted for peace” and “not letting your country become a second Ukraine”. The implication was clear: under Georgian Dream, there would be no repetition of the Russian invasion of 2008, which cost Georgia the provinces of South Ossetia and Abkhazia.

Orban has used similar rhetoric before, for example on his “peace mission” to Moscow in the summer. The Hungarian’s attempt to blame the war in Ukraine on neoconservative hawks in the West, rather than on Putin, strikes a chord with Donald Trump’s Republicans and others across the political spectrum in Europe.

In July Orban visited Trump in Mar-a-Lago, where they agreed on a wide range of issues. The Hungarian leader has promised to “open several bottles of champagne” if Trump regains the presidency next week. For his part, the former US President has praised Orban as “a tough person” and even as his “twin”.

Orban’s appearance in Tbilisi this week suggests that he hopes to play the role of trusted middleman between Trump and Putin, perhaps helping to broker a deal between Nato and Russia to end the war in Ukraine.

However, Orban is now deeply distrusted in most Western capitals – especially in Kyiv. It is hard to imagine Volodymyr Zelensky agreeing to give Hungary (which has territorial claims on the Ukrainian region of Transcarpathia) any role at all in future peace talks.

Until 1989, Viktor Orban was an anti-Soviet dissident and in the immediate post-Cold War period his party, Fidesz, was a pillar of Hungarian democracy. Now Orban is a role model for “strongmen” who curry favour with the Kremlin and Fidesz provides a blueprint for authoritarian regime change. From the scourge of Hungarian “goulash” communism to Putin’s stooge has been a long journey, but Orban seems now to have reached his final destination.

Georgia is only the latest country to be dragged back into the Russian sphere of influence. If the US were to retreat into isolationism, Ukraine would surely be next to be forced into submission. Were that to happen, the sound of champagne corks popping in Budapest would reverberate across Europe.",Daniel Johnson,"Opinion, Politics, Viktor Orban, Russia-Ukraine war, Comment, Vladimir Putin, News, European Union, Republic of Georgia, US content, Hungary",2024-10-29,CONTROL_Polish_Womens_Strike_2020_2024,sustained,True,0,"In, The, To"
https://www.telegraph.co.uk/politics/2024/10/29/health-secretary-wes-streeting-assisted-dying-nhs-care/,The Telegraph,Health Secretary says he changed his mind on assisted dying over poor NHS palliative care,"Wes Streeting said he had not intended to “wade into the debate” about legalising assisted dying but was asked a question about his stance and “gave an honest answer”.

The Health Secretary told Labour MPs at a meeting of the parliamentary party last week that he will vote against the Bill to legalise assisted dying over concerns regarding the state of palliative care in the UK.

The intervention was highly significant given that ministers were warned by the Cabinet Secretary not to share their views at the dispatch box or in the media.

Speaking to ITV’s Good Morning Britain on Tuesday morning, Mr Streeting defended the intervention, saying: “The Government is neutral. Ministers are able to vote however we want. We’re subjected to a free vote.

“I hadn’t actually intended to wade into the debate last week. I was asked the question at a private meeting of the Parliamentary Labour Party by a colleague, and I gave an honest answer.”

Explaining his stance, the Health Secretary said: “I’ve come down this time on voting against the Bill on the basis that I worry about palliative care, end-of-life care not being good enough to give people a real choice.

“I worry about the risk of people being coerced into taking this route towards the end of their life.

“And I also worry, even where you’ve got really loving families who are very supportive, I really worry about those people who think they’ve almost got a duty to die to relieve the burden on their loved ones, and I’ve had to weigh those issues up against the very powerful arguments on the other side of the argument as well.”

Mr Streeting is now the second member of the Cabinet to explicitly state that he will vote against the legislation, after Shabana Mahmood, the Justice Secretary.

The proposals, which MPs will have a free vote on in November, would allow those who have six months to live to be assisted to end their life, subject to safeguards.

Mr Streeting previously voted to legalise assisted dying in 2015, but has since reversed his stance ahead of next month’s landmark vote and will not back a law change.

Kim Leadbeater, the backbench Labour MP behind the the Terminally Ill Adults (End of Life) Bill, has described it as a “very robust piece of legislation” with “layers and layers of protections” built in.",Jacob Freedland,"NHS (National Health Service), Labour Party, UK News, Politics, Wes Streeting, Standard, News, Assisted dying",2024-10-29,CONTROL_Polish_Womens_Strike_2020_2024,sustained,True,0,"In, The, To"
https://www.telegraph.co.uk/politics/2024/10/29/humza-yousaf-apology-scotland-lawyer-tory-swearing/,The Telegraph,Humza Yousaf issues apology after branding top Scottish lawyer a ‘Tory f---wit’,"Humza Yousaf called one of Scotland’s most senior lawyers a “Tory f---wit”, his WhatsApp messages reveal.

The former first minister apologised for the language he used to describe Roddy Dunlop KC, who is dean of the Faculty of Advocates.

The message was unearthed in a tranche of WhatsApp messages sent during the pandemic obtained by a member of the public in response to a Freedom of Information request.

They include exchanges between Mr Yousaf and Jason Leitch, who was the Scottish Government’s national clinical director until earlier this year, which have not previously been made public.

At 10.50pm on May 31, 2021, Mr Yousaf, then the health secretary, wrote to Mr Leitch: “Dunlop is a Tory f---wit. Remember Twitter isn’t real life!”

The reason for the attack is not clear in the documents due to redactions, but earlier that day Mr Dunlop had been critical of comments made by Mr Leitch to the BBC.

The lawyer highlighted what he saw as inconsistencies in lockdown rules, as thousands of football fans were allowed to gather in a fan zone while the hospitality industry faced harsh restrictions.

Mr Dunlop said on Tuesday that he found Mr Yousaf’s attack on him “quite amusing” and had not taken offence.

He told The Scotsman that Mr Yousaf had called him to apologise after his comment became public, which he had accepted.

Writing on X Mr Dunlop said: “Does anyone know where I can get a T shirt printed with my new moniker?”

A spokesman for Mr Yousaf said: “The emergency phase of Covid, in particular, was a stressful, emotive and high-pressured time for everyone.

“These messages were intended to be private communications between two colleagues.

“Notwithstanding this, Humza regrets the language used, particularly given the professional and personal respect he has for Roddy Dunlop KC.”

Other messages previously released by the UK Covid Inquiry show that Nicola Sturgeon branded Boris Johnson a “f---ing clown” in private messages with Liz Loyd, her chief of staff.

While Ms Sturgeon had controversially wiped her messages, some of them were retained by Ms Lloyd and handed to the inquiry.

They also showed how the SNP was keen for a public spat with the UK Government at the height of the pandemic, despite senior figures previously insisting they had not sought to politicise the crisis.

Ms Sturgeon wrote on Oct 31, 2020, as Mr Johnson was announcing a second lockdown: “His utter incompetence in every sense is now offending me on behalf of politicians everywhere. He is a f---ing clown.”",Daniel Sanderson,"Humza Yousaf, UK News, Politics, Standard, News, Scottish National Party (SNP), Scotland, Whatsapp",2024-10-29,CONTROL_Polish_Womens_Strike_2020_2024,sustained,True,0,"In, The, To"
https://www.telegraph.co.uk/politics/2024/10/29/rachel-reeves-replaces-portrait-nigel-lawson-communist-uk/,The Telegraph,Rachel Reeves replaces Treasury portrait of Nigel Lawson with Communist Party co-founder,"Rachel Reeves has replaced a portrait of Margaret Thatcher’s chancellor with one of the founding members of the Communist Party of Great Britain.

The Treasury released a photograph of the Chancellor in her office in No 11 on the eve of Labour’s first Budget in front of a new portrait of Ellen Wilkinson, a former Labour education minister.

Ms Wilkinson was one of the founding members of the Communist Party of Great Britain in 1920 before becoming a Labour MP.

Photographs of Jeremy Hunt and Rishi Sunak at the same desk in Downing Street show that a photograph of Nigel Lawson was previously hanging on the wall.

Asked about the portrait swap, a Treasury spokesman said: “Change.”

It comes after Ms Reeves said she would replace all the pictures in the No 11 state room with paintings either “of a woman or by a woman”.

Ms Wilkinson became the Labour MP for Middlesbrough East in 1924 and went on to be the second woman to enter the British Cabinet by becoming the minister for education under Clement Attlee.

She was instrumental in the implementation of the Education Act 1944, which provided universal free secondary education and raised the minimum school leaving age from 14 to 15 years old.

Ms Wilkinson also oversaw the introduction of free school milk.

She went on to serve in Winston Churchill’s war Cabinet as a home security minister and had responsibility for air raid shelters.

During her early political career, she was a member of several political groups, including the Communist Party, the Independent Labour Party and the Labour Party.

Sir Keir Starmer has similarly taken down old portraits which used to adorn the walls of No 10, including those of Elizabeth I and Sir Walter Raleigh.

They were replaced with scenes from Crivelli’s Garden, a mural by Dame Paula Rego, the late Portuguese-born artist, whose work focuses on “strong and courageous women”.

He also faced criticism when it emerged he had removed portraits of William Gladstone and Margaret Thatcher.

The portrait of Britain’s first female prime minister was eventually given a new home in a Downing Street meeting room following a public backlash.

Sir Keir was said to have found the painting “unsettling” and wanted to “get rid of it”, according to his biographer Tom Baldwin.

Lord Lawson was the chancellor between 1983 and 1989, before he stepped down as an MP in 1992 and joined the House of Lords. He died in April 2023 at the age of 91.

He played a leading role in Baroness Thatcher’s government as it rolled back the state and helped lead the privatisation drive that put much of the public sector under private control.

Ms Reeves over the summer revealed that she had taken down the photograph of Lord Lawson, but did not say what would replace the image.

The portrait was hung up on the wall by the No 11 desk by Mr Sunak, who at the time of the former chancellor’s death praised him as “transformational” and “an inspiration to me and many others”.",Genevieve Holl-Allen,"Labour Party, UK News, Rachel Reeves, The Budget, Politics, Downing Street, Standard, News, Margaret Thatcher",2024-10-29,CONTROL_Polish_Womens_Strike_2020_2024,sustained,True,0,"In, The, To"
https://www.telegraph.co.uk/politics/2024/10/29/reeves-hands-young-workers-2500-pay-rise-business-warnings/,The Telegraph,"Reeves hands young workers £2,500 pay rise despite warnings from business","Rachel Reeves has given young workers a record £2,500 pay rise, despite warnings from businesses that the move will harm Britain’s competitiveness.

The Chancellor has approved a 16 per cent increase in the minimum wage for 18 to 20-year-olds, taking it to £10 an hour.

She has also signed off a 6.7 per cent increase to the National Living Wage, earned by all over-20s, meaning they will pocket £1,400 more. Business leaders warned that the move would “undermine competitiveness” and force firms to cut investment.

Under the changes, 18 to 20-year-olds on the National Minimum Wage will see their pay rise from £8.60 to £10 an hour from April.

The 16 per cent rise is the start of Ms Reeves’ longer-term plan to move younger workers onto the same level of pay as their elders.

More than three million workers on the National Living Wage will see their hourly wage go from £11.44 to £12.21, a wage rise more than three times higher than inflation.

It comes after Ms Reeves instructed the Low Pay Commission to include cost of living factors when calculating increases to the minimum wage.

The Chancellor said: “This Government promised a genuine living wage for working people. This pay boost for millions of workers is a significant step towards delivering on that promise.”

Angela Rayner, the Deputy Prime Minister, said: “A proper day’s work deserves a proper day’s pay. Our changes will see a pay boost that will help millions of lower earners to cover the essentials as well as providing the biggest increase for 18 to 20-year-olds on record.”

The move will add to tensions between the Government and businesses, which have erupted over Ms Rayner’s plans to boost workers’ rights.

Industry leaders have warned that the package, which includes day one rights to take companies to court for unfair dismissal, will make the UK a less attractive place in which to invest.

Firms are also braced for a battering in Wednesday’s Budget, including a two per cent increase to employers’ National Insurance contributions.

John Foster, of the Confederation of British Industry, said: “Politicians and businesses are united in wanting to ensure people have access to well-paid, fulfilling work. But with productivity stagnant, businesses will have to accommodate this increase against a challenging economic backdrop and growing pressure on their bottom line.

“That pressure will make it increasingly difficult for firms to find the headroom to invest in the tech and innovation needed to boost productivity and deliver sustainable increases in wages.”

Mr Foster said revitalising business investment was “the key to unlocking productivity gains and driving sustainable wage rises across the economy”, adding:“Achieving this shared goal requires business and government to work together to find a long-term solution to inactivity and the wider labour costs undermining competitiveness.”

Kate Nicholls, the chief executive of UKHospitality, said the announcement would add £1.9 billion to the wage bills of struggling pubs and restaurants.

She added: “Trying to balance the books from the pockets of high street businesses will simply leave hospitality as collateral damage, threatening jobs, future investment, price increases for consumers and business viability.

“Our companies desperately want to be able to support higher wages for staff – but what is being asked of them is simply unsustainable if taxes are going to shoot up at the same time.”

Britain’s largest trade union also sounded the alarm over the increase, warning that it could even lead to an exodus of workers from the NHS. Unison said the huge rise in the living wage meant it was now higher than the minimum wage paid to many health service staff.

Jon Richards, the assistant general secretary, said: “This much-needed boost will see millions of workers struggling a little less from next spring. But as it stands, the new legal minimum is more than the current lowest hourly rate in the NHS, universities and some other public services. This will give employers multiple headaches.

“To avoid this in the NHS, the government should ditch the outdated pay review body process and start talks with unions now. This will ensure wages remain competitive for all employees, so staff don’t leave the NHS.”",Nick Gutteridge,"Labour Party, UK News, Rachel Reeves, The Budget, Politics, Standard, News, Jobs and employment",2024-10-29,CONTROL_Polish_Womens_Strike_2020_2024,sustained,True,0,"In, The, To"
https://www.telegraph.co.uk/politics/2024/10/29/treasury-questions-budget-commons-rachel-reeves/,The Telegraph,"Among Tory ghosts and Labour ghouls, Rachel Reeves is a fright night all to herself","Nick Thomas-Symonds, the charming Paymaster General, has a beautiful baritone voice and a twitch. Nothing to be ashamed of; lots of people have them. I’m always winking at Italian waiters.

But when Nick gets angry, which he often has to pretend to do, he goes “neck twist, blink, blink” - and it’s catching. Up in the Commons gallery, I twisted and blinked in sync so hard I nearly dropped my laptop on Laura Trott. A jury would call that murder. Everybody knows I want her seat.

Tory Trott was confecting outrage at the Government having leaked its Budget. Thomas-Symonds said: you always did that in power. Laura said: well now you’ve done it, too. Whatever. I just want to know how much this nightmare is going to cost me. This Budget has got your correspondent in such a panic, I’ve taken all my money out of the bank and buried it in the garden. The dog says it’s the most sensible thing he’s seen me do.

The only other way to avoid the tax raid is to be classed as a “working person”. That’s why the Government defines it so narrowly. A working person, says Labour, is any average, normal Briton who earns thirty pence an hour and lives under a bridge.

And the party certainly represents a cross-section of regular people – if said people were at a Halloween party. Natalie Fleet, with a white streak in her hair, came as Cruella de Vil. Sam Carling, that serious young man with the large forehead, was The Mekon, hovering up and down, trying to catch the Speaker’s eye. When he succeeded, he repeated another MP’s speech verbatim, even though his own words were pre-written. The boy can read minds!

Mike Amesbury, alas, could not attend after one of his constituents accidentally fell on his fists. So the scariest MP was Rachel Reeves, wearing Joker purple, as she spoke of “growing demand for data, AI and machine learning” – along with harvesting human beings to build a new generation of Daleks. From those lips, simple Labour catchphrases become orders to slave work parties. “YOU WILL FIX THE FOUNDATIONS! AT ONCE!”

Jeremy Hunt nervously rose to ask a question. This might be “our final exchange”, he said, so let me offer a note of consensus: Well done on giving more aid to Ukraine. Reeves repaid the kindness by accusing him of “lashing out at independent institutions” and lurching “towards an ideological extreme”.

There is something very mean about the Labour front bench, as if they were made of steel (I believe the Russian word for this is “Stalin”). Never mind that some are millionaires, or dressed by millionaires – or that they’re redirecting millions away from poorer voters so that Ed Miliband can build a giant dream catcher on the South Downs. They truly think they are the definition of working people.

Asked about education, the Chancellor said, bitterly: “I went to school in the 80s and 90s and I was taught in Portakabins.” So what? So did I. The wind used to blast through my Latin classes, and it made no difference to my learning at all. I still slept like a baby.",Tim Stanley,"Labour Party, UK News, Rachel Reeves, Comment, The Budget, Politics, News, Jeremy Hunt, House of Commons, Conservative Party",2024-10-29,CONTROL_Polish_Womens_Strike_2020_2024,sustained,True,0,"In, The, To"
https://www.telegraph.co.uk/recipes/everyday/soups/potato-chorizo-and-cabbage-soup-with-sour-cream-and-pickles/,The Telegraph,"Potato, chorizo and cabbage soup with sour cream and pickles","Batch cooking and soup could both do with a rebrand. The first sounds so functional. Smugly organised, even. The second conjures health and restraint unless it’s preceded by the words “French” and “onion”. It makes sense – batch cooking is, after all, inherently useful, and most soups probably make for a more nutritious lunch than a tuna melt. But usefulness and nourishment are only the second and third reasons why I might spend a Sunday afternoon cooking a great big pan of soup.

The first is that it’s a peaceful way to while away an hour. It’s protected time when you can fully occupy the kitchen and cook methodically, ideally with full control of the podcast selection. Sometimes creative, over-the-top, just-for-the-joy-of-it cooking is what you need. But cooking with a purpose can be so therapeutic. Buying a few ingredients and making a batch of bolognese for the freezer or a pot of soup to see you through the week might sound worthy, but it feels undeniably good to spend an afternoon making something you know you’ll be glad of later.

Tip: If you’re planning on enjoying your soup throughout the week, you could get as far as the hot sauce then stop. Add a handful of cabbage to the pan each time you reheat a portion. That way your greens will stay green and al dente.",Eleanor Steafel,"Potato recipes, Chorizo recipes, Cabbage recipes, Recipe, Soup recipes, Dinner recipes",2024-10-29,CONTROL_Polish_Womens_Strike_2020_2024,sustained,True,0,"In, The, To"
