url,publisher,title,body,authors,topics,publishing_date,event_label,event_type,is_control,topic_id,topic_label
https://www.thenation.com/article/politics/trump-rally-madison-square-garden-2/,The Nation,"My Long, Strange Trip to Madison Square Garden to Meet the Trumpies","Trump supporters told me repeatedly that Trump loves them. How can so many people believe this?

The Trump rally in Madison Square Garden on Sunday was my last chance to see the man in action before the election. So even though the organizers had rejected my request for a media pass (what, The Nation?), my husband and I decided to go anyway. Unfortunately, when we got to the Penn Station subway station, the place was packed, and the police, of whom there were many, had blocked off every exit but one. It took us ages to get out of there. Once outside, we had no idea where to go. For a while we stood in a long line that turned out to be reserved for VIPs. “How did you get to be a VIP?” I asked several people, who seemed to have no idea. “My friend arranged it,” said one woman with a shrug. We walked to 34th and 6th and joined the regular-people line. It was even longer. So much for the attempt by some mischievous Dems to sabotage the event by signing up and not going.

The first thing I noticed was how many Black and brown people were there—lots of Hispanics, more than a sprinkling of Black people and Asians. Of course there were plenty of white people, including elegant Eastern European women and their beefy husbands, young Orthodox Jewish men (where were the women?), and loud young men who burst out regularly with shouts of “USA! USA!” But the picture you may have of Trump rallies as all-white fiestas did not hold true.

The first person I talked with was a Black woman holding an enormous American flag over which she’d draped a white embroidered tallit, a Jewish prayer shawl. Her three most important issues were immigration, compulsory vaccination, and “boys in the girls’ bathroom.” She claimed that her 11-year-old daughter had been told in school how to wear rolled-up socks next to her vagina to simulate male genitalia. She was fervently anti-abortion, even though her then-boyfriend had urged her to end her pregnancy. She also told me she had dreams in which God told her what was going to happen. For example, two weeks before Trump was shot at in Butler, Pennsylvania, God told her there would be an attempt on his life.

The next was a Colombian American woman who said she was 82 and had been in the United States since she was 2. Her English was not great, especially considering that she would have grown up and gone to school here, but what she told me was clear: Under Trump, her transportation business was doing great—gas was cheap, taxes were low—but now, thanks in part to “that stupid Obamacare,” it was struggling. I asked her how she felt about Trump’s many insults to Latin American immigrants. Like everyone I interviewed, she just didn’t take in anything that contradicted her view: “Trump loves the Spanish people!”

Next up, a young Christian, anti-abortion Korean American woman in a stylish gray MAGA hat. She was just the nicest person in the world. We bonded immediately over being small women in a sea of taller people. She told me she worked from home doing something on the Internet for NYU but was reluctant to say more, possibly because she was developing her own online business, the nature of which she was also reluctant to disclose. Like many Trumpies I’ve met, she had gone way down the rabbit hole of alternative facts, which she found by following far-right commentators on the Internet. She believed that the FBI and Nancy Pelosi had orchestrated January 6. She believed that an old woman was now in prison for walking by the Capitol on that day. She believed that the jury had found Trump guilty of raping E. Jean Carroll because they were threatened with physical harm by, among nameless others, Manhattan District Attorney Alvin Bragg. What about the many sexist things Trump has said? “So many men talk like that,” she said, with a faint smile. Although her parents were immigrants, she supported Trump’s plan to deport millions of them: Her parents had waited years to come here legally, after all. When I pointed out that many of the undocumented were seeking asylum, she said, yes, but their appointments were five years in the future, so they just whff! ran away.

Standing nearby was an old white man from Cape May, New Jersey, who described himself as a builder. He told me that the flooding in North Carolina was the fault of Doug Emhoff, Kamala Harris’s husband. Two weeks before the floods, Emhoff had bought permits for lithium mines in the state, but people had refused to sell their houses so the mines could be built. Then came the floods, which destroyed the houses—now the property could be bought up for next to nothing. A bit too convenient, those floods, eh?

I asked his daughter, a yoga teacher and life coach, what she wanted Trump to do. “I just want it to be like 2020,” she replied. Meanwhile, a young white woman was shouting, “Trump! Trump! Trump!” while dancing with a sign that read, “Say No to the Hoe.”

I wish I had had a chance to meet this energetic female misogynist, but at that point, we were informed that the Garden was full, and we started the long and confusing trek back to 6th Avenue. I’d asked a very tall young man to take a photo of the crowd from as high up as he could lift my phone. It shows the street crammed with people all the way to MSG, two long blocks away. (When people say the Garden wasn’t full, don’t believe them.) This obliging young man turned out to be a recently hired reporter for The Daily Caller, a conservative outlet founded by Tucker Carlson. His main issue seemed to be a ban on gas stoves that Harris was supposedly pushing, a claim rated false by The Washington Post.

I came away bewildered from my afternoon with the Trumpies. We talk a lot about people who live in a blue bubble, and that is fair—a lot of us do. But these (mostly) friendly ordinary people live in a bubble too—of TikTok videos, far-right YouTubers, and websites like, um, The Daily Caller. They are deeply alienated from standard sources of information. For them, that something is reported in The New York Times or The Washington Post is all the more reason to find it suspicious. It’s a paranoid vision, in which the vice president’s husband controls the weather (well, he is Jewish) and the government is going to come into your apartment and take your stove. And yet they seemed perfectly normal—well, maybe not the woman who thought God talked to her in dreams. Some of my friends thought I would be risking violence by mixing with the crowd—but people did not seem put off when I said I was for Harris and was just there out of curiosity.

Of course, I don’t know what goes on in their minds. Do they really just tune out Trump’s many racist, misogynist statements, his lies, his dismissal of democratic norms? Or would a longer conversation reveal that they agreed with him that immigrants are rapists and criminals who come from shithole countries and eat their neighbors’ cats and dogs, that Democrats are the enemy within, and that Harris is not just a politician they disagree with but a lazy, low-IQ person who slept her way into government and has no idea what she’s doing?

Several people told me Trump loves them. Indeed, he says so all the time. The day after the rally, I got a text message from Trump: THIS TEXT IS NOT FOR EVERYONE. You’re getting it because I love you, Katha. Most politicians don’t talk like that. It’s a rare Dem who would say Harris actually loves them. Maybe there’s an emotional bond between Trump and his followers that supersedes the content of anything he says. Maybe the very things we mock him for—his long-winded rambling speeches, his awkwardness, his orange hair and makeup, his oddly distant relation with Melania—make him seem endearingly human. Maybe the only thing that matters to them is that he acknowledges and validates their nostalgia for that supposedly simpler time when the US was at the top and it looked like their lives were going to be OK. On the way out of the crowd, I ran into a youngish Black man selling MAGA hats and T-shirts. I asked him if he was for Trump or this was more of a business thing. “Oh, I’m for him,” he said with a big smile. “Trump loves people!” I asked him what people mean when they say Trump would make America great again. When was America great? “Whenever you were happy,” he said. “Trump wants it to be like that.”",Katha Pollitt,"Donald Trump, New York City",2024-10-29,CONTROL_Polish_Womens_Strike_2020_2024,sustained,True,0,"In, The, To"
https://www.thenation.com/article/politics/trump-rally-madison-square-garden-james-dolan/,The Nation,Trump’s Rally Was a Desecration of Madison Square Garden,"Under billionaire James Dolan, the ties between Madison Square Garden and New York City’s working class were already fraying. Then he gave the stadium’s keys to Trump.

With his fascist New York City rally, Donald Trump has befouled what many believe to be a sacred space: Madison Square Garden. It wouldn’t be the first time a Nazi rally has packed people to the Garden rafters. In 1939, on the cusp of World War II, American Nazis filled the old Garden on 50th Street and 8th Avenue to spew white-supremacist bile. This obscene event had been largely forgotten until the director Marshall Curry turned previously unaired archival footage into a short, Oscar-nominated film, 2017’s A Night In The Garden.

It would be naïve not to think that the Trump campaign was pondering 1939 when it put the rally plan together. Trump’s most bellicose billionaire backers—like Nazi-memorabilia enthusiast Harlan Crow, antidemocratic eugenicist Peter Thiel, and apartheid’s shitstain Elon Musk—as well as Trump’s brain trust undoubtedly wanted to wrap up the campaign in MSG as their own sly tribute to 1939. It seemed perfect: a wink at their hardcore base, but with just enough deniability that JD Vance can whine about being called a fascist, saying they were just there to “celebrate America” (that place Trump calls a “garbage can”). To think MSG was not chosen with great intentionality is to still believe that Trump is somehow a “normal” politician.

The rally has many incensed that the repugnant history of 1939 has risen from the dead. Madison Square Garden is, after all, revered as “the world’s most famous arena” for a reason. It was the site of the 1971 “fight of the century” between Muhammad Ali and Joe Frazier. It has been the stage of legendary concerts and pro-wrestling cards. It is also, of course, the home of the New York Knicks and Rangers. There is no greater tribute to the mystique of the Garden than that the building thrums with energy like no other arena, despite the mediocrity—with an occasional bright spot—of the two home teams over the last five decades. Many performers and athletes have attested to this unique buzz. I like the quote from the pro-wrestling impresario Paul Heyman, who said, “Madison Square Garden to any New York kid is the center of the universe. Even going there as a fan is like stepping up to the plate at Yankee Stadium. You know you’re in the grand cathedral.”

This idea that the place generates a special feeling for “any New York kid,” as I once was, is real. It sits right on 33rd and 7th, the first thing outsiders see when they arrive at Penn Station and the first thing New Yorkers see when they return home. But Trump’s rally is a reminder that this arena is not “ours” even if we are the ones who fill it with the passion that has breathed life into the iron, the concrete, and the bright lights.

Instead, MSG, the Knicks, and the Rangers were inherited by nepo-billionaire James Dolan. For the unfamiliar, the almost 70-year-old Dolan is practically a child: a misogynistic cocaine enthusiast with a vanity rock band, whose lifetime of failure and incompetence has been cushioned by unspeakable wealth. As S.L. Price of Sports Illustrated wrote in a 2007 piece called “Lord Jim,” “The tales of Jim’s drug-and-drink-addled past, his volcanic temper, his shifting moods were already legendary, fueling the image of a spoiled boy who had been handed the keys to perhaps the most prized property in all of U.S. sports.”

He is also, of course, a Trump supporter, and he handed the keys of the Garden to the campaign like it was his to give away. And the truth is that it is his to do exactly that. I spoke to Frank Guridy, author of the new book The Stadium: An American History of Politics, Protest, and Play. He said, “The Trump MSG rally is a continuation of America’s political battles being fought in stadiums and arenas. Stadiums and arenas are political, and the Trump rally makes that clear, even as stadiums are dressed up as apolitical corporatized spaces. Note that the marquees outside the Garden were advertising the rally as if it was just another flashy Garden event, with Trump and his slogans plastered outside the Garden along with the advertisements for Verizon and other companies.”

This normalizes both Trump and his rally, Guridy noted. It makes it seem as if it’s just another Billy Joel concert, and it’s reminiscent of the signs outside the Garden in 1939 that read simply, “Pro-American Rally!”

Dolan is also, as Guridy pointed out, in a battle to preserve tax subsidies that have cost the state a billion dollars in revenue. In Trump’s world of nakedly corrupt, brazenly transactional politics, Dolan might be looking to protect his share of the corporate welfare trough. Or that might be giving Dolan too much credit as a savvy thinker. It is far more likely he’s a fanboy who sees in Trump’s life of failing upward a best-case-scenario trajectory for himself.

Dolan is more than willing to use MSG as a political prop to actualize his right-wing fever dreams. His great advantage in the face of the ensuing outrage may be that, for most New Yorkers, the closest they get to actually being inside of the Garden is the MSG Network.

The average cost of a Knicks ticket is the highest in the NBA, at $186. Once you bring your family, pay the usurious ticket fees, and hit the concession stands, you’ve spent enough on a two-hour basketball game to cover rent (well, maybe not New York City rent). The arena is a world away from the days when working-class people would use spare change to see wrestling legend Bruno Sammartino ply his trade. That sense of “ownership” that the city’s workers have historically felt toward MSG has frayed. With Dolan’s act of fealty toward Trump, the arena now becomes even more remote, looking more like the future home of a Man in the High Castle than the place of an NBA champion. What Trump staged—right where Jalen Brunson makes memories almost every night—was a sin. But for Dolan, it’s just another degradation. This man is a blight on the city, and he proved it yet again by handing the often magical MSG to people who, like in 1939, just want to watch everything burn.",Dave Zirin,"Donald Trump, New York City",2024-10-29,CONTROL_Polish_Womens_Strike_2020_2024,sustained,True,0,"In, The, To"
https://www.thenation.com/article/politics/white-women-election-vote-abortion/,The Nation,Peering Into the Minds of the Moderate White Women Who Might Just Save Us From Trump,"Once Kamala Harris became the nominee, a significant number of white women shifted their support to her. Can she close the deal?

On a weekday in mid-October, I log into a virtual focus group to eavesdrop on a group of women who could determine whether we reelect Donald Trump. They sit at kitchen tables or on couches and sip from mugs or Styrofoam cups. Most live in swing states. Some pet their cats. They look surprisingly nonchalant given that our democracy rests in their hands.

They are all white women, a handful of representatives of the voting bloc that makes up an astounding 38 percent of all people who vote in this country; in the swing states of Michigan, Pennsylvania and Wisconsin they make up an even higher proportion of the electorate—42, 43, and 44 percent, respectively. For the past decade, white women have turned out to vote at a higher rate than any other demographic. But despite an overall gender gap in which women favor Democrats, white women don’t; in 2016, more white women voted for Trump than Hillary Clinton; in 2020, an even higher percentage, 53 percent, went for Trump over Biden. As my Nation colleague Kali Holloway noted, only twice since 1952 have white women chosen the Democrat: Lyndon Johnson in 1964 and Bill Clinton in 1996. But this is the first presidential election since the Supreme Court overturned Roe v. Wade, which means white women have a chance to show the president who vaporized their rights that he no longer has their loyalty. They’re not off to a great start; as Holloway noted, in the 2022 midterms, just four months after Dobbs, 55 percent of white women voted for Republican candidates, a higher percentage than in 2018.

But since then, cracks have begun to show. An August poll found that after Harris became the nominee, a growing share of voters in swing states called abortion central to their choice of candidate, and far more of them trusted Harris than Trump on the issue. The increase was particularly steep among women. White men and women had been basically tied in their support for Trump before the convention, but Harris’s nomination changed the math dramatically, pushing white women 11 percentage points away from Trump while white men shifted eight points toward Trump. The most recent ABC News/Ipsos poll showed Harris with a narrow lead among likely voters driven in part by an increase in her advantage with suburban women. One recent CNN poll predicted Trump would do worse among white women than any Republican candidate this century.

“In these battleground states, where white voters are such a huge share of the vote, whichever candidate does better connecting with these movable white women, it could be determinative,” Jackie Payne, founder of Galvanize Action, told me. Her group focuses on studying and moving moderate white women—those who are not fixed on either end of the political spectrum—on issues like the climate, healthcare, and abortion. With the election around the corner, they’ve been running focus groups to determine what moderate white women care about and who they’ll be voting for. In Galvanize’s most recent polling, the economy reigns supreme; 35 percent of white moderate women ranked it as their top issue, while abortion was their fourth most important issue (11 percent), after preserving democracy (18 percent), and immigration (14 percent). This latest poll showed an encouraging trend: White moderate women who had been evenly split between Trump and Harris in June were now tilting toward Harris by two percentage points.

It’s not just the presidential candidates who are trying to woo this demographic. In many of the record 10 states where initiatives to protect abortion rights are on the ballot, strategists have geared their message toward moderates, targeting women who might vote Republican and for abortion rights. In Florida, where Republicans outnumber Democrats, and the initiative to enshrine abortion rights must clear a steep 60 percent threshold to pass, the pro-choice Yes on 4 campaign has tuned its messaging to a moderate frequency:

“Do not attack Republicans (including DeSantis or Trump) directly,” internal guidance sent to supporters by the campaign and obtained by The Nation urges. “Instead, refer to ‘extreme politicians’ who banned abortion.”

“Unless communicating with our base or other activists, do not mention Florida being a safe haven for abortion in the Southeast,” the guidance goes on. “For many swing voters, doing so triggers concerns about ‘abortion tourism.’”

“Conversely, when telling abortion stories, do not focus on travel stories,” the points go on. “Instead, focus on stories when the health of the woman and/or fetus was at risk, or when the patient was the survivor of abuse.”

Natasha Sutherland, spokesperson for the Yes on 4 campaign, said the internal guidance was designed “to ensure that folks that are talking about this issue remain surgical and laser-focused on the points that we know resonate broadly.” The Florida campaign–which is the most high stakes of this election year precisely because Florida was a safe haven for abortion access in the South–recently announced it had raised $100 million, the most by any abortion ballot initiative since Dobbs. “Overall, our message is really broad, and it’s one that has to resonate with all people and essentially answer the question: What’s in it for them? Because if we don’t make that case, they’re not going to hear anything else we have to say,” Sutherland told me.

Stories about health risks and abuse are the ones that “tap into the empathy of most people very broadly,” she added, noting that stories about miscarriage, for example, can be an entry point for voters who may not realize that abortion bans put miscarriage care at risk.

Democratic candidates, too, have been emphasizing these harrowing stories, hoping to connect with the strong majority of women, including white moderates, who want abortion to be legal—although just 48 percent of moderate white women in the latest Galvanize poll said they would only vote for a candidate will take action to protect abortion for everyone.

This gap between pro-choice leaning and partisan loyalty is one of the many puzzles intrinsic to white women voters, so when Galvanize agreed to let me lurk in their focus groups and listen to moderate white women talk about the election, I jumped at the chance, with two questions in mind: What are white women who still support Trump thinking, especially on abortion? And in the long term, what is won or lost when movements and political candidates shape their messages around what moderate white women want?

I was about to get a crash course in the first point.

On my screen, four women appear, next to a moderator from a market research firm. Three of the women are from Michigan and a third is from Ohio. They use words like “worried,” “nervous” and “unexcited” to describe their feelings on the election. Asked to describe the top challenges facing the nation, they talk about inflation— gas and grocery prices. Then they talk about how abortion is not a big issue for them at all.

A single 48-year-old mom from Michigan is the first to bring it up; she says maybe abortion would have been a top issue for her when she was younger.

“For me I’m not in that age range,” she tells the group. “I think maybe, like, 10 years ago, I would have been more concerned about [abortion]. But where I’m at right now I don’t foresee that happening.”

A recent Gallup poll found that women ages 18 to 29 are significantly more liberal than their older peers. This generation doestend to need abortions, and came of age during the Trump era and the reversal of Roe. But the 48-year-old Michigan woman seems more concerned about immigration. She says she heard a story about a woman who had a paperclip placed in her rear-view mirror, a trick, she believes, to get unsuspecting drivers to pull over so that someone, maybe an immigrant, can abduct them. (I couldn’t find any evidence that this is not completely made up, nor can I explain the precise mechanics of how a paperclip – maybe the rattling sound? – would make someone to pull over.)

A 62-year-old divorced mom in Michigan also named immigration as a top issue, voicing concern about “parks taken over by homeless encampments” in places like Berkeley, California. “I’m not saying those are illegal immigrants, but I’m just saying, the influx of people into this country, that I don’t think we can support everyone,” she says.

Abortion is not important to her, either.

“Not at all; it doesn’t even play into my mind,” she says, calling it “a court issue.” “I kind of scoff at the ads,” she says, describing ads that warn of how women or doctors might go to prison for abortion. “I mean, that’s a ridiculous, ridiculous remark.”

“If it were against the law and they did it they probably could go,” the moderator notes.

“There would be prison overcrowding, I suspect; they’d have to build a lot more prisons,” the woman scoffs.

The third Michigander, a married 52-year-old mom, seems to agree; she says she’s had to “educate herself” on the issue. “I would like it to be protected nationally, but I understand that it’s a state decision,” she says.

When asked to describe Trump, none of the women are anywhere near enthusiastic. They say he’s “over the top,” “arrogant,” “egotistical,” and “a little pompous,” and reaching for a positive, the 48-year-old Michigander with the paperclip story adds: “a good businessman.” Asked to describe an ideal candidate, they use words like “trustworthiness” and “honesty” that, at least some of them acknowledge, have no relation to Trump.

But here’s the thing: They’re voting for him.

“I’m leaning towards Trump because in terms of policy and that sort of thing,” the 62-year-old divorcee says. “But again, I know what that all will entail, and from the past election, when he disputed the results, it’s just like, oh my god… I don’t want to suffer through it.”

The moderator seems genuinely confused.

“Are you saying you’ll vote for him so that he won’t dispute the results?” she prods.

“No,” she says, it’s because of “foreign policy, the strength of this country, getting it back on track, not over-spending, those are my leanings. However, that’s personality aside.”

Why not Harris, then?

“I don’t really know her message; it’s not perfectly clear,” she says. “She is rather vague.”

The 52-year-old fellow Michigander agrees, “even though I think his leadership is questionable” and she wishes he would “grow up.”

There’s a fourth woman in the group, a retiree from Ohio who calls abortion “a core value” of hers although it’s not clear if she is for or against it. She’s genuinely on the fence between Trump and Harris. It’s only later that I’m told this group is made up of moderates who happen to lean conservative. Galvanize tries to put like-minded people together to more easily identify themes and make participants more comfortable. So what are white women who are still voting for Trump thinking? One answer from this group is that their fears—including baseless conspiracy theories—about immigration, seem to be swaying them far more than abortion rights. Another answer, confirmed by the latest Galvanize poll, is that 46 percent of white moderate women believe Republicans are better for the economy, compared to 34 percent who think Democrats are better.

The next two groups are moderates who lean liberal, more emblematic of the tilt toward Harris in the recent data.

The most interesting member of the second group is a 64-year-old married mom from Pennsylvania who voted for Trump in 2016 but regretted it right away, she says, when he started ranting about crowd size and she realized “we’re in batshit crazy narcissist land.” Now she’s voting for Harris, whom she calls “one badass Democrat,” even though she is a Republican. “I’d vote for a fire hydrant before I would vote for Trump,” she says.

The moderator asks the five women to write down their most important issues on a piece of paper. Two write down the economy, one—the Pennsylvanian—writes down “preserving and protecting our democratic government,” and two write abortion or women’s rights; the latter two are a Michigander who usually leans Republican and a married 56-year-old who just moved to an area of Wisconsin she calls “Smalltown USA.”

“Since they got rid of Roe v. Wade, I mean, you know, leave well enough alone,” the Wisconsinite says. Asked to describe her ideal candidate she says it’s someone who would: “Give women back their right to an abortion if they want one, for whatever reason they want it.”

A retired 58-year-old grandma from an area of Ohio that tilts toward Trump apologizes that JD Vance is from her state.

“I’m just appalled at some of the things that are happening, because this is the state that had the 10-year-old girl that was raped that had to go to the state next door to get an abortion,” she says, and the group gives a collective “aw” of sympathy.

It’s clear that for many of the women in this group, abortion is a defining factor in how they’ll vote, and Dobbs has severely alienated them from Republicans. Within their passion for abortion rights, I hear a range of messages that have reached them: there’s the 10-year-old rape victim, the ultimate sympathetic abortion patient, but there’s also the staunchness of the woman in Smalltown USA: “Give women back their right to an abortion if they want one, for whatever reason they want it.”

How many women are there who feel this strongly, across the crucial towns in Pennsylvania, Michigan, and Wisconsin where the election will be decided? Are there enough of them to tip the election to Harris? It’s one of the defining questions of this election—and the last group leaves me hopeful that the answer could be yes.

This group is made up of five women from Wisconsin, Ohio, Michigan, and Pennsylvania who are leaning toward Harris, and all but one mention abortion as a top issue right off the bat.

“I hope Trump doesn’t win; as a woman in this country if he wins, we’re in trouble,” says a 34-year-old in Michigan.

“Being a female right now, going through this, watching both sides, and having two young daughters, there’s certain things that are important to me,” a 45-year-old fellow Michigander agrees.

An Ohio mom says her top issues are “women’s reproductive rights and then, I feel like, healthcare as a whole – healthcare is so expensive, it seems like it should be a right to have access to good, quality, affordable healthcare.”

Perhaps most hopeful of all, at least one member of this group draws a connection that Galvanize says has been echoed by others in this demographic—between abortion and democracy.

Asked to list her top concerns, a 42-year-old mom in Pennsylvania says: “I’d say protecting democracy, the right to vote, and free speech, but abortion – not that I’m an advocate for it – but I think it’s a slippery slope …if we bend on that, then what’s going to be next?”

This woman is the kind of voter that pollsters have under a microscope, because she’s from Pennsylvania, a key battleground state, and because she seems genuinely movable; she was so impressed by Vance’s performance in the debate that it sounds like she considered voting for Trump, but the campaign’s attacks on FEMA after the hurricanes in the South bothered her. Plus, abortion and democracy, which she sees as intertwined, are her top issue. “Women should be able to choose for themselves.”

In the second two focus groups, it’s clear that abortion has played a role in pushing these voters toward Harris. They want a candidate who will restore abortion rights. So it’s no surprise that candidates have prioritized speaking to them; Harris has made abortion a cornerstone of her campaign like no other Democratic presidential candidate in history. But what are the long-term costs of pitching the message specifically at moderate white women, who tend to vote more conservatively than the women of color most impacted by abortion bans?

In the short term, maybe you win elections. But in the long term?

In the long term, there are risks to a political system that can’t help but prioritize this demographic.

“The majority of people who have abortions are people of color,” Renee Bracey Sherman, founder of WeTestify and author of the new book Liberating Abortion, told me. “The majority do not want to continue a pregnancy, either because their family is complete, or because they don’t want to have a child, or because they cannot afford to have another child.” That’s not evident in many of the pro-choice political ads this cycle, which tend to feature women, often white, who suffered miscarriages or fetal or maternal health indications. These ads “don’t help people understand why they should support all of us who need abortions.”

These ads about heartbreaking loss and crisis scare Republicans – which is why a federal judge recently had to order the administration of Florida Governor Ron DeSantis to stop threatening TV stations with criminal charges for airing them. The ad in question features a Tampa mom who was diagnosed with brain cancer while pregnant, talking about how the state’s six-week ban would have stopped her from getting an abortion so she could start cancer treatment. Of course, the campaign has the right to run this ad. As the judge said: “It’s the First Amendment, stupid.” But a deeper question is whether ads like this, which are being run across the country in this banner year for abortion rights, are going to help build the kind of intersectional movement for reproductive freedom we need.

After watching the focus groups, a part of me wondered whether these campaigns might be underselling white women, missing the opportunity to plant the seed of a less qualified support for abortion access. As I wrote in August, groups like Florida Rising that work primarily with voters of color are spreading a message about how racial and economic justice and abortion are intertwined to an audience that is more likely to get it. Then, of course, there are groups like Galvanize, that areworking on moving moderate white women on the issue of reproductive freedom for the long haul.

Because in the long term, the key, as Bracey Sherman told me, is that we need to keep talking about abortion, even when it’s not an election year, in order to “do the deeper work that we as a society need …so that we can liberate abortion for real this time.”

In the short term, though, if the women I listened to are any indication, these attenuated election-year messages might just be enough to save us from Donald Trump.",Amy Littlefield,"Campaigns and Elections, Election 2024, Feminism, Gender and Sexuality, Immigration Policy, Politics, Reproductive Rights, Society, States",2024-10-29,CONTROL_Polish_Womens_Strike_2020_2024,sustained,True,0,"In, The, To"
https://www.thenation.com/article/society/washington-post-endorsement-jeff-bezos-press-freedom/,The Nation,Newspapers That Refuse to Endorse Are Betraying Journalism—and Democracy,"Billionaire publishers who censor endorsements that offend Donald Trump confirm their scorching disregard for the traditions of a free press.

When billionaire-owned newspapers such as The Washington Post and the Los Angeles Times refuse to make endorsements in contests for the presidency of the United States—at a point when most Americans believe that the very future of this country’s democracy is at stake—they reject the basic premise of press freedom in the United States.

The founders of the American experiment did not establish constitutional protections for media outlets so that hedge-fund managers could strip newspapers for parts, or billionaires could make them political playthings. They understood that the point of a free press was to speak truth to power, to stir debate, and, perhaps above all, to express opinions about who should occupy the Oval Office.

When Alexis de Tocqueville surveyed the progress of the American experiment in the early 1830s, Andrew Jackson, a crudely racist president who rejected the rule of law in order to assert his own power, was finishing the first of two miserable terms. The election of 1832 was approaching and, the Frenchman would recall, “The first newspaper over which I cast my eyes, upon my arrival in America, contained the following article: ‘In all this affair the language of Jackson has been that of a heartless despot, solely occupied with the preservation of his own authority.… His conduct in the political arena has been that of a shameless and lawless gamester. He succeeded at the time, but the hour of retribution approaches, and he will be obliged to disgorge his winnings, to throw aside his false dice, and to end his days in some retirement, where he may curse his madness at his leisure; for repentance is a virtue with which his heart is likely to remain forever unacquainted.’”

Perhaps it will not be surprising to learn that Donald Trump has identified Jackson as his favorite president—or that Trump allies, such as Steve Bannon, revere the dictatorial seventh president.

Despite Jackson’s abuses of power and his threatening approach to those who dared dissent against his malignant presidency, the newspapers of his day were full of robust debate about whether he was a hero or a villain. And about whether he should remain in office.

After observing that “in America there is scarcely a hamlet which has not its own newspaper,” Tocqueville explained, “All the political journals of the United States are indeed arrayed on the side of the administration or against it; but they attack and defend in a thousand different ways.”

Newspapers then had principles. They had ideologies. They had souls. And the printed expressions of these personas took the form of denunciations of candidates they despised and endorsements of candidates they approved.

Those traditions were kept alive for the better part of two centuries. But in recent decades, too many American newspapers have experienced a slow death. They have lost their character and their quality, and they have abandoned their historic commitment to maintain a robust national discourse.

Pressured by the evolution of broadcast and digital media—and by the loss of advertising-based funding models—newspapers went into decline. Local ownership, and the diversity of opinions associated with it, began to disappear, as once-independent newspapers were bartered off to profit-hungry chains, and then sold again to roving bands of hedge-fund managers, who wanted only to strip local and regional papers for parts—or to sell off the downtown “real estate” where their offices once stood. In many cases, as newspapers ceased to be locally owned, they also ceased to make political endorsements—eliminating one of the most important avenues for engaging with, and influencing, the debates that mattered to the communities they served. The hedge-fund managers, interested only in making money, didn’t want to offend particular groups of readers. But they ended up creating drab publications that were so inoffensive that people wondered why they bothered to subscribe.

More recently, some of the most prominent newspapers in the country have been grabbed up by billionaires who see legacy publications as personal playthings—and, potentially, as tools for influencing the regulation of their vast fortunes.

Though wealthy buyers of once great newspapers have portrayed themselves as saviors of journalism—a fantasy that even some journalists have embraced—no long-term good was ever going to come of giving Amazon’s Jeff Bezos control of The Washington Post or biotech billionaire Patrick Soon-Shiong control of the venerable Los Angeles Times. While they infused money into influential publications at a point when media companies were struggling to adjust to the digital age, it was only a matter of time before they abused their ownership status in order to achieve their own economic and political ends.

That happened last week. when it was revealed that both the Post and the Times—on the orders of their billionaire owners—would not make endorsements in the 2024 presidential race. Bezos and Shoon-Shiong imposed these decisions on the able journalists who worked for them, despite the fact that individual reporters, columnists, and editorial board members at both newspapers have written extensively—sometimes brilliantly—about the threat posed by Trump’s bid for a second term.

The Post and the Times were, according to credible accounts, prepared to endorse Kamala Harris until their publishers intervened. These moves to sideline the editorial voices of major papers were overt gifts to Trump.

Bezos defended his decision in a Post op-ed on Tuesday, claiming that eliminating endorsements would strengthen readers’ trust in the paper. Those readers would appear to disagree: More than 200,000 of them have canceled subscriptions in the wake of the endorsement controversy. The cancellations, according to David Folkenflik, NPR’s media correspondent, represent “about 8 percent of WaPo’s subscriber base—a staggering sum.”

Readers recognize that the refusal to endorse—or, more accurately, the refusal to endorse Harris—is not merely an act of surrender to a Republican whose campaign has trafficked in racist and xenophobic messaging. They understand preelection cowardice on the part of billionaire newspaper owners as a signal that, should Trump again assume the presidency, two of the most influential publications in the country are prepared to bend to the will of an increasingly authoritarian and fascistic commander in chief who has expressed an interest in governing as a dictator.

The safest bet in politics is that newspapers that lack the courage to make endorsements before an election won’t have the courage to speak truth to power after the election.

That reality has led to anguished protests—and in some cases resignations—by senior editors at both the Post and the Times. Describing the failure of the Post to endorse in the Harris-Trump race, Pulitzer Prize–winning Post writer David Maraniss complained, “This is an act not of benign neutrality but of cowardice in the face of the biggest challenge to democracy in our post-WWII lifetimes.”

Maraniss is right. But this is about more than one newspaper and one election. This is about an understanding of American journalism that is as old as the country itself. Thomas Paine knew that freedom of the press provided an essential underpinning for American democracy. So did Alexis de Tocqueville. So did generations of writers for the biggest and smallest publications of a country where editors and publishers preached the gospel of press freedom at home and abroad.

That understanding is now under assault—not by autocratic governmental overlords but by the very owners of what were once great newspapers.",John Nichols,Jeff Bezos,2024-10-29,CONTROL_Polish_Womens_Strike_2020_2024,sustained,True,0,"In, The, To"
https://www.thenation.com/article/society/trump-judge-immigration-texas/,The Nation,This Anti-Immigrant Ruling by a Trump Judge Tells You All You Need to Know,"For judges like Trevor McFadden, the cruelty toward immigrants is not only the point, it’s the source of the pleasure.

The dehumanization of immigrants by Republican politicians has become such a consistent feature of our political discourse that I fear people have stopped noticing it. In fact, it has become so commonplace for politicians, law enforcement, and media personalities to describe immigrants with bestial terminology—most people talk about their pets in more human terms than they talk about immigrants—that even I have become used to it. Every time Donald Trump or his running mate, Captain Eyeliner Vance, opens his foul mouth, I know something horrible about immigrants will spew forth. The two of them are saying everything necessary to induce violence against immigrants while trying to maintain plausible, January 6–style deniability should any violence be carried out. And the media is only too happy to amplify their hate.

While their words disgust me, and put people I care about in danger, I at least understand what they’re getting out of it. Trump, Vance, Fox News, and all too many like them know that their only path to political power is to make and keep white people afraid. Scared white folks, unable to cope with a changing world, clinging to their guns and God whenever they hear something go bump in the night, vote Republican.

I cannot, however, begin to comprehend what Republican judges gain from dehumanizing immigrants. There is no political upside for them. They don’t have to rely on the fear of others to claw their way into office. Yet all too often, Republican judges don’t simply rule against immigrants’ rights—they seem compelled to deny their humanity. I’m forced to conclude that, for these GOP judges, the cruelty really is the point.

It is with all this in mind that I read a recent decision from Trump judge Trevor McFadden. McFadden, who is a district judge on the DC Circuit, allowed a lawsuit to go forward that alleges that the Biden administration’s border policies, including the cancellation of Trump’s failed border wall, caused significant environmental harm, in violation of the National Environmental Policy Act (NEPA). The suit, which involves claims by two Arizona ranchers, argues that the Biden administration’s reversal of Trump-era policies caused an influx of immigrants onto the ranchers’ lands, which led to environmental damage to their property. The NEPA requires that the government conduct environmental impact studies before beginning major construction initiatives, and McFadden ruled that Biden did not sufficiently take environmental concerns into account when he decided to not continue to build the wall.

When I first read about the case, I assumed McFadden was just practicing the one true religion of Trump-aligned judges: “owning the libs.” But McFadden’s decision goes way past “turnabout is fair play” trolling and straight into racist-and-disgusting territory. This happens in its most obscene and obvious form when McFadden gets into the alleged harms suffered by one of the plaintiffs, Steven Smith. Remember, to have the right to sue (what lawyers call “standing”), Smith has to show that he was wronged in some way. McFadden determined that Smith has standing because the immigrants left trash behind on his property, and Smith’s cattle ate the trash. Apparently, we need to build a 2,000-mile wall to prevent littering.

But it turns out that this was just the warm-up. McFadden had determined there was an even bigger harm suffered by Smith: thirsty cows.

Smith described water as a scarce resource on his land. In his rough estimate, ranchers in his area provide their cattle and other wildlife with water on a “hundred-to-one” ratio compared to natural sources. But Smith testified that migrants commonly tie down the “float system” in water troughs, which then “allows the water to free-flow.” While this may aid thirsty trespassers, it causes Smith to lose “thousands and thousands of gallons of water,” which “can take [him] days and days and days to regain.”… [W]hen migrants tie down the float-valve and deplete the reservoir, Smith has to “work night and day…to move [the] cattle.” That puts stress on his cattle, which limits their ability to reproduce. (Emphasis mine.)

If you do not see immigrants as people, I suppose it is easy to see them as “thirsty trespassers.” But if you understand that these people are walking through a desert, often with their families, including children, McFadden’s suggestion that the real victims are the ranchers and the cows, which are apparently too stressed out to have sex, should disgust you. The anti-immigrant brigades are so racist and broken that they’ve gotten to the point where they can not only pit the water rights of a human being against the water rights of a cow, but they can also conclude that the cow should win.

And on the off chance you think this case is actually about water rights in the desert, please note that McFadden’s own opinion inadvertently makes clear that the real environmental devastation is being caused by the cows—which apparently require a “‘hundred-to-one’ ratio compared to natural sources”—and by extension America’s obsession with beef. If there is not enough water for all the human people, the cows should be the first ones to go, in a reasonable society.

Thankfully, Clarabelle the anthropomorphized cow won’t likely win when this case is brought before the DC Circuit Court of Appeals. The DC Circuit is still, for now, controlled by Democrats. But after the DC Circuit appeals court issues its ruling, the Supreme Court will have an opportunity to take the case—and if it does, we can be sure that McFadden’s argument, and all its anti-immigration rhetoric, will be read back to us by either Clarence Thomas, Samuel Alito, or Neil Gorsuch.

Desperate immigrants who cross the border and are in need of water are not an environmental issue. They are a moral issue, and the way we respond to their needs is a test of our basic humanity. Trump and his supporters, and his judges, have failed that test.",Elie Mystal,Immigration,2024-10-29,CONTROL_Polish_Womens_Strike_2020_2024,sustained,True,0,"In, The, To"
https://www.thenation.com/article/world/ukraine-russia-putin-war-peace/,The Nation,Ukraine: Compromise or Collapse,"The news from Ukraine’s front lines is grim.

Whoever wins the US election, the start of a new administration should be an opportunity for a serious reevaluation of US policy toward the war in Ukraine. For it is abundantly clear that the present course is unsustainable, and if persisted in, is likely to lead sooner or later either to Ukrainian collapse or to direct NATO involvement in war with Russia. This is indeed now tacitly admitted by some US commentators like Robert Kagan, though he has not been willing to tell Americans that they must go to war in order to prevent Ukrainian defeat or a compromise peace.

The news from the Ukrainian front line is grim. Ukrainian forces are heavily outnumbered and outmatched in artillery and ammunition. There are growing signs of exhaustion, demoralization, desertion, and evasion of service by both the elites and ordinary people. Russian success is grounded in the fact that Russia simply has far greater resources than Ukraine in terms of both industry and manpower. It has been able to recruit hundreds of thousands of new troops by paying them very high wages, up to six times the average salaries in the regions from which they are drawn.

Ukrainians and Western hawks claim that more Western weapons will make a critical difference; and indeed, if some of these had been provided in 2022, when the Russian armed forces were outnumbered and in serious disarray, they might have led to much greater Ukrainian success. Now however, so great is the Russian advantage that Western supplies can make little difference.

Western industry cannot produce anything like the number of artillery shells Ukraine needs; the USA cannot provide sufficient air defense systems to Israel and Ukraine and keep enough for a possible war with China. And above all, NATO cannot manufacture more soldiers for Ukraine. The German government has already declared that it is freezing military aid, and will cut aid to Ukraine by almost half next year, and by more than 90 percent by 2027.

Faced with this reality, Western advocates of unconditional support for complete Ukrainian victory are becoming increasingly desperate. Earlier this year, we were told by the likes of retired Gen. Ben Hodges that the (genuine) success of Ukrainian missiles and drones in driving the Russian Black Sea Fleet from its bases in Crimea meant that these could also drive the Russian army from Crimea and somehow regain it for Ukraine (after he told us in June 2023 that Ukraine could “free Crimea by the end of summer”). Then, we were told that the (genuine but very limited) Ukrainian incursion into the Kursk region of Russia marked a turning point in the war. Now, we are being told that allowing Ukraine to fire missiles guided by US satellites into Russia will allow Ukraine to transform the war.

It is true that the Ukrainian forces, with tremendous grit, are forcing the Russians to advance very slowly, and are inflicting heavy casualties. Together with the war weariness of much of the Russian population, and Russian economic problems, this could allow Ukraine to reach a peace settlement that would limit Russian territorial gains, and, while excluding NATO membership, allow Ukraine to seek membership of the European Union at some point in the future. This would be very painful for Ukrainians, but it would still be a great triumph in historical terms, and vastly better than what they are likely to get if the war continues. Headlines like “Ukraine must turn the tide before it can negotiate” are, however, meaningless, if by this is meant not just conducting a dogged fighting retreat but also driving the Russians back.

Tragically, the Ukrainian government and Western establishments have so often condemned the very idea of a compromise peace and insisted on complete Ukrainian victory that it is now very difficult for them to change course. They have also by now uttered so often the argument that if Putin is allowed to keep southeastern Ukraine he will go on to attack NATO that they may even have come to believe this nonsense themselves.

A more cogent argument, advanced for example by Ivan Krastev in the Financial Times, is that with the Russian army advancing, Putin has no incentive to seek peace at present; and that his offer of a ceasefire in return for Ukrainian withdrawal from the cities of Zaporizhia and Kherson (claimed but not occupied by Russia) is completely unacceptable.

This is true as far as it goes, but the counterargument is that we cannot discover which Russian conditions are absolute, and which negotiable, until we enter into negotiations with Russia; and starting negotiations does not mean accepting initial Russian terms. Members of the Russian establishment have suggested to me the possibility that in return for a treaty of neutrality excluding NATO membership, Russia would give up further territorial ambitions.

Let us make this suggestion in private and see what Moscow’s response is. Even better, empower neutral powers like India and Brazil to make such proposals for peace to the Russians. Given the effort that the Russian government has put into wooing these states and the “global majority,” it would be very difficult for it to spurn a peace initiative from them.

Western support to Ukraine should continue during negotiations so that the Ukrainian forces can continue to fall back slowly and inflict heavy casualties, thereby encouraging the Russians to accept a compromise. We must not, however, delude ourselves either that our support will last indefinitely, or that it can possibly help Ukraine to regain territory that it has lost. We therefore have no honest and viable alternative to also putting pressure on the Ukrainian government to accept a compromise peace.

If the next US administration fails to adopt this course, then there is a serious risk that, like First World War armies after years of trench warfare, the Ukrainian army will eventually collapse. Washington will find itself faced with a choice between accepting severe Ukrainian defeat or intervening directly and risking—or even ensuring—nuclear war with Russia. We must hope that the leaders of the next administration will have the intellectual clarity and the moral courage to recognize this, and act accordingly.",Anatol Lieven,"Armed Conflicts, Europe, US Wars and Military Action, War and Peace, World, World Leaders",2024-10-29,CONTROL_Polish_Womens_Strike_2020_2024,sustained,True,1,"De, En, La"
https://www.thenation.com/article/world/what-is-the-plan-for-gazas-future/,The Nation,What Is the Plan for Gaza’s Future?,"Netanyahu’s plan to remain in power doesn’t include peace.

Check out all installments in the OppArt series.",Frances Jetter,"Government, Journalists and Journalism, Law, Media, Political Figures, Political Ideologies, Politics, Race and Ethnicity, Society, World, OppArt",2024-10-29,CONTROL_Polish_Womens_Strike_2020_2024,sustained,True,0,"In, The, To"
https://www.thenation.com/article/society/evangelical-antifeminism-conservative-christianity/,The Nation,"The Perfect, Smiling Wives of the Christian Right","Far from being an immutable fact of Christianity, evangelical antifeminism is recent, virulent, and gaining traction every day.

Far from being an immutable fact of Christianity, evangelical antifeminism is recent, virulent, and gaining traction every day.

When Ruth was 21, she put on a wedding dress; it was high time, her parents and everyone else around her had said, for her to be married.

Growing up in the 1980s and 1990s in Bucks County, Pennsylvania, Ruth (a pseudonym to protect a victim of abuse) had been told over and over what it meant to be a woman—and marriage was at the center of it all. In Sunday school and Bible study, she had been taught that a wife’s role is to be submissive and accept her husband’s headship. Women were not allowed to address the congregation at her church. The faith she had grown up in was a “dark and bloody” one, she told me; in her Sunday school lessons, she had been taught to expect an imminent apocalypse that would annihilate the faithless and wreak vengeance on God’s foes.

In her community, dating was forbidden before the age of 16; at that point, young congregants were permitted to engage in strictly marriage-minded “courtships.” At a Bible study for teens and young adults, she watched her female peers ask for prayers that they could be more submissive to their husbands. Her sex education, such as it was, consisted primarily of a video series called Sex, Lies &…the Truth, featuring Focus on the Family’s James Dobson. All sex outside of marriage was a sin, and the only alternative was total chastity. Even kissing was prohibited before the wedding night.

At 19, she met the man she would marry—the first one who had ever asked her on a date. Over the course of their courtship, the man, a fellow student at her Christian high school, became sexually abusive. He began by groping her; when she refused his advances, they only became more forceful. In Dobson’s teachings, men cannot control their lust, and the burden is on women to ensure that they do not fall into sexual sin. Even as the assaults escalated into rapes, Ruth felt—and was encouraged to feel by her future husband—that the “sexual sin” was hers, even as he had her pinned down. She had not screamed loud enough, she had not managed to overpower him, and so she was to blame.

Ruth began to view herself as someone stained by the sin of enabling a man’s lust, someone impure and undeserving. When her future mother-in-law discovered condoms in her son’s room, she told Ruth’s parents that their daughter was sinning. In the ensuing months, her parents, future in-laws, and fiancé pushed her toward the sole solution they could see: ending the sin through the sacrament of marriage. So Ruth donned the dress and married the man who had raped her.

After all, she was an obedient Christian girl; she had internalized years of relentless teaching about sin, purity, and submission. Maybe the holy bond of husband and wife could erase all that had happened. “Marriage would help make it right,” she later told me.

Her future in-laws gave her a marriage manual offering a cure for women who suffered: prayer.

By the time of her wedding, Ruth had already begun to question the education she’d received about what it meant to be a woman. But it takes a long time to uproot a lifetime’s worth of indoctrination. So when the moment came, she walked down the aisle toward the man who had assaulted her, the man who, according to all she had been taught—through beatings and fire-and-brimstone sermons, through books and tapes and quiet Bible study sessions—ought to lead her through a life of wifely submission and child-rearing.

She had bought herself a dress tinted ivory rather than virginal white to show everyone that she had sinned, a quiet act of rebellion—one she performed while still unable to speak about what she’d endured. “I was trying so hard to assert myself,” she told me. Despite everything, she hoped that the sacrament of marriage would fix what was broken in him and in her. And so she said, “I do.”

What led Ruth to that moment—and what led her parents and church community to tell her to accept her abuse and repair it through submission? Was it an inevitable, fixed biblical truth—or a more recent invention?

From the very first debates about the story of Genesis, the role of women outlined in the Bible has been interpreted in many ways over the centuries. Some have focused on the heroism of Jael, impaling the skull of her foe in the Book of Judges; some on the sage judgments of Deborah; and others on the meekness prescribed by the Apostle Paul. But the contemporary, submission-oriented stringency toward women on the Christian right is relatively new, emerging as a response to the feminist movements of the 20th century. Even the term “complementarianism”—the notion that God created men and women to fulfill different roles—wasn’t coined until 1988. But through books, sermons, and DVDs, a new vision of femininity has taken hold across the conservative evangelical community. The rigidity of these gender norms cannot be exaggerated, nor can the Christian right’s fixation on the punitive enforcement of gender-appropriate behavior.

One of the most important books in the “Christian femininity” library, Let Me Be a Woman, by the wildly influential missionary Elisabeth Elliot, was published in 1976 explicitly as a rebuke to the women’s liberation movement. Part of a backlash against feminism, it helped formulate a new, unyielding view of what a woman should be that was the film negative of what women on the left were fighting for. In the preface, Elliot says as much: “This book was written at the height of the strong feminist movement that swept through our country in the seventies and eighties. Women were told that they ought to get out of the house and do something ‘fulfilling.’ They listened, and many discovered what men could easily have told them: that by no means is fulfillment necessarily to be found in any job…any more than in the kitchen. I knew that real satisfaction and joy come in response to acceptance of the will of God and nowhere else.”

In the book, Elliot scolds the feminist as being a monument to “immaturity.” The women’s movement is an evasion of responsibility, and a woman who asserts herself—who “defines her liberation as doing what she wants, or not doing what she doesn’t want”—is not only insulting God but is forfeiting her humanity. “By refusing to fulfill the whole vocation of womanhood,” Elliot writes, “she settles for a caricature, a pseudo-personhood.” To pursue your own will as a woman, in other words, renders you not God’s creature and even not fully human.

Elliot went on to be a mainstay in evangelical Christianity for decades, influencing the purity movement and other vital segments of right-wing Christian culture. But she was hardly the only Christian to respond with repulsion to the feminist movement. Throughout the 1960s, ’70s, and ’80s, feminists built power and transformed popular sentiment. They secured women’s rights to obtain a no-fault divorce; to own their own credit cards; to access housing without sex-based discrimination; to obtain contraception, whether they were married or unmarried; to serve on juries. In 1970, marital rape was legal in all 50 states; by 1993, all states had withdrawn the “spousal exception” to rape laws. In 1973, Roe v. Wade secured the federal right to obtain an abortion.

But Elliot and her ilk objected to the whole movement—to every right obtained, to every piece of economic security won. Abortion would eventually become the focal point of the Christian response to feminism, but initially, the conservative Christian movement did not make abortion the primary target of its animus. Instead, its emphasis was on making clear that a woman whose goal was not submission within the confines of heterosexual marriage was an affront to God.

By the 1980s, the anti-feminist backlash within Christian movements had hardened into something permanent. And through the assiduous efforts of right-wing theologians, politicians, and scholars, it had begun to acquire the patina of ancient biblical truth.

In 1987, in Dallas, a group of influential evangelical theologians—two of whom were named Wayne, and all of whom have had long and influential careers on the Christian right—met to create a new organization, the Council on Biblical Manhood and Womanhood. According to the council’s statement on its history, that meeting was inspired by “the spread of unbiblical teaching” during the burgeoning and expanding feminist movement.

Under the leadership of John Piper, a theologian and pastor and the founder of the Desiring God ministry, the group outlined, according to its website, “what would become the definitive theological articulation of ‘complementarianism,’ the biblically derived view that men and women are complementary, possessing equal dignity and worth as the image of God, and called to different roles that each glorify him.”

In December 1987, in Danvers, Massachusetts, the newly founded Council on Biblical Manhood and Womanhood formulated the Danvers Statement, a response not just to feminism in the culture at large but to the nascent Christian feminist movement, which had sought to reimagine gender roles within evangelical churches.

Expressing its concern with “the increasing promotion given to feminist egalitarianism with accompanying distortions or neglect of the glad harmony portrayed in Scripture between the loving, humble leadership of redeemed husbands and the intelligent, willing support of that leadership by redeemed wives,” the council laid out an image of Christian manhood and womanhood that would thoroughly repudiate any vision of a Christian feminist future. “Ambivalence regarding the values of motherhood [and] vocational homemaking” was excoriated, alongside the emergence of roles for women in church leadership that were “crippling to Biblically faithful witness.”

In response to those purported societal cataclysms, the group presented principles that it believed would lead Christians from a path of damnation back toward the loving arms of God: “In the family, husbands should forsake harsh or selfish leadership and grow in love and care for their wives; wives should forsake resistance to their husbands’ authority and grow in willing, joyful submission to their husbands’ leadership.”

Not content to simply issue such a proclamation, the ministers and theologians who created it set about ensuring that it was adopted by as many millions of Christians as possible. In 1989, the group published a full-page advertisement containing the entire Danvers Statement in Christianity Today, a flagship evangelical publication founded in 1956 by the legendary evangelist Billy Graham; in the 1980s, each issue of the magazine reached tens of thousands of Christians. A pressure campaign, including a 1991 anthology called Recovering Biblical Manhood and Womanhood: A Response to Evangelical Feminism, helped spread complementarian theology nationwide.

Eventually, the council would claim that its “gospel-driven gender roles” had been adopted by major Protestant denominations, including the Presbyterian Church in America and the Southern Baptist Convention, which together represent more than 10 million parishioners. The impact of the Danvers Statement on major Protestant denominations is impossible to overstate.

The notions of biblical manhood and womanhood, so recently invented, acquired a retroactive imprimatur of divinity, folded into sermons, marriage counseling for young couples, and education for future brides.

Christian conservatism benefits from the construction and adulation of an imagined, purer past—a time unsullied by the feminist movement. That is why these marriage manuals fixate on the Garden of Eden, old-school Hollywood fantasies, and 1950s home ec. Cherry-picked history coincides with cherry-picked Scripture; what is, in fact, a specific reaction to social change is recast as divine mandate—the inerrant word of God, the essential and unchanging nature of mankind since its creation.

Some stories do have a beginning; this one has a particularly famous opener. In Genesis 2—one of three versions of the creation story—God makes Eve because he decides it is not good for Adam to be alone. Some impromptu heavenly surgery occurs (complete with spiritual anesthesia!), and a rib is extracted from Adam, which God transforms into Eve, so that she may function as a “help meet” to Adam. “Help meet” is the King James Bible’s translation of the enigmatic Hebrew phrase ezer k’negdo, which means something like a “helper to suit him”—“meet” in the archaic sense of “fitting,” as in a being created to aid another. Eve’s condition as a help meet has formed the basis of countless guides to Christian marriage, ones that emphasize the submission of women to their husbands and advance the notion that a woman without a husband is both incomplete and untrue to her “created nature.”

In 2004, Debi Pearl, a nationally famous Christian figure and the wife of the right-wing pastor Michael Pearl, laid out her stark vision of this idea in her book Created to Be His Help Meet: Discover How God Can Make Your Marriage Glorious. It’s the companion to her husband’s book Created to Need a Help Meet: A Marriage Guide for Men, and it is a large-font, sweetly decorated instruction manual on how to build yourself a lifelong prison.

The book has sold some 500,000 copies in 12 languages, according to its 10th-anniversary edition; it was reissued in 2014 and 2019. One friend who grew up in an evangelical context disclosed that she had been given three copies of Pearl’s marriage manifesto upon becoming a bride. Another woman told me that her mother had given her the book as soon as she began to menstruate, to preview her future as a wife: “It was traumatizing.”

Drawing from Genesis, Pearl asserts that women who are not married to men—and, furthermore, women who are married to men but do not assume the submissive role of help meet—are forsaking the role for which God created them. Such a departure is aberrant, abhorrent to God. Women who work outside the home are also forsaking their role of help meet; female employment, Pearl writes, “leads to family ruin.” A woman may not lead her household either; she is instructed to accept her husband’s leadership, even if it is poor, as being superior to her assertion of self.

The perfect Christian woman Pearl envisions is always happy; her smile (much emphasis is placed on the necessity of a constant smile and a merry heart) is what draws her husband to her. “Being pitiful, hurt, discouraged, and even sickly is one side of a ‘bad marriage’ coin,” she writes. “Men, in general (your husband in particular), are repulsed by women who project this image…. He will react with anger.”

Women who are being abused must neither fight back (“with the voice of a shrew and the demeanor of a feminist”) nor “cower” and “brainlessly submit”—but rather display honor, reverence, and obedience to their husbands. In the spirit of Christ, they must “put on the whole armor of God” in order to “endure abusive words without feeling abused.” Women who complain about their abusers, who leave relationships, or who do not marry are addressed in a section titled “Disappointed Old Failures.”

Pearl’s writings are generally viewed as an extreme version of complementarianism. Nonetheless, Christian marriage guides with similar messages—even if delivered in softer tones, adorned with rose-blush pink covers and images of couples embracing—are legion; they fill bookshelves with their messages of the meek and quiet spirit, of the wife who never leads and only follows. Most of these books are neither particularly old—many of the “classics” currently in multiple reprints were released in the mid-2000s—nor obscure; though aimed at a Christian audience, they seek to appeal to any woman who wishes her life or relationship could be better and offer, as a solution, a theological straitjacket lined with the faux softness of gentle advice.

In Captivating: Unveiling the Mystery of a Woman’s Soul, rereleased in 2021 in an expanded edition 16 years after its initial publication, the popular Colorado-based husband-and-wife ministers John and Stasi Eldredge couch a brutally confined view of sacred femininity in soft-edged prose and bland pop culture references. Since the expulsion from Eden, the Eldredges write, “Woman is cursed with loneliness (relational heartache), with the urge to control (especially her man), and with the dominance of men.”

Despite the book’s conversational tone—that of a gentle friend and confidant—the warning of the book is stark: When a woman is “grasping, reaching, controlling”—when she seeks to control and dominate her environment and those around her—she is “falling prey to the lies of our Enemy,” Satan. There is no way to run this gauntlet successfully except to surrender one’s control and self-protection, trust only in God and husband, and “return to our God with broken and desperate hearts.” All other paths lead to divorce and damnation—options presented as equally devastating.

The view of femininity advanced by this pink-hued surge of rigid rhetoric—not only in books, but in sermons, marriage seminars and workshops, and podcasts—is not necessarily confined to Christianity: The Eldredges hold up Renée Zellweger’s pathologically self-effacing character in Jerry Maguire as a model; Pearl cites a home economics textbook from 1950; and it is all bulwarked by carefully chosen verses, chains of domestic servitude disguised as the armor of God.

The Christian right’s expectations of women—submission and obedience, labor and servility—have no flexibility; any deviation is a fall from grace into mortal sin. But submission and obedience without question are easily abused. The pliant Christian wife suffers; when she is abused, she turns not to earthly authority but to God for her answers. Though some manuals offer caveats in cases of severe physical abuse, anything short of bruises is readily explained; in Pearl’s telling, a husband who feels insufficiently adored can become angry and violent, and the solution is not to escape or even fight back but to become a font of grace.

By the time Ruth was a teenager in 1990s Pennsylvania, the biblical womanhood prescribed by the Danvers Statement had been transformed from the adages of pastors into the timeless wisdom of God. She was taught that submission, obedience, and purity were the highest values a woman could hold. As she married the man who had raped her again and again, she had yet to fully reject the teachings so deeply and deliberately ingrained in her.

Remember that marriage manual her future in-laws gave her? During her engagement, Ruth received The Power of a Praying Wife by Stormie Omartian, a Christian manual first published in 1996 that teaches married women how to endure suffering. Omartian’s husband, Michael, a Christian musician with three Grammys to his name, writes a one-page foreword in which he relates a little joke he has become fond of telling over the decades: “It’s been twenty-five wonderful years for me and twenty-five miserable years for her.”

One chapter in, it becomes clear that this isn’t much of a joke—if it ever was. “I confess right now there was a time when I considered separation or divorce,” Stormie Omartian writes. “The last thing I want to do is grieve God. But I know what it’s like to feel the kind of despair that paralyzes good decision making…. I’ve felt pain so bad that the fear of dying from it propelled me to seek out the only immediately foreseeable means of survival: escape from the source of agony.”

Her husband, the flagship music producer for the organization Cru, formerly known as Campus Crusade for Christ, had, she alleges in her book, wounded her repeatedly. “The only ones that were ever the object of his anger were me and the children. He used words like weapons that left me crippled or paralyzed,” she writes. “A husband can hurt your feelings, be inconsiderate, uncaring, abusive, irritating, or negligent. He can say or do things that pierce your heart like a sliver.”

Stormie Omartian found her solution in what she described as a kind of death. Clutching her Bible on her bed after once again considering separation, she decided instead to let her own will be extinguished: “As I sat there, God impressed upon my heart that if I would deliberately lay down my life before His throne, die to the desire to leave, and give my needs to Him, He would teach me to lay down my life in prayer for Michael.”

And she did so for that quarter-century—so wonderful for him, so miserable for her, and so full, so very full, of prayer. The ultimate prescription for women in this milieu is a kind of living martyrdom, a suicide of self that must be repeated every day. It is this view that dominates the lives of tens of millions of American women and fuels the kind of legislation that sees women not as conscious actors but as beings whose bodies and souls can and must be subject to absolute control.

As for Ruth? The seed of rebellion that had begun with buying her off-white dress continued to grow within her. Despite pressure from her husband, her church community, and her parents, she refused to bear children for her abuser. She had decided she would not inflict on her children what had been inflicted on her by her parents: threats and beatings, with implements and without, for reasons so small, she told me, that they would “break your heart.” Throughout nearly a decade of marriage, her husband berated her; he abused her sexually; he shamed her in the church community and among their families for her failings as a wife. She stayed with him like the good Christian woman she’d been raised to be, even as she worked to unravel the internal bonds that kept her tied to that image of suffering femininity. She endured it all—until she didn’t anymore.

Ruth left the faith she was raised in, and then any faith at all, and then the husband who had used God as a weapon against her. She refused to die to herself, to let her own will die. She left him without a prayer on her lips but with hope in her heart. She is in her 40s now, and as she spoke to me, her lively children interrupted her. She works to help other people who have left evangelicalism to root out the pain and shame instilled into them. It took her a long time, she told me, to figure out what a healthy relationship looks like. But she did.",Talia Lavin,"Gender and Sexuality, Religion, The Right, Feature, Subscriber Only",2024-10-29,CONTROL_Polish_Womens_Strike_2020_2024,sustained,True,0,"In, The, To"
https://www.thenation.com/article/society/gisele-pelicot/,The Nation,Abusers Aren’t Always Powerful Men. Some of Them Are Regular Guys.,"Even in an age when feminist rhetoric is familiar, violence against women is all too common.

By now, the whole world has heard the story of Gisèle Pelicot, and it’s hard to say what the worst part of it is. Pelicot is the 72-year-old French woman whose husband, Dominique, is on trial for drugging her food and inviting at least 80 men to rape her while she was unconscious. (He photographed the whole thing, saving the evidence in a computer file conveniently titled “abuse.”) Over the course of a decade, Gisèle visited many doctors for strange symptoms—memory loss, unexplained headaches, gynecological problems—and none had a clue what was wrong. This unbelievably courageous woman opted to reveal her name and make the trial public, to call attention to rape; in France, as elsewhere, women are often blamed and shamed for their own violation, and French rape law does not cover lack of consent. Pelicot’s insistence on a public trial is the reason we know about the alleged perpetrators, all supposedly regular guys from the area around Mazan, the small town in Provence where the couple lived, whom Dominique solicited online: a firefighter, a truck driver, a construction worker, a soldier, a city councilor, a journalist, a nurse. Fifty are now on trial with the husband; some 30 have not been identified.

“I saw him now and then in the bakery; I would say hello,” Gisèle said of one man. Some had previous convictions for rape or domestic violence, but most are stable citizens, husbands, and fathers, ages 26 to 74, who thought it was OK to rape an unconscious woman. Their defenses are preposterous: I thought she was only pretending to be asleep as part of a sex game. Her husband said it was OK, and husbands can do what they want to their wives. “If the husband was present, it wasn’t rape,” said one man. Most of the men are pleading not guilty and blame the public trial for ruining their lives. Poor babies! Dominique, however, confesses to the whole thing: “I am a rapist just like all the others in this room.” Were the accomplices deceived? “When they came, they already knew everything. They all knew how this went about before the meetings.”

I hope all these men go to prison for many years—the maximum sentence is 20. If that makes me a carceral feminist, fine. Because what this case reveals is that the sex crimes we think of as rare, committed by unusual, powerful people—Harvey Weinstein, let’s say, or the rest of the celebrities exposed by #MeToo—are also committed by seemingly ordinary ones with no special power or status: your neighbor, your coworker, your boss; maybe even your boyfriend, husband, father, or son. Gisèle had no idea her husband was setting up elaborate rape scenarios for almost a decade. They’d been teenage sweethearts and had been married for 50 years, with children and grandchildren who visited often. She thought she was happy. How many of the wives and girlfriends of the other men also thought they were nice guys?

Speaking of nice guys, the United Kingdom is reeling from the conviction of beloved BBC star anchorman Huw Edwards for the purchase and possession of child pornography. That’s another crime we think of as something only the rare weirdo in a raincoat commits. Not true: In the UK, 1.8 million men have admitted viewing child porn online. Eight out of 10 get no jail time, including Edwards, who got a six-month suspended sentence and is currently ensconced in a posh London sanitarium; the man he bought the images from, Alex Williams, also got a suspended sentence. According to a recent report by Childlight, an organization that gathers data on child sexual exploitation, 7 percent of British men over the age of 18 have committed some form of online child sexual abuse. The United States, at 11 percent, is even worse. True, studies suggest few of these men will sexually abuse children in person. But viewing the images is itself abuse: They are participating in and promoting the vast industry of real-life child sex abuse needed to make the images, which will live forever online and cause immense distress to the children in them. If prison isn’t feasible—and with numbers like these, it’s clearly not—then what is? My father, a left-wing lawyer and a wonderful man, used to say, “You can’t put the world in jail.” But you can’t put the world in therapy either.

It seems that everywhere I look, there are headlines about men doing terrible things to women and children. Just recently: Mohamed Al-Fayed, former owner of Harrod’s, the celebrated high-end London department store, turns out to be the Harvey Weinstein of retail, having preyed on dozens of young women employees with the help of the store’s security force before his death at 94 last year. In Kenya, the Ugandan Olympic runner Rebecca Cheptegei was set on fire by her boyfriend and died after four days of agony, becoming the third female runner murdered in Kenya by her male partner in three years. In New York, the rap artist and impresario Sean Combs, last seen beating his girlfriend on a hotel security camera, has been arrested for sex trafficking, racketeering, and sexual abuse connected with years of well-attended, drug-fueled orgies involving threats and coercion of women.

Where am I going with this, you ask? Call it a cri de coeur. Everywhere I look, I see staggering amounts of male violence against women, in every country, in every social class, most of it unpunished, most of it waved away. In many countries, women’s rights are being pushed back—including in our own, where just a shade under half of voters support an adjudicated rapist who engineered the downfall of abortion rights and whose misogynistic remarks would fill a book. We’ve had 50 years of contemporary feminism. Shouldn’t we have more to show for it?",Katha Pollitt,"Domestic violence, Sexual assault",2024-10-29,CONTROL_Polish_Womens_Strike_2020_2024,sustained,True,0,"In, The, To"
https://www.thenation.com/article/society/letters-from-the-november-2024-issue/,The Nation,Letters From the November 2024 Issue,"No mention of genocide… Developer talk…

No Mention of Genocide

I was disappointed to see The Nation’s endorsement of Kamala Harris for president [“For Kamala Harris,” October 2024]. Arming a genocide should constitute more than an incidental detail in a presidential candidate’s track record, especially for a publication with a principled, progressive history.

Harris robotically repeats that she “unwaveringly” supports Israel’s “right to self-defense,” without ever spelling out that this right must stop where Palestinians’ and US citizens’ right not to be murdered with impunity by Israel begins, and that it must not be construed to encompass genocide. On her watch, Israel has slaughtered 17,000 children with our bombs and munitions, not counting the thousands more children who are buried beneath the rubble or starving to death. She has signed on to Joe Biden and Antony Blinken’s policy of defunding UNRWA and allowing Israel to systematically starve children in Gaza, and has refused to hold Blinken accountable for repeatedly lying to the American public about our role in fostering this man-made famine. Perhaps most damning of all, Harris wouldn’t even allow Georgia state Representative Ruwa Romman four minutes out of a four-day Democratic National Convention to describe Palestinians’ suffering in their own words—one of the most fundamental human rights of all.

I can’t bring myself to vote for someone who has the blood of so many children on her hands. Even though the Democratic National Committee has managed to get Cornel West disqualified on my state’s ballot, I am going to vote for him on principle. Harris can get right with God, Palestinian Americans, and the Democratic base by using our clout as Israel’s chief weapons supplier and fiscal subsidizer to pressure Benjamin Netan­yahu to slam the brakes on the Gaza genocide and to stop trying to export that genocide to the West Bank, Lebanon, Iran, Yemen, and Syria.

Steve Babb lawrenceville, ga

Developer Talk

Re “The View From Whole Foods” [August 2024]: Karrie Jacobs’s article on the transformation of Gowanus in Brooklyn does not define what developers mean by “affordable housing.” A recent “affordable housing” lottery in Long Island City, Queens, for example, has set aside eight studio units, with a monthly rent of $3,088 each, for households with annual incomes of $105,875 to $161,590. There is now very little movement into low-income projects in the city. In Gowanus, the low-income projects will be increasingly isolated from the rest of the community. “Affordable housing” does not mean housing that is affordable for low- or moderate-income New Yorkers. It is frequently a euphemism for total gentrification.

Sharon Long newark, nj",Our Readers,"Israel-Gaza War, Palestine",2024-10-29,CONTROL_Polish_Womens_Strike_2020_2024,sustained,True,0,"In, The, To"
https://www.thenation.com/article/archive/climate-change-2/,The Nation,Climate Change,"Yes, Asheville’s devastated by a storm.And Phoenix? Hot enough to kill some folks.Extreme events must make it hard to sayThat climate change is nothing but a hoax.Or do they?",Calvin Trillin,"Humor, Column, Deadline Poet",2024-10-29,CONTROL_Polish_Womens_Strike_2020_2024,sustained,True,0,"In, The, To"
https://www.thenation.com/article/archive/industry-hbo-review/,The Nation,“Industry”’s Gleeful Critique of Capital,"HBO’s investment banking soap opera.

HBO’s investment banking drama makes a soap opera out of the “useless” but lurid nature of finance.

Like many real-life office workers, the characters of Industry take refuge in the bathroom. The cold comforts of the toilet are often the de facto hideaway for the London-based employees of the investment bank Pierpoint & Co. A place for gossip or escape more so than micturition, the facilities are also a hotbed of illicit activity, per the customary recklessness fostered in a stressful profit-making environment. In the series’ pilot, a young, inexperienced banker dies alone, slumped on the floor of a stall, after suffering a heart attack brought on by sleep deprivation and stimulant use. Life and death (literal and spiritual) occur in the restroom, if for no other reason than it’s a sanctuary from the cutthroat trading floor, where vulnerability can be bought and sold just as easily as holdings in a portfolio.

If that description sounds melodramatic, it might be because Industry is melodramatic. The show’s first season followed a group of recent college graduates whose entry-level positions were predicated on demonstrating their value to the company over the next six months, lest they face redundancy. Though Industry sports a large ensemble cast, most of whom drop in and out of the narrative like employees in a workplace with a high turnover rate, only three from the initial group of recruits sustain a consistent focus across the series: Harper (Myha’la), a college dropout from New York; Yasmin (Marisa Abela), a well-connected London publishing heiress; and Robert (Harry Lawtey), the son of an Oxford bartender. Each one carries their own set of demons and harbors a complicated relationship with professional ambition and material gain.

Eric (Ken Leung), a middle-aged managing director with a penchant for cruel pep talks, serves as the elder foil to the show’s young-adult crew. He is equal parts mentor and tyrant, first with Harper, with whom he shares the closest and most fraught relationship, and then with Yasmin and Robert in the latest season. His tendency to stoke the venal elements in a person’s character under the guise of motivation frequently clashes with his need to control his pupils. Once a powerhouse, Eric finds in Industry’s latest season that his influence has considerably dwindled in proportion to Pierpoint’s own diminished clout and respectability. After ousting Harper from the company, he muddles his way through a boozy midlife crisis fueled by a separation from his wife, just as the bank he has given his life to faces a solvency crisis.

The former grads remain in or near Eric’s orbit, but they are also forced to deal with problems of their own. Harper allies with the callous Petra (Sarah Goldberg) to start a hedge fund whose strategy is based on the assumption that ESG (environmental, social, and governance) investments, a cornerstone of Pierpoint’s portfolio, are a fad. Meanwhile, Yasmin has to deal with the media fallout and financial consequences stemming from her missing father’s embezzlement activities and his record of sexual impropriety. Robert, an eminently pitiable working-class striver, pulls himself out of a downward spiral and undergoes a transformation of his own: He becomes disenchanted with his work after being assigned to shadow Sir Henry Muck (Kit Harrington), the obnoxious chief executive of Lumi, a green-tech energy company whose IPO is being handled by Pierpoint.

“I think there are people, circumstances, and opportunity. That’s it,” Harper says to Petra, spelling out Industry’s view of the borderline sociopathy that the financial sector nurtures. This unsparing credo is almost unnecessary: Industry’s creators, Mickey Down and Konrad Kay, both former bankers, have spent much of the show’s three seasons detailing the mercenary sensibility needed to succeed in high finance. Despite all the drama of the characters’ personal lives—the people they fuck, the drugs they do, the friends they lean on—the show’s premise is quite simple: a gleeful take on what John Lanchester has called the “useless” nature of finance, a business whose sole purpose is not a “useful” exchange of labor but a speculative enterprise based on the movement of numbers. The soapy operatics serve this simplistic critique of capital, one that flattens race and class until only the profit motive remains. It’s a valid if deterministic worldview that can obscure as much as it reveals.

Industry’s first season admirably threw viewers into the deep end of its rarefied world by refusing to provide expository information; it simply expected you to figure out the financial jargon through context. Down and Kay overcompensated for any potential inscrutability by magnifying the characters’ after-hours recreational drug use and sex lives, a flashy and frankly unnecessary narrative strategy to retain viewers’ attention.

The series ultimately found an effective balance between its risqué and buttoned-down sides by widening its scope beyond the ins and outs of the trading-room floor. While the first season tackled Pierpoint’s toxic office culture, the second focused on how the firm intersected with a global economy grappling with the long-term consequences of inequality. Set in the immediate, return-to-office aftermath of Covid, the series’ sophomore year follows Pierpoint’s dealings with an Internet healthcare company and a billionaire American hedge fund manager who profited off the pandemic. Industry used these elements to examine the meme-stock phenomenon, the viability of private healthcare in the UK, and the shallowness of social consciousness among the wealthy.

In its third season, Industry followed up on that final point by illustrating how investors and CEOs use progressive rhetoric to conceal their fundamental greed. The series makes no bones about its view of companies who appropriate social causes to improve their public relations, presenting the aristocratic Muck and the rocky IPO launch of Lumi as the epitome of how tech companies falsely claim they’re serving anyone but themselves. Harper and Eric might be narcissists who would sell out their mother for an extra dollar, but the show expresses an undeniable respect for them because they’re honest about who they are—greed embodied. Their occasional attempts to deny their avarice end in swift reminders that solidarity is a losing tactic.

Industry puts a lot of stock in characters embracing their authentic selves. Yasmin becomes more confident the moment she stops downplaying her obscenely wealthy background and leans into her rich-bitch eminence. Robert begins to achieve serenity only when he accepts that no amount of sycophancy or sexual pliability will ever make him fit in with the one percent. The show takes a contemptuous view of goodness emanating from an inorganic source—a description that covers almost everyone on-screen.

Down and Kay also offer a jaded view of how racial identity works in the corporate world. The series accurately captures the way people of color with a vested interest in ladder-climbing often adopt a bootstrapper’s mentality, even while serving those who never needed to pull themselves up. Harper, a Black American woman, and Eric, a Chinese American man, have both been on the receiving end of racism and patronization. But instead of bristling at their treatment or becoming some kind of moral crusader, they both deduce that they can ruthlessly overcome any barriers to social mobility, so that their race becomes negligible.

Harper is eminently aware of how she can trade on race to secure favorable deals with people who wish to be perceived as supporting diversity. When she and Petra successfully court a smug financier to invest in their new fund, he cheekily compliments her “progressive look.” Harper replies, “New look. Same great taste,” aligning herself with aging white reactionaries who wish to make money no matter the ethical lapses required.

Eric, on the other hand, took the brunt of open racism in the workplace as he ascended the ranks in an earlier era, specifically from his own Pierpoint mentor, who would “affectionately” refer to him using anti-Asian slurs. But he sees this mistreatment as a badge of honor, something that didn’t stymie his rise from managing director to partner. He’s also more than willing to play up his outsider position whenever it suits him, especially when it allows him to pursue insider interests. In the third season’s finale, Eric attempts to quell worries after the company is sold to the Egyptian firm Al-Mi’raj by giving his version of Gordon Gekko’s “Greed is good” speech from the movie Wall Street. He butters his listeners up with his own rags-to-riches story and insists that they’re all in the same boat, even as he knows that he’ll be firing most of them eventually.

After the speech, Eric reveals to a colleague that he stole his most affecting lines—“Money takes the beast. Money is peace. Money is civilization. The end of the story is money”—from Denis Johnson’s “Largesse of the Sea Maiden” and that he invoked his background purely for rhetorical purposes. “Thought I’d hit all the targets,” he says. “Immigrant mentality. American promise. ‘This place made me.’ Blah, blah, blah. ESG bullshit.”

In an extensive GQ profile published before the third season’s premiere, Down and Kay spoke candidly about the show’s earlier flaws, including the “naïve formlessness” of the first season. They worried about the opaque vernacular of finance and wondered whether the youthful cast lent a regrettable “YA” feeling to the series. They asserted that they’d overcorrected for these defects in the second season, infusing the show with a “dour tone” and implied that they may have too neatly tied characters’ behavioral patterns to their histories.

In their view, Industry’s third season marries the best elements of its first two. Critics and audiences certainly agree; it has become a word-of-mouth hit for HBO, and the show does exhibit a previously unseen energy in its plotting. The back half of the season successfully speedruns an entertaining banking-crisis storyline that mirrors the 2008 financial collapse; a new confidence in the writing and ensemble performances makes the series feel more lived-in than before. It casually pulls off the now-familiar prestige-TV maneuver of a single-character episode—in this case, one that follows secondary player Rishi (Sagar Radia), an aggressively vulgar, misogynistic trader—that’s both an homage to Uncut Gems and a cutting view into outdated machismo in the financial sector.

At the same time, Down and Kay’s self-assessment feels off. For one thing, the first season’s refusal to talk down to its audience about finance injected authenticity into the show; it signaled a vote of confidence in its viewers at a time when showrunners frequently underestimated them. The problem was never the legibility of the dialogue, but rather the often predictable and schematic nature of the characterizations and how they overlapped with a fairly bland critique of capitalism.

Down and Kay like to believe that their characters’ motivations and dynamics are irreducible. (People “want total resolution. But the true answer is we don’t know—and that’s why it’s good,” Kay explained to GQ.) But too often those motivations and dynamics are traced back to childhood trauma. Yasmin may wish to extricate herself from her father’s vicious legacy, but she constantly replicates his behavior. Similarly, Harper’s narcissism derives from her estranged family relations; her God complex emanates from a sincere belief in her own superiority cultivated by a belief that personal attachments are an anchor around her neck. (Laws against insider trading are for mere mortals, after all.) Harper and Yasmin are foils for each other—working-class versus rich, native citizen versus immigrant—but psychologically they both fall into a pattern that Down himself cites as corny: “Having someone’s background basically be a harbinger of how they’re going to behave…I find that to be one of the most annoying and cloying and obvious things in TV now.”

Otherwise, greed is the determining factor for almost all of the behavior in the show. In one of the third season’s most ruthless scenes, Eric uses his friend’s illness in the cruelest and most public way imaginable because it’s a good career move; although it pays off in the short term, it ultimately leaves him a king without a kingdom. Harper exploits her friendship with Yasmin to gather privileged information and eventually gets her fired. In the end, the characters’ strife and toil always boil down to a simple axiom: Success in finance demands a rejection of emotion and, practically speaking, of moral or ethical scruples. The problem is not that Industry’s politics aren’t sound; it’s that the show hammers home the same point until it becomes stale and unremarkable. The moral race to the bottom quickly becomes monotonous because it’s not just overdetermined but all too obvious.

Industry is hardly the first series to document the cutthroat excesses of the business world—forebears like Mad Men used similar ingredients potently. But there’s often a spark missing from the proceedings that keeps Industry from greatness. Maybe it’s because the dialogue isn’t funny enough, or because the general self-destruction doesn’t cut deeply enough to be fully tragic. Don Draper’s personal and professional sins were always in tension with his rich interiority. Perhaps there’s a generational rift at play, but as entertaining as Industry can be, its characters have revealed themselves to be more superficial over time.

In Industry’s first season, the grads’ fear or frenzy felt genuine enough to be emotionally engaging simply by the virtue of their age: It was genuinely affecting to watch someone call their mom in a panic from a bathroom stall. But now that the characters have matured into adults, they seem like they’re out of surprises, at least partly because they’re in service to a fixed worldview. That could change, as Industry seems poised for a reset in its fourth season. But if the show has taught us anything, it’s that no matter where you go in the world, the laws of the trading floor remain the same.",Vikram Murthi,"Business, Television, Books & the Arts, Subscriber Only",2024-10-29,CONTROL_Polish_Womens_Strike_2020_2024,sustained,True,0,"In, The, To"
https://www.thenation.com/article/culture/jon-stewart-daily-show/,The Nation,25 Years of Indecision With Jon Stewart,"Before he left his post at The Daily Show, Stewart was America’s voice of reason. Times have changed. Has he?

“Men make their own history, but they do not make it as they please.”—Karl Marx, The Eighteenth Brumaire of Louis Bonaparte, 1852“Put down the bong. We’re living through history.”—Jon Stewart, The Daily Show promo, 2000

November 7, 2000, prime time, and everything at The Daily Show’s studio on West 54th Street in New York City was rolling along on schedule. The program’s producers and stars were in a celebratory mood. That night’s broadcast would cap months of successful election coverage, dubbed “Indecision 2000.” These spots saw the cast of Comedy Central’s nightly satirical news show mingling among legitimate press and accredited media, trailing both the Democratic hopeful, Vice President Al Gore, and his challenger, the Texas political scion George W. Bush. As polling stations began closing down across the country, the Daily Show staff retreated to a nearby nightclub for a party being thrown by the network’s bigwigs.

It was Comedy Central’s way of toasting the show’s success and rewarding the team for its own grueling work on the campaign trail. “We’ll just knock out the election special, then we’ll go to the party, and ‘Indecision 2000’ will be behind us,” recalls Madeleine Smithberg, The Daily Show’s cocreator and executive producer. “What we didn’t know was that ‘Indecision 2000’ was just about to begin.”

As host Jon Stewart went through the motions of the night’s broadcast, it became increasingly clear that the election was not going to be called. The Daily Show’s agenda for the night would have to be revised in real time. The writers had segments prepared for either a Gore or a Bush victory; there was no contingency in the event of a tie. Correspondent Stephen Colbert hastily scribbled a deliberately mealymouthed monologue, loaded with waffling platitudes, and read it on-air: “It is neck and neck. It is a nail-biter. A photo finish, if you will. A clash of the titans and a real barn burner. It’s not the beginning of the end but the end of the beginning.”

Stewart went home and watched the election coverage on the other channels. Seeing the professional talking heads spout the same waffling platitudes, he came to what would prove to be a transformative realization: The “real” news media didn’t have any answers either. “This was the first time it occurred to me that we took it a little more seriously than the media did,” he later said. “We were serious people doing a very stupid thing, and they were unserious people doing a very serious thing, and that juxtaposition really landed.”

The next evening, the Daily Show set was littered with loose papers, takeout containers, and ashtrays full of smoldering cigarettes. Hair and makeup techs tousled Stewart’s hair and painted dark bags under his eyes to give the impression that he and the rest of the staff had been toiling through the night, trying to figure out who, exactly, was going to be America’s next president. It set the tone for a long month of exhaustion. For Americans, it was an extended interregnum of unknowing that would reshape the political landscape and permanently undermine collective faith in the election process. For The Daily Show, it was a bloodless coup—a palace revolution in political satire.

“It was a seminal moment,” Smithberg says. “As the weeks wore on, legitimate media didn’t know how to cover it. It was so absurd. And all of a sudden, here we were, with this toolkit that was built to deal with absurdity. Suddenly, our coverage made more sense than anyone else’s. Nobody could go on with a straight face and think, ‘Yeah, this is totally normal.’”

As the election results hung in the balance, the “Indecision” tag proved uncannily apt. It was as if American politics were sinking to the level of a nightly news lampoon show. Comedy was riding shotgun with politics, or vice versa. And in the six election cycles since, the two have seemed totally entangled. It was a broadcast that would make The Daily Show essential viewing, elevate Stewart to superstardom, and change the trajectory of politics and comedy in America—for better or for worse.

The core juxtaposition—of seriousness and silliness, authority and impotence—was one that The Daily Show, and America itself, has now been grappling with for a quarter-century. In the era of podcasts and social media, political humorists—and politics guys who think they’re funny—have become the country’s “reliable sources,” while Daily Show alumni like Colbert and John Oliver now lead their own successful franchises. Earlier this year, facing floundering ratings and a failed experiment rotating in celebrity guest hosts, The Daily Show announced that Stewart would be making a triumphant return, nearly a decade after leaving the anchor’s desk. The news was met with a certain measure of skepticism by those who believed that Stewart had exhausted his usefulness. As political pundits questioned the viability of another Joe Biden White House, there was a dark irony in Stewart’s own second coming—and perfect comic timing. After Biden’s vexed exit from the race against Donald Trump and Vice President Kamala Harris’s coronation as the Democratic nominee, The Daily Show’s campaign-trail coverage was once again branded with a familiar lower-third chyron, placing it in an august lineage of American political satire: “Indecision 2024.”

In 1995, when former MTV news director Doug Herzog took over as comedy Central’s president, the channel was a premium-cable oddity. Born of a merger between Time Warner’s Comedy Channel and Viacom’s rival channel, Ha!, Comedy Central was best known in those days for Candid Camera reruns, British and Canadian comedy imports like Absolutely Fabulous and The Kids in the Hall, and a smattering of original programming. “Of course, we had Bill Maher,” Herzog says, referring to the host of Politically Incorrect. “Maher was the first guy to do politics every night. I gotta give him credit for that. We could debate on how well he was doing it. But he was doing it.”

Up through the Bill Clinton era, TV political comedy rarely rose above the level of harmless barbs. Late-night hosts like David Letterman and Jay Leno would crack wise about the president’s sexual appetites or Monica Lewinsky’s waistline. But they were historically coy with their politics, in the interest of not alienating their audience. (Though it should be said that in the 1980s, Johnny Carson made so many jokes about Ronald Reagan dyeing his hair that the president’s wife personally asked him to stop.) That was all about to change.

By the mid-’90s, the very format of news had opened up considerably. Where one might have previously regarded “the news” as a daily digest of events (local, national, global) that an editorial board deemed, well, newsworthy, the cable news medium turned news-gathering—and editorializing—into a form of entertainment. In 1996, Rogers Ailes, who was famous for his work as a PR mastermind on the presidential campaigns of Richard Nixon, Ronald Reagan, and George H.W. Bush, left the NBC-owned cable news channel America’s Talking to become CEO of Fox News. The so-called “balance” invoked by the network’s original slogan soon tipped when Fox became a 24/7 clearinghouse for anything and everything related to the Clinton-Lewinsky scandal. Fox further baited hyper-partisan audiences with programs like Hannity & Colmes, a mock debate show between a liberal and a conservative that had all the competitiveness of a ballgame between the Harlem Globetrotters and the Washington Generals, and The O’Reilly Factor, which had become America’s most-watched cable news program by 2001. In an age when nightly news anchors were seriously discussing whether oral sex is sex, it wasn’t just that politics had gotten silly—it was that the news media risked coming across as increasingly disengaged, and ideologically partisan.

When Maher began plotting a move—he’d take Politically Incorrect to ABC in 1997—Herzog foresaw a gaping hole in the programming schedule. Keen to explore the mix of comedy, news, and commentary that marked Maher’s early, pre-smoking-weed-in-a-leopard-print-club-chair output, Herzog tasked two producers, Madeleine Smithberg and Lizz Winstead, with developing a replacement. The pair tapped SportsCenter anchor Craig Kilborn as host of The Daily Show. Other early contributors had experience producing mainstream news pieces and were eager to lampoon them. “We were all sort of disgusted at how news had become a form of entertainment,” says Brian Unger, a veteran of CBS News and one of The Daily Show’s original correspondents. “We were always focused on how stories were being told, and we wanted to satirize that storytelling.”

In those days, the program’s focus was on pop culture, with celebrity interviews, filmed segments featuring a cast of correspondents interviewing American oddballs (eccentrics obsessed with the South Florida cryptid known as Skunk Ape, a barber who collects his customer’s hair, etc.), and the occasional topical zinger aimed at Lewinsky or Linda Tripp. The humor captured a prevailing Gen X attitude: snarky, above-it-all, a little mean-spirited.

By 1998, Comedy Central was mulling the idea of a new host. Jon Stewart wasn’t exactly top of mind. “I actually didn’t think Jon would be interested,” Herzog says. The comedian had a solid CV as both a comic actor and a late-night fixture, regularly serving as guest host on CBS’s The Late Late Show With Tom Snyder and having previously hosted The Jon Stewart Show on MTV, where Smithberg and Winstead had been producers. There were even rumblings that he was in line to take over Letterman’s Late Night, and Herzog worried that the gig was beneath a rapidly rising star. But Stewart surprised him. “He clearly saw something in that show, in that platform, in that format, for himself,” Herzog says.

Longtime Daily Show correspondent Stephen Colbert noticed a distinct shift under Stewart’s leadership and embraced it. “When Craig was there, it wasn’t so political,” he told NPR’s Terry Gross in 2005. “Jon has asked us to be political, and to share his interest in doing political comedy that actually has some thought behind it.” Shortly after Stewart’s premiere as anchor of The Daily Show, on January 11, 1999, it was clear that the show had grown up a bit. The focus on pop culture receded as news and politics rose to the surface.

Not everyone was convinced. Herzog worried that politics felt “like homework.” He left the network shortly after Stewart made his debut, for what would prove to be a short-lived stint at Fox. “I was wrong,” Herzog admits. “He was right. And he remains right. Politics is culture.”

Stewart’s arrival at the Daily Show desk dovetailed auspiciously with the run-up to the 2000 election. The new team leaned in with the “Indecision 2000” segments, but it wasn’t the first time the network had adopted the clever rubric. In 1992, when Comedy Central was still finding its legs, Al Franken filed a series of “InDecision” pieces from the Republican and Democratic conventions, joined by everyone from future View host Joy Behar to venerable Hollywood screenwriter Buck Henry to libertarian illusionist Penn Jillette. But The Daily Show really seized on the idea as a way of exploring the program’s new direction.

A series of political spot reports featured field reporters dressed in comically enormous jackets emblazoned with The Daily Show’s logo. Monologist Lewis Black weighed in on the unfolding election with his trademark breathless, on-the-verge-of-a-heart-attack gusto. Back in New York, Stewart served as ringleader of the whole political carnival, framing these dispatches and other news of the day with the mix of wit, smarm, and seen-it-all disbelief that would become his—and the show’s—stock-in-trade.

Among the most notable “Indecision 2000” segments was correspondent Steve Carell’s voyage on Republican candidate John McCain’s campaign tour. The so-called “Straight Talk Express” trundled from VFW halls to old folks’ homes, spreading its gospel of tax reform, renewed public service, and other common-sense-isms. And Carell and a team of Daily Show producers tagged along. (Technically, they tailed behind in an “overflow bus.”)

In a sit-down interview, Carell lobbed a series of softball questions at McCain before veering down a considerably more serious avenue. “Senator,” Carell asked, “how do you reconcile the fact that you are one of the most vocal critics of pork barrel politics and yet, while you were chairman of the Commerce Committee, that committee set a record for unauthorized appropriations?” McCain sat there, dumbstruck. After an uncomfortable pause, Carell broke the tension with a laugh. “I’m just kidding. I don’t even know what that means!”

“We went over it for two hours,” remembers Nick McKinney, a former Daily Show staffer who produced the interview. “Just rehearsing that beat. Exactly how long it should go.” That moment captured something that defined the show’s new direction. Now bigwigs could be lulled, then left-hooked, when a fake newsman suddenly stiffened into a serious posture. Then a declaration of “I’m just kidding!” would provide the back-footed pol with what McKinney calls “an out.”

Unger, the show’s original correspondent, says that this sort of maneuver offers “a perfect escape hatch” to both the interviewee and the interviewer: The comedian gets to gesture toward seriousness while simultaneously avoiding being taken too seriously. “When the going gets tough and gets too hot in the kitchen,” Unger says, “you can always step out the back door and say, ‘Hey, I’m just a clown. You guys are the real serious people.’”

On the evening of December 12, 2000, some 35 long days after Americans shuffled off to the polling stations, the 54th presidential election in the United States was finally settled. In The Daily Show’s studios in the Hell’s Kitchen neighborhood of Manhattan, Stewart broke the news to an anxious, irritable America. “It’s now official. We can call it, at—” he paused, to check an invisible watch on his wrist, “855 hours and two minutes into this election night. The state of Florida and its 25 electoral votes, with 100 percent of its precincts reporting, will go… to George W. Bush.”

Watching it in 2024, what’s most remarkable about the broadcast is the audience reaction. When Stewart called the race for Bush, he was met with a smattering of applause and boos that felt more or less equal. A quarter-century later, the very idea that Bush voters, or Republicans of any kind, would be found among the live audience of The Daily Show seems faintly ridiculous. Were they plants, plied with cash in hand for creating a sense of balance? Did they get lost en route to a taping of Hannity & Colmes? Or a boat show?

That lack of alignment wouldn’t last long. Back in the primaries, Carell’s question to McCain had garnered headlines in the straight news media, suggesting a tactic that Stewart himself would become adept at exploiting. The success of “Indecision” later led to his appearances as a talking head on the sorts of self-serious news magazine shows The Daily Show positioned itself against. At the peak of his fame, he was invited on CNN’s popular left-versus-right debate show Crossfire, ostensibly to promote a book. Instead, he began sparring with the hosts, Tucker Carlson and Paul Begala, deriding them as “partisan hacks” and declaring that their show was “hurting America.” He compared the format to pro wrestling: ginned-up political theater. When Carlson accused the Daily Show host of serving as Democratic presidential nominee John Kerry’s “butt boy,” Stewart flipped the accusation around. “I didn’t realize that news organizations looked to Comedy Central for their cues on integrity,” the comedian clapped back. “You’re on CNN! The show that leads into me is puppets making crank phone calls!”

Within a few months, CNN had canceled Crossfire and canned Carlson. Stewart was crossing—or muddling—the line between comedian and commentator. He was freely engaging in rank political and media punditry, while insisting that his role as a satirist insulated him from criticism—a line he has since walked uneasily. As McKinney quips, “You can’t make a career out of saying the emperor has no clothes and then shop at the same tailor.”

The Bush years would cement The Daily Show’s pride of place in the liberal-media ecosystem. By the spring of 2001, the “Indecision” broadcasts had earned Stewart and his team a prestigious Peabody Award. The official citation proclaimed that the “inspired, irreverent, satirical pieces follow in the tradition of political pundits through the ages.” With typical affected weariness, Stewart accepted the trophy in front of assembled members of the real-news media. “You think it’s hard to be a news organization?” he cracked. “Try faking it.”

Two thousand and one turned out to be a long year, and the events of September 11 made it extremely difficult to be funny. Saturday Night Live’s 27th season opened with producer Lorne Michaels asking New York City Mayor Rudy Giuliani, flanked by first responders, “Can we be funny now?” At Comedy Central, The Daily Show downshifted a bit. The network, producers, writers, and stars mulled the problem of how to do satire in a time that had become, in an instant, so deadly serious. The show adopted an incongruously earnest tone; Stewart wept, openly, on the air. It was, perhaps, moving. But it was not very funny. Then they were given a gift: a white, powdery, bacterial blessing.

“If you were watching the news at that time,” Madeleine Smithberg recalls, “you would have thought anthrax was raining down on everyone.” By mid-September, stories emerged about US politicians receiving letters scrawled with jihadist slogans and laced with the potentially lethal bacteria. Twenty-two people were poisoned. Five died. The FBI expended record resources investigating the source of the letters, eventually attributing them to a US Army microbiologist named Bruce Ivins. The news media was sent into hysterics, further stoking the fires of collective dread and agitation. And with that, Smithberg remembers, “we were back.”

If making fun of news items still seemed a bit gauche in the weeks after 9/11, making fun of news broadcasts was fair game. The Daily Show’s coverage of anthrax—and later, of the deepening US military quagmires in Iraq and Afghanistan—harked back to the program’s original, Kilborn-era remit: mocking the histrionics of daily news broadcasts and weekly news magazine programming. But where that show found targets across the political spectrum, the post-9/11 Daily Show was distinctly defining itself against the right-wing theatrics of George W. Bush and Dick Cheney, as well as their eager water carriers at Fox News. “They were super-serving their base,” Unger says of the partisan drift during the Stewart years. “I somewhat lament that.”

“There was no meeting where we decided, ‘We’re doubling down and moving to the left,’” Smithberg says. “It was more a response to what was happening in the news and in the world. It was a call to arms that we responded to…. We had a really strong sense of right and wrong, and good and evil.”

Cable news was taking notes. Eschewing the pretense of objectivity that was once obligatory in newsrooms—or at least in J-school seminars—a new class of liberal pundit emerged, to tilt at the rising axis of neoconservative Republicans, Christian nationalists, and, especially, Fox News. When Stewart accepted his Peabody for the “Indecision 2000” broadcasts, he joked onstage that Fox was The Daily Show’s only competition.

It wasn’t long before other challengers emerged. After Ailes’s departure in 1996, America’s Talking renamed itself MSNBC and carved out a lucrative niche for itself in the Bush years with its slanted criticism of the forces of the American right. In 2003, Keith Olbermann (another SportsCenter alum) launched his evening punditry program, Countdown With Keith Olbermann. The network would unveil Morning Joe with Joe Scarborough in 2007 (it later became President Biden’s favorite way to start the day) and steal Rachel Maddow away from Air America for her own prime-time-slotted program, premiering in 2008. (Maddow has acknowledged her debt to Stewart, claiming that The Daily Show made the news media “sharper and more self-conscious and ultimately better.”)

Meanwhile, The Daily Show drew on the success of the “Indecision” model, with branded segments like “Mess O’Potomia,” “The Futile Crescent,” and “Guantanamo Baywatch” satirizing America’s Middle East adventurism. The “Indecision” format would be revived for the 2004 and 2008 presidential races, and the name was reworked in various forms to cover other global elections: “A Spot of Indecision 2005” covered the UK parliamentary vote; the bilingual “Indecision/Indécision 2006” focused on the Canadian general election.

Interview subjects matured too. “The show made a name for itself,” head writer Ben Karlin has said, “as a place where politicians and journalists would come to talk.” The usual roster of actors and musicians decreased, as the show booked an increasing number of journalists (Brian Williams, Fareed Zakaria, Bill O’Reilly), along with politicians from Bob Dole to Joe Lieberman—even the original “Indecision” foil, John McCain. By 2003, the show that formerly spotlighted Scream star Matthew Lillard and Spice Girl Mel C. was hosting Senator Hillary Clinton and the former supreme allied commander of NATO, Gen. Wesley Clark.

“The show became smarter,” says correspondent Mo Rocca. “Its purpose and its message became clearer. It was hard to pull that off and keep it funny. But the ratings kept growing. So I guess that’s proof that it was working…. I can only speak for myself, but I started to miss the loopiness of the earlier show.”

This embrace of all things political trickled out of The Daily Show’s studios and across Comedy Central’s wider slate. South Park skewered sensitive political subjects with an equal-opportunity-offender anarchism, while somehow still drawing a conclusion that left the status quo intact. Daily Show ranter-in-chief Lewis Black received his own spin-off, and the popular late-night-talk-show format would itself spawn a hive of Comedy Central programming: The Graham Norton Effect, The Showbiz Show With David Spade, Weekends at the DL.

Doug Herzog insists that there was no internal memo telling everyone at Comedy Central to get political. But after seeing the success of The Daily Show, he started to realize that embracing material ripped from the headlines could make the network itself headline-worthy. It was less about an explicit politics and more about embracing the way the public engaged with media in the era of the 24-hour news cycle. “It was very newsworthy,” he says. “You can get a lot of attention. And we did.”

Beginning in 2002, The Daily Show With Jon Stewart was immediately followed by Tough Crowd With Colin Quinn, a roundtable-discussion show led by the former SNL “Weekend Update” host. NYC comedy stalwarts like Judy Gold, Patrice O’Neal, and Greg Giraldo would hash out the issues of the day. Under Quinn’s stewardship, many of these unvarnished conversations revealed a discernible conservative slant. In one heated exchange, Quinn defended America’s right to invade Afghanistan and Iraq in response to the 9/11 attacks. Challenged by comedians Scott Thompson and Maria Bamford, the host flew off the handle: “Once the World Trade Center went down, I don’t want to hear about the root cause!” Here was an SNL alum aggressively advocating for his belief that American interventionism needed no justification, on a network that only a decade earlier was broadcasting reruns of Whose Line Is It Anyway?

The cancellation of Tough Crowd in 2004 left the coveted post–Daily Show slot wide open. Herzog, who returned to Comedy Central in 2004, originally planned to fill it with Too Late, a talk show hosted by comedian Adam Carolla. “Back then he was seen as more of a blue-collar guy than as a conservative,” Herzog says. “Adam did a six-week run. It was, with all due respect, awful.” So instead of programming some red-state counterpart to Stewart, Comedy Central slotted in a highly sophisticated parody of the right-wing media. “We put Colbert on and never looked back.”

Premiering in the fall of 2005, The Colbert Report (often given an affected French pronunciation, like “rapport”) amounted to an extended parody of the right-wing-media ecosystem. Building on his straight-talking, no-nonsense Daily Show correspondent character, Stephen Colbert starred as a super-patriotic, low-information blowhard. Like Bill O’Reilly—but intentionally funny.

The set was a Fourth of July BBQ of red, white, and blue, decked out with American flags, a framed replica of the Constitution, and a Captain America shield. In a not-so-sly nod to American conservatism’s increasingly fascist bent, it was dubbed “The Eagle’s Nest,” like Hitler’s Obersalzberg retreat. A recurring bit called “The Blitzkrieg on Grinchitude” sent up Fox News coverage of the “War on Christmas” by celebrating the victories of pro-yule culture warriors.

Another popular segment was “The Wørd,” a riff on The O’Reilly Factor’s “Talking Points Memo,” using bullet points to offer ironic counterpoint to a windbag monologue. One of these segments introduced the concept of “truthiness,” defined as a form of intuition that denied (or transcended) the boring rigors of evidence and logic, and which (in Colbert’s reckoning) explained President Bush’s decision-making and his appeal. The term quickly slid into the general lexicon, anticipating the current climate of “fake news” and so-called “post-truth politics,” in which partisan polarization arms different segments of the electorate not only with diverging opinions but diverging sets of facts.

Boosted by its post-Stewart time slot, the spin-off was a hit straight out of the gate. Within two weeks, The Colbert Report was retaining 86 percent of The Daily Show’s lead-in viewership. By then, during Bush’s second term, Herzog had learned not to misunderestimate Stewart’s approach. If The Daily Show was guilty of super-serving its base, Herzog seemed happy to offer heaping second helpings. “If you go back and watch the first night of Colbert, that show came out of the oven completely baked,” Herzog says. “All of a sudden we had what I called the ‘Daily Show Network,’ which was a network within a network.”

If Stewart was settling into an extended sinecure as the voice of Gen X (and millennial) exhaustion, Colbert, in character as “Stephen Colbert,” seemed more keen to exploit his jester’s privilege. In 2006, he hosted the annual White House Correspondents’ Dinner—in character. The event had become something of a tradition in Washington: a fun, nonconfrontational venue for the most powerful people to be gently ribbed in front of their peers. More of a light simmer than a roast.

Colbert turned the heat up. He mocked Bush’s intelligence and proud anti-intellectual posture (“Guys like us, we’re not some brainiacs on the nerd patrol”), the disastrous invasion of Iraq, the spying scandals, and Bush’s cynical photo ops following 9/11 and Hurricane Katrina, and generally savaged his administration’s incompetence—all while appearing to praise it.

The room was strangely silent. Some Bush lackeys headed for the exits. The president himself was not particularly amused. “You could hear a fucking pin drop,” recalls Herzog, who was there. “My takeaway at the time was that George W. Bush may be a big, stupid jerk, but he’s our big, stupid jerk…. It was wildly uncomfortable to be in that room. But it’s one of the great moments in political-comedy history.” Back on his own show, Colbert claimed that the lack of laughter and applause in the room that night was actually a show of “very respectful silence.”

For those, like myself, whose experience of post-9/11 life amounted to endless frustration with both a corrosive presidential administration and a putatively adversarial media, Colbert’s remarks had a genuinely bracing quality. It’s a cliché that comedians are valuable because “they say what we’re all thinking.” But that’s exactly what happened here: Colbert said what we were all thinking—and to the president’s face, as he sat in the ballroom of the Washington Hilton, surrounded by his friends and enablers. Colbert was speaking truth—not just “truthiness”—to power.

In 2008, Comedy Central’s “Daily Show Network” faced another existential threat. If Bush was a boon to political satirists, Barack Obama’s promise of all-caps “HOPE” presented a more substantial dilemma. Challenging Obama directly risked alienating the programs’ liberal audience; ignoring him would make these anti-institutional nightly news comedy shows seem institutionally captured. Instead of pivoting from right-punching to left hooks, both programs responded by recommitting to kicking against the conservative pricks. Media and punditry would once again emerge as the key targets.

That detachment from the halls of power led to one of the strangest political (or apolitical) events of the era: 2010’s “Rally to Restore Sanity and/or Fear.” On a crisp autumn day, Stewart and Colbert assembled tens of thousands of fans at Washington, DC’s National Mall for a bizarre non-rally rally meant to call attention to the widening partisan divide. For Stewart, it was an attempt to parlay The Daily Show’s “false authority” into a live event. Some producers warned against the idea, but Comedy Central’s banner stars could not be reasoned with. Carafe Minassian, a political PR strategist who worked behind the scenes on various Clinton candidacies, helped secure the required permits.

I was among the throng gathered that day—shipped down on a bus from Canada to report on the goings-on for a now-defunct local blog. Ostensibly a prolonged, live-action-role-play parody of events like Glenn Beck’s 2010 “Restoring Honor” rally at the Lincoln Memorial, it was an occasion for moderates, centrists, and ironists tired of extremes to congregate and demand… what, exactly?

A performance of Yusuf Islam’s “Peace Train” was followed by Ozzy Osbourne’s “Crazy Train.” Then Colbert and Stewart duetted with the O’Jays on their 1972 anthem “Love Train.” Stewart delivered a “Moment of Sincerity” monologue, pleading for more “reasonable compromises.” Puttering around the grounds, speaking to attendees, and feverishly transcribing the mock protest placards (“INCITE CIVILITY & REASON”; “I ♥ BOOBS”; “I AM HOLDING A SIGN”; etc.), I recall feeling an ache of disillusionment. Here were tens of thousands of people treating comedians like rock stars, only to be subjected to an extended lecture on the merits of centrism.

Stewart compared The Daily Show to a Mexican restaurant, reworking the same basic ingredients into a range of menu items. The analogy is uncharitable to the complexities of Mexican cuisine, but his point tracks, in a way. For all its pretenses to importance (or at least self-importance), the “Rally to Restore Sanity and/or Fear” failed to concoct anything new out of those ingredients. Its masters of ceremonies would likely play the battered “It’s just comedy!” card—except it wasn’t especially funny. Squint, and this parody of hollow demagoguery could be confused for the thing itself.

On August 6, 2015, Comedy Central aired the final episode of The Daily Show With Jon Stewart. John Kerry, Bill O’Reilly, Hillary Clinton, and, of course, John McCain all filmed heartfelt farewells to the man who spent more than 15 years mocking them on television—while also helping soften their public image. Trevor Noah took the reins as the new host, and the show’s ratings fell by 37 percent. The drop was attributable to the general decline in cable news programming, to the dwindling cultural influence of the late-night-talk-show format, and to Noah’s fatal flaw of not being Jon Stewart.

The Daily Show’s waning relevance can be a bit deceptive. Sure, the show itself declined in popularity and influence. But at the same time, its popularity and influence had reengineered the landscapes of American political comedy and broadcasting. Unlike his predecessors in the American late-night lineage, Stewart wasn’t just giving his audience water-cooler quips; he was, in a real way, training them in what was important and what wasn’t. He was instructing them in what to care about.

The worldview that The Daily Show wrought predominates in today’s media. Of the four major-network late-night talk shows, two—The Late Show With Stephen Colbert and Jimmy Kimmel Live!—are hosted by Comedy Central vets. The other two—The Tonight Show Starring Jimmy Fallon and Late Night With Seth Meyers—fall to seasoned fake newsmen who matriculated from Saturday Night Live’s “Weekend Update” desk. In 2021, Fox News got in on the late-night action with its own conservative comedy panel show, Gutfeld!—a modern-day Tough Crowd stocked with even lower-rent comics.

But after Stewart’s departure from the national stage, the mainstream media entered new territory—namely, the Internet. In 2017, a trio of former Obama staffers founded Crooked Media, a podcasting empire with a pervading tone that could be described as “nominally humorous”—epitomized by its flagship program, Pod Save America, hosted by the founders and a fourth Obama administration alum. The company pulls double duty, driving get-out-the-vote efforts and advocating for liberal causes. Indeed, it’s easy to regard Crooked Media as little more than an infotainment wing of the Democratic Party. Farther left, the 2016 Bernie Sanders candidacy energized a new ecosystem of wry, often caustic progressive political commentary, which has the distinction of being legitimately funny—perhaps plugging the hole that the “Daily Show Network” never figured out how to fill during the Obama years.

“It would be hard to overstate how influential The Daily Show was on how I understood the world,” says Will Menaker, a cocreator and cohost of the popular political-comedy podcast Chapo Trap House. Chapo’s satire tends to jab at the center, targeting the sort of institutional liberals who used to sleep soundly after their nightly double feature of Stewart and Colbert. “I don’t think they were used to being made the object of a joke,” says Menaker of his show’s liberal critics. “Because of The Daily Show, they assumed that all media and comedy was hegemonically liberal. And for good reason! They always knew that they would be the ones laughing at the hypocritical, foolish right wing.”

Growing up in Turkey, Hasan Piker, a 33-year-old Twitch streamer who’s one of Rolling Stone’s “25 Most Influential Creators of 2024,” watched The Daily Show to get a bead on what was happening in American politics. “My dream when I was younger was to be Jon Stewart,” Piker says. Now his “primary goal” is to expose his millions of viewers to his political perspective: leftist, anti-imperialist, critical of Republican conservatism as well as institutional liberalism. “I want them to hear a perspective they’re completely oblivious to,” he says.

Lefty pundit-entertainers also inherit from The Daily Show a sense of deep, granular specificity. An episode of Chapo may mock marginal-seeming figures like Trump’s former “deputy assistant” Sebastian Gorka or Catholic conservative columnist weirdo Rod Dreher. Taking a page from The Colbert Report, Piker will sometimes role-play as “Hank Pecker,” a right-wing “red-blooded patriot American” and closeted gay homophobe. This isn’t political comedy for people who skim the headlines; it’s geared more toward those with multiple Substack subscriptions and hyperactive social media presences, for whom “the news” is a kind of oxygen. But as much as they offer an alternative to the more traditional, barely-left-of-center tilt of American political comedy, there’s little doubt that this liberal satirical hegemony still prevails.

Meanwhile, the “Daily Show Network” that Herzog conceived when he launched The Colbert Report has itself expanded. Many of the show’s correspondents have gone on to spread the good (or at least wry but impassioned) word, on Comedy Central and elsewhere, like apostles founding their own churches. Larry Wilmore, Samantha Bee, Michelle Wolfe, Hasan Minhaj, Jordan Klepper, and John Oliver have all parlayed their Daily Show experience into their own comedic talk shows, with varying degrees of success. Other correspondents, like Unger and Rocca, moved from The Daily Show into something closer to straight news, finding homes at NPR, MSNBC, and CBS. “My time at The Daily Show inoculated me from behaviors I might fall into as a network correspondent that would just be shameful,” Rocca says. “If I ever behave the way I would have in a satirical interview, I catch myself and say, ‘Don’t become the thing you used to make fun of.’”

To some, it’s a lesson Stewart might have heeded. Post–Daily Show, he would remain a darling of institutional liberalism and the self-identifying spokesman for “the distracted center.” He’d also become a frequent target of the new generation of progressives raised on Comedy Central. In 2014, Stewart directed his first feature film, Rosewater, based on the true story of the journalist, human rights activist, and former Daily Show guest Maziar Bahari, who was detained for 118 days in an Iranian prison. Stewart followed that with 2020’s Irresistible, a farce about a cunning Democratic consultant (Steve Carell) who attempts to shift the political landscape of a right-leaning rural Wisconsin town. The fixer’s scheme to convince a retired Marine (Chris Cooper) to run for office as a Democrat is challenged when he learns—to his, and the audience’s, considerable shock—that simple country folk are neither as pliable nor as conservative as he had hoped.

“That movie kept the left-wing podcast industry in business for two months after Bernie suspended his campaign,” jokes Will Sloan, a cohost of the pop-and-politics podcast Michael and Us. “Of course, Stewart’s idea is that, at the end of the day, all of us share the same common values, and that there are things called ‘the political machine’ and ‘the media’ that come in to rile us up.” In a review for Jacobin, Sloan’s podcast cohost, Luke Savage, decried Irresistible as evidence of a naïve “why-can’t-we-all-just-get-alongism” that has increasingly defined Stewart’s centrist turn.

Of course, the issue is not the endorsement of “getting along,” which is laudable enough on its face. The issue—which Sloan calls “a core Jon Stewart theory”—is the implication that political differences have no material basis, that they are manufactured by the media to juice ratings. Expose the media-induced hysteria of one or another culture-war skirmish, and political differences will somehow simply disappear. But as the past decade or so of American life has made obvious, political conflicts are very real, and they’re unlikely to be resolved with well-meaning pleas for the restoration of sanity. The very premise of a funnyman issuing such calls, with apparent authority, is by now a feature of our popular culture that is taken for granted.

The inverse is also true: The success of The Daily Show and Comedy Central’s broader slate of post-Bush political programming changed the mainstream news media itself. “The Daily Show’s biggest impact on institutional journalism is that you started seeing people in mainstream hard news trying to be funny,” Unger says. “Brian Williams started being kind of satirical in the way he spoke to his audience on the nightly news. I think there was a gradual migration toward pointing out absurdity in politics and in culture. As The Daily Show became more of a news source, mainstream news became less hard news. We saw this convergence between these two places, where anchors and reporters could ad-lib these glib, sarcastic remarks. The two worlds now overlap.”

The ravages of time were cleverly made a feature of Stewart’s first episode back at his old post, on February 12, 2024. The Problem With Jon Stewart, a short-lived Apple TV+ series that ran from 2021 to 2023, had presented its host dressed down in dad jeans and a bomber jacket. Reinstalled in The Daily Show’s old Hell’s Kitchen digs, Stewart was once again sharply clad as a TV newsman, his once-salt-and-pepper hair now fully gray. In his opening monologue, Stewart mocked his own aging, comparing it to that of the elderly presidential front-runners. There were jabs at his own lofty ambitions as host of The Daily Show: “Did you save democracy yet?” asked correspondent Jordan Klepper. As backward-looking as it may have been, Stewart’s return was nonetheless welcome. He was funny and smart in the way that he had always been funny and smart. There were the clips, the occasional censored expletives, the wide-eyed, pregnant pauses meant to communicate a common bafflement. But there was a renewed verve, too, that cut against Stewart’s status as an éminence grise of the liberal-media elite.

After President Biden’s disastrous debate performance against Trump, and the attempts by Democratic operatives to cover for it with unconvincing spin about the commander in chief merely having a cold, Stewart went all in, going live in the immediate aftermath. He mocked Fox News and CNN, naturally. But he also trained his sights on Biden himself, comparing the president to a scarecrow with “resting 25th Amendment face.” In a later episode, he described Biden’s performance as “a shocking display of cognitive difficulty” and referred to the “omertà” around the Democrats’ response to it. Liberals didn’t take kindly to the criticism. Keith Olbermann called Stewart a “bothsidesist fraud.” Mary Trump, the 45th president’s niece and one of his most vocal critics, called Stewart a “danger to democracy.” For good measure, she characterized the 2010 “Rally to Restore Sanity and/or Fear” as a “joke which inspired an entire generation to shrug off politics and ignore the dangers of the right wing.” The Daily Show’s base, it seemed, was no longer being super-served.

But in an unlikely turn, Stewart 2.0 has won kudos from some progressive doubters who have been buoyed by his return. “It has been heartening,” Menaker says, “to see him come back and immediately draw the ire of the Joe Biden vanguard of Democratic Party hacks and liberals who are like, ‘How dare he! How dare he attack our president!’ They’re talking like the Bush administration!”

Perhaps Stewart, in his dotage, has reconsidered the value of centrist-pleasing get-alongism. Or maybe it’s just another “reasonable compromise”—an attempt to prove that he still has bite. Whatever the case, the videos amassed tens of millions of views online, suggesting that Stewart’s voice still resonated with a broad audience of pundits, cynics, and potheads zoned out in front of late-night cable—or YouTube. When calls for Biden’s resignation grew louder and the president eventually stepped aside, Stewart’s barbs were, once again, redeemed as prescient.

Stewart’s criticism of cable news theatrics always betrayed a certain nostalgia for the bygone days of the trustworthy, nonpartisan, comforting presence of the TV newsman, whose very visage could offer consolation. A quarter-century after the epochal “Indecision” broadcasts, having spawned a whole culture of spin-offs and rip-offs that refined the tone of American political satire, and having arguably remade US political life in his own image, Stewart has become something other than a generational Groucho Marx, or George Carlin, or Eric Cartman. He has become the Walter Cronkite of the “fake news” era. His mugging, his face-pulling, and his continued capacity to surprise his skeptics provides its own kind of solace—for better or for worse.

As the divisions that Stewart has satirized throughout his career deepen, and as trust in the mainstream media nosedives to an all-time low, perhaps it’s true that America’s political center cannot hold. In the meantime, maybe it can still be distracted.",John Semley,"Politics, Television, Feature",2024-10-29,CONTROL_Polish_Womens_Strike_2020_2024,sustained,True,0,"In, The, To"
https://www.thenation.com/article/culture/rimbauds-beach/,The Nation,Rimbaud’s Beach,"Rimbaud’s Beach is only a mile from the “Elephant Trunk”where dolphins leap up laughing and Russian women twirl,where Goldmore Road stretches, and beer like water flows,where sailors drown among the nymphs.I was there secretly, observing a blind lighthouse,watched how the seaweed swayed with the waves.Aden held a star on her forehead, strove to lifta bolder off of the oppressed Arabs’ chests.Is Rimbaud’s Beach still there stretched longand shimmering in the red setting sun,like a lighthouse flaunting its light, free, unmatched?Are there any women swimming in the tranquil sea?Aden is now gone, and we are finished too.Let’s ask: What were we then, and who?(Translated from the Arabic by Khaled Mattawa)",Saadi Youssef,"Poetry, Body Politic, Poems",2024-10-29,CONTROL_Polish_Womens_Strike_2020_2024,sustained,True,0,"In, The, To"
https://www.thenation.com/article/culture/taffy-brodesser-akner-long-island-compromise/,The Nation,Taffy Brodesser-Akner's Family Dramas,"In her latest novel Long Island Compromise, the novelist explores how a kidnapping transforms a suburban New York family.

Taffy Brodesser-Akner’s new novel, long island Compromise, begins with a kidnapping. The year is 1980; Carl Fletcher, a wealthy Jewish factory owner living in the fictional Long Island town of Middle Rock, is getting into his car one morning when he suddenly finds himself blindfolded and hooded and then driven to an unknown location. Days later, with FBI agents gathered in the Fletchers’ living room, one of the kidnappers calls Carl’s wife, Ruth, and demands a ransom of $250,000. “I am a colonel in the organization known as the Caliphate Freedom Fighters of the Valley of Palestine,” he tells her. “We claim responsibility for the bombings in the JCC of Tulsa on February sixth and at the Hamish Middle School in Los Angeles on March first…. We have your Zionist scum husband.”

We find out later that it is doubtful whether either of these bombings actually happened. It is also unclear whether the Caliphate Freedom Fighters really exists and whether the kidnappers are who they say they are. Yet Ruth withdraws the $250,000 from the family account and drops it off at an airport as instructed. She does this with her youngest son, Bernard “Beamer” Fletcher, in tow. Carl is released soon after, but he is never quite the same: He’s been broken by the ordeal and becomes an almost catatonic figure in the Fletcher household—an absentee father to his three children despite his constant presence.

These events could constitute a novel in their own right. But this is just the opening episode of a long, multi-voice family drama about suburban New York life and the secrets it holds. One might expect a lot more action to come—further stories of conspiracy and crime and hardship—but though the opening has the makings of a movie as much as a novel, the rest of Long Island Compromise tends to direct its attention to the lingering effects of this initial event. Questions of wealth and class, Jewish identity, and family tensions are compellingly set up at the beginning but then fall away, or become muddled, by the end. Instead, we get a novel that leans heavily on backstory, in which flashbacks establish characters and single traumatic moments—even those that happened well before the characters were born—end up determining who they are.

The first thing you should know about the Fletchers is that each of them receives a payout of $500,000 to $750,000 per quarter because of the success of the family factory. They are not just middle-class suburbanites; they are rich, and their lives are defined by this wealth and privilege—by their large estate in Middle Rock and their brownstone in New York City, by their expensive educations and their ability to fail in their careers.

To help tell their story, Long Island Compromise is bracketed by short sections rendered in the collective voice of the townspeople of Middle Rock, but it is otherwise narrated in a close third person that follows the five recipients of these colossal sums: the three adult children and, briefly, their parents. In these sections, Brodesser-Akner guides us through the eventual yearlong fall of the younger Fletchers, which is apparently the result of the kidnapping—a calamitous series of events that includes, among other things, two major deaths, a conflagration at the family factory, and the discovery that the siblings have all managed to burn through their money, each in a different way.

Beamer Fletcher—the toddler taken on the ransom drop—is first up. It’s the present day, and Beamer lives in Los Angeles. After a childhood spent repressing the memories of his father’s kidnapping, he attends New York University and then becomes a hack screenwriter. His only successes thus far are cowriting credits on an action movie franchise about a kidnapping. When he has other ideas for scripts, they are also always about kidnappings (“Gone by dinnertime: a romantic comedy about a man who, years after graduation, kidnaps his high school crush without realizing it”).

Beamer’s writing is not the only way he works out his obsession with what happened to his father; he is also a sex addict who likes to be bound and humiliated by a dominatrix. The sex is mostly sexless, devoid of eroticism, and used to show that Beamer is spinning out of control. In Brodesser-Akner’s world, a healthy person would never want a weathered woman in a red wig and blue plastic bra, and with a conspicuously missing tooth, to stick an acrylic nail up his anus. For a lot of readers, perhaps less prudish, it might be more a situation of “to each his own.” Either way, Brodesser-Akner traces part of Beamer’s interest in BDSM to his wife, Noelle, a WASP from Maine whose sanitized blondness and dullness apparently no longer do all that much for him. “He now sought the opposite of Noelle,” Brodesser-Akner writes: “messy where Noelle was neat; dirty where Noelle was groomed; a sphincter that was warm and purple and inviting where Noelle’s was pink like a ballerina, hairless, puckered in rebuke, and just about sealed shut.”

Beamer’s section is the novel’s strongest. The reader gets a taste of contemporary Los Angeles, with its gurus and psychics and oily entertainment executives. Beamer is also a drug addict (one night at his house, his sister finds a bag filled with “a litany” of powders and amber bottles). He speeds toward his doom shoving every available substance into his system—uppers, Ambien, and expired nicotine patches, one of which he puts over his heart “for a soupçon of danger.”

Regrettably, the novel becomes less interesting as the narration changes its focus. Next up is the eldest son, Nathan, a soft-hearted land-use lawyer who has married a nice Jewish girl and stuck close to home. Nathan is a worrywart (because of trauma) who mismanages his money (because of trauma) and can’t say no to his wife’s desire to renovate their house (because of trauma).

Here is why he gets involved with a shady money manager named Mickey:

It all refers back, relentlessly, to childhood.

Nathan’s section does not crescendo with the same gusto as Beamer’s, though he has fumbled things just as badly. Then it is time to change protagonists again, and we are with the youngest fail-sibling, Jenny, who was born a few months after Carl’s kidnapping but has been ruined by it nonetheless. We are told throughout the novel that Jenny is a genius, but also apathetic and withdrawn. Whenever she witnesses family conflict, she doesn’t just check out; she falls asleep.

Jenny has been paralyzed by her family’s wealth, unable to decide on a career. Since she does not need to earn a living, what should she do with her life? One might suggest anything, but what she chooses instead is to do nothing. “It all felt small,” Brodesser-Akner writes of her plight. “Every single option just felt like it would lead to the life of an automaton.” Even when Jenny briefly becomes a labor organizer of graduate students at Yale, we can see that she is doing it not out of any moral imperative or genuine interest, but to make friends. This section takes up most of the final third of the book, yet it contains no momentum; Jenny mostly sleeps through it.

Finally, Ruth arrives to fill in the blanks in the family history, but by this point, everything has been rehashed ad nauseam. The secrets that Ruth reveals feel minor—and when the focus is briefly on Carl, we get even less. Even the disclosure of who was actually behind the kidnapping all those years ago manages to land with a thud. How can a book with so much ostensible action feel so slack?

In a 2021 essay in The New Yorker, Parul Sehgal sketched a portrait of the contemporary novel and its tendency to lean on what she refers to as the “trauma plot.” The essay pointed out the problems created by relying on a traumatic backstory to serve as a novel’s main engine and source of narrative propulsion. “Unlike the marriage plot, the trauma plot does not direct our curiosity toward the future (Will they or won’t they?) but back into the past (What happened to her?).”

Brodesser-Akner’s first book, the critically acclaimed Fleishman Is in Trouble (2019), was the embodiment of a “What happened to her?” novel. In it, a high-achieving mother on Manhattan’s Upper East Side named Rachel Fleishman disappears, leaving her soon-to-be-ex-husband, Toby, with their kids for a few weeks one summer. Toby wanders around the city, sexting with women he has met on hookup apps and intermittently wondering about Rachel’s whereabouts. Rachel, he reflects, was never actually all that great as a mother; she was a harsh and volatile person, a workaholic who has saddled him, a lowly Manhattan hepatologist (or so we are told), with their kids.

The book is cleverly narrated not by either of the Fleishmans but by Toby’s friend Libby, a former writer for a men’s magazine who has taken a voyeuristic interest in the couple’s breakup. This device goes a long way toward explaining some of the book’s more far-fetched moments. Libby idolizes the work of a venerable Gay Talese–esque writer at her old magazine, and so her interest in the minutiae of Toby’s sex life makes sense. But then she gradually learns the history of the Fleishmans’ relationship, which becomes far more important than the question we started out with (where is Rachel anyway?), which seems at moments not to matter at all. It turns out that Toby’s account of things may not be all that accurate. But at the core of what did happen was a traumatic event: Libby discovers that Rachel had a terrible experience giving birth to her first child, and this prevented her from settling into motherhood. Without Rachel’s consent, Libby learns, an aggressive doctor forcibly broke her water so that she had to give birth that day. This is rendered vividly: “She screamed as a lightning pain tore into her body, and still his hand was up inside her, needling at something, and manipulating, until finally he pulled his hand out.”

Brodesser-Akner is interested in the rarefied worlds of the upper classes—the Manhattan private-school set in Fleishman, the gated estates of suburbia in Long Island Compromise. These books aspire to the comedic, yet though they have their moments of crisp social observation and witheringly accurate detail, they are not quite satire. Any criticism of the way the rich live is defanged by the same explanation over and over: These rich people live this way because someone hurt them.

If Fleishman Is in Trouble is the epitome of the “What happened to her?” novel, a book about the pain that women suffer under patriarchy, then Long Island Compromise could be fairly called a “What happened to them?” novel, a book about the foundational trauma that forever shapes a family’s dynamic. Just as Sehgal warned, even the splashiest elements of the plot begin to feel oddly inconsequential in the face of such trauma. The tension of the novel dissipates; the impression increasingly becomes that everything that matters to these characters has already happened. So what compels the reader to continue?

Stripped of any uncertainty, Long Island Compromise limps to its drawn-out close, but it really could have ended the moment that poor papa Fletcher was kidnapped. Now that the main event has passed, all that is left for the Fletchers is to find homeostasis. And that is what Brodesser-Akner provides us with: We learn the fate of every single character, even extremely minor ones (an erstwhile Middle Rock cello prodigy now has arthritis; Beamer’s dominatrix is still blithely tying people up). The Fletcher kids come to realize that they are “bound by only one tether, which was what happened to them.” Brodesser-Akner is a magazine writer, and both of her books have a tendency to spell out their themes throughout and then linger in a long explanation at the end. It’s an essayist’s impulse, perhaps: to formally tell one’s readers what you’ve been telling them throughout.

“Maybe that was the real Long Island Compromise,” Brodesser-Akner writes near the novel’s end. “That you can be successful on your own steam or you can be a basket case, and whichever you are is determined by the circumstances into which you were born.” There are several more pages of this, stating and restating what the events of the book have already shown. Here again is the problem of the novel as a message-delivery service: It gives the reader no credit.

The insistence that everything that happens, every decision that one makes, can be traced back to a tortured history is not just a faulty narrative device; it keeps the book, and its characters, from achieving real depth. A recurring motif in Long Island Compromise is the idea of the dybbuk, a spirit from Jewish folklore that Brodesser-Akner describes as a “miserable soul that cannot progress to a heavenly rest and instead stays on Earth and takes over somebody’s body.” The dybbuk is initially used as a metaphor for Carl’s kidnapping, but we find out late in the book that it also refers to a young Jewish chemist that Carl’s father murdered while escaping the Nazis. This is the novel’s dark reveal: Oops, it was the Holocaust haunting them all along.

The rabbi at one character’s funeral says, “The Fletchers are a great Jewish American family…. They had to invent who they were. What a Jew could be in America.” But the insights about the Jewish experience and what a Jew can be feel tacked on and belated, and it is hard for the reader to connect the bad behavior of the Fletcher children with the Holocaust. The book is not a study of Jewish trauma, as it sometimes implies, but of a single family’s trauma and the ways it supposedly—though not always convincingly—shaped their lives. By the end, we don’t have a picture of who the Fletchers are but rather a picture of what they have suffered, and the book seems to be saying that these are the same thing: You are your hardships. It’s an old idea, but is it true?",Erin Somers,"Fiction, Books & the Arts, Subscriber Only",2024-10-29,CONTROL_Polish_Womens_Strike_2020_2024,sustained,True,0,"In, The, To"
https://www.thenation.com/article/politics/cuomo-race-black-italian/,The Nation,Andrew Cuomo Is Not Black,"But he’s hoping no one notices as he tries to crowbar his way back into power.

Like various disgraced politicians before him, Andrew Cuomo has made a habit of periodically showing up at Black churches since he resigned from office, seeking absolution from audiences liable to be sympathetic to people tangled up in the legal system. (Usually those people are victims of racism, but we’ll get to that in a moment.) With New York City Mayor Eric Adams in a political death spiral and New York Governor Kathy Hochul’s approval numbers at painful lows, the ex-governor is road-testing a return to public life from the pulpit—proclaiming “God is great!”—in a not-so-surreptitious attempt to reclaim support from Black voters, who make up 25 percent of the vote in a Democratic primary in New York City. So it seems relevant to perhaps make something clear: Andrew Cuomo is not Black.

Exhibit A: He is white.

Some might say this is obvious.

This is certainly not a Rachel Dolezal situation; it’s more Blackfishing than blackface. We won’t have to track down his parents, for instance, only to discover a couple of low-profile white people living quietly in Montana. Cuomo’s parents are rather famously Italian and appeared nonstop in newspapers and television for several decades as white people. And although Hazel Dukes—who is Black and the president of the New York NAACP—did once refer to him as her son, even going so far as to say, “He ain’t white,” this is, empirically, not the case. Yes, Cuomo served in the administration of the man Toni Morrison figuratively described as “the first Black president,” but Bill Clinton is also verifiably white. White people can get terribly confused, so sometimes it helps to spell this stuff out. People like Congressman-elect George Latimer, who as Westchester County executive said that calls for the former governor’s resignation were comparable to the brutal murder of Emmett Till, in a quickly deleted Facebook post.

Cuomo himself has never* directly claimed to be Black, but he has often invoked the historical discrimination faced by immigrants from southern Italy, many of whom were racialized as people of color earlier in US history. Fact-check: This is true! To underscore the point, Cuomo even once helpfully read aloud from a newspaper article quoting 19th-century slurs such as “[N-word] wops,” bravely articulating the full word on live radio. His brother, Chris Cuomo, has explained that calling someone “Fredo,” an indignity he suffered, is “like the N-word for us”—the “us” being two white sons of a three-term governor of New York. Speaking of Mario, the late, great governor was a first-generation American who worked his way up from his father’s grocery store to the height of history. Yes, the OG Cuomo had to overcome bias. His eldest son, on the other hand, became a senior official in his administration at the age of 25 despite having no previous government experience. Can you spot the difference?

But wait, there’s more!

He’s rich, too.

OK, OK, public service doesn’t pay much unless you know how to monetize it—an equal-opportunity grift not limited to white people!—but that’s where Cuomo can really claim credit: The guy scored a $5 million book deal in the middle of a pandemic. Not that he’s spent much of it. He’s got the state covering his legal bills, currently adding up to $25.4 million, and he doesn’t appear to be paying crushing New York City rents. Since moving out of the governor’s mansion, he’s been crashing at his sister’s $22 million home in Westchester, where he’s currently registered to vote. Luckily, there are seven bedrooms, so he’s not sprawled out on the couch. Obviously, there are very rich Black people as well, so I acknowledge that this is perhaps the weakest point in my argument that Andrew Cuomo is white. It’s also true that not all white people are rich. Anthony Weiner was neither wealthy nor the son of privilege when he kicked off his 2013 campaign for New York City mayor at the Greater Springfield Memorial Church in Queens as an “imperfect messenger.”

*Remember when I said that the ex-governor has never actually claimed to be Black? That’s not exactly right. In 2017, he proudly declared, “As a New Yorker, I am a Muslim. As a New Yorker, I am Jewish. As a New Yorker, I am Black. I am gay. I am disabled. I am a woman seeking to control her health and her choices.” Of course, he didn’t mean any of this literally, but now seems as good a time as any to clarify that he is none of these things either. He’s also fond of claiming not to be “part of the political club”—but again, this should not be taken literally.

I suppose we have to seriously consider the possibility that Andrew Cuomo has “turned Black,” which Donald Trump informs us is a thing that can happen. Like Trump, Cuomo also doesn’t care for lifelong Black person and New York Attorney General Letitia James, whom he has attacked repeatedly for doing her job. Incidentally, it’s the same job Cuomo had when he investigated Governor David Paterson, who is also openly Black. If we maintain that Cuomo has not stopped being white, this seems like a prime example of a double standard. Now he has claimed to be the victim of overzealous prosecutors—again, an appeal to the sympathies of Black audiences. However unfamiliar the experience may be to him, electively resigning from public office after an investigation that he authorized is not injustice. It’s just suffering the consequences of his own actions (an unusual experience indeed for extremely privileged white men), which include sexually harassing multiple women in his employ in violation of the state human rights law that he himself signed.

That’s certainly a tough pill to swallow. Maybe he should try prayer?",Alexis Grenell,"African Americans, Andrew Cuomo, New York State, Sexual Harassment",2024-10-29,CONTROL_Polish_Womens_Strike_2020_2024,sustained,True,0,"In, The, To"
https://www.thenation.com/article/politics/elon-musk-eyes-a-shadow-presidency/,The Nation,Elon Musk Eyes a Shadow Presidency,"The world’s richest man is expecting a major return on investment for his lavish support of Trump’s campaign.

We’ve never seen the American plutocracy operate quite like this. Elon Musk, the richest person in the world, spent the homestretch of the 2024 presidential campaign providing a degree of public and financial support to a candidate that’s all but unprecedented in the annals of pay-to-play American electioneering. Not since Howard Hughes secretly funneled cash to Hubert Humphrey, Robert F. Kennedy, and Richard Nixon in 1968 has an unstable, flamboyant billionaire industrialist exerted such influence on a presidential race.

According to the latest Federal Election Commission filings, in the last quarter, Musk gave $74,950,000 to America PAC, the pro-Trump organization he cofounded with like-minded tech billionaires. He also gave $289,100 to the National Republican Congressional Committee.

Other right-wing billionaires have contributed tens of millions of dollars to Donald Trump–supporting PACs. But Musk was doing more than dipping into his highly leveraged fortune to prop up the Trump campaign and its associated PACs. Although Musk and Trump had shit-talked each other in public and private, the two men mothballed the snippy hostility as they pursued an awkward alliance, gassing each other up at Trump rallies, on social media, and in TV interviews.

Trump has embraced Musk’s cultish, and cultivated, image as a technical visionary and genius businessman with ambitions that reach beyond the stars. The flattery is mutual: Musk, who speaks in the doomer register favored by reactionary venture capitalists and Trump himself, routinely described the Republican nominee as the only person who can save America from civilizational collapse.

True to his word, Musk did all he could to promote Trump’s candidacy on X. Through a series of feature changes, including the site-wide promotion of right-wing accounts—most especially his own—Musk turned X into 4chan lite. The platform became a sewer of bad information, bigotry, and Nazis stumping for Trump. Musk is the goblin king of this dank fiefdom, plucking inane, racist, wholly fictional posts from the rivers of shit and using them to juice his worshipful followers’ political hysteria.

It’s unclear whether the debauched X platform can still wield the immense influence it once held over a mainstream media that has started to tire of Musk. But he still gets clicks, even if he’s now the villain. In his ability to shape the news cycle—or, more accurately, to troll it—Musk is rivaled only by Trump. And Trump, who rarely posts on X, has arguably been eclipsed there by his ketamine-touting backer.

Musk adopted an all-hands approach to the election. He has relocated much of his business empire to Pennsylvania and assembled a war room of advisers and political consultants to strategize how to win that crucial state. His America PAC emphasized collecting voter data in swing states and employed dissembling tactics that quickly drew investigations. Musk joked about personally canvassing neighborhoods in Pennsylvania. Instead, he did the rich man’s version, unleashing his PACs to hire canvassers on the ground in swing states.

The motive behind Musk’s MAGA makeover was, as he described it, a simple question of self-interest. In the event of Trump’s defeat, he told Tucker Carlson, “I’m fucked.” In an attempt at humor, he wondered how long his prison sentence might be and if he’d be allowed to see his kids. Even if they were mostly unmoored from reality, Musk’s dark, typically unfunny jokes reflected a truth: He saw the stakes as incredibly high. And so should we.

Trump had touted Musk as the future “secretary of cost-cutting”—an informal executive gig that would give the erratic billionaire carte blanche to ax federal programs, close departments, and remake the administrative state according to the persecution fantasies he harbors about “the woke mind virus.” Such a post would grant Musk unprecedented authority to dismantle agencies he doesn’t like—which, in practice, means booting masses of middle-class government workers out of their jobs and slashing regulations that attempt to check corporate power. To consider just one possibility, Musk, Trump, and the GOP could find common cause in ending protections for trans youth and the healthcare programs that serve them. Musk’s ability to disrupt Americans’ lives—not just in the rhetorical sense favored by his fellow Silicon Valley moguls—would be vast.

The outcome of the 2024 election was still unknown as this piece went to press. But it bears stressing that the broader oligarchic logic behind the Musk-Trump alliance won’t be going away anytime soon. The next phase of the MAGA movement is poised to bestow untold new influence on the menagerie of crypto con men, bootlicking fascists, and billionaire ghouls who have long surrounded Trump. Just consider Trump’s heir apparent, JD Vance. Like Musk, he came up through Silicon Valley as a devoted venture capitalist understudy to Peter Thiel. Vance is a chameleon and a sycophant of power—and no one, in this decadent phase of the American imperium, has power like Elon Musk.",Jacob Silverman,"Donald Trump, Elon Musk",2024-10-29,CONTROL_Polish_Womens_Strike_2020_2024,sustained,True,0,"In, The, To"
https://www.thenation.com/article/politics/eric-adams-new-york-city-laguardia/,The Nation,The Real Scandal in New York City,"What’s worse than taking illegal foreign campaign contributions? Mayor Eric Adams’s failure to meet the city’s glaring needs.

New York Mayor Eric Adams was indicted on September 26 on charges of bribery, wire fraud, conspiracy, and accepting illegal campaign contributions from foreign nationals. Greater men have been forced out of office for lesser offenses, like former governor David Paterson, whose political career ended after he accepted free tickets to the World Series, or his predecessor in the governor’s mansion, Eliot Spitzer, who resigned when it was revealed he had patronized sex workers. And yet there is every chance that by the time you read this, Adams will still be mayor of New York, clinging to office if not to power.

The real scandal is not the money Adams is alleged to have taken from Turkish donors or even the favors he supposedly granted in return—including flouting the city’s fire code. Rather, it is the smallness of imagination Adams brought to governing this country’s greatest city: not just the failure to deliver on his campaign promises, but the stunted and shriveled nature of those promises compared with the city’s glaring needs and enormous untapped potential.

“What’s the Matter With New York?” was the question posed by a 1932 book by Norman Thomas and Paul Blanshard. Thomas was then a leader of the Socialist Party (and the party’s unsuccessful candidate for mayor—and president); Blanshard was an assistant editor at The Nation. The incumbent mayor, Jimmy Walker, a flamboyant figurehead for the city’s Democratic machine, had just been forced to resign by New York Governor (and presidential candidate) Franklin D. Roosevelt in the wake of a bribery and corruption scandal. (Walker avoided indictment by fleeing to France.)

Thomas and Blanshard’s diagnosis makes dismayingly familiar reading: Chapter titles include “The Shame of the Courts,” “Racketeering in Land,” “Housing Human Beings,” and “The Consumer Pays,” as they lament that “the average New Yorker is almost wholly dependent for daily comfort on several great corporations which have monopolies or near monopolies of the things he must have.”

But what’s also worth noting—particularly when the city again finds itself leaderless and adrift—is the two writers’ firm faith that New Yorkers deserved better. And that the problems of city government are the problems of modern collective life. “However bad our city government is,” Thomas and Blanshard write, “it is indispensable to masses of workers who do not grow their own food [but] are fed by complex processes under which the city is never far removed from hunger, who would die of thirst but for a city water system, and who are herded back and forth in city subways. Our health, certainly our protection from epidemic disease, depends…on the city board of health…. The education of our children is in the main a city function. So is our protection from fire and theft.”

Also worth noting: Following a special election for a caretaker mayor, 1933 marked the advent of Fiorello La Guardia, a root-and-branch reformer (running on the Republican and City Fusion lines) who appointed Paul Blanshard as head of the city’s Department of Investigation. Over the next 12 years, La Guardia built the legacy of bridges, tunnels, beaches, parks, playgrounds, hospitals, and other public buildings New Yorkers still rely on today. Working with socialists and communists—and in close coordination with FDR’s New Deal—La Guardia made the city’s schools synonymous with excellence and its public services the pride of its citizens.

Could it happen again here? Like so much else, the answer may well hinge on the results of this month’s presidential election, which as I write remains too close to call. While you’re sweating out the results, why not enjoy John Semley’s account of the return of Jon Stewart, Talia Lavin’s wry engagement with the modern trad wife, and Jesse Robertson’s wild ride through the US military’s love affair with gaming? And because not all news is good news, do heed Jimmy Tobias’s timely warning about the next terrifying animal-borne pandemic and Peter Davis’s reminder of America’s long insistence that war crimes are no big deal.

Plus Karrie Jacobs on a 21st-century approach to park-making, Vikram Murthi on HBO’s Industry, Bruce Robbins on campus free speech, Erin Somers on Taffy Brodesser-Akner’s new novel, and Anna Louie Sussman on optimization parenting.

Since none of us will be getting much sleep, we’ve also got columnists to keep you company, dispatches and editorials to keep you thinking—and even a Q&A with Nancy Pelosi!

See you next month.",D.D. Guttenplan,"Corruption, New York City",2024-10-29,CONTROL_Polish_Womens_Strike_2020_2024,sustained,True,0,"In, The, To"
https://www.thenation.com/article/politics/maga-vance-election-denial/,The Nation,JD Vance Is the Future of MAGA,"Even before votes were cast, the mantle of election denial passed from Donald Trump to to his running mate.

I filed this in mid-October, but the outcome of the 2024 election will presumably be known by the time you read these words. What’s already clear, though, is how rapidly Donald Trump’s Republican Party is accelerating toward a decisive point at which elections simply don’t matter anymore—the dream that the authoritarian American right cleaves to as it fantasizes about turning America into a more lavishly armed and funded version of Viktor Orbán’s Hungary.

That project, like much of the rest of the MAGA agenda, has fallen to the Trump movement’s designated heir apparent, JD Vance. The Ohio senator Trump tapped as his running mate has performed many stunning reversals and acts of intellectual self-cancellation in his new role as MAGA ideology czar, but the most distressing of these has been his emergence as an election denier.

Mind you, Vance’s brand of election denialism isn’t the vulgar, smash-the-system variety promoted by the Kari Lakes and Tina Peterses of the world. No, like his other works of demagogic pandering—the pet-eating blood libels in Springfield, Ohio, or the proposals for intrastate menstrual surveillance—Vance’s assault on the conduct of our elections takes the form of the “just asking questions” ploy of the debate-schooled podcaster.

Tellingly, Vance has rarely raised the subject himself, but he was frequently queried about it in press interviews after he failed to offer a clear answer to a question in the vice presidential debate about the outcome of the presidential balloting in 2020. And in such settings, he typically engages in another podcaster’s dodge—a feeble show of whataboutism. During Vance’s now-infamous appearance on the New York Times podcast The Interview, host Lulu Garcia-Navarro asked him five times whether he believed that Trump lost the 2020 election. After the second inquiry, he parried with the suggestion that Big Tech companies had connived to suppress the leaked materials from Hunter Biden’s laptop, a favorite MAGA lament that, even if it were proved true, is several universes removed in significance from an election lie that fomented an attempted coup. Along with his various dodges, Vance reverted to the robotic talking point he had intoned from the debate stage: that the obsession with the 2020 vote is a relic of the past, and that he’s focused on “the future.” At MAGA gatherings, however, Vance has proved more forthright: When a voter at a Pennsylvania rally asked him whether he believed Trump lost in 2020, he replied: “I think there are serious problems with 2020. So did Trump lose the election? Not by the words I would use.”

Yet the whole point of democratic elections is that they’re not settled by the words you would use: The process is there to deliver an unambiguous outcome, and anyone who derogates it on the basis of a result they dislike, as Trump and Vance have, is not abiding by the most basic demands of democratic governance. That’s why it would have been a great service for the interviewers who have pressed Vance on the 2020 results to pose the crucial follow-up question: Would an across-the-board indictment of the balloting also mean that Republican senators and House representatives, together with governors and state lawmakers, also have won office illegitimately? Or does alleged fraud and malfeasance apply only when you lose?

This failure to follow the full logic of election denialism is what allows Vance’s feckless whataboutism to thrive. In the same fashion, none of Vance’s press interlocutors asked him the equally obvious follow-up question to his vacuous claim that he’s only thinking about the future: Doesn’t the claim that 2020 was rigged set the stage for the same corrosive vigilantism to reject the outcomes of future elections? Put another way, the whole sordid antidemocratic campaign of lies that led to the January 6 insurrection is the future for any Republican Party in which JD Vance plays a leadership role.

The great irony here is that Vance himself had dismissed the brunt of the J6 conspiracy theory in real time, in yet another podcast interview, uncovered by CNN. “I think that when Biden is inaugurated, people will, you know, more or less accept it and it’ll be on to the next fight,” Vance said.

Presumably this past heresy is why Vance continually claims to be focused on the future. Like his extensive record as a die-hard Never Trumper during the 2016 election cycle, it’s a bad look for a MAGA political chieftain. Funny thing about that, though: Vance’s opposition to the man who would become his boss furnished the main line of analysis in the 271-page dossier that Trump campaign officials compiled on Vance when they vetted him for the VP slot. And when the investigative reporter (and former Nation correspondent) Ken Klippenstein leaked that document, the Trump-Vance campaign conspired with Big Tech mogul Elon Musk to suppress it. That is to say, when Vance is confronted with his history of election denialism, his go-to counterclaim (“Big Tech censored us!”) turns out to be something his own campaign engaged in, to his own personal benefit. Viktor Orbán couldn’t have drawn the whole thing up any better.",Chris Lehmann,"Conspiracy theories, Disinformation, Donald Trump, January 6 Insurrection, JD Vance",2024-10-29,CONTROL_Polish_Womens_Strike_2020_2024,sustained,True,0,"In, The, To"
https://www.thenation.com/article/politics/marijuana-ballot-proposals-florida-election-amendment-3/,The Nation,Marijuana Could Be Legal in Half of US States After the 2024 Election,"Florida’s Amendment 3 would legalize recreational cannabis, along with similar ballot proposals in North Dakota, South Dakota, and Nebraska.

The movement for legalizing marijuana is flying high ahead of the 2024 election.

In North Dakota, South Dakota, Nebraska, and Florida, proposals to legalize recreational cannabis are on the ballot. As it stands today, thirty-eight states and the District of Columbia allow medical use of marijuana, while 24 have legalized it for recreation. Cannabis legalization in Florida would undoubtedly have the biggest implications, as it’s one of the two most populous states that haven’t already permitted recreational use—the other being Texas.

Ballot initiatives in the Sunshine State face an added hurdle, requiring a supermajority of voter approval. But if grassroots energy is any indication, Amendment 3 in Florida could be on its way to exceeding the 60 percent threshold. I should know, as the executive director of Students for Freedom, a Gen Z-led political committee leading campus efforts to turn out Florida college students to vote “YES,” which has visited universities across the state.

As one might imagine, persuasion isn’t as much of a challenge in this race. Generation Z is overwhelmingly in favor of legalization. Around 69 percent of voters under 50 support the amendment, according to a Florida Atlantic University poll from August. While the Dakotas and Nebraska are solidly conservative states, polling suggests that the prospects for their respective ballot measures to legalize recreational cannabis are at least a toss-up—testament to the potential of referendums to pass progressive policy in spite of a bleak partisan landscape.

Instead, the name of the game in Florida is turnout. A number of candidates are reportedly relying on ballot initiatives like Amendment 3 to boost performance up and down the ballot, a stunning realization in what many people are calling “the most important presidential election of our lifetime.”

As part of this turnout work, we registered students to vote and discussed their on-campus voting options. We brought bounce houses to campuses for students to “Get High For Amendment 3.” We set up at tailgates and handed out custom hats, stickers, shirts, and rolling papers. We dropped off thousands of Amendment 3 fliers at dorms and campus apartments. We sent tens of thousands of texts—and made an equal number of calls—to Florida college students offering voting information tailored to their campus. And after October 22, when early voting began in most counties, we sent dozens of golf carts and buses to the University of Florida and Florida State University to take students directly to the polls.

Critics of Amendment 3 are decidedly more lonely in their opposition. Perhaps the only notable voice against recreational use is Ron Desantis, as the embattled governor’s expected allies in the Republican Party have not uniformly backed his position. Even former president Donald Trump seems to be reading the tea leaves, snubbing DeSantis by endorsing Amendment 3 in September.

Without the uniform support of his party, DeSantis instead used the state government to try to defeat Amendment 3. The tax-payer funded Florida Department of Children and Families, for example, which is overseen by DeSantis, published notices on its website and other public channels asserting that Amendment 3 is dangerous to children.

These efforts by the DeSantis administration run afoul of the idea that the government should remain neutral and non-partisan in regards to ballot questions, and some legal experts contend that Desantis’ heavy-handed approach may violate state and federal law.

But Florida voters will get the final say. And if public polling is to be believed, it will be a stunning rebuke of the governor’s position.

If voters pass Amendment 3 and similar measures in the other states, tens of millions of Americans would find themselves no longer at risk of criminal prosecution. The economies of these states would be boosted by a lucrative new market that would bring substantial tax revenue—which is especially beneficial in these states, as their conservative state governments’ low tax yields have come at the expense of quality public services. This election could also officially legalize cannabis recreationally in over half of the US—a significant milestone which may be the spark for legalization federally.

But should these ballot initiatives pass, there is still work to do. None of the referendums this election cycle expunge criminal records or release those sentenced to prison for marijuana possessions. Further, these initiatives grant undue advantages to cannabis monopolies and disproportionately white, affluent entrepreneurs. While decriminalization is an essential first step, equity must be the final goal.

The criminalization and over-policing of cannabis use has been one of the most infamously destructive pillars of the War on Drugs. On November 5, Americans concerned with the state of criminal justice should look past the high-profile races for a glimpse into the future of marijuana legalization nationwide.",Cameron Driggers,"Activism, Campaigns and Elections, Criminal Justice, Drug War and Drug Policy, Election 2024, Elections, Inequality, Law, Politics, Society, State and Local Elections, Youth, StudentNation",2024-10-29,CONTROL_Polish_Womens_Strike_2020_2024,sustained,True,0,"In, The, To"
https://www.thenation.com/article/politics/nancy-pelosi-biden-legacy/,The Nation,Nancy Pelosi: Biden’s Legacy “Is Our Legacy”,"Talking with the first woman speaker of the House about battling Republican extremists and making it possible for Democratic presidents to achieve epic victories on Capitol Hill.

Nancy Pelosi, according to National Public Radio, is “arguably the most powerful woman in American political history.” The Urban League describes her as “the most successful and effective Speaker of the House in U.S. history.” The Associated Press employs no qualifiers, simply referring to the Democrat, who has represented San Francisco in the US House of Representatives since 1987, as the “dominant figure for the ages.”

Pelosi was a prime mover in the passage of the Affordable Care Act during Barack Obama’s presidency. She was the face of congressional opposition to former president Donald Trump. When Joe Biden defeated Trump in 2020, she united House Democrats to support the new president’s agenda. Even after handing off the leadership of the House Democratic Caucus to Hakeem Jeffries of New York, the “speaker emerita” remained so influential that she was widely seen as having nudged Biden to give up his reelection bid in a move that reenergized the party’s prospects by positioning a longtime Pelosi ally, Kamala Harris, as the Democratic standard-bearer.

In late September, when Pelosi sat down with The Nation for an exclusive interview to discuss her career and her best-selling book, The Art of Power: My Story as America’s First Woman Speaker of the House (Simon & Schuster), she remained coy about just how much of a role she had played in remaking the 2024 Democratic ticket. But she had plenty to say about battling Republican extremists—including Trump—and making it possible for Democratic presidents to achieve epic victories on Capitol Hill. This interview has been lightly edited for length and clarity.

—John Nichols

JN: For the better part of 20 years, Republicans have run against you—not against the Democratic Party, but against you personally. Why do you think that is?

NP: Because I am effective. I always say that if I were not an effective legislator, an effective fundraiser, effective politically, it wouldn’t matter to them.

JN: But it has mattered. And the attacks have often been strikingly crude.

NP: Unfortunately for my children, they saw that demonization, because [the Republicans] didn’t just say, ‘We disagree on this issue’ or not. That’s part of our democracy… to express that [disagreement]. But the cloven feet and the witch hair and the demonization was something that my kids think contributed to the attack on my husband [Paul Pelosi, who in 2022 was beaten by an intruder at their San Francisco home].

JN: Is it fair to say campaigning and governing have grown far crueler and more dangerous in the years since you were first elected to Congress?

NP: Well, what happened was that, in the 1990s, Newt Gingrich initiated the politics of personal destruction when he went after the Clintons. The people that were our friends across the aisle all of a sudden were calling us “treasonous” and “traitors” and all the rest—because that was [Gingrich’s] lingo that helped keep him in power, and that elected some of those people with the money he raised with that message.

So it’s very different, and it’s so sad, because to disagree is part of a democracy. We have different points of view. We do not have a monarchy. We have a beautiful diversity of opinions in our country. And the wonderful challenge of coming to Congress was to be able to debate your point of view, to listen to others, to understand the leverage you had to either win the day or to come out with a high split on it, and to recognize that tomorrow is another day, and there’ll be other fights to fight. So we were all a resource to each other on both sides of the aisle, and we didn’t want to weaken anybody. That’s what [changed] in the ’90s. But then it was exacerbated, of course, in the 2000s.

JN: Elections took on a win-at-any-cost character.

NP: Yes, it’s most unfortunate, because we want people to have confidence in government—to respect the differences of opinion that we have and how we debate them. But if all they know about government is what they see in campaigns, and they see what you just described, it’s very disconcerting to the public.

We are a democracy, and that confidence that the public has in the process is very important. That’s why we have to try to unify the country again.

Look, Donald Trump did not invent some of the negativism that is out there due to insecurities that some people have—being afraid of the progress of women and minorities and LGBTQ people and the rest of that. But he certainly exploited it, normalized it, and blew it up. He’s incompetent in every way when it comes to governance, but he is a capable snake oil salesman.

JN: When did you first realize that President Trump was going to be not just a difficult or a complicated opponent, but a dangerously dishonest opponent?

NP: We saw it in the very first meeting that we had with him—the meeting of the bipartisan leadership of the House and Senate with the president of the United States…. The meeting [began] with the president leaning on the table, with his arms on the table, and his first words…were, “You know, I won the popular vote.”

JN: When, in fact, he didn’t.

NP: I said, “No, you didn’t, Mr. President—that’s not true. You did not win the popular vote.” So that was our first meeting with the president, and that was so disappointing…. And then it was just one disappointment after another. As you know, [Republicans] had the majority at that time, and the only thing they did was pass a tax bill that [was projected to give] 83 percent of the benefits to the top 1 percent, adding 2 trillion—that’s trillion—dollars to the national debt. And then saying we couldn’t afford things like feeding the children and the rest.

JN: You have said that it “became clearer and clearer that his patriotism was in doubt.” But you still had to deal with him. When you ripped up the State of the Union address after he finished speaking in 2020, what was going through your head?

NP: Well, here’s the thing, I certainly had no intention when I went to that [joint session of Congress] to do that…. But on the first page, he was lying. So I just tore the page [to mark where the lies were], so I could go back to this page to see where he was lying. And then I realized he was lying on every page. Every page had a tear where he had lied. And it was so disrespectful of the Congress. It was horrible.

So that’s what was going through my mind. It was a manifesto of lies, and that’s why I tore it up.

JN: After Biden was elected, you were able to pass a great deal of legislation—even though the House Democratic majority was small. How did you hold the caucus together?

NP: We know why we’re there. We know whose purpose we were serving, and that is America’s working families…. So that’s why it was possible—not easy, but possible—to get these things done. And I’m a legislator; I love doing that. I just… I just love doing that.

JN: What’s been your proudest accomplishment as a member of Congress?

NP: There’s no question: It will be the Affordable Care Act—just springing from Martin Luther King Jr. saying, of all the inequality that is out there, the most [widespread] and inhuman is the inequality to [health]. For 100 years, presidents had tried to provide access to quality healthcare for Americans, for many more Americans, without success. We came in [in 2009, as a Congress with solid Democratic majorities and a Democratic president] with this as a priority, with it as an aspiration and a determination to get the job done…. The insurance companies ruled the roost. They called the shots on all that had happened before, and we changed the leverage to be for the people.

JN: San Francisco, your political base, has in the last quarter-century produced one woman leader after another: Dianne Feinstein, Barbara Boxer, yourself, and now Kamala Harris. What is it about San Francisco?

NP: We have respect for people. We’re not afraid of diversity…. We believe that women in politics is not a zero-sum game; if one person succeeds, it doesn’t mean “OK, that’s it, we have one woman.” It doesn’t mean that at all. It means every woman’s success is every woman’s success, and that just keeps opening doors to more success.

Kamala, I know her personally. She’s a person of great faith, deep faith, which is manifested in her love of community, her public service, her civic involvement from early on…. She’s politically astute. If she were not that, she would not be where she is today…. She’s wonderful. We’re so thrilled. I almost can get emotional talking about it.

But I’m glad she’s not running a campaign that says, [“Vote for me] because I’m a woman.” When I ran for speaker, it was “Don’t vote for me because I’m a woman. Don’t vote against me because I’m a woman. Listen to what I have to say.” And I think that she’s taking that path in her own right, very successfully.

Just because she’s not running [a campaign that focuses on the fact that she’s] as a woman, but as one who is for the whole country, she has great appeal to women for all that we want for women in the workplace—women to have access to quality, affordable child care, child tax credit, universal pre-K, family and medical leave, home health care—so women and men who are caregivers can have more success in the workplace. And she recognizes that women are entrepreneurs too. Her economic approach is about recognizing that if women are going to reach their full fulfillment, we need to help.

JN: There is much talk about the role you played, or may have played, in working with President Biden in this transition that saw him end his reelection bid and clear the way for Kamala Harris. How do you see what happened?

NP: The president made his own decision. He made a decision, and he said it so eloquently: “I love being president. I love this job, but I love America, our country, more.” That’s why he passed the torch. His legacy is a great one. I don’t think it’s fully appreciated, and we want to make sure that it is—because it’s not only his legacy; it’s our legacy as congressional Democrats as well. His decision is one that was selfless, patriotic, and courageous.",John Nichols,"Congress, Democrats, Editorial, Q&A",2024-10-29,CONTROL_Polish_Womens_Strike_2020_2024,sustained,True,0,"In, The, To"
https://www.thenation.com/article/politics/russell-vought-project-2025-videos/,The Nation,Leaked Videos Show Project 2025’s Architect Calling for a MAGA Takeover of the Federal Government,"“We have detailed agency plans,” Russell Vought bragged in a 2024 speech. “We are writing the actual executive orders. We are writing the actual regulations now.”

As the mediasphere continues to process the fallout from Sunday’s MAGA hate-fest at Madison Square Garden, an equally chilling spectacle should command at least as much attention: ProPublica has unearthed videos of Russell Vought, probably the most powerful Christian nationalist bureaucrat in the country, laying out plans for a scorched-earth second-term Trump agenda.

If you don’t know who Vought is, that’s a first-order failure of our political press. He served as the director of the Office of Management and Budget under Trump and has spent the past four years commandeering the Center for Renewing America, a right-wing religious think tank serving up a steady diet of demented culture-war moral panics and persecution fantasies. Vought is also by most accounts the central strategist behind Project 2025, the full-scale plan to rebuild the federal government in the image of pure MAGA grievance politics, bigotry, and misogyny; in addition, he spearheaded policy operations for the Republican National Convention’s platform committee. The chapter he contributed to the Project 2025 governing blueprint makes the case for a militantly weaponized federal bureaucracy, purged of nonpartisan career staffers, and jolted into witch-hunting form by a new cadre of true-believing Trumpist toadies. It’s a vision of the Caesarist model of a right-wing “unitary executive” on steroids, ginned up from a paranoid Christian nationalist vision of the administrative state as a rolling, demonic assault on constitutional liberties. Every effort must be expended, Vought argued there, to face down the Mephistophelian treachery of a nomenklatura “carrying out its own policy plans and preferences—or, worse yet, the policy plans and preferences of a radical, supposedly ‘woke’ faction of the country.”

In the leaked videos of Vought’s addresses before gatherings of his think tank—a group with close ties to both the Trump White House and key Trump strategists such as Steve Bannon—this rhetoric comes off as restrained by comparison. It’s long been a truism that Trumpist allegations against an infidel, America-hating opposition are raw acts of psychological projection, but Vought takes this tic to a whole new level: “The stark reality in America is that we are in the late stages of a complete Marxist takeover of the country, in which our adversaries already hold the weapons of the government apparatus, and they have aimed it at us. And they are going to continue to aim it until they no longer have to win elections.” ProPublica reporters Molly Redden and Andy Kroll—working in collaboration with Nick Surgery from Documented—released videos of a pair of Center for Renewing America gatherings over the last two years showing that Vought’s plan is to entirely disable regulatory arms of the government such as the Environmental Protection Agency, while empowering the military to crush domestic dissent. Along the way, he also charts a strategy to put enforcement of immigration policy at the southern border of the country on a war footing, and declares holy vengeance against the “transgender sewage that’s being pumped into our schools and institutions” and the practice of “chemical castration”—i.e., gender-affirming medical care.

But the most disturbing element of the report is Vought’s vision for a complete MAGA-brokered ideological takeover of the federal bureaucracy. For all the agita expressed by pundits over the fascist character of Trumpian rhetoric, this is the fascist idea broken down into an HR strategem—the sort of fine-grained plan of infiltration that would be exceedingly difficult to root out if it’s ever permitted to take hold. “We have detailed agency plans,” Vought bragged in a 2024 speech. “We are writing the actual executive orders. We are writing the actual regulations now, and we are sorting out the legal authorities for all of what President Trump is running on.”

A key fulcrum in this strategy is the invocation of the Insurrection Act, which grants the president wide unilateral authority to deploy the military in enforcing domestic law. Right-wing state attorneys general, working in apparent coordination with Vought and his think tank, have already sought to invoke the act in disingenuous bids to declare the volume of immigration an “invasion,” and thereby trigger massive federally administered border crackdowns. In his remarks, Vought wants to use the same jury-rigged model of imperial presidential authority to quash domestic dissent writ large, citing the 2020 protests against the police murder of George Floyd as his scarifying culture-war precedent. “We want to be able to shut down the riots and not have the legal community or the defense community come in and say, ‘That’s an inappropriate use of what you’re trying to do,’” he said.

It gets worse. In a 2023 speech before the Center for Renewing America, Vought argued that, in order to pull together post-hoc rationalizations for the mobilization of a federal MAGA thought police, it’s necessary to create a “shadow” Office of Legal Counsel—the federal office that has notoriously sanctioned torture and other brutal extensions of executive power. For Vought, the existing OLC is potentially too great a restraint on the kind of federal power he wants Trump to hold. One former official with the OLC explained what the fallout from such a maneuver would be: “If, all of a sudden, the office is full of a bunch of loyalists whose only job is to rubber-stamp the White House’s latest policy directive, whose only goal is to justify the ends by whatever means, that would be quite dangerous.”

Indeed, Vought’s holy-warrior impatience with the protocols of mundane governance mark him as an exceptionally power-mad MAGA apostle, even by the movement’s usual standards. In his speeches, he’s actually castigated the Federalist Society—the lavishly funded political op that Leonard Leo has captained in his successful putsch to transform the federal courts into a manufactory of right-wing ideological boilerplate—as too timid and excessively prone to pragmatic compromise. Leo and his cronies are just too lily-livered to face down the present crisis, Vought insists: “We have the vaunted so-called Federalist Society and originalist judges acting as a Praetorian Guard for this post-constitutional structure.” Needless to say, he also endorses evidence-free election denialism, claiming that a “compelling case has emerged” that the 2020 balloting was rigged against Trump’s reelection, and belittles claims to the contrary on grounds of insufficient true-believing faith: “Does a Christian in China ask and come away saying, ‘You know, there’s no persecution, because I haven’t read about it in the state regime press?’ No, they don’t.” The January 6 rioters are also “political prisoners” in Vought’s view: The leaders of the woke-infested law-enforcement bureaucracy “are keeping political opponents in jail, and I think we need to be honest about that,” he said.

But the central target of Vought’s righteous fury remains the regulatory-minded federal workforce, of which the public-health official Anthony Fauci (aka “all-empowered career expert”) is the satanic totem. In his Project 2025 essay, he proposes reviving the Schedule F category of federal employment, which permits the rampant firing of federal employees in the revival of a spoils system. In one of many flourishes cribbed from the alleged Leninist impulses of the enemy camp, Vought also relishes the idea of placing federal bureaucrats “in trauma”: “We want the bureaucrats to be traumatically affected. When they wake up in the morning, we want them to not want to go to work because they are increasingly viewed as the villains. We want their funding to be shut down so that the EPA can’t do all of the rules against our energy industry because they have no bandwidth financially to do so.”

As with all things pertaining to Project 2025, the Trump campaign denied to Redden, Kroll, and Surgery that it has any substantive ties to Vought and his agenda—an especially ludicrous claim about the man who oversaw the basic operations of all major government initiatives in Trump’s first term. And Vought certainly feels no such diffidence in hailing Trump as an ally—indeed, as “a gift from God.” In an undercover video made by British activists posing as relatives of a major GOP donor, Vought bragged of being recently in touch with Trump and fielding a special “assignment” from him. The former president has “been at our organization, he’s raised money for our organization, he’s blessed it.… he’s very supportive of what we do,” Vought continued. Vought’s influence is indeed such in MAGA world that he’s now being bruited as chief of staff in a second Trump administration.

But like his ardent Christian nationalist allies, Vought sees the stakes as something far greater and more cosmic than a plum Oval Office gig; it is, rather, a holy mandate to prevail in a moment of high spiritual warfare. “We are here in the year of 2024, a year that very well [could]—and I believe it will—rival 1776 and 1860 for the complexity and the uncertainty of the forces arrayed against us,” Vought said. “God put us here for such a time as this.”",Chris Lehmann,"Election 2024, Executive Branch, Government, Immigration Policy, Police and Law Enforcement, Politics, Republicans, The Constitution, The Right",2024-10-29,CONTROL_Polish_Womens_Strike_2020_2024,sustained,True,0,"In, The, To"
https://www.thenation.com/article/politics/tony-kushner-rachel-maddow-interview/,The Nation,Trumpism Is Not a “Rogue Wave”,"Tony Kushner and Rachel Maddow discuss the threats to US democracy and how art can help people see dangers on the horizon.

Tony Kushner and Rachel Maddow are friends who enjoy each other’s company even when the topic of the day is the perilous state of American democracy. They’re also working together on a new project: Kushner, along with screenwriter Danny Strong, is adapting the first season of Maddow’s Ultra podcast for Steven Spielberg.

The pair clearly admire each other. Kushner said about Maddow: “You’re somebody who teaches us over and over again the way to understand what’s going on in the world is to synthesize a real engagement with contemporary, political, immediate events and then also a knowledge of history. That it’s through the combining of these things that we arrive at the roadmap into the future.”

And Maddow said about Kushner: “Tony is one of my lifelong heroes, someone who I’ve learned more from than almost anyone in public life anywhere, and who still inspires me to try to be better than I am.”

Before the conversation, Maddow read, at Kushner’s request, a piece of narration from the second season of the podcast, which ends like this: “It’s never going to be just one blow that takes down the demagogue. It’s going to take more than that. It’s going to take 10 blows or 100. But not a million. The American system of government is strong, too. It just needs brave Americans to believe that and to show it and to step up, despite the costs.”

The playwright and journalist took part in the WIT Literary Festival in September. The Authors Guild Foundation created the festival in 2022 to celebrate writers and their place in society, provide a public forum to address the most critical issues, and to enact the belief that an abundance of free literary expression is essential to a thriving democracy.

Here is an excerpt from their on-stage conversation.","Tony Kushner, Rachel Maddow",Donald Trump,2024-10-29,CONTROL_Polish_Womens_Strike_2020_2024,sustained,True,0,"In, The, To"
https://www.thenation.com/article/society/broadway-linear-park-new-york/,The Nation,Can New York’s Most Famous Street be Turned into a Park?,"The effort to transform Broadway into a pedestrian space.

On a recent visit to Barcelona, my husband and I stayed in Poblenou, a part of town we had chosen because of its relative isolation from the mass tourist draws like La Rambla and the Sagrada Família. Upon our arrival, we discovered that we had landed in a 21st-century neighborhood: an old industrial zone that had been aggressively and creatively redeveloped in recent decades and had emerged as a startling blend of past, present, and future. Its Encants Market, a ragtag hive of secondhand merchandise that has been in operation since the 14th century, had been relocated in 2013 from a nearby plaza and was now housed in a humongous, multilevel high-tech shed with a lofty, free-form mirrored metallic ceiling. Even the street outside our hotel was a surprise. The Avenue Diagonal, which runs (as the name suggests) on the bias across a wide swath of Barcelona’s grid, was once a normal boulevard carrying six lanes of car traffic. But now it has been remade into the ultimate 21st-century arterial. The section near the hotel has two exterior lanes for cars, a tram line, and a broad central concourse reserved for pedestrians, bicyclists, scooters, and also trees; the goal is to cover 30 percent of the city’s surface with trees by 2037.

When I began taking my morning run up the middle of the Diagonal—along with all the local runners—I entertained the thought that has plagued countless American visitors to Europe since time immemorial: Why can’t we do this? My case of Europe envy was exacerbated by recent events in New York City: for example, the plans for radically reimagining the section of the Brooklyn-Queens Expressway that runs along the edge of Brooklyn Heights—the so-called triple cantilever—that went exactly nowhere. And then, of course, there was New York Governor Kathy Hochul’s last-minute decision to shut down congestion pricing, a system (for which $500 million worth of sensors had already been installed) that would have charged drivers a $15 toll for entering Manhattan below 60th Street during peak hours. The billions of dollars collected were supposed to fund a variety of much-needed mass transit projects. Instead, this bold change, along with so many others, had seemingly evaporated on the brink of implementation.

Upon my return from Spain, I resolved to look for evidence of positive change closer to home and almost immediately found one: a website proposing a Broadway Linear Park. It had been posted by a group advocating for Manhattan’s own diagonal avenue to become “a green car-free space from Union Square to Central Park.” Perfect, I thought: Here was a big, transformative initiative that was eminently doable. Granted, the proponents were not city agencies but activists, led by Katherine Nessel, a recent graduate of Barnard College and an urban-planning fellow at the Department of City Planning, and a software engineer by the name of Andrew Hyatt. I contacted them and made a date to take a walk with them down Broadway.

Broadway has been in the midst of a transition for 15 years. In 2009, during Mayor Michael Bloomberg’s administration, the city’s transportation commissioner, Janette Sadik-Khan, who made it her mission to commandeer blacktop and hand it over to nondrivers, closed Broadway to traffic between 42nd and 47th streets. This move turned Times Square, New York City’s most famous attraction, into something it had never been before: a genuine public place. Pedestrians were given permission to linger, lounging in hastily procured beach chairs on the newly car-free pavement. News photos at the time made it look like a practical joke, but it was more akin to a miracle. Traffic on Broadway in Midtown dropped from 1,500 cars an hour during peak periods to more like 300. Further transformation of the streetscape was prompted by the arrival of the bike-share system in 2013 and a new demand for outdoor gathering places during the Covid pandemic.

Still, I was unprepared for what I saw when I arrived for my rendezvous with Nessel and Hyatt. I found myself in a sort of place I didn’t know existed: a fully pedestrianized Midtown block. This wasn’t Times Square or even Herald Square; it was Broadway between 39th and 40th streets, your basic workaday chunk of Manhattan. One side of the street was occupied by an unremarkable office building, and the other side featured an unexceptional range of shops: a kratom dispensary, a Just Salad, a CityMD. In between was an expanse of pavement treated as if this were someplace special.

A massive abstract sculpture resembling a dystopian jungle gym occupied the middle of the street. Clustered around the sculpture were the type of high tables and chairs typically found in bars, most of them occupied. Loads of people were simply hanging out. Some appeared to be office workers, and others, judging by the proximity of their heavy-duty electric bikes, were delivery guys taking a break with colleagues. No one looked like a tourist. A southbound bike lane ran along the west side of the street. The sole automobile on the block was a parked New York Police Department SUV, its lights flashing for no obvious reason; the police officers were also standing around gabbing. I later learned that the block is one of five maintained by the Garment District Alliance, a business improvement district, which calls these stretches of roadway “esplanades.”

Nessel, Hyatt, and I sat down on a bench in the office building’s front plaza. They told me that they had both gotten interested in rehabbing Broadway through their involvement with Transportation Alternatives, an organization that has been advocating since 1973 for fewer automobile-filled streets. Nessel became engaged with the Broadway project during the summer of 2020, when the pandemic created a demand for car-free “Open Streets” in many New York City neighborhoods. The Department of Transportation, she recalled, had just launched a plan to “open” Broadway. Hyatt, who lives in the neighborhood, signed on in 2022 after he stumbled across the aftermath of a crash: A taxi had jumped the curb on Broadway and mowed down a bicyclist and a couple of pedestrians.

The city’s concept, released in 2020 and largely engendered by the pandemic, was called simply Open Broadway. “They had some blocks they would designate as plazas,” Nessel explained. “Some would be slow streets; some would be shared streets.” The plan, hatched by Mayor Bill de Blasio’s administration, was “a step in the right direction.” But she and Hyatt wanted the city to go farther, so they came up with a grander plan: a Broadway Linear Park that went “beyond just pedestrianization” and asked, “What can you do with this space once you take away the cars?”

One answer they found was a 2015 proposal for turning Broadway into a “Green Line.” It originated with a young architect, Jung Hyun Woo, who was on a fellowship at the New York architecture firm Perkins Eastman, and Jonathan Cohen, who was a principal architect there. That plan, driven by the idea that “Central Park may in fact be too small at this point,” according to Peter Cavaluzzi, currently a principal architect at the firm, advanced “the notion of Broadway as being the next great public space.”

The idea of making Broadway into a linear park may have started out as a quixotic dream conceived by a set of people outside the halls of power, but it has since edged its way into New York’s official fantasy life. In a document released in late 2022, “Making New York Work for Everyone,” drawn up by a large interdisciplinary group charged by Governor Hochul and Mayor Eric Adams with generating ideas for the revitalization of Midtown, the same two-mile stretch of Broadway that Nessel and Hyatt have focused on was reimagined as “a grand promenade passing through some of the city’s most iconic sites.” Nessel and Hyatt’s quiet strategy of engaging various stakeholders, such as local architects and business owners, seems to have paid off, nudging their vision into the mainstream of New York City discourse.

To illustrate how, Nessel and Hyatt took me on a slow walk from 40th Street down to Union Square. What I found is that Broadway has, in fact, already been transformed to a remarkable extent. The first blocks, still in the Garment District Alliance’s turf, are decorated with medallions by the artist Xin Song, which hang from an overhead network of wires. And there are unexpected amenities: For instance, just north of 33rd Street, an expanse of car-free pavement features a couple of Ping-Pong tables, both in use as we strolled by. But, of course, it’s still not a park. Unlike the Avenue Diagonal in Barcelona, Broadway’s designated pedestrian paths are jarringly inconsistent; even the lanes meant for traffic of one kind or another are a mismatched jumble. From 32nd to 31st, for example, there’s a two-way bike lane taking up much of the street; cars still have access to the block, and there are legal parking spots; and then there’s an expanse of pavement occupied mostly by planters. A block farther down, southbound bikers share a lane with cars, and northbound bikers get a dedicated lane. Meanwhile, pedestrians are entitled to the sidewalk plus an amorphous wedge of street space sheltered by reflective posts, planters, and big hunks of stone. Farther along, south of 27th, half of the street is devoted to restaurant tables and half to a two-way bike lane. The territorial divides keep shifting, and the pavement is reconfigured again and again. The most jolting block is the one between 19th and 18th streets, where the vehicular traffic on Broadway is suddenly routed north instead of south.

The shifting traffic patterns suggest that the Department of Transportation is playing a game with New Yorkers, Sim City meets Frogger. When I asked Nessel about it, she replied that it might be that the DOT “wants it somewhat chaotic.” Maybe, I ventured, they’re trying to confuse us so that everyone moves more cautiously. Documents supplied by Community Board 5, the civic body that oversees land use and planning along this stretch of Broadway, suggest that there is some method to the madness: The DOT is currently testing a variety of strategies, using Broadway to determine which “block types from basic, to slow, to shared, to pedestrianized plazas” might work.

No matter the reason behind a streetscape with rules that appear to change from block to block, what is clear is that, with the exception of the blocks within Times Square, the experiments on Broadway all remain works in progress. The Department of Transportation is currently using “paint and gravel” to test various configurations and, in theory, might one day lay down a more permanent version. But there are currently two New Yorks: one in which change stubbornly refuses to happen, and one in which change happens almost overnight but tentatively, without conviction.

The approach to foliage is equally provisional. I know that tree planting along Broadway is limited by the tangle of infrastructure running directly below the street’s surface, but other plantings are surely possible. Yet on many blocks, all we tend to get are token gestures: a tree in a sad planter at the north end of a block and another at the south end. There is the occasional oasis managed by the Parks Department, most notably in Herald Square and Greeley Square, which are so generously planted that I instantly feel the temperature drop when I wander in from the adjacent plazas.

Indeed, among the many design concepts found on the Broadway Linear Park website is a proposal for a block-long re-creation of the Wickquasgeck Trail. This footpath, created by Manhattan’s original pedestrians, the Lenni Lenape tribe, predates the 1811 imposition of Manhattan’s current street grid by centuries and is commonly thought of as the basis for Broadway’s unusual diagonal route. But what is needed is not a mere block of the Wickquasgeck but the full two and a half miles from Columbus Circle to Union Square. It’s exactly what Woo and Cohen and Perkins Eastman advocated in 2015. Actually, Cohen continued to promote the Green Line for a number of years after, once describing it as “a new type of public space for the city. Lush planting, bioswales, playgrounds, dog runs, permeable pavers, jogging and bike paths, performance areas, and plenty of seating.”

Sounds utopian, right? But in recent years, as the city continues to heat up and as even seemingly routine rainfalls have proved disastrous, a regreening of New York becomes all the more imperative. Indeed, the Department of Transportation issued a request for proposals in August from landscape architects interested in transforming 11 blocks of Park Avenue into something more like a linear park. Perhaps it will be another half-measure, but I prefer to think of it as a harbinger, a sign that we’ve arrived at the moment when utopian ideas become the pragmatic ones.",Karrie Jacobs,"Urban Planning and Development, Books & the Arts, Subscriber Only",2024-10-29,CONTROL_Polish_Womens_Strike_2020_2024,sustained,True,0,"In, The, To"
https://www.thenation.com/article/society/chronic-wasting-disease-wisconsin-deer-humans/,The Nation,How Wisconsin Lost Control of the Strange Disease Killing Its Deer,"Despite early containment efforts, chronic wasting disease has been allowed to run rampant in the state. That’s bad news for all of us.

The 3-year-old buck bent down to sip from a small pond on a late November afternoon in Iowa County, Wisconsin. It was nearing the end of the annual rut, and the animal was likely mad with lust for a mate. Alas, he had swaggered into the wrong watering hole. There was a loud blast. In an instant, a bullet tore through the tissue of the buck’s long neck. He collapsed bleeding on the bank.

As the deer lay dying, a man emerged from a camouflaged structure on the far side of the pond. His name was Mike Foy, a 67-year-old hunter and former official with the Wisconsin Department of Natural Resources, who had spent many cold mornings and long afternoons waiting for the deer that would fill his family’s freezer for the year. Twenty-five years ago, the story would have ended here: Foy would process the deer and take it home, no worries weighing on his mind. But those times are past. There is a sickness stalking these lands. The deer carry it in their brains, their saliva, their bowels, their blood. Foy would never feed such a deer to his family, but in a county in which as much as 60 percent of the male deer are sick with the disease, finding a healthy one is not a simple task.

Every hunter in Wisconsin, and in many other states, knows the name of this illness: chronic wasting disease. It is a strange affliction. Highly contagious and 100 percent fatal to the cervids that contract it, CWD is not caused by living organisms such as bacteria or parasites, nor by a virus. Instead, it is caused by misfolded proteins called prions that, once they infect an animal, build up in the brain and body, scrambling the nervous system and leading to tremors, disorientation, listlessness, weight loss, and death. (Some have taken to calling it “zombie deer disease.”)

Like other prion diseases—including scrapie in sheep, mad cow disease in cattle, and Creutzfeldt-Jakob disease in humans—CWD is part of a family of illnesses known as transmissible spongiform encephalopathies. Though there are several leading theories as to CWD’s origin, no one really knows exactly how it emerged—or even how it is transmitted and precisely how it kills. There are no vaccines and no treatments. And though it is considered unlikely that CWD could jump to humans, as mad cow disease once did in such spectacular, frightening fashion, scientists can’t rule out the possibility.

“Available data indicate that the incidence of CWD in cervids is increasing and that the potential exists for transmission to humans and subsequent human disease,” wrote the renowned epidemiologist Michael Osterholm and his colleagues in a 2019 paper. “Given the long incubation period of prion-associated conditions, improving public health measures now to prevent human exposure to CWD prions and to further understand the potential risk to humans may reduce the likelihood of a [mad cow]-like event in the years to come.”

To help prepare for the possibility of a spillover, Osterholm and other experts, with support from the Minnesota Legislature, have initiated a “contingency planning project.” The federal government is a different story: To date, there is no comprehensive national strategy to tackle CWD as a potential public health threat.

Still, amid all this uncertainty, one thing about CWD is indisputable: It is wreaking havoc on deer herds, deer hunters, and wildlife management agencies as it marches across the American landscape, sickening deer in 35 states, from Pennsylvania to Colorado to California. It threatens not only the health of America’s most important game animal, but also the multibillion-dollar deer-hunting industry and the wildlife conservation edifice that has grown up around it. Indeed, it threatens the ability of people to harvest protein for their families independent of the grocery chains and corporate meat suppliers that dominate our food system. Along with diseases like avian influenza, African swine fever, white-nose syndrome, and others, chronic wasting disease is a manifestation of nature in a most unruly and deadly guise. It’s a reminder that animal diseases, even those that don’t directly affect human health—at least not yet—continuously upend our world. And it’s a testament to the distressing truth that we, so often, are not prepared to protect ourselves, unwilling to bear sacrifices until a crisis compels action. We wait, until it is too late.

Mike Foy knows this all too well; he has seen it play out in Wisconsin with awful results. As he stood above the dying buck, he pulled out a small, razor-sharp knife. It was time to field-dress the animal. When he plunged the knife into the deer’s belly, the hydrostatic pressure of its circulatory system sent a spurt of blood into his face.

“You think about it,” he told me later. “Did a couple of those spray droplets get into my eyes? Because now you have a direct path into the nervous system of my body through the eyes and mucous membranes of the nose.”

Foy, like many of his former colleagues in the conservation field, takes CWD very seriously. He tests every deer he kills. If the test comes back positive, he disposes of the carcass, as recommended by the Centers for Disease Control and Prevention. But he goes beyond those precautions. Aware that CWD-associated prions can cling to surfaces, are resistant to many disinfectants, and persist in the environment for years, he wears long gloves when carving up a deer of unknown status. He also uses a disposable knife so that if a test comes back positive, he can toss it in the trash.

Not every hunter in Wisconsin, or the other CWD-affected states, takes such precautions, however. Many hunters decline to get their deer tested, and it has been widely reported that an estimated 7,000 to 15,000 CWD-infected animals are consumed by humans each year. The result, as Foy and many others told me, is that a long-term public health experiment is currently underway across the United States in which people are consuming meat from deer infected with disease-causing prions.

“For some, maybe, this isn’t an issue,” Foy said. “But I am concerned enough about the health effects of CWD on people someday that I don’t want to be part of the great experiment.”

Toward that end, he removed lymph nodes from the deer’s neck and deposited them at a state-run CWD testing station. It was the height of deer season and, as usual, there was a large testing backlog. Then he waited.

The story of chronic wasting disease begins nearly 60 years ago—but precisely why and how it began, no one can say.

The disease was first seen in the late 1960s in captive mule deer at a wildlife research facility run by the Colorado Division of Wildlife in Fort Collins, home of Colorado State University. These research facilities had obtained their captive deer from Colorado’s Western Slope, a landscape that the deer shared with grazing animals like sheep and cattle. “If you look back at history, there were thousands of sheep here,” wrote Terry Spraker, a longtime CSU pathology professor, in an unpublished report commissioned some 20 years ago by the Canadian government. Sheep were also housed at times in some of the deer research facilities where CWD was first discovered, according to Spraker. Sheep are significant because they have for centuries been the carriers of scrapie, a prion disease that’s similar to CWD in many ways.

One hypothesis about CWD’s emergence posits that deer contracted the disease via contact with scrapie-infected sheep. Early on, such a cross-species spillover incident was thought to have possibly occurred in the research deer pens at Fort Collins—but since then, “considerable evidence has surfaced to disprove that hypothesis,” Spraker noted. Other theories have posited that CWD started outside of the facility, when sheep interacted with deer somewhere in the wild Colorado landscape. Even in that scenario, however, the Fort Collins research facilities may have helped spread the emerging disease.

“The possibility must be considered that CWD was brought into the facilities from the wild by a single or a few infected individuals, which then transmitted the agent to other cervids under the close confines of captivity,” wrote Beth Williams, the late Colorado pathologist who first identified CWD as a transmissible spongiform encephalopathy (TSE), in a paper she coauthored in 1992. Williams’s report noted that “all documented cases in free-ranging cervids have occurred within approximately 50km of two affected wildlife facilities and most were within 5km.” It also suggested that “fence-line contact between captive and wild deer and elk is possible.”

Another hypothesis for CWD’s emergence is that it has a spontaneous origin. Other TSEs, like sporadic Creutzfeldt-Jakob disease in humans, appear to develop in some cases when prion proteins spontaneously misfold in a host’s body. A form of CWD recently found in moose in Scandinavia may have originated in this fashion.

Ultimately, the provenance of CWD remains an open question, but what can be said definitively about its early years is this: CWD was not initially recognized as a major crisis in the making. As Spraker noted in his report to the Canadian government, he and a colleague documented the first case of CWD in a free-ranging cervid—a young male elk in Rocky Mountain National Park—in 1981; the first case in a white-tailed deer in the wild was found in 1985 on the western edge of Loveland, Colorado, approximately 12 miles south of Fort Collins. These cases were like embers smoldering in a dry forest: small, quiet things that few people noticed.

“For the next 15 or so years, CWD seemed to be confined to northeastern Colorado and southeastern Wyoming,” Spraker wrote. “During this time there was little interest or concern from professional wildlife biologists, veterinarians or the public about the disease.”

That complacency didn’t last. CWD would not be confined for long to one little corner of the American West.

Last autumn, I sat down with Kerry Beheler at a spacious café in Mount Horeb, Wisconsin. Over fresh-baked cookies, the longtime wildlife health specialist with the state’s Department of Natural Resources (DNR) recalled the moment two decades earlier when the disease appeared. She and her colleagues were at the annual meeting of the Wisconsin Chapter of the Wildlife Society in the winter of 2002 when they got a call from their boss to come back to the office. “We were in the middle of a business meeting, and we said, ‘We can’t come right now,’” Beheler told me. “And management said, ‘Get back to the office right now.’”

That’s where Tom Hauge, then the director of the DNR’s wildlife management program, made the announcement: Chronic wasting disease had been found in a handful of white-tailed deer that Beheler herself had tested during the 2001 hunting season. The testing site “was literally two blocks from my house,” she recalled. She knew the hunters who had shot the deer. “It was very personal.”

“All of us were shocked—very shocked,” said Beheler, who has since retired from the agency. It was the first time CWD had showed up east of the Mississippi River, having previously been found in only a handful of Western states like Colorado and Wyoming and one Canadian province. “It scared the hell out of everybody.” No one knew how the disease had made its way to Wisconsin—even now, nobody knows. But it would radically alter the priorities of the DNR and its staff. Combatting CWD soon became a central mission. The agency leaped into action.

In those early years, DNR personnel deployed all kinds of interventions to try to stop CWD. They immediately launched a massive statewide testing effort to get a full picture of the infection’s presence. “We collected about 40,000 deer heads” to test for CWD, said Hauge, who’s also retired, “and I think it is still the largest deer-disease surveillance effort that has been undertaken” in the United States.

“It was all hands on deck,” Hauge added. “Water program staff, air program staff—I mean, everybody.” The DNR found some 200 positive deer over a wide area of southwestern Wisconsin. It was not good news: The disease was already pretty well established in the state.

The agency tried to knock back the deer population in the hope that it would help slow the spread. It employed sharpshooters to cull deer in infection areas, instituted an early hunting season, and used a management tool called “earn a buck,” in which hunters were required to kill a doe before they could shoot a prized buck for the season. The agency also banned baiting in CWD hot spots to prevent deer from congregating over food. But from the beginning, it was clear that the fight against CWD would be an uphill slog.

Chronic wasting disease is tenacious. When deer contract it, they are not symptomatic for many months. But they are infectious. They likely spread the disease directly, through body fluids and the like, or indirectly, by shedding it in soil, food, or water, transferring prions to members of their family and other companions over long durations before they finally succumb. Researchers have shown that infectious prions, which are resistant to many disinfectants, detergents, desiccation, extreme heat, and freezing, can linger in the environment for years.

The DNR’s early efforts to stamp out the disease also had to contend with the fact that deer breed like… deer.

“One thing that was very sobering to me was the realization about the fecundity of our herd,” said Beheler. She described a pregnant 8-or-9-year-old doe that the agency shot in those early years. The doe had pneumonia and was infected with CWD, but she was still able to carry babies to term. “I was like, ‘We are not going to be able to stop this,’” Beheler said. Once CWD is established in a deer herd, it seems damn near impossible to get it out.

A fierce political backlash soon extinguished any lingering hope that CWD could be excised from the state. The DNR’s aggressive interventions against the disease were not popular with much of the hunting public—especially policies like the earn-a-buck program that placed limitations on hunting practices—and the agency attracted the ire of powerful state politicians. Under growing pressure, the DNR ended its sharpshooting program in 2008. In 2011, Governor Scott Walker—who ran as a friend of sportsmen and then spent much of his tenure cutting budgets and undermining morale at the DNR—signed a bill that barred the agency from implementing the earn-a-buck program. He and the Republican-dominated Legislature also relaxed the ban on deer baiting in CWD hot spots. Walker brought in a “deer trustee” to review the agency’s programs; among other things, the trustee’s 2012 final report recommended that Wisconsin “consider a more passive approach to CWD.” By 2014, the state had even done away with mandatory in-person deer registration, which required hunters to take their kills to DNR-run check stations so the agency could collect crucial data. In-person registration was what had allowed Beheler to detect those first infected deer back in 2001.

Wisconsin’s “passive approach” to the deadly disease persists to this day. The DNR now focuses mostly on research and surveillance of CWD, as well as outreach and education for hunters. The era of aggressive intervention is long over—and the results are disturbing.

“So, where things stand: They definitely continue to trend in the wrong direction,” said Jasmine Batten, a DNR wildlife health official who helps lead the state’s CWD response. There is widespread distribution of the disease in southwestern Wisconsin, where it was first discovered. In some counties, like Sauk and Richland, the prevalence of CWD among male deer is upwards of 60 percent, and among female deer it is upwards of 30 percent. “Maybe most disturbing: In recent years, we have areas of new detection in the northern part of our state,” Batten continued. The disease, which is currently found in deer within (or adjacent to) 64 of Wisconsin’s 72 counties, is out of control.

When it comes to CWD, Wisconsin is one of the hardest-hit states in the nation. It has been pummeled. Many other states are also struggling with the contagion—including Colorado and its neighbors, which are longtime hot spots—but there are a fortunate few that have managed to hold CWD at bay, chief among them New York.

In 2004, after CWD crossed the Mississippi River, New York began testing for the disease, focusing on captive deer farms that often seed CWD outbreaks. During that effort, officials identified infected deer that were connected to two farms in Oneida County. The state responded forcefully, depopulating the cervid farms where the outbreaks originated and drawing a 10-mile containment area around the farms, within which state sharpshooters killed as many animals as possible and tested them for CWD. Within the containment area, hunters were required to get their deer tested, the movement of deer products was strictly limited, and feeding deer was banned, among other measures. This effort went on for roughly five years and was a resounding success. The state has not had another CWD case since then, thanks in part to a prohibition on importing live deer from other states. The takeaway here seems to be that the best way to beat CWD is to prevent it from getting established in your state in the first place.

The intense mobilization against CWD in New York cost about $1 million. “It turned out to be a really, really good investment on our part,” said Kevin Hynes of the New York Department of Environmental Conservation. “I bet if you asked Wisconsin how much they would pay to have no CWD, I am sure it would be a lot more than a million dollars.”

Indeed. “CWD is winning in our state,” said Hauge, the former director of the DNR’s wildlife management program, during a road trip last fall around southern Wisconsin. “Without a significant change in Wisconsin’s response to the disease, there is nothing that is going to stop CWD from spreading to all 72 counties.”

Hauge, a tall, mostly bald man with a big white mustache, drove his silver Toyota into Baraboo, Wisconsin, and parked beneath a stand of pines. Nearby sat a large dumpster piled high with decaying deer carcasses—hunters leave the remains of processed deer here out of convenience, but also to keep potentially infected animals off the landscape. The stench was stomach-turning. Adjacent to the dumpster was a CWD testing station, which Hauge helps administer. He got out of the car and walked over to the station, then reached into a large wooden box and pulled out a deer head wrapped in plastic. The hunter who deposited it will soon find out whether his kill is suitable for consumption. That dead deer’s brain may well be filled with infectious prions.

“Fish and wildlife agencies across the country have classified CWD as the biggest threat to our nation’s deer herds and to deer-hunting traditions,” Hauge told me. He might have added that, since the DNR gets over 50 percent of its wildlife management budget from deer-hunting licenses and receives additional money from excise taxes on firearm and ammunition sales, the disease, if left to ravage deer populations, poses a danger to wildlife agencies themselves—agencies that are foundational to America’s conservation system.

“It is a huge problem,” Hauge said. “Huge.”

Ireceived an e-mail from Mike Foy in late November of last year, some eight days after he’d shot the buck on his farm in Iowa County. Subject line: “Chronic wasting disease test results for deer barcode 520868.”

The wait was over; the test results were in. “As feared,” he wrote, “my classic…3 year old buck came back positive.”

Foy had had his suspicions since the day he shot the deer—the animal, to his trained eye, had looked vaguely unwell, its antlers too small for its age—but the news was nonetheless disappointing. Another sick deer. Another in a long line of days spent hunting, shooting, killing, field-dressing, and transporting a deer, only for the test to come back positive.

“Four of the last five deer I’ve personally killed on our farm have been CWD positive,” Foy said in the e-mail. “Getting this last one out of the pond and through all the [vegetation] and up out of the valley in a wheelbarrow nearly killed me, even with…help,” he added. “As they say, I’m getting too old for this.”

For some readers, the killing of wild animals for food or sport might be objectionable, even immoral. But in Wisconsin, as in many parts of the country, hunting is a long-standing cultural tradition, an important economic engine, a significant source of nutrition, and a centerpiece of the conservation system. According to the US Fish and Wildlife Sevice, hunting-related expenditures in the state totaled $2.5 billion, and a large share of that economic activity is tied to the rifle season for deer, which runs for nine days in November. From gun and ammunition sales to hunting permits, to the jobs provided by meat-processing facilities, to the taxes generated by deer-hunting properties, to the income derived from hunting-related travel, lodging, and food purchases, the activity is a broad-based economic driver. And it’s all built on a white-tailed deer population that numbers about 1.6 million.

Hauge described deer hunting in Wisconsin as something akin to a civic religion. “I always say that besides green and gold, the next most common color in Lambeau stadium in November is blaze orange,” Hauge told me, referring to the official colors of the Green Bay Packers and the bright orange that hunters wear in the field. “I mean, at the high point, we had something on the order of 660,000 or 670,000 licensed gun deer hunters in Wisconsin. On top of that, another 200,000-some licensed bow hunters.

“In the northern part of the state—less so down south anymore—school districts would shut down for deer season,” he continued. “I mean, that is the kind of culture we had in our state.” A state program even allows hunters to donate their harvests to families in need, with some 94,000 deer donated over the past 20 years.

Chronic wasting disease presents a clear danger to this tradition. Though Wisconsin has yet to see sustained long-term declines in its deer population, no one knows for certain how CWD is affecting the herds. The DNR is in the midst of a sprawling research project to better understand this question, but the final report has yet to materialize.

Studies in other parts of the country, however, have come to some disturbing conclusions about what CWD can do to a deer herd. One 2008 study conducted on mule deer near Boulder, Colorado, found that the population declined by some 45 percent between 1987 and 2007. That drop coincided with the emergence of CWD in the area. Another study, from 2016, found that CWD led to increased mortality for white-tailed deer in southeastern Wyoming and was likely the cause of the significant population declines there.

The overall message from scientists, conservationists, and state officials about CWD’s impacts on deer is one of foreboding. “The continued spread of CWD across the landscape has raised concerns about long-term viability of affected wild cervid populations among wildlife managers and the citizens who hunt, photograph, and appreciate wild deer, elk, and moose,” according to the Association of Fish and Wildlife Agencies, which represents Wisconsin’s DNR and similar agencies on Capitol Hill.

After my road trip with Tom Hauge, the hunt with Mike Foy, the café visit with Kerry Beheler, and the chat with Jasmine Batten at the DNR’s offices, I drove south out of Madison, Wisconsin, along solitary rural roads until I arrived at a secluded home set amid scattered forest and open prairie. Waiting inside for me were two men: Michael Samuel, a retired professor of wildlife ecology at the University of Wisconsin–Madison, and Bryan Richards, the emerging-disease coordinator at the US Geological Survey’s National Wildlife Health Center. We sat together near a large second-floor window, surrounded by taxidermied wildlife, looking out on a sweep of prairie in tawny autumn dormancy. Just as we were about to dive into our interview, a large buck marched across the lot.

“Oh, there you go! There is your mature buck right there,” Richards said.

“Look at him,” Samuel said, “he’s got his nose up.”

Both men are leading experts on CWD. Both have been on the front lines of the CWD outbreak in Wisconsin. Both are garrulous, with a lot to say on this subject, and after years of phone interviews, I wanted to sit down in person and hash things out with them. They did not disappoint.

As to the disease’s origins, “scrapie has to be the number one hypothesis,” Samuel said as we sat at the window together.

“The most parsimonious,” Richards agreed. “It was first described in that research facility,” he added of CWD, “but whether it arose in that facility, or whether they brought it in, will always be an open question.”

The two men touched on some of the other outstanding mysteries concerning CWD—among them, how misfolded prions manage to turn deer into figures from The Walking Dead—and then we turned to the question that inevitably comes up in any conversation about CWD: Can it infect people?

The scientific literature is frustratingly uncertain on that question, although the current consensus is that it’s highly unlikely. After all these years, there are no confirmed cases of CWD spilling into humans in the classic manner of a zoonotic disease. But “conflicting experimental data and observations preclude a clear answer on whether CWD prions are zoonotic at this point,” according to a group of scientists associated with Case Western University, the University of Chicago, and the US Department of Agriculture in a key 2021 paper.

To help try to bring some clarity to the subject, the scientists created an experiment to determine whether infectious CWD prions can cause healthy prion proteins in human brains to misfold, thereby converting them into agents of disease. To do this, they took CWD prions and effectively mixed them in vitro with human brain tissue from cadavers. Then they injected the resulting material into the brains of mice that had been genetically engineered to express healthy human prions. Those mice became sick with CWD. Under very specific laboratory conditions, then, the scientists showed that CWD prions can indeed cause healthy human prion proteins to misfold.

“It is a big deal, because all of the studies we have tried using CWD material straight from deer into humanized mice, we have not had success with those. So adding this extra in vitro step shows there is a way—when you put these things together, it is possible,” said Justin Greenlee, a prion disease scientist at the USDA’s National Animal Disease Center and one of the study’s authors.

The paper also notes, somewhat ominously, that the annual number of sporadic Creutzfeldt-Jakob disease cases in the US has risen in recent years, from 284 in 2003 to 511 in 2017, though enhanced surveillance for the disease and an aging population likely contributed to that observed increase. As a reminder, Creutzfeldt-Jakob is a prion disease found in humans, and any infection by CWD in humans would probably present as a case of CJD. “The possibility cannot be excluded that some of the increased [sporadic] CJD prevalence is linked to CWD exposure,” the scientists wrote.

Another paper, published in the journal Emerging Infectious Diseases in June, offered a bit of reassurance. Researchers exposed human cerebral organoids to CWD prions and found that the prions did not successfully propagate, prompting them to conclude: “Although we cannot rule out the possibility of CWD crossing into humans, our data suggest that a significant species barrier exists, even when human brain tissue is directly exposed to high-titer CWD brain homogenate for a prolonged period.”

Still, prominent scientists continue to warn that there is a nonzero chance that CWD could spill into the human population, with devastating results. And it’s worth reiterating that almost everyone I spoke with in Wisconsin said they would never knowingly eat venison from CWD-infected deer. Joe Abrams, a scientist with the Centers for Disease Control and Prevention, sums up his agency’s recommendations like this: If a CWD test comes back positive on a deer you harvested, “then definitely do not consume that venison…. We just don’t know at this point if CWD can be transmitted to humans.”

Richards and Samuel both agree.

“We don’t really fully understand what the risk to humans is,” Richards said. “But we are running one heck of an experiment, a long-term experiment.”

“And as CWD spreads,” Samuel added, “we just amp up the experiment.”

As things stand today, it is hard to see how Wisconsin gets out of this mess. Absent some breakthrough, like vaccine technology for prion diseases, the state seems fated to suffer persistent CWD outbreaks in deer for years to come, with all the attendant fear, uncertainty, and animal suffering.

Toward the end of our conversation, Samuel decried the lack of leadership from the state and especially from the hunting community, which has at times been hostile to vigorous CWD management. “I think we should stop spending money on it, because there is no will to manage it,” Samuel said. “There is no will on the part of the agencies responsible, and there is not much will, if any, on the part of…the hunters. Either we need a silver bullet like a vaccine, or we should spend our money on things that really need it, like species that are declining or going extinct and climate change issues. Because we are just throwing money down the drain as far as I am concerned.”

He and Richards both agree that an aggressive program to keep the disease out of new counties, and to reduce its prevalence in hot zones, would be worthwhile. But it is a moot point. Such a program would require a “monumental” effort, Richards said: You’d have to kill a lot of deer for a long time and might still fail to knock down the disease rate sufficiently. The state has shown no interest in pursuing such policies. “We are not willing to do it,” Richards said.

Mike Foy, meanwhile, would like to see the state offer financial incentives to hunters to kill deer in counties where CWD prevalence is high. If the state can spend hundreds of millions of dollars on baseball stadium renovations, as it recently did for the Milwaukee Brewers, then why not spend big money to protect hunting, another huge economic driver in Wisconsin? State officials have not been particularly receptive to his ideas either.

Wisconsin has buckled in the face of CWD. Sure, the state tests and monitors for the disease, but other action is sorely lacking. In fact, spend time with people concerned about CWD, and you’ll find that the state has become something of a byword, a warning: At least we’re not Wisconsin. No one wants to end up like Wisconsin. Poor Wisconsin.

It is a sad irony: One of the country’s preeminent deer-hunting states watches helplessly as deadly misfolded proteins tear through its herds. Wisconsin, the home of Aldo Leopold, the founding father of wildlife management, stands frozen in the face of this emergent animal disease like a buck in the high beams.

As for Foy, he never got another deer last winter. He hopes that this year will be different, but as a new season begins, the deer population in Iowa County remains suffused with sickness. Foy will get out there to do his part removing infected deer from the landscape, but it is an obligation tinged with worry. “Not to be able to get meat off of my own land that I consider safe to feed my family takes a lot of the satisfaction out of it,” he said. “It has even made me question,” he added, “whether I should keep the farm.”",Jimmy Tobias,"Health and Disease, Science and Health, Feature, Subscriber Only",2024-10-29,CONTROL_Polish_Womens_Strike_2020_2024,sustained,True,0,"In, The, To"
https://www.thenation.com/article/society/emily-oster-unexpected-parenting-data/,The Nation,Emily Oster and the Optimization of Parenting,"What gets lost when we approach pregnancy and raising children through data?

In February of 2016, the Centers for Disease Control and Prevention released guidance that counseled all reproductive-age women who were not using contraception to abstain from drinking just in case they got pregnant. This guidance infuriated feminists—and many others—by treating women as childbearing vessels rather than as autonomous individuals capable of making their own decisions about drinking, sex, or anything else. As you may recall, abortion was still a protected constitutional right in 2016, so there was, in theory, the option of termination in the case of an unintended pregnancy.

This type of overweening advice for pregnant people—or even potentially pregnant people—was exactly what the health economist Emily Oster sought to counter with her first book, Expecting Better: Why the Conventional Pregnancy Wisdom Is Wrong—and What You Really Need to Know. Published in 2013, the book was a welcome corrective to the medical paternalism that had long dogged the experience of pregnancy: In it, the Harvard-trained economist reviewed reams of medical papers on common pregnancy questions—what’s safe to eat? What can a prenatal screening tell me? Can I have coffee?—to offer readers data in lieu of finger-wagging. Oster evaluated not just the studies’ findings but their sample sizes and methodologies, providing the reassurance of statistical rigor delivered in the voice of a trusted, knowledgeable friend. For many readers, Expecting Better was a breath of fresh air, a break from the condescending “better safe than sorry” brush-off of an overworked ob-gyn or the infantilizing tone (“Hey mama!”) of other popular pregnancy tomes. It armed its readers with context and information that they could bring to their prenatal appointments, theoretically enabling more productive conversations with their providers, although it is not hard to imagine how inquiries from one patient might be perceived as noncompliance in another.

Oster’s disciplinary devotion to data has shaped her career ever since. Since writing two more data-driven books of parenting self-help, Cribsheet and The Family Firm, and starting the popular newsletter ParentData, she has become almost a cult figure for the McKinsey class. These are parents who have never seen a child-rearing question they couldn’t answer with a spreadsheet, those whose burning pregnancy concerns include whether they must abstain from sushi and prosciutto. (Oster green-lights both, in case you were wondering.) Her guru status has even earned her a capsule collection of girlbossy shift dresses and blazers from the workwear designer M.M.LaFleur, which she models in incongruously glamorous photos taken on the quaint streets of Providence, Rhode Island.

Although I don’t eat sushi or prosciutto (I’m a vegetarian), I admittedly fall into Oster’s target demographic of college-educated women who aim to be thoughtful about parenting and health. I finally read Expecting Better in 2022, during my own pregnancy. Because I often write about reproductive health, friends wanted to know what I thought of it. I joked that I, too, had been “expecting better.” For a book on pregnancy—an enormously complex and fascinating biological phenomenon—it was too light on explanations of, or any curiosity about, the scientific aspects: Why are certain foods or drinks deemed off-limits? Does it matter that caffeine restricts blood flow, or that its half-life extends in the pregnant body? Why, among twins, might one develop fetal alcohol syndrome while their sibling doesn’t? Nor was it clear to me why Oster’s data-derived assurances, delivered by someone with a degree in economics, were any more compelling than the advice of a harried ob-gyn, who at least had some experience studying the pregnant body.

In her new book, The Unexpected: Navigating Pregnancy During and After Complications, Oster appears to be making up for some of these earlier overreaches. Departing from the data-driven prescriptions that sometimes put her at odds with medical experts, she is now more interested in examining what one cannot predict. The result is a bit more humility on Oster’s part, in deference to the fact that no amount of data can alleviate the suffering and loss that accompany the serious pregnancy complications that afflict millions of expecting parents each year. For the first time, Oster has also taken on a coauthor, the maternal-fetal-medicine specialist and ob-gyn Nathan Fox. Even the visuals in the book point to a certain mellowing: In place of the hot-pink fonts and electric-orange spines of her earlier books, we get a muted peach cover that recalls the inside of a conch shell. Maternal health complications—miscarriage, preterm birth, postpartum depression—are hard topics; they demand a softer tone.

Oster’s first foray into the popular consciousness came in 2005 with a paper on pregnancy data. Published in the Journal of Political Economy when she was a doctoral candidate at Harvard, the paper made a big splash with its conclusion that the prevalence of hepatitis B among mothers partly explained the skewed male-to-female birth ratio in countries in South and East Asia. Oster drew on studies showing that when at least one parent carried the hepatitis B virus, the result was a larger share of male children being born than would occur naturally. Her findings flew in the face of the theory posited by Amartya Sen and others that the excess of male births in many countries was the result of cultural factors, especially discrimination against women, which was manifested through sex-selective abortion, neglect, and the malnutrition of girls (and, more rarely, female infanticide). After Oster’s paper was published, popular media outlets gave it a platform: The editor of the Journal of Political Economy, Steven D. Levitt, and journalist Stephen Dubner (the duo behind the popular Freakonomics books and podcasts) gave it a breathless write-up in Slate.

Unfortunately, Oster got important parts of the paper wrong. A number of economists and public health scholars disputed her findings, noting that their own studies showed that in countries with “missing” women, cultural factors were far more salient than hepatitis B in accounting for excess male births. Oster eventually undertook another study, and she concluded several years later that her initial results had been in error.

Despite this early hiccup, Oster has had a meteoric rise: She has gone on to publish in many of the top economics journals, teach economics at the University of Chicago and Brown University, write four books, and publish her ParentData newsletter, all while, according to asides in her books, somehow squeezing in regular morning runs. In fact, Oster not only bounced back; she created a juggernaut. Expecting Better, her first book, is still among the top three books in Amazon’s “pregnancy and childbirth” category.

Yet some of the book’s data-driven conclusions—coffee is fine; sushi is fine; heck, even alcohol is basically fine!—were not always welcomed as warmly by experts as they were by pregnant sushi aficionados. In one controversial section of the book, Oster distinguished between heavy and light drinking during pregnancy. Binge drinking, she contended, was always harmful, because the liver cannot process alcohol’s toxins fast enough to prevent them from being passed to the fetus. But light and slow drinking allowed the pregnant body time to metabolize alcohol before it could reach the fetus.

Not everyone agreed. In a 2022 essay on Oster in The New York Review of Books, Ginia Bellafante cited research by Susan Hemingway, the director of Washington State’s Fetal Alcohol Syndrome Diagnostic and Prevention Network, showing that there is simply no way to know how any amount of alcohol will affect a developing fetus. Hemingway’s research on twins exposed to alcohol in utero found that two siblings exposed to the same amount via their mother’s drinking could have divergent reactions, because differences in their genetic makeup could make them either more or less vulnerable to its effects. Since a pregnant woman cannot predict how the fetus she is carrying will respond to alcohol exposure, Hemingway concluded that it was simply safest to abstain—just as the US surgeon general has advised for decades.

“As an economist,” Hemingway noted in a carefully drafted rebuttal to Oster’s conclusions, “Dr. Oster concludes a drink a day during pregnancy is safe. As a pediatric epidemiologist, I conclude a drink a day is not safe. So which of us is correct?” (In Expecting Better, Oster had already declared her discipline’s statistically driven approach to evaluating medical literature superior to that of a public health or medical professional. “I realized that training as a health economist was in many ways better than training in public health or medicine for this,” she wrote, before breaking down a stack of studies on caffeine and miscarriage.)

Oster’s next book, Cribsheet: A Data-Driven Guide to Better, More Relaxed Parenting, From Birth to Preschool, applied the same approach to perhaps the most innocuous of child-rearing periods. Guiding parents through those early years, from the time the baby comes home from the hospital (data on swaddling and breastfeeding) through toddlerhood (data on potty training and preschools), the book addressed a stage in child growth when some trial and error might not be all that detrimental, and the repercussions of those decisions—whether to co-sleep, when to introduce solid foods—tended to remain within the four walls of a family’s household.

This was less true when it came to Oster’s third book, The Family Firm. While she didn’t quite come out and say that it’s never too early to start charting a child’s path to Harvard, that subtext was everywhere you cared to look. Of course, all parents are playing a long game of one kind or another: They want their children to eventually become “successful” adults, whatever that means to them. But the data-driven optimizations of The Family Firm rippled out into the wider world, not least because of the book’s premise. In advising parents to “run your family a bit more like a firm,” Oster offered a vision of society in which decisions are made on the basis of the kinds of quantifiable metrics (test scores, college admissions) beloved by economists, and in which parents’ sole obligation is to maximize their own and their children’s advantages in our increasingly unequal and competitive economy. The intangible mysteries of parenting and family life were nowhere present in the book; nor was the idea that the family or its constituent members are threads in a larger social fabric that is fraught with problems that no set of individuals competing over limited resources will be able to fix.

Oster was unabashed about her brand of parental Darwinism: The Family Firm, she explained, was, “at its core, a business book”—a book about “the business of parenting.” And to succeed at this commercial enterprise, she insisted, one was required to maximize the advantages one had over others. As in all capitalist ventures, parents were obligated to their own family’s shareholders above all else: Their job was to make sure that their children succeed. The social structures that already advantaged some kids (the ones whose parents read books like Oster’s) over others were irrelevant in this economistic worldview. Each family is left to its own devices to game the system, jockeying to position its own children for the best opportunities.

Oster’s first case study in the book illustrated this ends-justify-the-means mentality. Examining whether to delay the start of kindergarten for a year, a practice known as “redshirting,” Oster considered whether it improved academic performance, on the assumption that older kids will be better equipped to handle school. Among redshirting’s advantages, Oster wrote, was that it often led to better test scores and lower rates of ADHD. But, she added, entering school early meant less childcare to pay for, as well as earlier entry into high school and eventually the workforce. Oster acknowledged that “additional considerations that may factor into this decision—finances, logistics, what your child is like”—but that final one (“what your child is like”) appeared almost as an afterthought.

If all of this teeters unintentionally on the edge of satire—at one point she writes: “When [my daughter] Penelope entered third grade, I used a Google Doc to create her first-ever meeting agenda” (to discuss the after-school schedule)—it is also an product of our time, when efficiency-oriented thinking bleeds into the crevices of our intimate lives. Bellafante made this point eloquently in her essay on Oster:

The Family Firm was, in essence, a guidebook for maximizing a child’s human capital in a world in which, in the United States at least, the state no longer provides the basics of a dignified life—the childcare, healthcare, social security, and lower and higher education that should be available to every child and every parent. Against this backdrop, gaming the system to give your child a competitive advantage becomes an imperative, one that dovetails all too easily with parental instincts. But gaming a broken system not only leads to travesties like Operation Varsity Blues, in which rich and famous parents committed actual felonies to get their children into prestigious universities; it also does nothing to address the social, economic, and political problems that create a broken system in the first place. An economic approach to parenting, combined with the deeply ingrained instinct to provide the best possible life for one’s child in an increasingly unequal society in which opportunities are hoarded by the better-off, will fail to create a decent society for anyone.

A striking anecdote about Oster’s own childhood from a 2019 profile in The New Yorker illustrates both the outlook that underpins The Family Firm and the troubling implications of following that mindset to its logical conclusion:

It’s not that Oster’s mother (again, a Yale economist) was incorrect. Plenty of noneconomists have also concluded that their time is too valuable to spend at the grocery store—FreshDirect, Peapod, and Amazon Fresh are proof that this sentiment is widely shared. But phrasing it that way to a small child insinuates something about the people whose job it is to pack up those groceries for their family, namely that their time—the hours that make up their days and lives—is less valuable than that of a Yale professor. It’s an eerie foreshadowing of the way that food procurement stratified American society during the pandemic, when the members of the high-opportunity-cost set spared themselves the risk of illness by having their groceries delivered to them by the less fortunate.

To economists, everything has an opportunity cost. It is not that watching television is bad per se, as Oster told us in The Family Firm, but as a leisure activity, it exacts an “opportunity cost” on a child who might otherwise be practicing the violin. Trapped in this calculus of valuing one’s time, it is easy to forget about the big, wide world that lies outside of math equations and data sets. A world that includes other people—neighbors, teachers, classmates, community—whose own opportunity sets may shrink as better-off families strive to increase theirs (consider, for example, how white flight to the suburbs decimated the tax base of Detroit, leaving the largely Black population that remained with poorly funded schools in a city that would eventually face municipal bankruptcy). But The Family Firm pays little attention to such large-scale social and collective problems, focusing instead on how to skirt those problems while giving your child a leg up.

Perhaps as insidious is the idea that B-school parenting will yield the desired results. One can do all the requisite market research and create a thorough set of guidelines, and yet still have no control over the outcome. Maybe this is why Oster’s books often do not strike me as all that helpful. In my own life, I am never quite sure what to make of probabilities and risk assessments, simply because I can’t know where I’ll fall on the distribution curve: Will I be among the unlucky 12 percent of coffee drinkers to experience miscarriage on a half-cup to two cups a day, or among the 88 percent who consume the same amount and deliver a healthy baby? In an endeavor whose outcome is as out of one’s hands as parenting, the desire to find reassurance in research and data is eminently understandable. But the sense of control it offers is illusory at best.

Oster’s new book, The Unexpected, admits as much in its title. Though it still reflects her untiring inclination to provide digestible data on an unruly arena of life, Oster seems to have finally grasped the limits of what data can do. In the decade since Expecting Better, she writes in the introduction, countless readers have contacted her with questions and stories, giving her “the privilege to see an enormous range of pregnancy experience.” Some of these readers wrote to her for advice on how to navigate a second pregnancy after a complication: an emergency C-section, violent nausea, pregnancy loss. They are “almost always looking for data,” Oster writes, evidence that could “help them process and contextualize what they had experienced and what it might mean for the future.” Yet in her noticeable (and appropriate) shift in tone, from cocky economist to gentle confidante, one also senses a tacit admission that data alone is simply not going to cut it—especially in the aftermath of difficult and unforeseen medical or psychological trauma. Oster appears to recognize this as well. “Finally, a note that these issues are hard,” she writes in the introduction, sounding more like a therapist than an economist. “They are hard to experience, hard to read about, hard to write about. So, while I hope this book helps, I also ask you to take care of yourself when you read. Take a break and have a cup of tea, or go for a walk. Nate and I will be here when you get back.”

The Unexpected relies again on data and on the four-step decision-making process that Oster first articulated in The Family Firm: “frame the question,” “fact-find,” make the “final decision,” and then “follow up” on that decision. But this time around, Oster is less invested in the figures she provides, more aware that “the four F’s” may give way to much more subjectivity. On having a second pregnancy with a serious complication, she observes that “we can talk about some general numbers, but your experience is unique. The details of that experience are important for understanding possible steps in a later pregnancy.” She advises on what sorts of questions to ask a provider, what data to gather (medical records and test results, the hospital’s discharge summary, etc.), and how to go about understanding two important questions: What happened? And why did it happen to me? Meaningful answers to these questions will help address the next two: Is it going to happen again? And what can be done to prevent it, or to lessen its severity?

The next dozen chapters go through common pregnancy and postpartum complications, such as miscarriage, preterm birth, stillbirth, and mental health conditions. In the first part of each chapter, Oster goes through the data on overall risk and the risk of recurrence, interspersing charts and graphs with anonymized first-person stories from readers. In the chapter on second-trimester miscarriage, for example, Oster rehearses the data: “While perhaps a quarter of conceptions are lost in the first trimester, second-trimester miscarriage rates are in the range of 1 to 2 percent.” She explains the various options available and how they differ from those for a first-trimester miscarriage—in the second trimester, a miscarriage requires a more advanced surgery called dilation and evacuation (D&E), or the induction of labor and delivery of the fetus. But the first-person story that follows makes that information, while useful, feel almost beside the point. Oster shares what one woman wrote to her about her second-trimester miscarriage: “My only other thought, now being a mother, is that I might prefer to birth the baby rather than have a D&E if something like this happened again. I wasn’t given the option to hold her after the procedure. I mourn the fact I never got to look at the daughter I lost. At the time, I wanted to pretend it never happened.” After describing this tragedy, Oster temporarily shelves the four F’s. “All there is to say is to give yourself grace—there are no easy choices,” she writes.

In each chapter, after Oster goes over the data on recurrence and treatment, she hands the discussion off to her coauthor, Nathan Fox, who offers his perspective as a provider who deals with these complications firsthand. In his section of each chapter, Fox walks the reader through how he typically addresses the given condition with his patients, as well as the factors they will consider together as they come to their decisions. In the case of second-trimester miscarriage, for example, Fox discusses some of the common causes, including cervical or placental insufficiency, a genetic or anatomic fetal anomaly, and umbilical cord complications. His role as a practitioner is to understand why this is happening and prevent it from happening again, so he recommends, for example, genetic testing and pathologic examination of the fetus or placenta that could help identify a cause. “The likelihood of finding a cause is greatly increased (though not assured) if a thorough workup is done at the time,” he writes. “I do recommend autopsy to increase the chances of finding a cause, but I also totally understand that for some people this will simply not feel possible.” Fox, too, is sensitive to the limits—or even desirability—of data in a situation as delicate as this.

While Oster creates more room for the unexpected in this book, she misses an important opportunity to direct her readers’ attention to the things they can control: areas where they could exercise agency, and not just on their own behalf. For example, in an almost comically disinterested note on the “changing landscape of reproductive rights,” as it is euphemistically described, the authors briefly point out that abortion “has been restricted or completely curtailed” in many states. The surgical procedure to treat a first- or second-trimester miscarriage is the same procedure as an abortion, and the Supreme Court’s decision in Dobbs, of course, has limited women’s ability to access, and doctors’ ability to provide, necessary care, as we have witnessed through numerous stories and lawsuits. “While the decision in Dobbs does not directly curtail a doctor’s ability to perform these procedures following a miscarriage,” Oster and Fox write with an optimism I can’t quite fathom, “it may affect the amount of experience they have doing so, thereby limiting people’s access to providers capable of safely performing those procedures.” They acknowledge that this situation, in which “medical professionals may be unsure about what approaches are allowed under the law,” is “scary,” but they are strangely resigned to the situation. “The best we can offer in this book is that you should have a conversation early on with your provider about what your options might be, and what resources are available, if necessary,” they advise.

For two people who have devoted much or all of their careers to reproductive health, writing at the outset of a book on the same topic, Oster and Fox don’t seem especially riled up. Nor do they appear to realize that there are, in fact, things you can do if you don’t like this “scary” situation besides talking to your provider. Vote the bums out is one. Gather tens of thousands of signatures for a ballot initiative is another. In adopting their therapeutic tone, Oster and Fox are speaking once again to the individual, doing their best to soothe her, while ignoring the prospect of working in the collective interest.

While Oster’s previous books had little to say on race and politics, here there’s an admirable, if abbreviated, section on Black maternal health with suggestions on further reading. It discusses the research of Dr. Arline Geronimus on “weathering,” the effect of stress caused by systemic racism on people’s health, and cites Dr. Quantrilla Ard on how low birth weight becomes more prevalent among descendants of foreign-born Black Americans over generations. “There is something unique to the experience of being born Black in America that is disparately creating an environment of reproductive harm and disadvantage and killing Black birthing people and their babies,” Ard writes. Addressing her Black readers, Oster writes: “I hope that the data here will help you navigate provider conversations, just as I hope it will for everyone reading this book.” Or, she could note, it is a task for all her readers to seek solutions and fight for health equity.

There is also an acknowledgment that we are still woefully ignorant about so many of these complications, and that this is its own political question (although Oster doesn’t quite call it that). For many reasons, but chiefly sexism, lack of funding, and lack of financial incentives (people are pregnant only for a small portion of their entire lifespan), the pregnant body has been woefully understudied. “There are many places in this book where we’ll come to conclusions along the lines of ‘We don’t really know what works here,’ even when it seems like learning what works could be within reach,” Oster writes. “But research funding often follows public discussions, and public discussions cannot happen if we are not willing to talk about hard things.”

Oster has a social media following of half a million people, and I wonder what would be possible if she were to direct more of them to seek structural solutions to the kinds of problems she describes in her book: the medical neglect of Black women, the unjust distribution of educational and other life opportunities for young people, the lack of access to basic reproductive healthcare. In the wake of Dobbs, in the face of well-documented medical and societal racism, in light of the many unknowns about the pregnant body and all that can go wrong, and considering the historical underfunding of research into maternal and fetal health, perhaps Oster would consider expanding her lens a little wider, to think about optimization as a broad-based societal project, a push toward justice in many different fields, rather than a desperate search for a leg up for our own children, and them alone.",Anna Louie Sussman,"Abortion, Books and Ideas, Culture, Economy, Literary Criticism, Non-fiction, Books & the Arts",2024-10-29,CONTROL_Polish_Womens_Strike_2020_2024,sustained,True,0,"In, The, To"
https://www.thenation.com/article/politics/meteorologists-hurricanes-conspiracy-theories/,The Nation,How Weathercasters Became the Newest Targets of Conspiracy Theorists,"Weather forecasters used to be some of the most trusted people in the news business. Then they began speaking openly about climate change.

John Morales, the Florida TV meteorologist who went viral after fighting back tears as he warned about the megastorm Hurricane Milton, personifies a little-known fact: Local TV weathercasters are the most trusted figures in American news. Even as the popularity of “the media” has plummeted in recent decades, people still trust their local TV weathercasters. After all, those weathercasters talk their viewers through scary times by providing practical, life-saving information. “People have known me as the just-the-facts, non-alarmist guy,” Morales later said, adding, “I think it really shocked a lot of the people that have known me as a weathercaster for 33 years.”

Given that level of trust, it makes perverse sense that the same liars and haters who vilify immigrants and people of color would eventually come for weathercasters. In September and October, an explosion of disinformation surrounding Hurricanes Helene and Milton fueled a deluge of harassment and even death threats against weathercasters across the US. This was not solely the work of climate deniers. Promoters of “anti-migrant conspiracies, false claims of electoral fraud, and antisemitic discourse…converge on moments of crisis to co-opt the news cycle and launder their positions to a wider or mainstream audience,” a study about the campaign of falsehoods that followed Hurricane Helene explained.

The attacks on weathercasters recycled a key innovation in modern political propaganda—one that began with, and sank, Democrat John Kerry’s presidential campaign in 2004: Attack your opponent’s strongest point, not their weakest. To blunt Kerry’s appeal as a Vietnam War hero, Republican strategist Karl Rove directed the “Swift Boat” campaign that slandered Kerry as a coward who lied about his battlefield exploits. The story was eventually debunked, but not before millions of Americans heard it and perhaps changed their minds about voting for Kerry.

For champions of fossil fuels, today’s attacks have a strategic logic, because TV weathercasters have emerged as among the most effective mass communicators about the climate crisis. Morales, working with the nonprofit Climate Central, has helped drive this transformation. Twenty years ago, his profession was dominated by climate skeptics; today, the vast majority of US weathercasters accept climate change as a scientific fact, and more and more of them talk about it on the air.

In the aftermaths of Helene and Milton, liars and haters also targeted FEMA workers and the storm’s victims. Those victims have “lost everything, and now they’re trying to figure out ‘How do I apply for help?’” former president Barack Obama said at a campaign rally for Kamala Harris on October 10. Spreading lies that FEMA is there to hurt, not help, is “to deceive [victims] in their most desperate and vulnerable moments,” Obama continued. Then, explicitly addressing “the Republicans out there,” he asked, “When did that become OK?”

Obama didn’t have to supply the answer, it was so obvious: It became OK with the rise of Donald Trump. After all, Trump’s path to the White House began with his lies that the nation’s first Black president was not born in the US, and therefore his presidency was not legitimate. The acquiescence of Republican Party leaders who feared Trump’s hold on a sizable portion of GOP voters meant that Trump’s subsequent lies went unchecked. Just as no leading Republicans called out Trump’s birther lies in 2016, none, with the partial exception of Senator Mitt Romney, have publicly repudiated Trump’s continuing barrage of lies, including his preposterous insistence that he didn’t lose the 2020 election.

Trump’s example has encouraged right-wing extremists, including radio host Alex Jones, Representative Marjorie Taylor Greene, and mega-billionaire Elon Musk, to spread equally noxious lies. Jones, best known for insisting that the Sandy Hook school shooting was a hoax, posted a video claiming that the government intentionally aimed Hurricane Helene at North Carolina. In response, Greene posted: “It’s ridiculous for anyone to lie and say it can’t be done.” Musk falsely asserted that “FEMA used up its budget ferrying illegals into the country instead of saving American lives. Treason.”

In their separate ways, local TV weathercasters and FEMA workers can be thought of as first responders to the disasters that are only bound to get worse. Weathercasters provide the authoritative information ordinary people need to decide whether to evacuate, if they can; indeed, one reason Milton’s death toll was relatively low is that most people did heed evacuation warnings. For their part, FEMA workers provide the material assistance that victims require immediately after such disasters.

It’s all too easy to imagine, however, that in the minds of Trump and other disinformation peddlers, these first responders belong to “the enemy from within” that Trump has repeatedly threatened to crack down on if he regains the White House. They can be “easily handled,” he told Fox News, “if necessary, by the National Guard or, if really necessary, by the military.”

Dangerous words for sure, but dangerous words that can be countered by the power of the ballot.",Mark Hertsgaard,"Conspiracy theories, Disinformation, Donald Trump",2024-10-28,CONTROL_Polish_Womens_Strike_2020_2024,sustained,True,0,"In, The, To"
https://www.thenation.com/article/politics/michelle-obama-speech-michigan-rally/,The Nation,Michelle Obama Is Finally Ready to “Go Low” Against Donald Trump,"The former first lady’s incandescent speech on Saturday night in Michigan centered women’s bodies and excoriated the man who gropes but won’t protect them.

Gone are the days of “When they go low, we go high.” That was Michelle Obama’s mantra during Hillary Clinton’s 2016 cage fight with Donald Trump. I wanted to believe it so much I had coffee mugs made with that saying on them. I don’t have them any more.

I’m trying to figure out what slogan I’d put on a coffee mug from Obama’s incendiary, incandescent Saturday night speech in Kalamazoo. I’m leaning toward “Take our lives seriously.” It was a 38-minute feminist manifesto, excoriating Trump but also the men who either support him or aren’t sure they’ll vote for our first Black female president. “A vote for him is a vote against us,” she declared. Obama laid out everything women suffer under while trying to just live our lives, from crippling double standards to menstrual cramps, the expectation of perfection, and sexual abuse. The pain and threat posed by even a “normal” pregnancy.

Oh, and menopause. I’ve attended hundreds of political speeches about women’s health over the years, but I’ve never heard menopause talked about from the stage. (We might whisper about it backstage.) But of all the stages of women’s health, menopause could be the most shrouded in mystery, even shame, and one of the most debilitating.

“Every month, far too many of us experience excruciating cramps and days of nausea,” she said. “As we struggle through menopause, crippling hot flashes, and depression, too many women my age are unaware of what’s happening to our bodies,” she added. (Obama opened up about her own menopause experience to People magazine in November 2022.)

“I want the men in the arena to bear with me on this, because there’s more at stake than just protecting a woman’s choice to give birth,” she said. “Sadly, we as women and girls have not been socialized to talk openly about our reproductive health. We’ve been taught instead to feel shame and to hide how our bodies work.”

Young girls might not know what to expect from puberty. Women “my age,” she noted, don’t know what to expect from menopause. Now, they face the erosion of their healthcare options, she said, in the wake of Dobbs, the Supreme Court’s abortion ruling that set the stage for bans across the country.

“Look, a woman’s body is complicated business, y’all,” Obama said, to a bit of laughter. “And in those terrifying moments when something goes wrong—which will happen at some point to the vast majority of women in this country—let me tell you, it feels like the floor falls out from under us. In those moments, all we have to rely on is our medical system, in those dark moments, all we have to rely on is our faith in a higher power and the experience of doctors to get us the care we need in a timely manner.”

Obama described the hideous new reality in so many states around the country, in which pregnant women can’t get the emergency care—which may include abortion care—that they need. “If your wife is shivering and bleeding on the operating room table during a routine delivery gone bad, her pressure dropping as she loses more and more blood, or some unforeseen infection spreads and her doctors aren’t sure if they can act, you will be the one praying that it’s not too late,” she told the men in the room. “You will be the one pleading for somebody, anybody, to do something. If we don’t get this election right, your wife, your daughter, your mother, we as women, will become collateral damage to your rage.”

She went on.

“Please, please, do not hand our fates over to the likes of Trump, who knows nothing about us, who has shown deep contempt for us, because a vote for him is a vote against us, against ourselves, against our worth. To think that the men that we love can be either unaware or indifferent to our plight is simply heartbreaking. It is a sad statement about our value as women in this world.”

Leaving the realm of women’s health, Obama also talked angrily about the media and voters’ double standards Harris faces.

“I hope you’ll forgive me if I’m a little frustrated that some of us are choosing to ignore Donald Trump’s gross incompetence while asking Kamala to dazzle us at every turn. I hope that you’ll forgive me if I’m a little angry that we are indifferent to his erratic behavior. His obvious mental decline. His history as a convicted felon. A known slumlord. A predator found liable for sexual abuse. All of this while we pick apart Kamala’s answers from interviews that he doesn’t even have the courage to do, y’all.”

“We expect her to be intelligent and articulate, to have a clear set of policies, to never show too much anger, to prove time and time again that she belongs,” Obama said. “But for Trump, we expect nothing at all, no understanding of policy, no ability to put together a coherent argument, no honesty, no decency, no morals.”

Talking about barriers to women at the 1988 Democratic convention, the late Texas Governor Ann Richards famously said: “After all, Ginger Rogers did everything that Fred Astaire did. She just did it backwards and in high heels.” She might also have been doing it with terrible cramps if she’s menstruating, morning sickness if she’s pregnant, or hot flashes, sleeplessness, and brain fog if she’s leaving that time of life.

At all of those times in my own life I was able to reach out to girlfriends and cousins and aunts to get support. But we didn’t want to whine. I was told by a friend not to ask for time off during my (brief) period of morning sickness when I was pregnant. If we propagate these notions of women as sickly or frail, whether during menstruation, pregnancy, or menopause, “they” will hold it against us, we feared. Indeed, protective labor laws that had been passed decades earlier to recognize the special challenges women face served to limit women’s hours, wages, and mobility in the work force. They have been dismantled over the last 50 years, but in terms of not talking about these burdens, maybe we overcorrected.

To end on a happier note, after the event, Michigan Governor Gretchen Whitmer took Kamala Harris to a nearby pub, where they drank some local beer, to the slight shock of the media. “I’m having what she’s having!” Harris told reporters. The two women sat closely, keeping their conversation low. “We just told all the family secrets—shit!” Harris said when asked.

That and the beer seemed to shock some observers. I loved it. Maybe they talked a little menopause management, too.",Joan Walsh,"Abortion, Democrats, Election 2024, Feminism, Gender and Sexuality, Health Care, Politics, Science and Health, Society",2024-10-28,CONTROL_Polish_Womens_Strike_2020_2024,sustained,True,0,"In, The, To"
https://www.thenation.com/article/politics/street-actions/,The Nation,Street Actions,"Activism and community.

Check out all installments in the OppArt series.",Karen Guancione,"Campaign Finance, Campaigns and Elections, Democrats, Election 2024, Elections, Government, Political Figures, Political Ideologies, Politics, Republicans, OppArt",2024-10-28,CONTROL_Polish_Womens_Strike_2020_2024,sustained,True,1,"De, En, La"
https://www.thenation.com/article/politics/trump-billionaire-plutocracy-musk/,The Nation,Donald Trump’s Billionaire Boys Club,"Even some actual billionaires are happy to betray democracy for Trump’s favors—and fear and greed help keep the rest in line.

In an interview with Politico in June, Kathryn Wylde, president and CEO of the Partnership for New York City, offered one of the most illuminating comments on the 2024 election. Republicans, Wylde said, conveyed to her that “the threat to capitalism from the Democrats is more concerning than the threat to democracy from Trump.” Wylde was referring to a particular class of Republicans: very wealthy ones. Wylde’s organization is a lobby group for business leaders, so it is her job to have a finger on the pulse of the city’s tycoons.

Democrats have made two somewhat contradictory arguments in this election. One is the claim that Trump is an authoritarian threat, little less than an American Adolf Hitler. This analysis has the advantage of being supported by evidence from those who worked closely with Trump, including former chief of staff and retired general John Kelly and former adviser Steve Bannon (who marveled in admiration, “That’s Hitler!” when Trump announced his first presidential run in 2015). The second is that, because of Trump’s threat to democracy, conventional Republicans (including business leaders) should rally to the Democrats as part of a broad anti-Trump coalition. Billionaire Mark Cuban, a major surrogate for the Harris campaign, has been particularly vocal in making this argument. In an interview with MSNBC Cuban said, “There’s really no good reason to vote for Donald Trump as the business candidate. In doing business, whether you’re a small company or a very large company, you want stability…. You don’t want to be Carrier air and find out that he’s threatening you if you move employees.” Cuban added that business leaders feared Trump’s “retribution” and “vengeance.”

Cuban is clearly making a pitch to his fellow billionaires to join the Democratic Party. It’s an argument that has had some success: According to Forbes, 81 billionaires back Harris, as against just 52 supporting Trump. Prominent rich folks backing Harris include Sheryl Sandberg of Meta, media magnate (and former New York mayor) Michael Bloomberg, film director Steven Spielberg, and even the normally nonpartisan tech lord Bill Gates.

Yet the simple listing of names doesn’t convey an important qualitative difference: Trump’s ties to the 1 percent are much more intimate than that of any president in history. The drama of Trump’s life has been that, as the son of a striving real estate developer from Queens, he’s often felt that the holders of established wealth have looked down on him. By becoming president, Trump has finally made it into the club of the real billionaires, who are now his cronies at Mar-a-Lago.

The extent to which Trump is the candidate of the billionaire class becomes clear when we note that a much higher percentage of his donations come from the very richest Americans. As the Financial Times reports: “Trump is particularly dependent on US elites, with about a third of the money raised by the campaign and allied groups coming from billionaires, compared to about 6 per cent of the funds raised by Harris-aligned groups.” In other words, Harris could give up her billionaire funding and it would barely make a dent in her coffers, whereas billionaire money is essential for Trump.

The degree to which the Democratic Party is swayed by rich donors is regrettable. But Trump has taken the American political system’s habitual deference to money to a new level by pushing for a government where the rich exercise direct power—and also by making threats against anyone who publicly opposes him. The appeal of this type of plutocracy to the rich explains why a significant chunk of wealthy people are immune to Cuban’s pitch for Harris.

Trump likes to praise the America of William McKinley, when tariffs were high and regulations almost nonexistent. That is the vision he’s selling to the rich: a return to the unchecked powers of the Gilded Age.

The ultrarich have a great instinct for self-interest; indeed, we might call it one source of their wealth. As such, it is surely foolish to rely on them to be civic-minded in an emergency.

In truth, most of the richest Americans have rallied to Trump or made a separate peace with him. Far more numerous than the rich who have endorsed either Trump or Harris are those who have decided to keep a low profile and not take sides. Here, the motivation is surely a mixture of greed and cowardice.

Wylde has a more accurate sense of where the business elite is than Cuban does. Tellingly, the wealthy supporters of Trump aren’t at all blind to his threat to democracy. Many of them condemned his incitement of the January 6 attack on the Capitol. But at the end of the day, Trump’s being an autocrat is less important than the fact that it is in their self-interest to support him—for reasons both of greed (Trump will renew the tax cuts of 2017, which will mean trillions more in the coffers of the wealthiest Americans) and fear (Trump will use the power of the presidency to exact vengeance on his enemies). The greed motive is furthered by the fact that, even if Joe Biden and Kamala Harris are far short of being socialists, they have supported more government activism than the United States has seen in a generation.

In other words, if the choice is between democracy or self-interest, the rich will choose self-interest. In June, Politico reported:

Since that report, Ackman has come out as a major Trump supporter; Griffin continues to keep his distance from the former president while financing downballot conservative candidates. But even Griffin is hardly a member of the anti-Trump coalition.

In addition to the traditional Republican rich, even more-moderate magnates are making peace with a possible Trump restoration. It’s notable that in the last week two billionaires who own major newspapers —Jeff Bezos (The Washington Post) and Patrick Soon-Shiong (the Los Angeles Times)—both reportedly overrode the decision of editorial boards and quashed endorsements of Harris. Bezos’s reported role in the decision has been disputed by publisher William Lewis, who claims it was his own decision. Patrick’s daughter, Nika Soon-Shiong, claimed that the family rejected the endorsement because of the Biden-Harris government’s support of Israel’s war in Gaza—a contention later disputed by her father in an interview with his newspaper.

Surely, the most plausible explanation is that Bezos and Soon-Shiong are acting out of naked self-interest. There is, after all, scant reason to trust Lewis—a man known for his journalistic dirty tricks and servility toward his employers. Besides, Trump has repeatedly promised to use the state to punish his political enemies; Harris has made no such threats. Given a tight election, simple prudence would dictate that it’s better not to anger Trump—even if that means annoying Harris.

Trump is a genuine believer in plutocracy: He thinks the best society is one where the rich are in charge. In his term as president, the upper echelon of government resembled Mar-a-Lago: government of the country club set, by the country club set, for the country club set. As Politico reported in 2017, “Trump has amassed a Cabinet of unheard-of wealth, filled with business executives and CEOs. But he has also quietly appointed a number of his richest friends and allies to unpaid jobs of importance, where their responsibilities are blurry but their power could prove immense.” Trump cronies in power included Rudy Giuliani, Carl Icahn, Richard LeFrak, and Steven Roth.

Susan B. Glaser, in an extensive report in The New Yorker on Trump’s alliance with billionaires, documents that figures like Elon Musk, who has emerged as a top Trump surrogate, expect similar arrangements during a second term, when the government will become their playground. To a degree that is unusual even in the United States—which has long had a political system where corporations hold considerable sway over government—Trump has openly tailored his platform to suit the policy preferences of his donors on issues ranging from TikTok and cryptocurrency to fossil fuels and foreign policy. Trump’s true motto is not Make America Great Again but Quid Pro Quo.

Unfortunately, the Democrats, while not quite so openly for sale, are also reliant on rich donors, which makes it hard for them to make an issue of Trump’s brazen corruption.

Glaser lays out the contradictions of the Democratic Party’s position:

Yet, despite the exposed position of the Democrats, they could still make an issue of the fact that Trump has taken traditional graft to a new and dangerous level. This is especially pertinent because the actual agenda of the rich to dismantle the regulatory state—as outlined in Project 2025—is hugely unpopular. In a recent town hall, Musk said that Trump’s policies would result in “temporary hardship.” This is surely a fact worth advertising.

In a rally in Madison, Wisconsin, last Wednesday, the Democratic Party’s vice presidential nominee, Tim Walz, said:

Unfortunately, Walz’s populism is only a minor key in the Democratic Party’s campaign, easily missed amid the elevation of figures like Mark Cuban and Liz Cheney. In this final week of the campaign, Democrats would do well to repeat Walz’s critique as loudly as possible.",Jeet Heer,"Donald Trump, Election 2024, Elon Musk, Politics",2024-10-28,CONTROL_Polish_Womens_Strike_2020_2024,sustained,True,0,"In, The, To"
https://www.thenation.com/article/politics/trump-rally-madison-square-garden/,The Nation,"20,000 Out-of-Towners Fill Madison Square Garden for Trump","Calling Trump and his supporters Nazis misses the genuine danger the fake billionaire and his authentically plutocratic friends pose to our republic.

When I told people I was planning to attend Donald Trump’s rally at Madison Square Garden yesterday afternoon, they all expressed worries about my safety. “You’re going to the Nazi rally? Be careful!” Somewhere in my bookshelves I have a dusty copy of Under Cover, the Armenian American journalist Arthur Derounian’s account of his travels among the German-American Bund and other homegrown fascist groups in the 1930s and ’40s. Famously, back in February 1939 the Bund held a big rally at the old Madison Square Garden—hence my friends’ concerns that I was putting myself in harm’s way.

Having attended dozens of Trump’s rallies since 2015, I’ve never once felt in any physical danger. It’s true that in 2016 some protesters were roughed up by the crowd—to the candidate’s evident approval. At times the staging of his events seems right out of the Leni Riefenstahl playbook—lots of motorcycle cops in shiny leather boots escorting the candidate’s limo, with big vertical banners flanking the stage. And reporters in the press pen often come in for verbal abuse by the candidate, an indignity I generally avoid by sitting up in the bleachers among the believers. (On Sunday, he goaded the Garden crowd into booing the “fake news.”) But the only injuries I’ve ever suffered on such occasions have been emotional—the ordeal of having to listen to so many lies, repeated so often, and with such apparent conviction.

Besides, after nine years I’ve grown numb to Trump’s mendacity. As for the Nazi menace, the first thing I saw turning the corner onto 33rd Street was a pack of young Yeshiva bochers with long payess curled under their red MAGA caps watching the warm-up acts livestreamed onto their cell phones. This was a much less diverse crowd than showed up for Trump’s rally in Crotona Park in May—and also a less confident one. Back in the spring, with a Biden-Trump rematch in the offing and victory for their man seemingly preordained, the atmosphere was carnivalesque. At the Republican convention, the delegates were even more notably good-humored. All that ended, though, when Biden withdrew in favor of Kamala Harris.

What took its place? Outside the Garden, a kind of sullen impatience, enlivened only a little by the free T-shirts handed out by Kalshi, the political betting site whose operations were just sanctioned by a federal appeals court last week. (The shirts, urging punters to “Bet on Trump” quoted him at 57 percent odds—though by the time the rally ended, that had risen to 62 percent.) Penned in by police barricades, it took us nearly three hours to trudge from 6th Avenue down toward the entrance to the arena on 7th. With Trump scheduled to begin speaking at 5, people began to leave—an exodus encouraged by the lack of any toilet facilities, and the proximity of the Long Island Railroad and New Jersey Transit terminals at Penn Station. Finally, the police announced that the Garden was full, and that no one else would be admitted. At which point, my strategy of blending in with the crowd began to seem like a mistake, and I asked for directions to the press entrance, only to find that it, too, had been closed down.

So I, too, went home (to Brooklyn), where I turned on the TV in time to catch Vivek Ramaswamy describe New York as a “swing state.” That’s a bet I would happily take. But then if you’d told me in 2020 that Tulsi Gabbard would be speaking at a Trump rally, describing the man who urged the US to let Bibi Netanyahu “finish the job” in Gaza as the peace candidate, I wouldn’t have believed that either. And if you’d offered me a trifecta of Gabbard, RFK Jr., and Trump on the same podium I’d probably have taken that bet, too.

Yet there he was, America’s favorite amateur taxidermist, peddling his patent blend of paranoia and preposterous bullshit (dipped in Kennedy charisma and served with a sprinkling of radical rage), looking only a little less out of place than Dr. Phil, who delivered a touching homily on the need to stand up to bullies. Was Elon Musk listening? Was anyone? The audience seemed mostly baffled, and though they dutifully clapped at Kennedy’s attacks on the medical establishment, big business, and the CIA, you could tell (even if Kennedy clearly can’t) that their hearts weren’t in it.

Which is something no one can say about Howard Lutnick, CEO of Cantor Fitzgerald—the Wall Street firm that lost 658 employees on 9/11—and the chair of Trump’s transition team. Bounding to the podium shouting, “We must elect Donald J. Trump because we must crush jihad!” (which must have come as a shock to the Trump faithful in Hamtramck), Lutnick then embarked on a long reverie outlining his version of Making America Great, which involved doing away entirely with income tax. In a less target-rich media environment, Lutnick’s whole speech—which included anti-Muslim hatred, making the world safe for Wall Street billionaires to hoard their wealth, and the kind of blatant self-dealing that has apparently even repelled some Trumpworld insiders—would have received the scrutiny it deserved. Instead, he functioned mainly as Elon Musk’s second banana, a bearded Pepper Potts to Musk’s smirking Tony Stark.

Having missed the obscure comedians and radio talk show hosts whose racist warm-ups made the headlines, I had to console myself with Musk, Hulk Hogan, and the Trump family love-in (which, bizarrely, was being broadcast live in its entirety on PBS). As usual at such events, the level of casual bigotry was high enough to deter the fainthearted. But then the ability to believe “they’re not talking about me” has always been the price of admission for people of color at Trump events. Standing on line behind the Hasidim, I overheard a man with an English accent and white nationalist tattoos explain to his companion—a young Pakistani man whose red cap proclaimed “Joe and the Ho Gotta Go”—how unfairly the press treat Tommy Robinson, whose anti-Muslim rhetoric helped set off days of deadly rioting this summer in Britain.

Whether Trump gets the chance to show he really “means it” when he says he wants to round up millions of immigrants, jail his political opponents, replace Social Security with private accounts (managed, perhaps, by his friends at Cantor Fitzgerald), and turn the military on domestic dissenters is a matter that may be settled in just over a week. For all our sakes, I hope we never find out.",D.D. Guttenplan,Donald Trump,2024-10-28,CONTROL_Polish_Womens_Strike_2020_2024,sustained,True,0,"In, The, To"
https://www.thenation.com/article/world/children-war-lorraine-schneider/,The Nation,We Are Failing Children Around the World With Our War-Making,"What today’s conflicts are doing to the children trapped by them.

“War is not healthy for children and other living things,” reads a poster titled “Primer” created by the late artist Lorraine Schneider for an art show at New York’s Pratt Institute in 1965. Printed in childlike lowercase letters, the words interspersed between the leaves of a simply rendered sunflower, it was an early response to America’s war in Vietnam. “She just wanted to make something that nobody could argue with,” recalled Schneider’s youngest daughter, Elisa Kleven, in an article published earlier this year. Six decades later, Schneider’s hypothesis has consistently been borne out.

According to Save the Children, about 468 million children—about one of every six young people on this planet—live in areas affected by armed conflict. Verified attacks on children have tripled since 2010. Last year, global conflicts killed three times as many children as in 2022. “Killings and injuries of civilians have become a daily occurrence,” UN human rights chief Volker Türk commented in June when he announced the 2023 figures. “Children shot at. Hospitals bombed. Heavy artillery launched on entire communities.”

It took four decades for the United Nations Security Council to catch up to Schneider. In 2005, that global body identified—and condemned—six grave violations against children in times of war: killing or maiming; recruitment into or use by armed forces and armed groups; attacks on schools or hospitals; rape or other grave acts of sexual violence; abduction; and the denial of humanitarian access to them. Naming and shaming, however, has its limits. Between 2005 and 2023, more than 347,000 grave violations against youngsters were verified across more than 30 conflict zones in Africa, Asia, the Middle East, and Latin America, according to UNICEF, the UN agency for children. The actual number is undoubtedly far higher.

From the extreme damage explosive weapons do to tiny bodies to the lasting effects of acute deprivation on developing brains, children are particularly vulnerable in times of conflict. And once subjected to war, they carry its scars, physical and mental, for a lifetime. A recent study by Italian researchers emphasized what Schneider intuitively knew—that “war inflicts severe violations on the fundamental human rights of children.” The complex trauma of war, they found, “poses a grave threat to the emotional and cognitive development of children, increasing the risk of physical and mental illnesses, disabilities, social problems, and intergenerational consequences.”

Despite such knowledge, the world continues to fail children in times of conflict. The United States was, for instance, one of the members of the UN Security Council that condemned those six grave wartime violations against children. Yet the Biden administration has greenlit tens of billions of dollars in weapons sales to Israel, while US munitions have repeatedly been used in attacks on schools, that have become shelters, predominantly for women and children, in the Gaza Strip. “Make no mistake, the United States is fully, fully, fully supportive of Israel,” President Joe Biden said recently, even though his administration acknowledged the likelihood that Israel had used American weaponry in Gaza in violation of international law.

And Gaza is just one conflict zone where, at this very moment, children are suffering mightily. Let TomDispatch offer you a hellscape tour of this planet, a few stops in a world of war to glimpse just what today’s conflicts are doing to the children trapped by them.

The Gaza Strip is the most dangerous place on Earth to be a child, according to UNICEF. Israel has killed around 17,000 children there since the current Gaza War began in October 2023, according to local authorities. And almost as horrific, about 26,000 kids have reportedly lost one or both parents. At least 19,000 of them are now orphans or are otherwise without a caregiver. One million children in Gaza have also been displaced from their homes since October 2023.

In addition, Israel is committing “scholasticide,” the deliberate and systematic destruction of the Palestinian education system in Gaza, according to a recent report by the Al Mezan Center for Human Rights, a Palestinian advocacy group. More than 659,000 children there have been out of school since the beginning of the war. The conflict in Gaza will set children’s education back by years and risks creating a generation of permanently traumatized Palestinians, according to a new study by the University of Cambridge, the Centre for Lebanese Studies, and the United Nations Relief and Works Agency for Palestinian Refugees in the Near East.

Even before the current war, an estimated 800,000 children in Gaza—about 75 percent of the kids there—were in need of mental health and psychosocial support. Now, UNICEF estimates that more than 1 million of them—in effect, every kid in the Gaza Strip—needs such services. In short, you can no longer be a healthy child there.

Over four days in late September, as Israel ramped up its war in Lebanon, about 140,000 children in that Mediterranean nation were displaced. Many arrived at shelters showing signs of deep distress, according to Save the Children staff. “Children are telling us that it feels like danger is everywhere, and they can never be safe. Every loud sound makes them jump now,” said Jennifer Moorehead, Save the Children’s country director in Lebanon. “Many children’s lives, rights, and futures have already been turned upside down and now their capacity to cope with this escalating crisis has been eroded.”

All schools in that country have been closed, adversely affecting every one of its 1.5 million children. More than 890 children have also been injured in Israeli strikes over the last year, the vast majority—more than 690—since August 20, according to the Lebanese Ministry of Public Health. Given that Israel has recently extended attacks from the south of the country to the Lebanese capital, Beirut, they will undoubtedly be joined by all too many others.

Children have suffered mightily since heavy fighting erupted in Khartoum, Sudan’s capital, in April 2023 between the Sudanese Armed Forces and the paramilitary Rapid Support Forces. More than 18,000 people have reportedly been killed and close to 10 million have been forced to flee their homes since the civil war there began. Almost half of the displaced Sudanese are—yes!—children, more than 4.6 million of them, making the conflict there the largest child displacement crisis in the world.

More than 16 million Sudanese children are also facing severe food shortages. In the small town of Tawila in that country’s North Darfur state, at least 10 children die of hunger every day, according to a report last month in The Guardian. The population of the town has ballooned as tens of thousands fled El Fasher, North Darfur’s besieged capital. “We anticipate that the exact number of children dying of hunger is much higher,” Aisha Hussien Yagoub, the head of the health authority for the local government in Tawila told The Guardian. “Many of those displaced from El Fasher are living far from our clinic and are unable to reach it.”

More than 10 million Sudanese children, or 50 percent of that country’s kids, have been within about three miles of the front lines of the conflict at some point over the past year. According to Save the Children, this marks the highest rate of exposure in the world. In addition, last year, there was a fivefold increase in grave violations of Sudanese children’s rights compared to 2022.

More than 30,200 children have been killed since the Syrian Civil War began in 2011, according to the Syrian Network for Human Rights. Another 5,200 children were forcibly disappeared or are under arrest.

However little noticed, Syria’s remains the world’s largest refugee crisis. More than 14 million Syrians have been forced from their homes. More than 7.2 million of them are now estimated to be internally displaced in a country where nine in 10 people exist below the poverty line. An entire generation of children has lived under the constant threat of violence and emotional trauma since 2011. It’s been the only life they’ve ever known.

“Services have already collapsed after 14 years of conflict,” Rasha Muhrez, Save the Children’s response director in Syria, said last month. “The humanitarian crisis in Syria is at a record level.” More than two-thirds of the population of Syria, including about 7.5 million children, require humanitarian assistance. Nearly half of the 5.5 million school-aged children—2.4 million between the ages of 5 and 17—remain out of school, according to UNICEF. About 7,000 schools have been destroyed or damaged.

Recently, Human Rights Watch sounded the alarm about the recruitment of children, “apparently for eventual transfer to armed groups,” by a youth organization affiliated with the Kurdish-led Autonomous Administration for North and East Syria and the US-backed Kurdish-led Syrian Democratic Forces, its military wing.

Child casualties in Ukraine jumped nearly 40 percent in the first half of this year, bringing the total number of children killed or injured in nearly 900 days of war there to about 2,200, according to Save the Children. “This year, violence has escalated with a new intensity, with missiles, drones, and bombs causing an alarming rise in children being injured or killed in daylight blasts,” said Stephane Moissaing, deputy country director for Save the Children in Ukraine. “The suffering for families will not stop as long as explosive weapons are sweeping through populated towns and villages across Ukraine.”

There are already 2.9 million Ukrainian children in need of assistance—and the situation is poised to grow worse in the months ahead. Repeated Russian attacks on the country’s infrastructure could result in power outages of up to 18 hours a day this winter, leaving many of Ukraine’s children freezing and without access to critical services. “The lack of power and all its knock-on effects this winter could have a devastating impact not only on children’s physical health but on their mental well-being and education,” said Munir Mammadzade, UNICEF representative to Ukraine. “Children’s lives are consumed by thoughts of survival, not childhood.”

Ukraine also estimates that Russian authorities have forcibly removed almost 20,000 children from occupied territories there since the February 2022 invasion. A Financial Times investigation found that Ukrainian children who were abducted and taken to Russia early in the war were put up for adoption on a Russian government-linked website. One of them was shown with a false Russian identity. Another was listed using a Russian version of their Ukrainian name. There was no mention of the children’s Ukrainian backgrounds.

Conflicts have been raging in the Democratic Republic of Congo (DRC) for decades. World Vision has called the long-running violence there “one of the worst child protection crises in the world.” A 2023 UN report on children and armed conflict documented 3,377 grave violations against children in the DRC. Of these, 46 percent involved the recruitment of children—some as young as five—by armed groups.

Violence and intercommunity tensions in the DRC have forced 1,457 schools to close this year alone, affecting more than 500,000 children. And sadly, that country is no anomaly. In May, the United Nations Office for the Coordination of Humanitarian Affairs reported that more than 5,700 schools in Burkina Faso had been closed due to insecurity, depriving more than 800,000 children of their educations. And by mid-2024, conflicts had shuttered more than 14,300 schools in 24 African countries, according to the Norwegian Refugee Council. That marks an increase of 1,100 closures compared to 2023. The 2024 closures were clustered in West and Central Africa, mainly in Burkina Faso, the DRC, Cameroon, Chad, Nigeria, and Niger. They have affected an estimated 2.8 million children.

“Education is under siege in West and Central Africa. The deliberate targeting of schools and the systemic denial of education because of conflict is nothing short of a catastrophe. Every day that a child is kept out of school is a day stolen from their future and from the future of their communities,” said Hassane Hamadou, the Norwegian Refugee Council’s regional director for West and Central Africa. “We urgently call on all parties to conflict to cease attacks on and occupation of schools and ensure that education is protected and prioritized.”

It’s been six decades since Lorraine Schneider unveiled her poster and her commonsense wisdom to the world. She’s been proven right at every turn, in every conflict across the entire planet. Everywhere that children (not to mention other living things) have been exposed to war, they have suffered. Children have been killed and maimed. They have been physically, psychologically, and educationally stunted, as well as emotionally wounded. They have been harmed, assaulted, and deprived. Their bodies have been torn apart. Their minds—the literal architecture of their brains—have been warped by war.

In the conflict zones mentioned above and so many others—from Myanmar to Yemen—the world is failing its children. What they have lost can never be “found” again. Survivors can go on, but there is no going back.

Schneider’s mother, Eva Art, was a self-taught sculptor who escaped pogroms in Ukraine by joining relatives in the United States as a child. She lost touch with her family during World War II, according to her daughter Kleven, and later discovered that her relatives had been killed, their entire shtetl (or small Jewish town) wiped out. To cope with her grief, Art made clay figurines of the dead of her hometown: a boy and his dog, an elderly woman knitting, a mother cradling a baby. And today, the better part of 100 years after the young Art was forced from her home by violence, children continue to suffer in the very same ways—and continue to turn to clay for solace.

Israa Al-Qahwaji, a mental health and psychosocial support coordinator for Save the Children in Gaza, shared the story of a young boy who survived an air strike that resulted in the amputation of one of his hands, while also killing his father and destroying his home. In shock and emotionally withdrawn, the boy was unable to talk about the trauma. However, various therapeutic techniques allowed him to begin to open up, according to Al-Qahwaji. The child began to talk about games he could no longer play and how losing his hand had changed his relationship with his friends. In one therapy session, he was asked to mold something out of clay to represent a wish. With his remaining hand, he carefully shaped a house. After finishing the exercise, he turned to the counselor with a question that left Al-Qahwaji emotionally overwhelmed. “Now,” the boy asked, “will you bring my dad and give me my hand back?”",Nick Turse,"Gaza, Sudan, Ukraine",2024-10-28,CONTROL_Polish_Womens_Strike_2020_2024,sustained,True,0,"In, The, To"
https://www.thenation.com/article/politics/ban-polls-election-silence/,The Nation,Enough Is Enough: No More Polls!,"They distort our democracy, have little value, and make us all insane. We should do what other countries do, and ban them this close to an election.

For all the election-season lamentations over AI mischief, deep fakes, and dis- and misinformation, there’s a central source of toxic data derangement hiding in plain sight: the erratically useful, wildly misleading, and ideologically disfigured polling industry.

The ways that hotly touted polling findings distort and disfigure our basic understanding of what’s going on are teeth-gnashingly familiar by now. Just over the past month, we’ve had news that the Rasmussen Group, the long-standing right-leaning polling operation, has been sharing advance findings with the Trump campaign. We’ve seen aggregation guru Nate Silver locked in a fierce, and hilarious, set-to with academic election forecaster Allan Lichtman. We’ve seen grim, if wildly inconsistent, data on the state of the election from the prestigious New York Times/Siena survey and a host of other polls clustered around a more-or-less evenly divided portrait of the electorate. We’ve seen the same Paper of Record publish, in the same edition, forecasts from Silver and Democratic consultant James Carville predicting polar opposite election outcomes.

The same refrain that applies to the guiding narratives of the general election, in other words, applies to the rolling, manic effort to document the core dynamics of the contest in real time: What are we even doing here, people? What’s the real benefit to the public of this numbers-driven fog of political warfare?

In our own age of counter-majoritarian, blinkered negative polarization, polling increasingly functions to reinforce the narratives campaigns put forward about surging popular support and finely crafted appeals to undecided swing state voters. As the Rasmussen episode shows, some pollsters even appear to be distorting their own research. A host of other right-leaning polling operations set out in 2022 to flood polling models with dubious surveys purporting to show a red wave in process; undeterred by that failure, they’re again trying to shift perceptions toward a Trump win this cycle—a brand of impression management that could go a long way toward fomenting another MAGA coup attempt in the event of a Trump loss. Meanwhile, the keepers of aggregate models are increasingly prone to the same mischief; the Real Clear Politics site has long driven its models, and its aggregated politics coverage, rightward. Nate Silver is now advising an elections-handicapping crypto site partially funded by a Peter Thiel investment firm; like brain-dead horse-race correspondents at national politics desks, he has a clear incentive to produce the appearance of a tightly fought election in order to gin up business.

With the alleged scientific and impartial effort to track public opinion and prospective voting behavior honeycombed with these kinds of perverse incentives, it’s long past time to ask what polling is really for. As a set of empirical assumptions about past patterns of voting behavior, it isn’t much use as a forecasting tool, as the last several election cycles have shown—-and that’s especially the case in a moment like ours, when many of the basic assumptions and ideological precepts that have long governed politics are up for grabs.

As an internal device allowing campaigns to allocate resources and broker new coalitions, polls appear to deliver suspect intelligence at best—as the well-flogged tale of the 2016 Clinton campaign’s neglect of Michigan and Wisconsin makes plain. Finally, as a guide to voting behavior, polling imparts very little useful information. Surveys of undecided voters are little more than glorified guesswork, as are the efforts to plot out the actions of “likely voters”—a category of diminishing utility as younger, low-propensity, and first-time voters exert greater influence than the mythic figure of the purse-lipped undecided voter. Polling has served some useful purposes in highlighting changing voter concerns, but largely in ex post facto focus groups. Again, as a form of prophecy or divination—which is what polling becomes in standard horse-race coverage—it seems not much better than a coin toss.

So here’s a modest proposal: Let’s block poll findings out of the final stage of our presidential elections. In the hectic last lunge toward Election Day, the defects of polling become greatly magnified, as voters are prone to use the alleged shifts in the mass electorate’s mood as rationales for casting ballots in a fog of empirically dubious pseudo-pragmatism—or else to refrain from voting at all. Particularly when media outlets breathlessly report poll results without any close attention to margins of error or crosstab findings that can greatly reshape, or even invalidate, top-line results, the potential mischief wrought by our flailing polling discourse is far greater than whatever notional benefit comes from obsessive poll reporting.

There’s also a little-noted vice grounded in our poll-saturated political discourse:The omnipresent din of poll reporting encourages ordinary voters to think and act like pundits—that is, to weigh their own actual principled beliefs and policy preferences against a debased vision of how to leverage their votes toward or against the prevailing patterns of belief and conduct in the American electorate.

It should always be remembered, first of all, that pundits are complete dipshits. But beyond that, the emergence of a pundit-style electorate is in many ways how we’ve wound up in the dismal pass that’s hollowed out the civic arms of our major parties and empowered the burn-it-all-down balloting reflex that’s arguably the chief characteristic of the GOP’s MAGA base. If we’re able to rein at least part of the impulse now goading voters into second-guessing the value of their ballot as anything other than an instrument of culture-war vengeance, that alone is ample reason to stifle the poll noise during the final three weeks of a presidential campaign.

The idea of a prolonged poll silence isn’t as outlandish as it might seem at first glance. It is, after all, common practice in many democracies to institute a similar silence of political advertising in the final days of their elections—and in America’s decadent, hypercapitalist political discourse, polling is rapidly devolving into a form of pseudo-scientific campaign advertising.

Most European Union countries ban publicly sharing polling information for a period close to an election, ranging from 24 hours to a full two weeks before Election Day; so do countries like South Korea and Taiwan. The ideal-type model of deliberating democratic citizens holds that they collect and harvest information to prevail upon their consciences to grasp the best choice at the ballot box. Polling gives voters none of that—it merely traffics in a hall-of-mirrors account of likely political behavior derived from the likely political behavior of others. Even if the data at the basis of this Baudrillardan exercise were always airtight, it still serves no intelligible democratic purpose.

One of the only positive structural developments of the 2024 election cycle was the inadvertent discovery that a greatly truncated campaign season—produced by Joe Biden’s withdrawal from the race in July—is a civic boon. Voters have been able to inform themselves on a far saner timeline, and the corrosive effects of dishonest campaign advertising, misleading social media alarms, and rancid push polling have all been diminished as a result. So let’s build on this one encouraging precedent: Embargo all polling from early October onward, and de-punditize the electorate.",Chris Lehmann,Polls,2024-10-28,CONTROL_Polish_Womens_Strike_2020_2024,sustained,True,0,"In, The, To"
https://www.thenation.com/article/politics/gaza-israel-palestine-kamala-harris-protest/,The Nation,Who Is the Best Candidate to Support Our Democracy and Constitutional Right to Protest?,"If Kamala Harris is elected, we can continue to pressure her to end the war on Gaza. The other option for president, Donald Trump, is a threat to our right to protest.

Fifty-seven years ago, my father issued a prophetic denunciation of the war in Vietnam. His speech at the Riverside Church in New York City, delivered one year to the day before he was assassinated, ruptured his relationship with the Lyndon Baines Johnson administration and received criticism from other civil rights leaders.

“Now, it should be incandescently clear that no one who has any concern for the integrity and life of America today can ignore the present war,” he said. “If America’s soul becomes totally poisoned, part of the autopsy must read: Vietnam. It can never be saved so long as it destroys the deepest hopes of men the world over. So it is that those of us who are yet determined that America will be—are—are led down the path of protest and dissent, working for the health of our land.”

Today, I join in protest and dissent from war by opposing Benjamin Netanyahu’s amoral actions toward the Palestinian people, while also mourning the loss of Israeli, Jewish, and Palestinian lives. The devastation and death must end. I plead with the Biden administration to do everything in our power to end this war. We must embrace what my father called in his speech against the war in Vietnam “a genuine revolution of values,” meaning that our final analysis must be ecumenical rather than sectional. We need a vision and a plan for peace and security for both Israelis and Palestinians.

I’m grateful for those—especially young Americans—who protest nonviolently in the tradition of my father for true peace, which encompasses justice and a humane pathway forward. As we continue to protest, we must ask ourselves which of the two candidates for president will listen to our protests.

The gains we made during the civil rights movement would not have been obtainable in the absence of our democracy and our Constitution, and those two are being threatened this election. The right to protest, as one of the fundamental tenets of our Constitution, is what gave my father and those who worked with him the power to challenge and change de jure (by law) segregation in this nation.

Change will not happen without the power and force of the people through nonviolent social change. What is happening in Gaza under the hawkish leadership of Netanyahu should and must be protested and nonviolently resisted. To ensure that that right is preserved so that we can continue to pressure our government to stand on the side of right, we will need presidential leadership that will listen to our protests and heed our demands and not seek to criminalize our constitutional right to protest.

I believe that Kamala Harris is listening and that we can continue to pressure her to use all levers of American influence on the Netanyahu government to end the war. The other option for president, Donald Trump, is an immediate and persistent threat to our right to protest.

Donald Trump has spoken of turning the US military against domestic enemies. Donald Trump has in no way expressed concern for the humanity of Palestinian people.

The path to peace in the Middle East does not run through Donald Trump in the White House again. One reason we can be sure of that is that Project 2025 makes it clear that a second Trump administration would be more authoritarian than the first. The Supreme Court has given him a green light for that in the recent presidential immunity case.

A second Trump administration would weaponize the Justice Department to punish any dissent. My father experienced the weaponization of the Justice Department personally, having the FBI monitor him and attempt to discredit him. The long march to make the promise of democracy more real for all Americans will take a sharp turn backward if Donald Trump is elected president again. We cannot go back. And we certainly cannot afford to go forward with an administration that does not respect and value a government of, for, and by the people.

Vice President Kamala Harris will provide us the opportunity to preserve our democracy and rule of law as we continue the people’s fight to create a just, humane, and equitable society. She has the commitment, experience, intelligence, and energy to lead at this critical moment for our country and world.

I understand and share the deep sorrow many Americans feel about the Biden administration’s continued support for the war in Gaza. A vote for Kamala Harris is not an endorsement of US funding for the war. Voting for Kamala Harris does not mean you are forsaking your right to protest her actions and policies. Yet we stand to lose the right to protest in a second Trump administration. My mother, Mrs. Coretta Scott King, said “Struggle is a never ending process. Freedom is never really won, you earn it and win it in every generation.” I believe we can struggle for, and win, freedom and peace with justice in a Harris administration.

Our greatness as a nation lies in this constitutional right, just as my father said in his last public speech on April 3, 1968, in Memphis, Tennessee: “The greatness of America is the right to protest for right.” If we truly want to continue to move this nation forward for all people and ensure the greatness of America, then voting for Kamala Harris is a vote to protect justice, freedom, and democracy. And while doing so, in the words of my father, let us “rededicate ourselves to the long and bitter, but beautiful, struggle for a new world.”",Rev. Dr. Bernice King,"Activism, Campaigns and Elections, Democrats, Election 2024, Middle East, Politics, Social Justice, The Constitution, War and Peace, World",2024-10-28,CONTROL_Polish_Womens_Strike_2020_2024,sustained,True,0,"In, The, To"
https://www.thenation.com/article/politics/school-choice-ballot-referendum-2024-election/,The Nation,These 3 States Could Use Millions In Public School Funding For Private Schools,"In Colorado, Kentucky, and Nebraska, referendums on “school choice” are on the ballot in the 2024 election.

Ballot referendums on “school choice” in Colorado, Kentucky, and Nebraska will decide whether billions of dollars of public funding should be used to subsidize private school education.

Campaigns around “school choice”—or the ability for parents to use funding originally allocated for their child’s public education for a private school instead—have attracted millions in political donations during the 2024 election cycle. While proponents argue that it gives them greater control over their child’s education, school choice can divert funding away from public schools and opens the door to using taxpayer money for funding private, religious education.

Such measures have been previously implemented in numerous other states through the establishment of education savings accounts, tax credits, and school vouchers. As of September, 29 states have at least one of these programs. In states with universal private school choice, more than $4 billion was spent on these programs, compared to $57.7 billion in public schools, according to FutureEd. The vast majority of these programs, a study found, exceeded their initial budget. And they’re growing.

The National Education Association, the largest labor union for educators in the U.S., has been among the most fervent groups in opposition to the measures, pouring millions of dollars into campaigns opposing school choice ballot referendums.

“Every student needs well-resourced neighborhood public schools that allow them to thrive in an interdependent world and live into their brilliance,” NEA President Becky Pringle told The Nation. “Instead of spending taxpayer dollars on private schools, we should focus on funding our public schools, where 90 percent of our students attend.” Funding private schools is not what the people in these states want, she continued. “We are confident that voters will reject vouchers at the ballot box this November.”

In Kentucky, voters will decide whether to add an amendment to their state constitution that would allow the legislature to “provide financial support for the education of students outside the system of common schools.” Originally introduced in the state legislature, the bill to add the amendment passed with overwhelming support: 65-12 in the House and 27-2 in the Senate.

State Representative Susanne Mills, who helped spearhead the amendment, told The Nation that “we are committed to continuing our support of public education, but know that there are far too many children left behind in the current system. If passed, this amendment would give us all more latitude to look at what’s working in other states, and help us ensure that every Kentucky child has the opportunity to reach his or her potential.” Kentucky’s Board of Education unanimously passed a resolution opposing the bill and reaffirming their support for using tax dollars exclusively to fund public education.

Charter schools are currently legal in Kentucky, but cannot be funded with tax dollars. This amendment could fundamentally change the model of education funding in the state, and allow parents to use public funds to support their child’s religious education.

In a statement to The Nation, the chair of the Kentucky Democrats said the “voucher scheme would be most destructive to our Commonwealth’s rural communities, which includes 75 counties that lack private schools, and could cost Kentucky taxpayers $1.2 billion each year.” The Kentucky GOP chair did not respond to a request for comment.

In Nebraska, voters will decide whether to repeal a state law known as LB1402, which authorizes $10 million annually in education scholarships to cover attendance costs for students at accredited private institutions. Support our Schools Nebraska put Referendum 435 on the ballot. “Nebraskans cannot afford to pay for two school systems,” Jenni Benson, the president of the organization, told The Nation.

Among the supporters of repeal are the Nebraska Democratic Party and the League of Women Voters of Nebraska with their cause raising over $3.2 million in donations. In opposition are the Nebraska Family Alliance and the Omaha Catholic School Consortium. State Senator Lou Ann Linehan introduced the bill in question last year, passing it on a Senate vote of 32-14.

“Every child deserves an opportunity to attend the school that best fits his or her needs,” Linehan told The Nation. She said that approximately 2,000 students have applied for and are already receiving funding under her law. “I do not believe Nebraskans will take scholarships away from students,” she said.

Colorado will also vote on a new constitutional amendment, but the ballot measure’s vague phrasing has so far confused voters. The measure, as printed on the ballot, reads that “each K-12 child has the right to school choice” and defines school choice as “neighborhood, charter, private, and home schools, open enrollment options, and future innovations in education.”

Under current law, “students may attend any public school for free, even if they do not live in the school district,” but no public funding is spent on private schools or homeschooling. Although the ratification of the amendment would not immediately implement a school choice program, it would pave the way to doing so in the future.

A Colorado-based group—Catholic Education Partners—supports the school choice amendment, with President Shawn Peterson calling school choice the “fundamental rights of the parents, whom God in His Providence explicitly chooses for each child as the fruit of their love,” adding that it is an “amazing opportunity that will be and what a gift to all parents and children for generations to come.”

Colorado Democratic Party chair Shad Murib said that “school choice is something Coloradans already enjoy for their children, and this initiative is meant to sneakily open the door to taxpayers footing the bill for private institutions.”

“They know how unpopular that is when the truth is told, which is why they’re misleading voters with lies and no disclaimer on who is paying for it,” he said. “This is shameful politics at its worst, and should make every Coloradan question the motives of the proponents.”",Owen Dahlkamp,"Budgets, Campaigns and Elections, Education, Education Reform, Election 2024, Elections, Government, Politics, Public Schools, Republicans, Society, State and Local Elections, The Right, Youth, StudentNation",2024-10-28,CONTROL_Polish_Womens_Strike_2020_2024,sustained,True,0,"In, The, To"
https://www.thenation.com/article/society/free-speech-politics-university-campus/,The Nation,The Politics of Speech on the American Campus,"Freedom of speech on campuses has long been under attack, but now more than ever.

In retrospect, Wilmerhale, the law firm that prepared Harvard president Claudine Gay and UPenn president Liz Magill for their congressional testimony last December, appears to have missed the point of the exercise. The success or failure of their clients’ performance would not be determined by legal nitpicking; the hearings were always going to be political theater. Trying to stay as close as possible to the language of the law—technically, that whether speech can be prohibited depends on its “context”—the presidents refused to make the political statement that the moment required: that if there had been genocidal speech threatening Jewish students, then of course that speech would not have been permitted.

Columbia’s president, Minouche Shafik, was advised by the firm of Covington and Burling, but like the other university heads, she failed to challenge the (false) Republican premise that her institution was awash in antisemitism. Yet seeking to avoid the fate of her predecessors, Shafik promised to crack down on the students and faculty responsible for this purportedly injurious speech and showed no sign of being deterred from that crackdown by the principles of academic freedom or the need to consult with Columbia’s faculty. This approach satisfied neither the Republicans on the committee nor the faculty back home, who voted no confidence in her. After a set of even more disastrous decisions, including calling in the New York Police Department (twice) to arrest student protesters, Shafik ended up resigning like her fellow Ivy presidents.

Freedom of speech on campuses has been a vexed subject for a long time. As early as 1915, scholars in the nascent American Association of University Professors were growing increasingly troubled by what they had learned to see as abuses of power by university administrators and politicians, and they wrested tenure protections for what they had learned to call “academic freedom.” Until then, university presidents and trustees had claimed the right to fire faculty of whose sentiments they disapproved. Yet even after having won these rights, faculty—as well as students and employees on campus—found themselves vulnerable. At Columbia, opposition to the United States’ entry into World War I was grounds for dismissal and during the Cold War universities forced faculty to sign loyalty oaths. The founders of the “free speech” movements in the 1960s discovered, as many afterward have also done, that freedom of expression and association on university campuses is precarious. Federal laws do not necessarily protect it.

Cass Sunstein, a professor at Harvard Law School, takes up this contentious subject in his new book, Campus Free Speech: A Pocket Guide. In it, he pledges himself to thinking through what the law can and cannot do on the matter of speech rights at universities. With admirable clarity and efficiency, he informs us on what the law says, for example, about when speech does or doesn’t constitute intimidation or harassment. He also offers us scenarios, real and hypothetical, that have the compelling, mystery-solved quality of The New York Times’ “The Ethicist” columns. And yet his book does not address the larger questions that hovered over the recent congressional hearings and, more generally, over matters relating to campus speech: Does the law offer the best advice available to universities seeking to balance freedom of speech against extra-academic pressure, whether from politicians and donors on the right or from activists and student protesters on the left? Should universities be guided by political and moral standards other than legalistic prudence? Is it even prudent to put your faith in lawyers, as the university presidents did before the House, and in the law, as Sunstein recommends? Can the law really ensure that campuses remain venues for the exploration and expression of competing ideas and views?

From the outset of his book, Sunstein makes his allegiances clear. “On these issues,” he writes, “I like existing law a lot.” But how committed to the existing law should the rest of us be—professors and cafeteria workers, librarians and researchers, students and parents?

To begin with, the answer depends on what kind of campus you are on. At public universities, the First Amendment reigns supreme: Speech cannot be restricted because, at least in theory, the university property belongs to the people. Yet when it comes to private colleges and universities, administrators are not, as Sunstein notes, “bound by the Constitution”: They “can regulate speech as they like, at least in the sense that the First Amendment does not apply to them.” The law does not, for example, forbid codes restricting hate speech on campus. That sort of regulation is protected by academic freedom, which is not itself protected by the Constitution. Academic freedom is a privilege of faculty self-governance that was justified on the grounds that warding off outside interference is necessary in order to serve the mission of the university.

Academic freedom is often confused with freedom of speech, but the two are quite different. Freedom of speech is guaranteed by the Constitution and is universal in its application. As it is generally understood, academic freedom applies only to professors and it protects both their speech and their power to regulate the speech of their fellow academics. Students and other employees on campus cannot appeal to it; they must rely on the First Amendment.

The First Amendment has its limits, and properly so. Speech intended to incite an unlawful action that is both likely to occur and imminent is not protected. Neither is speech that will lead to a direct threat of harm. However, as Sunstein usefully notes, chanting “Intifada” does not fall into this category of speech and is “highly likely to be protected by the First Amendment.” Criticisms of Israeli violence in Gaza, he adds, would also not count as a direct threat of violence, even if they may make some students feel fearful or uncomfortable. Student feelings cannot be taken as decisive.

So far, so good. But on private campuses, there are ways of getting around the First Amendment. A university can, for example, assert its rights as a property owner. Constitutional protections do not extend to the takeover of university buildings. “There is no First Amendment right to occupy and block access to a building,” Sunstein notes. The law protects speech, but trespassing is illegal—even, it seems, for students who have paid rent for rooms on campus. And so, even without taking over a building, student protesters can find that the First Amendment does not protect their presence.

Sunstein concedes that student protests can legally be closed down by a hostile administration. But he makes this concession only in a comment appended to his larger argument: “(A time, place, and manner restriction would raise different questions.)” Though he saves this observation for a parenthesis, it is precisely by raising questions of the time, place, and manner of the Gaza protests that universities have tended to do what Sunstein says they otherwise have no right to do: ban the protests. The local chapters of Students for Justice in Palestine and Jewish Voice for Peace were suspended at Columbia not for criticisms of Israel or for antisemitism (of which there was none), but for violating time, place, and manner restrictions. These were restrictions that the administration had changed at the last minute, after the Hamas attacks on October 7, and in so doing, without due process, they changed the rules of the game.

Tellingly, these restrictions are also the legal means by which the Foundation for Individual Rights and Expression (FIRE), an organization whose declared mission is to defend free speech, has tried to reconcile its defense of free speech with its recent refusal to defend the free speech of student protesters in the Gaza encampments. As Amia Srinivasan summarizes in an essay for the London Review of Books, FIRE and other supposed defenders of free speech have maintained “that university bans on encampments do not violate the First Amendment, since free speech can legitimately be subject to restrictions on ‘time, place, and manner.’” Where criticism of Israel is concerned, that’s all that university administrators need to stop the First Amendment from protecting the student protesters.

Legally speaking, the application of time, place, and manner restrictions is supposed to be “politically neutral.” But as Srinivasan notes, “it is no secret that university administrators, in their decisions about how to handle the protests, are bowing to partisan political pressure from pro-Israel legislators and donors.” At Columbia, those restrictions were rewritten with the Gaza protests in mind. As Srinivasan explains, the Columbia chapter of Students Supporting Israel was carrying on counterprotests at the same time and place, and yet this group was not suspended.

This does not look like political neutrality. Yet Sunstein says nothing to suggest that he disapproves of the Columbia administration’s conduct. Taking up the example of the Gaza protesters directly, he says the protests were “in violation of the university’s rules about how to use campus spaces”: time, place, and manner rules that “would be exceedingly difficult to challenge.” The protesters could be reclassified as trespassers, and “trespassers can be suspended or arrested.” Thus the freedom to protest melts away, a grand legal principle eviscerated by what will look to many like a technicality. So speaks the existing law that Sunstein likes a lot.

The law also picks its times to speak. When Srinivasan reminds us that members of “the free-speech brigade” avoided signing open letters in defense of scholars like Jodi Dean, who had been suspended from teaching because of her comments on Israel, and instead “found justifications for the draconian repression of student protest,” she raises the question of whether these protests are often cracked down on primarily because of what they are protesting. As Jeannie Suk Gerson notes in The New Yorker, when, in 2011, Harvard students erected tents on campus during the Occupy movement, the administration decided that time, place, and manner restrictions were secondary and could be overridden by the university’s commitment to freedom of expression. But in 2024, when students mounted the same kind of demonstration, this time against Israel’s war on Gaza, they were severely disciplined. What had changed? Only, it would seem, the target of their protests.

One might argue that there are other reasons why Harvard limited speech in one case and not in the other. Suk Gerson suggests one possibility: the fact that “universities’ commitments to free speech have weakened over time” because of claims (repeated by Harvard’s president) that “someone’s speech constitutes intimidation or harassment.” But no matter what has caused these commitments to weaken, the real takeaway is that university administrations are not constrained by the law. They have always been empowered to ignore time, place, and manner restrictions, however well-grounded those restrictions may be in the law, as Harvard did in 2011 and as other university administrations have done in the past eight months. Administrators can take a morally and politically generous view of what the students are standing up for, whether “existing law” is on their side or not. They can also choose not to do so.

In short, in relying so heavily on the First Amendment, Sunstein misses how so much of what protects or hinders speech happens (as it should) outside the law.

Taking a morally and politically generous view of student speech—and, for that matter, everyone else’s—has long been an important part of what makes a university a university. Academic freedom has long been what has helped regulate and protect this view. But like the Constitution, academic freedom as it is currently understood cannot offer this mission of the university adequate protection for it protects only the speech of tenured faculty and not that of adjuncts, students, librarians, and janitors—all of whom remain subject to the laws of property and the holders of monetary power and institutional authority. These are members of the university community too, yet they can be expelled or fired at will. Anyone who professes satisfaction with academic freedom as it exists today risks playing into the hands of the Republican attack on “educated elites.” When Republicans try to roll back academic freedom because it serves “elites,” their goal must be resisted, but they are not 100 percent wrong.

The need to extend academic freedom so that it covers more people, especially nontenured faculty, is one of the arguments proposed by Michael Bérubé and Jennifer Ruth in their book It’s Not Free Speech: Race, Democracy, and the Future of Academic Freedom. Yet they raise another problem with academic freedom: Even when it is interpreted more expansively, they argue, academic freedom is not intrinsically committed to any given politics, and so the freedoms it affords university members to regulate speech on their own can also be shaped by the politics of those university members. Like the law, it is subject to tectonic shifts in public opinion.

In the 1970s and ’80s, for example, scholars who opposed the call to create academic fields and institutes dealing with race, gender, sexuality, and disability claimed they were resisting outside pressure and acting in the name of academic freedom. They lost that battle, and the university is the better for it. Another example: In 2006, the American Association of University Professors took a position against academic boycotts. In August 2024, the AAUP’s “Statement on Academic Boycotts” declared that they could indeed be justified by the mission of higher education. The statement cites South African apartheid and the American war in Vietnam, but the implied context now, of course, is the killing in Gaza, including the almost complete destruction of Gaza’s educational institutions.

Today, as in the past, political and moral commitments can influence the regulatory impulses of academic freedom, for better and for worse. It is again in the name of academic freedom that certain scholars resist calls for divestment from companies profiting from Israeli militarism or from fossil fuels and climate change. Even Derek Bok, who as president of Harvard opposed divestment from apartheid South Africa and says decades later that he has no regrets, admits that on certain burning issues of speech, the university can and should speak out from a political and moral vantage point: The eugenicist views of the Nobel Prize–winning physicist William Shockley “are not shared by the university,” he writes. But if the university can reject Shockley’s racist pseudoscience, why can’t it also speak out against the wholesale murder of Gazan women and children, teachers and students, and those who abet or justify it?

On matters outside the law, Sunstein recommends that university leaders keep their mouths shut—except perhaps on issues of moral extremity. Imagining “an unmistakable threat of Nazism, or something close to it,” he goes so far as to suggest that “perhaps” in that case something might be said after all. Perhaps—the word ought to be inscribed on the tombstone of a university liberalism that is currently slowly dying of its own contradictions. Is our moment not one of moral extremity too?

Columbia’s now-erstwhile president would have likely done better to ignore Sunstein’s advice. Instead of trying to sidestep any reference to politics, Shafik could have told the House sternly that there is indeed no place for genocidal discourse on her campus, but that the Gaza protesters were neither antisemitic nor genocidal. She could have said that, without agreeing with the protesters entirely (that was up to her), she could see why the values they learned at Columbia might lead them to protest against the massacre of civilians. That is, she could have tried to model the university’s mission of not just producing knowledge but subjecting it to civic and moral scrutiny. Unfortunately, she didn’t.",Bruce Robbins,"Books and Ideas, Culture, Higher Education, Literary Criticism, Society, Books & the Arts",2024-10-28,CONTROL_Polish_Womens_Strike_2020_2024,sustained,True,0,"In, The, To"
https://www.thenation.com/article/world/magnum-ehrp-springfield-ohio/,The Nation,"What's Really Happening in Springfield, Ohio","After Trump and Vance spread unfounded claims about Haitian migrants in the small town, this photographer went to see who and what are really there.

Since the 1980s, Springfield, Ohio, has experienced economic and demographic decline, marked by the closure of major factories and the loss of industrial jobs. Once a thriving manufacturing hub, the city now faces high unemployment and growing poverty. The population has dropped from over 80,000 to 50,000, 20,000 of whom are Haitian.

In Haiti, gangs have ravaged the country’s capital, Port-au-Prince, and surrounding areas, killing, raping, and kidnapping thousands, leaving hundreds of thousands homeless and unemployed, deepening poverty throughout the country. Haitians began arriving in Springfield around 2018, drawn to the city by job opportunities and affordable housing. This has exacerbated local tensions, particularly after Donald Trump and J.D. Vance spread rumors about their cultural practices, further fueling distrust and weakening Springfield’s social cohesion.

Springfield is a mid-sized town of about 50,000 people, nearly 20,000 of whom are Haitian. Coming from Kentucky with no contacts, my investigation began at the Springfield Ohio Haitian Community Support Center. I was warmly greeted by Viles Dorsainville, the director, and Rose Thamar Joseph, the operations manager. Speaking French helped a lot, and it was clearly appreciated. They explained: “Since the nonsense spread by Donald Trump, many of our people live in fear. They wonder what will happen if he gets elected again.”

The center provides legal support, translation services, and English classes, among other resources for Haitians. Walder, 22, had come by one morning and naturally struck up a conversation with me. “I’ve been here for about five months. I was in Mexico. There’s work there, but the pay is too low. Here, aside from work, there’s not much else to do.” Indeed, even on weekends, Springfield’s streets are deserted, far from the image some paint of hordes of idle Haitians roaming the streets. “Everyone’s doing overtime, even on weekends.”

Jonas, 35, works at Amazon in Columbus: “There’s not much work in Springfield itself. The big companies hiring are in Columbus or Dayton.” He also told me that, after Trump’s statements in September, he’d been insulted several times, but shrugs it off. “Even if Trump wins, he can’t send us back to Haiti. Politicians lie to seduce a certain electorate. We know all about political tricks from Haiti.” Jonas shares a house for $1,300 a month with other Haitians to split the costs. It’s in Limestone South, a neighborhood with a large Haitian population. People there eye strangers—especially a photographer—warily from behind their curtains.

Three middle-aged men pull up next to me in a gray 4×4 with the window down: “Why the fuck are you taking pictures? You look weird, man. Got any ID?”

After a cordial chat, the men apologized profusely and left as quickly as they’d appeared. Jonas, who witnessed the scene, remarked, “I don’t understand why Americans are so rude and ill-mannered.”

As we were leaving the Creole restaurant, La Rose Gouté, a bald man who claimed to be a journalist from Detroit approached Walder and me, without saying hello. He immediately started interrogating Walder in Creole, bombarding him with questions. “He thinks he can trap me, but he’s wrong. He wants me to say that Springfield is better than Haiti, but no. I’m here because I had no choice. I had to flee Haiti. My mother was kidnapped by gangs, and we had to pay. My father’s in Chile. Frankly, I’m fed up here. The companies aren’t hiring much, and you have to speak English. I’m going to try my luck in North Carolina.”",Jerome Sessini,"Immigration Policy, Race and Ethnicity, Society, Multimedia, Photo Essay",2024-10-27,CONTROL_Polish_Womens_Strike_2020_2024,sustained,True,0,"In, The, To"
https://www.thenation.com/article/politics/washington-post-endorsement-david-shipley/,The Nation,The Washington Post’s Craven Capitulation to the Billionaire Class,"What the newspaper’s editorial page editor really meant was, “My corporate paymasters want to wallow in Donald Trump’s tax cuts.”

What the newspaper’s editorial page editor really meant was, “My corporate paymasters want to wallow in Donald Trump’s tax cuts.”

Here’s a new slogan that seems right for the sanctimonious-yet-venal brain trust at The Washington Post: Democracy dies in the darkness of Jeff Bezos’s wallet. The paper that’s long dined out on its reputation as a principled foe of a paranoid, authoritarian Republican regime announced on Friday that it wasn’t going to endorse a presidential candidate this time out (or indeed ever again), even though the twice-impeached, criminally convicted Donald Trump makes Richard Nixon look like a mere piker in the realm of unhinged abuses of maximum executive power.

The newspaper that still has the temerity to envision itself as a heroic guardian of the country’s embattled democracy rolled over for the MAGA thugocracy under the flimsiest imaginable pretext: It intends to safeguard an “independent space” for voters who don’t want to be told whom to vote for, editorial-page editor David Shipley reportedly told outraged staffers of the paper in what NPR media reporter David Folfenflik called a “tense meeting.” Never mind that Americans are already told whom to vote for on a never-ending loop in every imaginable public venue, and seem to emerge with their delicate sensibilities intact. Never mind that the whole idea of an op-ed section is to assemble voices arguing over what people should say and do. And never mind that there’s no such thing as an impartial “independent space” in a battle over how and whether America’s formal democracy can continue. What Shipley was actually doing was saying, “My corporate paymasters want to wallow in Donald Trump’s tax cuts and avoid jeopardizing their lucrative federal contracts,” but the phony rhetoric of noncommittal journalistic objectivity is far better suited to newsroom meetings where you’re trying to get reporters to toe the management line.

Shipley had reportedly already drafted an endorsement of Harris, but per the Post’s own reporting, it was overruled by Post owner and retail predator Jeff Bezos, the centibillionaire owner of Amazon. During Trump’s first administration, the then-president threatened to withhold key tax breaks and postal subventions in retaliation for the Post’s critical coverage of Trump. When the editorial board weighed its 2020 endorsement, Bezos approved its choice of Joe Biden; this time out, the paper’s owner is hedging his bets against economic penalties in a second Trump term, to say nothing of the resolution of several pending antitrust actions against his company unlikely to break his way in a Harris administration. And like his fellow billionaires, King Amazon is clearly warming to the prospects of more pelf in his coffers thanks to Trump’s pledge to continue lavishing giveaways on our economic oligarchy.

It’s worth noting that the same scenario played out at the Los Angeles Times, where its billionaire owner, Patrick Soon-Shiong, blocked the paper’s planned endorsement of Harris. In addition to being a standard-issue plutocrat with a pharmaceutical fortune sure to prosper under a more lax Trump-appointed FDA, Soon-Shiong is a longtime pal of Elon Musk, the man-child centibillionaire who’s gone all in on Trump’s reelection. (Indeed, in a fine irony, the Post published a front-page account of how Musk’s Starlink satellite company stands to rake in billions more in government dosh in a second Trump term, on the very day the paper’s managers announced their craven capitulation to Musk’s would-be benefactor.)

What’s different about the shameful LA Times saga is that the paper’s editorial-pages editor, Marial Garza, recognized the actual journalistic and political stakes of having the paper’s voice squelched by a billionaire’s diktat. “I am resigning because I want to make it clear that I am not okay with us being silent,” Garza told Columbia Journalism Review editor Sewell Chan:

As for David Shipley, here’s the brutal assessment of one Post employee: “The story about Shipley has long been that he got the job because he knows how to get along with rich men.” Jacob Heilbrunn, a former colleague of Shipley’s at The New Republic, concurs: Back then, he was “earnest, conventionally liberal,” but “now seems to have morphed into a total empty suit.”

Indeed, while Shipley said he “owned” the Post’s cowardly decision in that heated staff meeting, the official rationale for it was published under the byline of Bezos’s handpicked publisher, Will Lewis, the former Murdoch lackey still neck-deep in the fallout from Britain’s phone-hacking scandal.

In an arrogant and obtuse editorial, Lewis waved away the paper’s recent history of presidential endorsements by citing its non-endorsement in the 1960 presidential race—a statement of putative journalistic principle that chiefly succeeded in being weaselly and pompous in equal measure: “We have said and will continue to say, as reasonably and candidly as we know how, what we believe about the emerging issues of the campaign,” the 1960 editorial read in part. “We have sought to arrive at our opinions as fairly as possible, with the guidance of our own principles of independence but free of commitment to any party or candidate.” Translation: We don’t relish candor as anything more than an expedient rhetorical posture, and must shy away from the clear moral implications of our own journalistic work.

That’s the gist of Lewis’s own slapdash argument, as well. Dismissing the notion that his quisling pose doubles as “as a tacit endorsement of one candidate, or as a condemnation of another” Lewis asserts that it is, in fact, “consistent with the values the Post has always stood for and what we hope for in a leader: character and courage in service to the American ethic, veneration for the rule of law, and respect for human freedom in all its aspects.” If the Post indeed cherishes those values, it’s objectively impossible to square them with sitting out an election that could restore maximum power to a multiply convicted lawbreaker, bigot, sexual assaulter, abuser of executive power, and self-styled agent of political retribution whose own former cabinet members regard as a fascist. Readers of the Post’s editorial page would have been better served by an entirely blank space or a horoscope or word game, in place of Lewis’s self-congratulatory bilge.

Yet long-suffering Post readers couldn’t be all that surprised by Lewis’s moronic, self-canceling reasoning. This was also the paper that sat for three years on the damning news that Martha-Ann Alito, the wife of the Supreme Court justice who stans for Trump’s maximal executive power and gleefully struck down women’s rights to their own bodily autonomy, flew an upside-down flag outside of the couple’s home in a gesture of solidarity with the failed coup of January 6. And according to NPR’s Folfenflik, Lewis dangled the prospect of an exclusive interview with him in exchange for the writer’s pledge to bury developments in the phone-hacking case in his reporting.

This is a universe or so removed from the high-minded standards of character and public probity that Lewis professes to uphold in embracing a morally indefensible posture of nonalignment in a moment of democratic crisis. But it’s what you get when you staff the top of a masthead exclusively with people who know how to get along with rich men.",Chris Lehmann,"Corporate media, Mainstream media",2024-10-25,CONTROL_Polish_Womens_Strike_2020_2024,sustained,True,0,"In, The, To"
https://www.thenation.com/article/environment/canary-in-a-coal-mine/,The Nation,Canary in a Coal Mine,"Ignore floods, hurricanes, wild fires! There are profits to be made!

Check out all installments in the OppArt series.",Peter Kuper,"Budgets, Campaign Finance, Campaigns and Elections, Economics, Economy, Election 2024, Elections, Environment, Environmental Activism, Environmental Issues, Ethical Economics, Government, Political Figures, Political Ideologies, Politics, OppArt",2024-10-25,CONTROL_Polish_Womens_Strike_2020_2024,sustained,True,1,"De, En, La"
https://www.thenation.com/article/politics/elon-musk-is-committing-a-crime/,The Nation,Elon Musk Is Committing a Crime—but It Doesn’t Matter Because He’s Rich,"Musk and his PAC are effectively paying people in swing states to register to vote, and that is a clear violation of federal law.

Elon Musk is—effectively—paying people to register to vote. This is a violation of federal election laws, and he should be prosecuted, fined, and imprisoned for his numerous violations. Unfortunately, this is Elon Musk we’re talking about, and the person responsible for enforcing federal laws against him is Attorney General Merrick Garland—and all of that means that Musk will not be prosecuted, fined, or sent to prison. The rules, you see, are different for rich white Republicans who violate the laws than they are for anyone else. I thought everybody knew that by now.

What Musk is doing is not complicated, but there’s enough misdirection in his scheme that it can be confusing to see what he’s up to. So allow me to explain. Through his political action committee, Musk is offering $1,000,000, lottery style, to people in “battleground” states—specifically, Pennsylvania, Georgia, Nevada, Arizona, Wisconsin, Michigan, and North Carolina—who sign his PAC’s petition. The petition is a general pledge to “support” the First and Second Amendment (because of course a white South African whose family benefited from apartheid is somewhat more interested in supporting the Second Amendment than, say, the 13th, 14th, and 15th Amendments, which prevent people like Musk from doing here what people like Musk did in South Africa). If you sign the petition, you have a chance of winning a million bucks. Musk handed out the first check last weekend.

Paying people, or offering people a lottery ticket, to sign a petition is legal. That’s fine. It’s an exercise of free speech, at least in this ridiculous country that equates money with speech.

The problem with Musk’s scheme is that, in order to get the money, you have to be registered to vote. By making voter registration key to getting the money, Musk is trying to induce people who are not registered to register to vote. That is illegal. As the elections law expert Rick Hasen points out, paying people, bribing people, or giving people pretty much anything of monetary value to induce them to register to vote is a violation of federal law.

For those playing along at home, the law Hasen points to is 52 U.S.C. 10307(c), which states: “Whoever knowingly or willfully gives false information as to his name, address or period of residence in the voting district for the purpose of establishing his eligibility to register or vote, or conspires with another individual for the purpose of encouraging his false registration to vote or illegal voting, or pays or offers to pay or accepts payment either for registration to vote or for voting shall be fined not more than $10,000 or imprisoned not more than five years, or both.” (Emphasis Hasen’s.)

The Department of Justice has clarified that this law does not apply to, say, giving voters a ride to the polls. But it does include giving people cash, or liquor, or food stamps, or… “lottery chances” to induce them to register.

Musk is violating the law, but for that to matter somebody has to prosecute him for his violations, and that job, unfortunately, rests with Merrick Garland. Garland sent Musk and his PAC a letter earlier this week in which he “warned” that they “could” be violating federal law. Garland is reportedly monitoring and investigating the situation. Musk ignored the warning and announced more winners.

I know there are still people who would like to defend Garland’s historic inability to enforce any laws against Republican political actors, but, honestly, Garland’s response is beyond pathetic. It takes a Google search and half an hour of Westlaw access to “investigate” whether “Hoo boy, register to vote and have a chance to win a million dollars” violates applicable federal standards. The Department of Justice’s own “Election Crimes Manual” explains that what Musk is doing is illegal. Garland need only “investigate” the rules written down by his own institution to figure out that Musk is in violation of the law.

The strongly worded letter Garland sent to Musk should have been a legal complaint, filed in court, and served to Musk while he was on stage handing out the freaking check.

But while Garland continues to be a national embarrassment, incapable of doing anything that might anger the Republican base, the sad reality is that even bringing the full force of the law against Musk would not stop his illegal actions. That’s because the full force of the law is incredibly weak in this instance and of little consequence to a rich white man.

Astute readers will have noticed that the penalty for violating the law at issue is a fine of “not more than $10,000” or imprisonment of “not more than five years, or both.” Musk is not going to go to jail because of this. We don’t put white people in jail for violating federal election laws, especially not when they are first-time offenders and the violation is as technical as this one is. (People, white people mainly, are going to object to my pointing out that Musk’s race is helping him get away with this, but please, how quickly do you think Oprah would find her ass in jail if she went to Houston and offered $1,000,000 to anybody who registered to vote and signed her petition saying “I support Black women”?) Also: Violations of this nature are always, or almost always (see the above Oprah thought experiment) addressed with a fine, in the first instance.

That fine should be $10,000. For Elon Musk. I’d say the fine is loose change for him, but the actual change you have rattling around in your pockets and hidden in your couch cushions is probably a greater percentage of your net worth than $10,000 is to Elon Musk’s billions. Even if you fined him $10,000 for every violation—that is, $10,000 for every voter who registered for a chance to win his lotto—the fine would not deter his behavior one bit.

And so, Elon Musk is paying Republicans to register to vote in battleground states, and there’s nothing we can really do to stop him.

With that brute reality in mind, my actual advice is that Democrats in battleground states should also register to vote and sign Musk’s petition. Maybe you will win the $1,000,000 bucks. Then you can get up on stage, get your check, and rip open your shirt to show that you were a Harris voter all along. Everybody should have a chance to punk Elon Musk.",Elie Mystal,"Campaign Finance, Campaigns and Elections, Election 2024, Elections, Law, Politics",2024-10-25,CONTROL_Polish_Womens_Strike_2020_2024,sustained,True,0,"In, The, To"
https://www.thenation.com/article/politics/shawn-fain-harris-nafta-trump/,The Nation,"How Harris Can Win Wisconsin, Michigan, Pennsylvania… and the Presidency","The UAW’s Shawn Fain says a focus on the harm done to workers by Trump’s trade policies can help form a powerful closing message for the Democrats.

Kamala Harris is centering the final leg of her campaign for the presidency on the threat Donald Trump poses to democracy. That’s a legitimate concern, and the Democratic nominee will drive it home with what is likely to be an epic address Tuesday, at a mass rally on the Ellipse in Washington.

But Harris’s closing argument should be about more than the fact that Trump sought to overturn the results of the 2020 election and has since embraced an increasingly authoritarian, even fascistic, politics. It has to include a strong pro-choice appeal and a loud defense of Social Security, Medicare, and Medicaid. And it must also feature potent messaging about the threat that Trump poses to working-class Americans and the communities where they live.

United Auto Workers union president Shawn Fain says he knows what can bring absolute clarity to the debate about that threat—Trump’s disastrous missteps on trade policy, an issue that has been central to the Republican’s many campaigns for the presidency.

“We’re calling out Trump’s NAFTA,” Fain explained during an extensive interview with The Nation. “Trump said he renegotiated NAFTA [during his presidency], that he ‘fixed it.’ Well, everything we’ve seen since he supposedly ‘fixed it’ [has headed in the wrong direction]. The trade imbalance in auto went up 20 percent. The imbalance with Mexico went up 30 percent in auto parts.”

Working-class voters in the manufacturing states of Michigan, Wisconsin, and Pennsylvania—all 2024 battlegrounds—are well aware of NAFTA, the North American Free Trade Agreement that was approved in the 1990s by Democrats and Republicans. Back then, both parties claimed the deal would benefit American manufacturing. It didn’t. In fact, NAFTA was a train wreck, which produced widespread plant closures, daunting trade deficits, and manufacturing job losses so extensive that it has been difficult to track the precise numbers.

“More than 950,000 specific U.S. jobs have been certified by the U.S. Labor Department as lost to NAFTA outsourcing and import floods under just one narrow program,” reported Public Citizen in its 2018 “NAFTA’s Legacy: Lost Jobs, Lower Wages, Increased Inequality” fact sheet, which explained, “This is a significant undercount of the job loss, given that the program, Trade Adjustment Assistance (TAA), excluded many categories of workers during NAFTA’s first decade of damage, and reporting is voluntary, so only those who know about the program and do the work to apply are even considered. The mass outsourcing of American jobs was the outcome about which NAFTA opponents had warned.”

That was an outcome Donald Trump exploited, with great effectiveness, during his 2016 campaign. Trump won that election by turning historically Democratic, Great Lakes manufacturing states red. Then, as president, he launched a convoluted effort to renegotiate NAFTA, which was supposed to undo at least some of the damage. The resulting agreement, the United States-Mexico-Canada Agreement, was passed with overwhelming support in Congress and signed into law in January 2020 by Trump, who claimed it would boost manufacturing employment nationwide.

Only 10 senators opposed USMCA, with the measure’s most outspoken critic, US Senator Bernie Sanders (I-VT), saying,

Joining Sanders in opposing USMCA was the then-first-term Democratic senator from California, Kamala Harris, who expressed concerns similar to those voiced by the senator from Vermont. In the fall of 2020, after Harris joined the Democratic ticket led by Joe Biden, Trump’s reelection campaign attacked Harris for her opposition to USMCA, arguing, “With her vote, Harris prioritized the radical anti-Trump left over the interests of American workers.”

As it happened, Trump was wrong. And Harris was right. She’s said as much this fall on the campaign trail. “As one of only 10 senators to vote against USMCA, I knew it was not sufficient to protect our country and its workers,” she explained in a September statement, where she argued that “it was Trump’s trade deal that made it far too easy for a major auto company like Stellantis to break their word to workers by outsourcing American jobs.”

Harris says that, as president, she plans to use a review process that can begin in 2026 to address the worst problems with USMCA. “I will bring autoworker jobs back to this country and create an opportunity economy that strengthens manufacturing, unions, and builds prosperity and security for America’s future,” says the Democrat.

Remarkably, Trump says he would also seek to renegotiate USMCA, effectively admitting that the agreement hasn’t worked out as promised. “I want to make it a much better deal,” Trump told Fox News’s Maria Bartiromo last week.

But Fain asks a blunt question: Why trust Trump, who messed up on trade issues as president, as he now promises to clean up the mess? “Donald Trump, the billionaire, the con man, is not the answer,” says the UAW leader, who told The Nation, “Kamala has been talking about the fact that, in 2026, [USMCA] is up for renegotiation. And now, all of the sudden, Trump says that he wants to renegotiate. Well, wait a minute: ‘You had your chance. You failed. You didn’t fix anything. You made it worse. And now you want another shot to supposedly fix it again.’ Trump’s a con artist. That’s what he’s always been.”

Fain and the UAW have been hammering on this contrast in an outreach campaign that has targeted almost 300,000 active and retired union members in battleground states. In mid-October, Lake Research Partners polled UAW members in battleground states—including Michigan, Pennsylvania, and Wisconsin—who had heard from the union about where the candidates stand on a number of issues, including trade policy. The poll found Harris with a 29-point lead over Trump.

With more effort, argues Fain, that lead can grow.

“The proof of Trump is already in the body of work. Trump was president for four years. Auto plants were closing. He didn’t do a damn thing to stop any of it, to save any of it. He didn’t even make an effort to curtail any of that,” says Fain. “He continues to tell this lie that he’s fixing this and he fixed that and he’s saving auto jobs and he’s saving working-class jobs. But his body of work when he was president shows different. He didn’t [fix things]. We lost jobs under Trump, and nothing improved with trade.”

That’s a message Harris should amplify in the closing week of the campaign.

It’s a powerful economic appeal for workers nationwide—especially because of Harris’s record of voting against USMCA. But in the battleground states that could well decide the presidential race, an attack on “Trump’s NAFTA” could be just what’s needed to tip the balance to the Democrat.",John Nichols,"Donald Trump, Kamala Harris, NAFTA, Shawn Fain, UAW",2024-10-25,CONTROL_Polish_Womens_Strike_2020_2024,sustained,True,0,"In, The, To"
https://www.thenation.com/article/politics/trump-fascist-well-overdue/,The Nation,Calling Trump a Fascist Is Well Overdue. Why Did It Take So Long?,"Finally, the warnings are coming loud and fast. Will they matter this late in the day?

Election Day is 11 days away and, as I wrote last week, finally everyone from ex–chairman of the Joint Chiefs of Staff Gen. Mark Milley to Trump’s former chief of staff John Kelly, from Democratic presidential nominee Kamala Harris and vice-presidential nominee Tim Walz to President Joe Biden himself, are announcing that Trump is a fascist.

Again, better late than never. But the question is, why on Earth did it take so long for the political mainstream to come around to this point of view? And why were those who labeled him fascist years ago too often dismissed as hyperbolic?

Surely, when Kelly was listening to Trump praise Hitler in 2017, the thought must have crossed his mind that his boss was shaded a tad Blackshirt. Surely, when Trump discussed with his generals his desire to unleash the military on protesters, high-ranking leaders such as Milley must have at least pondered the notion that Trump was a tad deficient in his understanding of democracy. Surely, after the attempted coup of January 6, when Trump stood in solidarity with his supporters who chanted “hang Mike Pence,” before they headed to the Capitol and ransacked the congressional buildings, President-elect Biden must have had an inkling that Trump was more than a power-crazed old man—that he was, in fact, intent on pulverizing American democracy.

It’s not as if Donald Trump were hiding any of this. In 2017, when he announced that the United States was withdrawing from the Paris climate accords, I wrote a long article in The Nation detailing phrase after phrase that Trump had purloined from some of Hitler’s wartime speeches. One doesn’t somehow accidentally stumble into the toxic terrain of Hitlerian oratory.

There was nothing even remotely ambiguous about Trump’s praising of some of the Charlottesville neo-Nazis as “very fine people.” There was nothing ambiguous about his oft-repeated statements about wanting to unleash bloodshed against undocumented immigrants as a deterrent to prevent others from entering the country. There was nothing ambiguous about his family separation policy, and his ordering that children of the undocumented be held in facilities that were essentially cages. There was nothing ambiguous in his oft-repeated desire to establish a vast network of military camps to house millions of immigrants before they were deported. There was nothing ambiguous about his telling the paramilitary Proud Boys to “Stand back and stand by” at a 2020 presidential debate.

Sane-wash this all you like, and you’re still left with policies and statements that are utterly fascist in design and in intent.

European fascists knew this. I remember being in Denmark in the summer of 2016, where I was working on a story about European reactions to the wave of migration triggered by the Syrian civil war. During the course of my reporting, I interviewed a leading Danish fascist, whose party platform on immigration was being partially co-opted by the center-right coalition governing Denmark. What did he think of Trump and the raft of anti-immigrant policies he was to hoping implement should he be elected?, I asked him. He laughed and told me that Trump’s policies were too extreme even for the Danish fascist party.

Anyone who spent time studying Trump’s speeches, his mannerisms, his incitement of his crowds during the awful years, from 2015 to January 2021, of his candidacy and then presidency, knew that Trump was a fascist. That he was constrained not by any inherent moral limits emanating from within but by legal and political guardrails that, while stretched to breaking point, ultimately held. Take away those guardrails, and you are left with a man who believed that his power was, and should be, unfettered; that, as with the Führerprinzip, those in government owed him a personal loyalty oath; and that there was no functional difference between the state and the individual who had executive power over the state.

So why on Earth did it take until now for all these people with the power to shift public perception to come out and say what should have been said eight years ago?

Perhaps it’s human nature. We all fall prey to normalcy bias, which in this case leads to an assumption that the basic values and political parameters that define American democracy will always hold—that even a man of Trump’s manifest coarseness and brutality will, when push comes to shove, play by the rules. But of course, that’s not true. Just as it wasn’t true in a collapsing Weimar Republic in 1932.

There are 11 days to go. Eleven days to drive home the message that democracies wither when publics lose faith in their underlying narrative, and when demagogues arise to exploit the political chaos.

If there were a democracy Doomsday clock ticking away, I’d say we are pretty close to midnight right about now. Finally, the warnings are coming loud and fast. Will they matter this late in the day?

It’s hard to know. But if there are still people of good conscience out there who have somehow made their peace with the idea of supporting Trump, Kelly’s extraordinary public intervention this week, and Milley’s last week, ought to give them reason to abandon their foul candidate before he inflicts what could be irreversible carnage on the country’s fragile democratic institutions.",Sasha Abramsky,"Politics, Republicans",2024-10-25,CONTROL_Polish_Womens_Strike_2020_2024,sustained,True,0,"In, The, To"
https://www.thenation.com/article/society/tucker-carlson-spanking-fantasy-gop/,The Nation,Tucker Carlson’s Weird Spanking Fantasy Is Designed to Stir Up MAGA Misogyny,"By extolling Trump as “Daddy” meting out corporal punishment, the disgraced TV host is pitching authoritarian patriarchy.

The two remarkable facts about Tucker Carlson are that he lost a high-profile TV post by being too racist even for Fox News—and that he has been rehabilitated by the Trump campaign. In 2023, as a result of a lawsuit launched by Dominion Voting Systems against Fox News for lying about the 2020 election, the network’s executives saw a memo that Carlson wrote to his producer where the cable news star exulted in Trump supporters’ beating up a protester. Carlson enthused: “A group of Trump guys surrounded an Antifa kid and started pounding the living shit out of him. It was three against one, at least. Jumping a guy like that is dishonorable obviously. It’s not how white men fight.” Carlson, already under fire for repeatedly employing white nationalists and for echoing neo-Nazi ideas such as the “Great Replacement” theory on his show, now had his fingerprints on a smoking gun: It was clearly racist to equate honorable fighting with white men. Fox, as part of its house cleaning to salvage the network’s reputation after the fiasco of its libelous attacks on Dominion Voting Systems, pushed Carlson out the door.

Post-Fox, Carlson remade himself as a social-media provocateur—one who is even more openly bigoted. Last month, he hosted a lengthy interview with Darryl Cooper, an amateur historian and Holocaust revisionist. The New York Times reported that on Carlson’s show, Cooper “proceeded to make a variety of false claims about the Holocaust and World War II, including that millions of people in concentration camps ‘ended up dead’ merely because the Nazis did not have enough resources to care for them, rather than as a result of the intentional genocide that it was.”

In the pre-Trump era, someone like Carlson who was so intimately linked to not just racism but even Nazi apologia would be regarded as radioactive for any mainstream political campaign. But the Trump campaign, in keeping with its strategy of outreach to cranky constituencies neglected by mainstream Republicans, has repeatedly used Carlson as an honored surrogate.

On Wednesday, Carlson was warming up the audience at a Trump rally in Duluth, Georgia. In his praise of Trump, Carlson broke new rhetorical ground by celebrating the former president as a stern “daddy” who would inflict physical punishment on childish Democrats.

Working himself up to a lather and often laughing manically, Carlson conjured up a lurid vision of America as a dysfunctional family under the Democrats. Carlson’s bizarre speech deserves to be quoted at length.

The situation, Carlson said, “is very familiar to anyone who has children, which is if you allow it, you will encourage more of it. If you allow people to get away with things that are completely over the top and outrageous. If you allow your 2-year-old to smear the contents of his diapers on the wall of your living room and you do nothing about it, if you allow your 14-year-old to light a joint at the breakfast table, if you allow your hormone addled 15-year-old daughter to slam the door of her bedroom and give you the finger, you’re going to get more of it. Those kids are going to wind up in rehab. It’s not good for you. It’s not good for them. No, there has to be a point at which Dad comes home. Yeah, that’s right, Dad comes home—and he’s pissed! Dad is pissed. He’s not vengeful. He loves his children—disobedient as they may be—he loves them because they’re his children. They live in his house. But he’s very disappointed in their behavior.…

“You know what he says? ‘You’ve been a bad girl, you’ve been a bad little girl, and you’re getting a vigorous spanking right now…. And no, it’s not going to hurt me more than it hurts you. No, it’s not. I’m not going to lie. This is going to hurt you a lot more than it hurts me. And you earned this. You’re getting a vigorous spanking because you’ve been a bad girl.’”

The image of Donald Trump inflicting a “vigorous spanking” on a 15-year-old girl is disturbing by itself—and becomes even more so when one remembers Trump’s long record as a sexual harasser. Trump once boasted about walking into a changing room filled with teenage beauty pageant contestants. Trump has been accused of sexual assault by more than 20 women, and a court found him guilty of abusing and defaming E. Jean Carroll.

Given Trump’s history, Carlson’s attempt to recast the GOP presidential nominee as a stern but just patriarch seems both absurd and politically self-defeating. One is almost tempted to advise Carlson to give up political speeches and seek a therapist for his unresolved “daddy” issues.

But Carlson’s speech, however delusional, is a product of cold political calculation as much as personal pathology. Trump is running for the second time against a female candidate, one who has energized women enraged by the ending of reproductive freedom by Supreme Court justices Trump appointed.

Trump is facing what is shaping up to be the largest gender gap in American presidential history. According to USA Today, Trump is “leading among men 53% to 37%. Vice President Kamala Harris’ lead with women is 53% to 36%.” The problem for Trump is that women vote at a higher rate than men: In early voting in six states (Colorado, Georgia, Indiana, Michigan, North Carolina, and Virginia), women make up at least 54 percent of the electorate. This is an excellent sign for Harris.

The Trump campaign has responding by doubling down on patriarchy as a way to mobilize low-propensity male voters (and perhaps traditionalist women). This is the logic behind Trump’s references to himself as the “protector” of women, as well as Carlson’s spanking-daddy rhetoric.

In her thoughtful new book. Wild Faith, the journalist Talia Lavin notes that the culture of evangelical Protestants encourages the corporal punishment of children as a necessary part of the social order. In 1970, evangelical child psychologist James Dobson (who would go on to found Focus on the Family) argued in his book Dare to Discipline, “The parent’s relationship with his child should be modeled after God’s relationship with man. This same love leads the benevolent father to guide, correct, and even bring some pain to the child when it is necessary for his eventual good.”

Lavin reports that the influence of Dobson and many other influential evangelicals of his ilk have

This is the audience Carlson is hoping to mobilize with his talk of Daddy Trump punishing the errant children of America. But Carlson’s rhetoric surely risks a backlash of biblical proportions. It’s unlikely that most American women want to be treated like misbehaving children deserving a thrashing. In fact, like JD Vance’s grumblings about childless cat ladies, Carlson will likely seem weird to mainstream America. The best hope for the Democrats is that Carlson’s creepy fantasies intensify opposition to Trump’s third presidential bid.",Jeet Heer,"Arts and Entertainment, Campaigns and Elections, Cultural Criticism and Analysis, Election 2024, Elections, Feminism, Gender and Sexuality, Journalists and Journalism, Media, Political Ideologies, Racism and Discrimination, Reproductive Rights, Republicans, Society, Television, The Right, Transgender Rights, Youth",2024-10-25,CONTROL_Polish_Womens_Strike_2020_2024,sustained,True,0,"In, The, To"
https://www.thenation.com/article/politics/kamala-harris-counter-endorsement/,The Nation,Kamala Harris Does Not Deserve the Endorsement of “The Nation”,"The Biden administration’s action, and inaction, in Gaza—and her support for those policies—should have been enough to disqualify her.

The Biden administration’s action, and inaction, in Gaza—and her support for those policies—should have been enough to disqualify her.

On September 23, The Nation endorsed Vice President Kamala Harris for president. “Of course we endorse Harris over Trump,” the unsigned editorial reads. “But we also endorse Harris in her own right, as an experienced and capable leader with a vision for America’s future…that represents a clear advance on Democratic nominees of the past half century.” The endorsement goes on to cite the magazine’s abolitionist founders—“both visionary radicals and deeply practical politicians”—as touchstones for the decision to support Harris.

We, The Nation’s current interns, find this endorsement unearned and disappointing. We have a different interpretation of the magazine’s abolitionist legacy, one that says a publication committed to justice must refrain from endorsing a person signing off on genocide. We do not support Donald Trump, but to champion Harris at this moment is to ignore the atrocities that are being carried out with weapons supplied by the Biden-Harris administration.

The Nation’s endorsement notes that on foreign policy the “positive case [for Harris] is harder to make,” adding that “she has failed so far to offer anything more substantive to the millions of Americans…desperate for an end to America’s unconditional support for Israel’s brutal war on Gaza.” Yet it goes on to endorse her anyway—implying that domestic concerns are somehow more important. We disagree. On the grounds of Gaza alone, Harris should not have received The Nation’s endorsement.

In the 12 weeks since she effectively became the Democratic nominee, Harris has failed to differentiate her policies from Joe Biden’s blank-check support for genocide. Instead, she repeats the same bland pronouncements about the need for a ceasefire and uses the same passive-voice support for the idea of Palestinian “freedom and self-determination.” Again and again, she has been asked by Palestinian, Arab, and Muslim voters, along with a broad coalition of Democrats of conscience, to offer an alternative, and again and again she has refused. She would not even allow a pre-vetted Palestinian supporter of hers to speak at the Democratic National Convention.

We have watched this abdication of moral responsibility by the Democratic nominee with a growing sense of dismay. As young journalists, we think of our colleagues in Gaza. Israel has killed more than 175 journalists in Gaza since last October—and right now, with US support and the Western media’s indifference, Israel is effectively issuing hit lists of reporters in Gaza. During the last year, The Nation has published dispatches from Palestinian journalists, from 14-year-old Lujayn to the journalist Mohammed Mhawish, both of whom have survived air strikes, most likely from US-made weapons. We cannot advocate for a person who is complicit in the murders of fellow journalists and the bombing of colleagues whose pieces we have fact-checked.

We also struggle with the idea that Harris’s domestic agenda can offset the suffering her policies will inflict abroad. As we map even her sunniest domestic proposals against the contours of her foreign-policy program, we remember James Baldwin, a Nation Editorial Board member, who said, “Every bombed village is my hometown.”

Harris, for instance, promises to provide tax credits to families with newborns and to sign a law to restore the right to abortion nationwide. Yet her commitment to the welfare of children doesn’t extend to the more than 17,000 kids killed in Gaza, hundreds of whom died from inadequate postnatal care like incubators. She will fight for reproductive care in the United States, but in Gaza, tens of thousands of mothers have or will give birth without access to doctors, pain relief, hospitals, or food and water.

Harris also pledges to strengthen our healthcare system. But in Gaza, as many as 1,000 healthcare workers have been killed, 30 of 36 hospitals have been damaged or destroyed, and fewer than half are even partially functional. People routinely die from the blockade of basic sanitary equipment, ordinary medicines, and vaccines.

Harris’s plans to relieve the housing crisis in the United States ring hollow next to her support for Israel’s destruction of homes in Gaza, the West Bank, and Lebanon. With the Biden-Harris administration’s full knowledge and aid, 90 percent of Gazans have been forcibly displaced, and hundreds of thousands of homes have been damaged and destroyed. Nor has the administration done anything to stop the demolitions of houses and illegal expansion of settlements in the West Bank.

While the Harris campaign declares that “no one is above the law,” Israeli Prime Minister Benjamin Netanyahu breaks international human-rights law with impunity, as does his country. The International Court of Justice has condemned Israel’s illegal settlement and occupation of Palestinian territory as unlawful, while the International Court of Justice has found it “plausible” that Israel is committing genocide. Nor has the Biden administration itself proved to be terribly law-abiding. The president, Secretary of State Antony Blinken, and Defense Secretary Lloyd Austin have all been accused of violating the Genocide Convention and international law. Blinken has deliberately broken the law by covering up reports by two US agencies that found that Israel was carrying out war crimes in Gaza and should be denied further military aid. Meanwhile, the State Department has failed to enforce the Leahy law, which requires sanctions against militaries committing war crimes—like Israel’s notorious Netzah Yehuda battalion.

While some express hope that Harris will break with Biden on Israel as soon as she is elected, they would do well to remember that the current administration has hardly broken from Trump: It completed Trump’s plan to move the US Embassy to Jerusalem and reaffirmed his acknowledgment of the illegally occupied Golan Heights as Israeli territory. There is no evidence that Biden has constrained Netanyahu in his war, and any belief Harris would do so is wishful thinking.

At the same time as the Harris campaign has spurned Palestinian supporters, it has rebuffed the left more broadly. Harris has made it clear that she thinks she can win the White House by attracting more conservative voters. She is now posing as sufficiently right-wing that high-profile Republicans feel comfortable signing off on her candidacy. The Republicans for Harris movement’s membership lists the likes of Anthony Scarramucci and Stephanie Grisham—both of whom were part of Trump’s cabinet (and could vie for a spot in Harris’s administration as well, since she has promised it will include at least one Republican). In endorsing Harris, The Nation also now finds itself in the company of former vice president Dick Cheney, a principal architect of the Iraq War—a war that The Nation forcefully opposed from the outset.

In an unsigned editorial, this one published on the eve of Congress’s 2002 vote to authorize the Iraq war, The Nation wrote: “The silence of those of you in the Democratic Party is especially troubling.… For the sake of staying in power, you are told, you must not exercise the power you have in the matter of the war. What, then, is the purpose of your reelection?”

The same question needs to be asked today.

There will be people wondering whom we would endorse, if not Harris. Our answer is that we choose not to endorse any party’s candidate for president. We know that a second Trump presidency would be a disaster, but we believe that we cannot vote our way out of this genocide. And while some of us will be voting for president in November—and some of us will not—we all reject the idea that democracy will be safe under a Harris administration.

The systems of oppression in the United States and Israel are linked. It’s no coincidence that FEMA is running low on funds while the federal government sends $17.9 billion to Israel or that the inspirations for Cop City and other vast police training centers are Israeli Urban Warfare Training Centers, which were built with US aid. It’s no coincidence that the same technology that Israel uses to enforce apartheid the US deploys at its southern border, which Harris seems eager to further militarize.

Still, we want to be clear: In opting not to support Harris, we are not naïve enough to think we can opt out of politics altogether. Instead, we believe we must challenge institutions devoted to the status quo in the US and, crucially, in Israel. There are so many ways to engage.

When it comes to Gaza, you can protest—and keep protesting—until universities and workplaces divest from weapons manufacturers. You can support downballot candidates who support Palestinians. You can shut down highways. Interrupt speeches by war criminals. Boycott institutions and companies that profit from and perpetrate genocide. Give to mutual aid networks in Gaza and Lebanon that attempt to counteract the harm caused by US tax dollars. Don’t just unsubscribe but boycott news outlets that feed the genocidal rhetoric—and tell them why you are unsubscribing. And don’t stop talking about Gaza wherever you are.

As journalists, we take this last directive seriously, feeling the weight of the question Palestinian American writer Fargo Tbakhi posed in December: “What does Palestine require of us, as writers writing in English from within the imperial core, in this moment of genocide?” We believe that one of the most vital contributions we can make is to confront the media ecosystem that enables—and all too often promotes—the slaughter of Palestinians. Over the last year we’ve seen the spirit of McCarthyism overtake our industry, with journalists being fired or pushed out of newsrooms or barred from covering Palestine for speaking out. Many publications are punishing journalists who have the moral clarity to accurately describe the horrors of the genocide. As long as journalists on the ground in Gaza continue to risk their lives to tell the story of their own annihilation, then the least US outlets can do is follow their lead and not be afraid to show the truth.

It is in seeking to follow their lead that we, as journalists, refuse to promote Harris. When we think of her, we do not think of the redemption of American democracy. We think of mangled bodies. Press jackets buried with shredded remains in shoeboxes. Hospital patients, still attached to IVs, burning alive. Grieving mothers wailing until they pass out. The haunted eyes of a Palestinian prisoner. We think of pigtails and lifeless eyes, the smell of rot over mass graves, bodies without heads.

We think of ashes, dust, and blood.

Written by Thomas Birmingham, Xenia Gonikberg, Kelly Hui, Samaa Khullar, and Grayson Scott.",The Fall 2024 Nation Interns,"Kamala Harris, Palestine",2024-10-25,CONTROL_Polish_Womens_Strike_2020_2024,sustained,True,0,"In, The, To"
https://www.thenation.com/article/society/why-we-need-prison-journalism-more-than-ever/,The Nation,Why We Need Prison Journalism More Than Ever,"If we lose incarcerated journalists, we lose a whole voice from the conversation.

During the height of the Covid-19 pandemic, incarcerated people who were highly exposed to the virus found themselves with minimal information on how to survive. It marked the beginning of a public health crisis in carceral facilities across the country—and the system, already designed to operate in secrecy, became an impenetrable fortress the public had no access to, and little information about.

For a small group of incarcerated journalists around the country, the situation provided a clear mandate: Tell the story. Mostly confined to parking-lot-sized cells, they wrote about being denied masks, cleaning supplies, and showers; feeling trapped among guards who didn’t take the virus seriously; thrown in solitary confinement while sick instead of receiving medical care.

Outside the prison walls, a small, grassroots movement formed around an equally urgent task: Share these stories with the world. Incarcerated writers, lacking e-mail and Internet access, mailed handwritten and typewritten drafts to a team of media workers convincing editors to publish them.

Under these conditions, the two of us began working together—Chris as an incarcerated journalist, Emily as an outside supporter—under the collective Empowerment Avenue. We refused to let the history of Covid-19 inside prisons be dictated by prison officials.

Four years later, the importance and urgency of prison journalism hasn’t waned, and the audience for it is bigger than ever. The words of incarcerated journalists appear in local newspapers, online publications, and mainstream media. And readers, we’ve found, are hungry for narratives that express the humanity of people behind bars and expose the conditions they’re forced to live under.

But even the readers who engage with this writing may not realize the tremendous risk, labor, and struggle required to ensure that a story makes it out of a prison cell and onto the pages of a publication like this one.

Incarcerated people’s desire to report, and the impact of that reporting, has a long history.

The Prison Mirror, the first American publication produced solely by incarcerated people, began in 1883 and continues to this day. Between the late 1960s and early ’80s, prison newspapers were common and often operated independently from the administration. As Dan Berger and Toussaint Losier explain in their book, Rethinking the American Prison Movement, “Prisoners used media to sustain connections with other prisoners and with sympathetic outsiders. As collective action became more difficult, writing and editing provided an opportunity to continue working collaboratively with others on both sides of the prison walls.”

During the tough-on-crime era, prison publications and press freedom sharply decreased. In that vein, our work at Empowerment Avenue emerged to connect incarcerated reporters directly to mainstream publications. The collective serves as an intermediary, ensuring that the reporting makes it outside prison walls and into the hands of editors who want to publish it. It’s a community effort: 40 incarcerated writers around the country work directly with about 60 outside volunteers as we navigate pitching, editing, fact-checking, contracting, publication, and publicity for a writer who has no Internet or e-mail access.

The work can be life-changing for both the incarcerated writers and outside volunteers—mostly media workers without much prior experience of the criminal justice system. Together, we see our efforts pay off.

After Raymond Williams published an op-ed in The Seattle Times urging the Washington Department of Corrections to restore valuable prison programs, it did. Following Kwaneta Harris’s reporting about life-threatening heat inside her solitary confinement unit, the Texas Department of Criminal Justice installed air-conditioning. (She has since been moved to a new unit, without A/C, which she recently wrote about.) Juan Haines produced impactful investigative reporting and editorials throughout the pandemic, was named editor in chief by Solitary Watch, and now oversees an initiative funding other incarcerated journalists to produce investigative work.

Even when there’s no clear through line to change, these are stories that outside reporters just can’t access. It might be a story about the transformative impact of a crotchet club in a California men’s prison, or the wrongful death of a prisoner who didn’t have access to insulin. There are stories about incarcerated women experiencing Mother’s Day in prison, as well as the pervasive sexual abuse they face without recourse.

We view this work not just as journalism but as educational, positive, and empowering to everyone involved. Writers come home from prison to continue reporting, public speaking, working in advocacy, and contributing positively to their communities.

But our work is often seen by prison administrations as a threat. The Federal Bureau of Prisons explicitly forbids any incarcerated person from acting as a reporter. Last year, the New York Department of Corrections passed a directive that banned incarcerated writers from freely publishing their work without administrative approval. It was rescinded last summer after extreme public backlash.

In April, the ACLU of Michigan filed a lawsuit against the Michigan Department of Corrections to demand it release video footage and any other public records of retaliatory assaults against Demetrius Buckley, a writer we work with, after writing about correctional officers who arbitrarily revoke prisoner’s access to positive programming.

Even when we’re not facing these kinds of explicit bans and outright retaliation, policies that inform daily life behind bars can make reporting next to impossible. Unexpected transfers to different prisons upend not just reporting but an incarcerated reporter’s life and support network. The surveillance and blocking of mail is common; Chris reported on the Washington Department of Corrections mishandling mail which went on to win an award from the Institute for Nonprofit News. Many writers have drafts, books, and research materials disappear after cell searches.

Lack of access to the Internet, e-mail, and computers also hamper prison journalism. While tablets with private e-message services are available to prisoners in some states, these devices are costly, have no keyboards or mice, and often lack basic tools like cut and paste. Last year, Chris lost nine drafts he had spent hundreds of hours reporting and writing. He then wrote about the experience and the risks of data loss through prison communication systems.

Still, incarcerated journalists fight to tell the story—and their work could not be more critical. Prison journalism is one of the few beacons of transparency in America’s most opaque institution. The American public—most of whom acknowledge that we simply incarcerate too many people—should not accept that over 1.9 million people are held in a system with little oversight or accountability, with too few avenues to hear and see how the system works, and purportedly keeps us safe.

If we lose incarcerated journalists, we lose a whole voice from the conversation—allowing dangerous and misleading propaganda from prison administrations to go unchallenged.

To ensure the protection of this work, and the First Amendment Rights of incarcerated reporters, we need urgent reforms within our carceral system. The Federal Bureau of Prisons is the only prison agency in the country that explicitly forbids any incarcerated person from acting “as a reporter”—and it must be lifted. As of this January, there were 156,532 individuals incarcerated in the Federal Bureau of Prisons; this is akin to banning the entire population of Kansas City from reporting on their community.

Secondly, basic Internet and e-mail access would not just benefit incarcerated reporters; better communication to the outside world positively impacts the entire prison population. For journalists and their supporters, it alleviates unnecessary barriers and allows more writers, editors, and sources to connect across prison walls.

Protecting communications is also important. According to the Prison Policy Initiative, only four states—Arkansas, Georgia, Michigan, and Texas—treat correspondence with the news media as “privileged communication,” meaning that letters between an incarcerated person and a media outlet cannot be opened or read by prison staff. We see no reason these protections can’t be adopted nationwide.

Finally, incarcerated journalists need more support from the media world at large. That means more editors signing up for prison communication systems to work directly with incarcerated reporters, more non-impacted reporters willing to team up and co-report with incarcerated reporters on investigative stories, and dedicated budgets to publish this work. Editors and publications should build long-lasting and sustained relationships with incarcerated contributors, especially considering thatthey are at risk of retaliation after publication.

Over four years, we’ve introduced countless people to this work, supported the publication of hundreds of impactful stories, and radically transformed how people relate to the criminal justice system, just by reporting true stories about it. Most of us come to see how the media is more comfortable upholding false narratives about the carceral system than directly challenging them. In our work, the promise of prison providing societal safety and well-being falls apart.

We don’t have all the answers to address the scourge of mass incarceration in America. We just have those voices in our head: tell the story, share the story with the world.

We hope you’ll listen.","Christopher Blackwell, Emily Nonko",Mass incarceration,2024-10-25,CONTROL_Polish_Womens_Strike_2020_2024,sustained,True,0,"In, The, To"
https://www.thenation.com/article/world/stop-us-arms-transfers-israel/,The Nation,Stop Sending American Bombs to Israel,"Halting offensive arms transfers now would put the administration on a new path—and align Harris with the majority of Democrats who support conditions on weapons aid to Israel.

President Biden’s legacy is being written in Gaza’s rubble. Over the past year, his administration has sent billions of dollars in weapons aid to Israel, enabling a campaign that has triggered a humanitarian catastrophe, one that the International Court of Justice is investigating as a plausible case of genocide. At a minimum, suspending offensive arms transfers to Israel is necessary to realign the United States’ actions with its stated values. This is about more than legality—it’s about avoiding a moral stain that will linger long after the bombs stop falling. Lyndon Johnson’s Great Society was overshadowed by the Vietnam War; Biden’s domestic ambitions risk being eclipsed by his blank check for Israel’s war crimes. If he doesn’t take action, his presidency may be remembered not for “building back better” but for enabling a humanitarian disaster.

Even Ronald Reagan temporarily suspended F-16 deliveries after Israel’s 1981 bombing of Iraq’s Osirak reactor, questioning whether they were being used for self-defense purposes, as required by US law. George H.W. Bush used loan guarantees in the 1990s to pressure Israel into freezing settlement expansion. Both presidents understood that US influence doesn’t require unconditional support. Today, Biden faces the most extreme government in Israel’s history—one that openly discusses violating international law. He has the tools to remind the world that American support has limits and that American power can forge peace. But he hesitates as Gaza’s devastation mounts, even after the killing of Hamas’s leader, Yahya Sinwar, removes the last fig leaf of a strategic rationale for Israel’s war.

Biden’s reluctance undermines US laws, such as the Leahy Law and the Foreign Assistance Act, which prohibit weapons aid to countries engaged in human rights abuses. The message is unmistakable: The United States condemns Russia’s invasion of Ukraine while turning a blind eye to Israeli aggression. In the Global South, many see this double standard as a glaring example of Western hypocrisy.

This isn’t just about restoring US credibility; it’s about safeguarding the country’s strategic interests. Biden’s unwavering support for Israel’s actions in Gaza has undermined even America’s own stated goals, like a two-state solution and the Abraham Accords—objectives that many, myself included, view as unrealistic and deeply flawed. By halting offensive arms transfers, Biden can chart a new path: one that values human rights and international law while still supporting Israel’s legitimate security needs.

This call for a change in US policy has gained unprecedented support from seven major American labor unions and the NAACP—key Democratic stakeholders. Even Thomas Friedman has called for restricting weapons aid to Israel. When establishment figures start urging restraint, it has become clear that the status quo isn’t just unsustainable—it’s dangerous.

Kamala Harris faces a critical decision, too. She has a chance to distinguish herself by endorsing a policy shift that aligns with the 77 percent of Democrats who support placing conditions on weapons aid to Israel. This is her opportunity to become a voice for accountability and human rights, offering a vision that Biden has so far lacked.

Of course, challenging this status quo means confronting AIPAC, the powerful pro-Israel lobby that has long sought to block any constraints on weapons aid. But Biden wouldn’t be the first president to take on this challenge. Barack Obama faced down AIPAC during the negotiations for the Iran nuclear deal and succeeded. Like the NRA, AIPAC represents an extreme viewpoint that’s increasingly out of step with American public opinion. Standing up to it would signal that the administration is willing to prioritize America’s long-term interests over the demands of a rigid, out-of-touch lobby.

Biden supported the Iraq War—which has haunted US foreign policy for two decades. Today, he warns Israeli leaders not to make the same mistakes the US made after 9/11, including letting military force run unchecked. The lesson from the War on Terror is clear—indiscriminate force only breeds further violence—but Biden seems unwilling or unable to apply that wisdom when it matters most.

We need a ceasefire, the release of Israeli and Palestinian captives, and an end to decades of US-backed Israeli military rule over Palestinians. This moment is about defining who we are as a nation, and finding the courage to uphold the values we claim to champion. Biden’s legacy, Harris’s potential, and even averting a looming regional war are all on the line. History will judge whether they met this crisis with courage—or let it define them by their cowardice.","Waleed Shahid, The Nation","Israel-Gaza War, Joe Biden, Kamala Harris, Palestine",2024-10-25,CONTROL_Polish_Womens_Strike_2020_2024,sustained,True,0,"In, The, To"
https://www.thenation.com/article/culture/struggle-for-taiwan-review/,The Nation,What No One Talks About When They Talk About Taiwan,"In so many histories, writers so often ignore the social movements and underclass that helped define island nation’s destiny.

There was once a time when Taiwan was referred to by international news outlets as a “self-ruled island.” A decade ago, when papers like The New York Times and The Washington Post were reporting on the 2014 Sunflower Movement—the youth-led occupation of the Taiwanese Legislature that was among the largest, if not the largest, social movement in the country’s history—it was normal to describe the island nation as such.

At the time, this boilerplate designation never acknowledged how much Taiwan had democratized in spite of decades of US-backed authoritarian rule by the Kuomintang (KMT), in the classic mold of right-wing, anti-communist strongmen with US backing. The struggle to build democratic institutions, and the popular demonstrations that continued to hold the elected government accountable, happened even with the specter of danger that hung over Taiwan: the threat of annexation by China. This in itself contributed to the rise of the Sunflower Movement, with the KMT seen as overriding democratic institutions to defend Taiwan’s sovereignty.

Fast-forward a decade, and Taiwan is now routinely called the “most dangerous place on Earth,” as the title of a now-infamous issue of The Economist declared, and has frequent visits by American politicians as a show of support. All of these international developments, if you follow the Anglo-American press, underline the fraught nature of the island nation’s place in the world. Take, for example, then–US Speaker of the House Nancy Pelosi’s 2022 visit to Taiwan, against the wishes of the Chinese government. In the aftermath of that visit, to register its displeasure at what it called an infringement of its sovereignty, China launched an unprecedented display of military exercises around the island. The Pelosi visit set the tone for subsequent US support of Taiwan.

And, of course, some of the alarm has emerged from the central role Taiwan plays in global semiconductor manufacturing: With the supply-chain shortages that the world experienced during the Covid-19 pandemic, Taiwan’s importance in the realm of consumer electronics became strikingly clear—semiconductors made in the country are key components in products as disparate as Playstations and electric cars.

To meet the challenge of discussing Taiwan’s situation, in the past several years there has been a host of new books intended for a public whose knowledge of the country hasn’t been updated much since the Cold War. One such example is Sulmaan Wasif Khan’s The Struggle for Taiwan. The approach that Khan, a professor of international history and Chinese foreign relations at Tufts University, takes as a historian is not without its merits; his reading of the dynamics of the Cold War in Asia is praiseworthy. But The Struggle for Taiwan is ultimately still a history of political leaders and elites. It fails to grasp the democracy-from-below dynamics that exist in the country and doesn’t place enough weight on the movements that helped democratize Taiwan.

Unfortunately, one can only get to know so much about Taiwan and its people through this approach, with the history flattened into the story of “great men”—an approach that tells us little about how Taiwan’s past will influence its future.

Still, Khan’s task is not an easy one: to sum up over 70 years of history while also carving out enough space to discuss the complexities of the unique circumstances that Taiwan faces in the 21st century. After all, Taiwan is the unusual case of a de facto independent nation-state with its own government, elections, economy, military, passport, and currency that lacks de jure recognition as a result of Chinese diplomatic pressure.

To this end, Khan begins his narrative shortly after the end of the Chinese Civil War. He does not dwell on the long war between the KMT and the Chinese Communist Party (CCP) before the two agreed to cooperate to fight the Japanese. There is, after all, already a voluminous body of English-language histories on the Chinese Civil War, often framing a struggle that was fought across a nation of hundreds of millions as a turbulent moment of transition mediated solely through the bitter struggle between Chiang Kai-shek and Mao Zedong. And such histories usually stop with Chiang’s exile in Taiwan, as though that were the end of the story.

But in focusing on Chiang’s decision-making in terms of the KMT’s retreat to Taiwan and his at-times-antagonistic relationship with his American backers, Khan is attentive to the way that Chiang played his part as merely the first among equals rather than the unquestioned leader of the array of forces aligned with the KMT during the Chinese Civil War. Likewise, Khan does a good job of describing how trends in American politics, such as the rising tide of anti-communism in the 1950s, came to influence the dynamics of the US-Taiwan relationship. In this, Khan manages to avoid depicting either the KMT or the United States as a monolithic political force, instead painting both sides with a great degree of nuance.

Khan is aware that the Democratic Progressive Party, which currently rules Taiwan, traces its roots to Taiwan’s democracy movement and that this movement arose from resistance to the KMT, which began almost as soon as it arrived in Taiwan. But this often comes off as cursory in Khan’s book, with only passing references to political figures from the resistance against the KMT, such as the Marxist revolutionary and Taiwanese independence activist Su Beng. Pushback against the KMT stemmed in part from the backlash against the political system that it instituted after its arrival, one that favored those descended from people who had traveled to Taiwan after the Chinese Civil War, because of their links with the party. This was a guiding principle of Su Beng and others’ calls for Taiwanese independence during this period, on the basis of the principles of self-rule.

By missing this important on-the-ground resistance, Khan proves less adept at describing Taiwan’s transition to democracy than other aspects of his story—and his biases filter through in his account of democratization. That is, one hears too many echoes in his book of the celebratory accounts of Taiwanese democratization that depict Chiang Kai-shek’s son and successor, Chiang Ching-kuo, as having hidden pro-democracy aspirations that emerged late in his life. In reality, the KMT stepped back from power because it recognized that it could not forever contain the rising tide of social dissatisfaction. The developments in the Philippines and South Korea in the 1980s and ’90s provide dramatic examples of what happened when people’s movements overturned unelected authoritarian governments.

This has been a recurring theme in many Anglophone histories of Taiwan, which credit the KMT—despite its having been the country’s authoritarian ruler—with having voluntarily relinquished its power through the apparent wisdom of its leaders. And this is partly the case, given that the KMT did realize that it would not be able to maintain control over Taiwan indefinitely through armed rule, while it could maintain political influence in steering the process of democratization.

But one still wonders why the moments of retrenchment and protest are ignored. Incidents of major protest, such as the 1979 Kaohsiung incident and the 1990 Wild Lily Movement, or outrage over the deaths of political dissidents such as the journalists Henry Liu and Cheng Nan-jung, are historically important because they show that Taiwan’s democratization did not occur solely through party politics. Rather, it was the interplay between the actions of the state and the ground-level resistance that led to Taiwan’s democratization, not the decisions of the KMT alone.

One undercurrent of Khan’s narrative of Taiwanese history is his rather inattentive approach to the sub-ethnic dynamics of the island’s politics. These sub-ethnic dynamics, as well as the political disparity between the capital of Taipei and the rest of the nation, have long been drivers of political contention on the island—significant because it shows that not all dimensions of Taiwanese politics are directly related to China’s territorial claims. The rise of Lee Teng-hui, for example, who came to the presidency through the KMT but then unexpectedly proved to have pro-independence sympathies, is not understood in Khan’s book as a compromise meant to address the sub-ethnic dynamics of Taiwanese politics, which could no longer be ignored by the 1980s and ’90s.

Lee became president in spite of the misgivings of the KMT establishment. His ascension was a compromise, given that his ethnic background was that of the benshengren—those descended from the hundreds of years of Han migration to Taiwan that preceded the KMT’s retreat to the island after the Chinese Civil War. This was due to rising discontent with the KMT’s rule, which privileged the waishengren, the descendants of those who came to Taiwan after the civil war.

Indeed, it proves difficult to understand the rise of Chen Shui-bian in the 2000s—the first victorious presidential candidate of the Democratic Progressive Party, and the first non-KMT president in Taiwanese history—without a grasp of these dynamics. Chen leaned heavily into his benshengren identity in his political messaging. At the same time, Khan provides a surprisingly sympathetic and revisionist account of his presidency, pointing to how Chen was often perceived internationally as a dangerous pro-independence provocateur; in fact, on many occasions, he sought economic rapprochement with China. This is an important dimension of the Chen administration that has been overshadowed in retrospective readings of his presidency that focus only on his critical statements—as exemplified in his advocacy of a referendum on Taiwanese independence—and fail to note the way that key DPP politicians courted China during this time.

The Struggle for Taiwan is unquestionably at its weakest when it comes to the past decade of Taiwanese politics. Here again, Khan seems strangely inattentive to social dynamics, all the more so when he discusses major political events that saw little coverage in the Anglo-American press.

Khan’s discussion of the 2014 Sunflower Movement, which broke out against a KMT that had returned to power, is instructive. The movement involved the month-long occupation of the Taiwanese Legislature by student activists protesting a trade agreement that the then-ruling Ma Ying-jeou administration hoped to sign with China, culminating in around 2 percent of the Taiwanese population converging on the streets of Taipei.

For Khan, this was merely a brief protest against the KMT government’s lack of transparency, and he positions fears regarding Taiwan’s “mainlandization” as mostly occurring in the decade after the Sunflower Movement. Quite the opposite, as fears regarding “mainlandization” took root in the years prior to the Sunflower Movement, at a time when China’s economic and political heft was on the rise, including the influx of millions of Chinese tourists during the 2010s. (Covid-19 proved the death knell of the influence on Taiwan from Chinese tourists, who were unable to come to the island afterward due to continued restrictions in both countries.)

Khan is unable to balance all the moving pieces of his narrative, leading to some strange omissions. It proves somewhat abrupt when he finally introduces the debate about extending the military draft in Taiwan close to the end of his book, with regard to long-standing questions about Taiwan’s military capabilities and how it might deter a Chinese invasion. But the draft had long been a rite of passage in society for young men. And the threat of a Chinese invasion has been the sword of Damocles that has hung over Taiwan for decades. The threat from China is not new and has long influenced domestic politics—the KMT, for example, maintained its political control over Taiwan using emergency measures passed under the auspices of fighting communism, leading to what was once the world’s longest period of martial law.

Indeed, the irony of Taiwan’s democratization is that the KMT could only maintain power for so many decades because of US backing. China’s claims over Taiwan mostly followed those of the KMT, with the CCP taking little interest in the island before that. In this sense, tensions over Taiwan are not only the product of the legacy of the Chinese Civil War but the unresolved legacy of how the US propped up the Chiang regime. Consequently, Taiwan has long been a proxy for the tensions between the US and China, not just in the last few years.

In many ways, then, Western perceptions are playing catch-up in light of the sudden attention on Taiwan since the Covid-19 pandemic and the 2022 Pelosi visit. Though The Struggle for Taiwan has its merits, it can still be situated as a book that emerges from this attempt to update understandings of the country. Yet understanding the dynamics of Taiwanese society requires a grasp of how the history of people’s movements cemented democracy there, rather than simply asserting that Taiwan was lucky enough to have a series of wise leaders—a particularly ironic view considering that Taiwan’s democracy is still relatively recent, and a number of its leaders were unelected autocrats. After all, Taiwan’s past can provide little insight into its future if its history is viewed exclusively as that of its political elite rather than of its people, when it is the people of Taiwan who will ultimately determine its future.",Brian Hioe,"Asia, History, Books & the Arts",2024-10-24,CONTROL_Polish_Womens_Strike_2020_2024,sustained,True,0,"In, The, To"
https://www.thenation.com/article/politics/gallup-modern-opinion-polling/,The Nation,Lessons From the Birth of Modern Opinion Polling,"As George Gallup pioneered new methods of surveying the public, The Nation opined on their dangers—and democratic possibilities.

Less than two weeks before Election Day, Americans are drowning in opinion polls. New surveys are released at a rate of about a dozen per day. We are, by turns, heartened and tormented by the respected Quinnipiac, the troubling Times/Siena, the right-leaning Rasmussen. People who are not paid to attend to such matters can be heard using phrases like “sample size,” “margin of error” and even “cross tabs.” We are a nation obsessed.

For this obsession we can thank, in part, George Gallup, who took public-opinion polling from the private-sector world of market research and applied it to American politics in the mid-1930s. He saw a problem with the informal and unscientific way polls were being conducted at the time. In 1936, Literary Digest went about surveying the public by scouring the phone book and car registration data and then sending millions of people a postcard asking whom they planned to vote for in the presidential election: Democratic incumbent Franklin D. Roosevelt or Republican challenger Alf Landon. Most respondents opted for Landon. The magazine predicted he would pick up 370 Electoral College votes. Landon wound up with eight. The magazine closed not long thereafter.

George Gallup, by contrast, knew that poorer voters who tended to support Roosevelt were less likely to have phones or cars. A former professor of journalism at Iowa State University, Gallup sought to craft a sample of voters that better reflected the voting public. By doing so, he predicted Roosevelt’s landslide in the 1936 election. On the strength of that success, he built a polling operation based in Princeton, New Jersey, which began publishing surveys of the American electorate’s opinions about both candidates and policies.

In early 1940, The Nation published an article about Gallup and the brand-new world of opinion polling, written by a 24-year-old James Wechsler, later the influential editor of the New York Post. Wechsler noted that, partly thanks to Gallup’s predictions in Roosevelt’s favor, most criticism of opinion polling was coming from conservative opponents of the New Deal, who argued that “polls are intrinsically a menace to the republic: they reveal only the sum total of popular ignorance; they foster the heresy that Mr. Milquetoast has something to say and a right to be heard even between election days; they thereby imperil the structure of ‘representative government.’”

While Wechsler didn’t share such antidemocratic concerns, he warned Nation readers to be skeptical of the profusion of opinion polls. After witnessing employees of Gallup’s American Institute of Public Opinion conduct interviews in three cities, he concluded that the potential for “manipulation of the polls by the conservative interests which ultimately pay for them” was a legitimate concern. (Gallup’s operation was funded by newspapers that subscribed to receive his data and reports.) “There is ample chance for sabotage along this assembly line,” Wechsler wrote.

Wechsler depicted Gallup as a nonpartisan expert “conscientiously groping for a vantage point above the battle where questions can be formulated in a spirit of peace and neutrality.”

Nearly five years later, Nation readers had a chance to hear from the man himself in a December 1944 article headlined, “I Don’t Take Sides.” He was responding to a critical essay the magazine had published two weeks earlier by a New Deal economist named Benjamin Ginzburg, who accused Gallup of refusing to share how he conducted his polling operations on the eve of that year’s presidential election. Whereas four years earlier conservatives had criticized Gallup, now it was Democrats who accused the pollster of putting out cooked survey figures.

In his Nation piece, Gallup dismissed the criticism as “unintelligent” and accused Ginzburg of “careless reporting,” while insisting that he welcomed any investigation of his polls. He also noted that, since both parties were accusing him of bias, he must be doing something right. “You can‘t make much of a case of political bias out of this record, unless perchance you regard us as chameleons who change political colors every two years,” Gallup wrote. “In this case at least one would have to admit that we distribute our political favors evenly.”

Gallup pledged that he and his institute had no political preferences and wanted only to predict the outcomes of elections correctly. He also insisted that, while he recognized there was “no social value in predicting elections,” his work contributed to the refinement of statistical methods that could perhaps be applied, more usefully, in other spheres of public life.

In his 1940 article, Wechsler depicted the polls as a useful addition to the democratic process. They gave voice to the common voter, who otherwise was rarely represented in the public discourse. “What have the answers to good questions, addressed intelligently to the right cross-section, proved about America?” Wechsler asked. “Above all they have revealed an incredibly animated populace anxious to articulate its fears, resentments, and loyalties.”

For Wechsler, it was the process, as much as the outcome, that gave polls their meaning. “[T]here is a perceptible undertone of excitement in these interviews which the statistics don’t record; to a host of Americans the polls represent a unique adventure in democratic life,” he noted. “On issues which have immediate personal impact, like involvement in war, they grasp at the chance to divulge what they are thinking, with the hope that someone in Washington will see the answers.”

“After watching fifty interviews,” Wechsler went on, “I could cite a large number of cases in which the answers were based on half-knowledge and intuition. But against those I could cite many others in which keen insight was revealed by people who were, in a sense, just learning to talk because nobody had previously asked them anything.”

“[T]he polls,” he concluded, “have encouraged the suspicion that Americans have minds.

It’s not obvious that opinion polls these days do much to encourage such suspicions, and one could hardly say that ordinary citizens are otherwise denied the chance to have their say in the public square. In a world overwhelmed by data, perhaps we might all do better to tune out the cacophony of polls and look to more qualitative sources of information in order to understand what truly animates the pulse of American democracy.",Richard Kreitner,"Elections, Politics, Column, Our Back Pages",2024-10-24,CONTROL_Polish_Womens_Strike_2020_2024,sustained,True,0,"In, The, To"
https://www.thenation.com/article/politics/harris-democrats-ground-game-pa/,The Nation,Trouble for Harris and Walz in Pennsylvania?,"At this point, both campaigns know it’s all about the ground game. Trump’s outsourced operation is a mess. But is Harris’s “Biden infrastructure with Obama vibes” up to the task?

With less than two weeks until November 5, voters are already casting ballots in the critical swing state of Pennsylvania. Almost a million had voted as of Monday, October 21, according to the University of Florida’s Election Lab. Last weekend, thousands of volunteers from across the Northeast streamed into the state to knock on doors. But will this gigantic last-minute effort be enough to lift the Harris-Walz ticket to victory?

If you ask the professionals at the top of the pyramidic structure that makes up the official Democratic push in PA—or poll the equally important coalition of outside groups focused on getting out the vote—you will get nothing but sunshine. “Our campaign is running the largest and most sophisticated operation in Pennsylvania history,” Harris national campaign manager Julie Chavez Rodriguez told Politico last week. She noted that they have 50 coordinated offices and nearly 400 staff on the ground and had been buying advertising aimed at Black and Latino voters for over a year already. “We have now spent more than any previous presidential campaign on outreach to these communities,” she claimed, adding, “We are leaving no stone unturned.”

“Our coalition is running a powerhouse field operation,” Ravi Mangla, the national press secretary of the Working Families Party, said to me Friday. Data he shared showed that between the WFP, One PA, SEIU, Make the Road Action, Unite Here, Asian Pacific Islanders of Pennsylvania, Free the Ballot/Straight Ahead, and PA United, paid and volunteer canvassers had already knocked on 3,173,000 doors. Their goal is to reach another million by election day with a focus on so-called low-propensity voters—the people who don’t reliably vote in every election, but who are critical this year. Other groups, like Pennsylvania Stands Up, Sister District, and Field Team 6 were doing similar work in the purple suburbs north and west of Philadelphia and around Pittsburgh. Rest assured, the right voters were being reached with the right messages, I was told.

Well, maybe. It’s impossible to fact-check global statements about either the quantity or quality of political organizing being done in a state as big as Pennsylvania in just a few days. So what follows are some cautionary notes based on my years of close observation of (and occasional participation in) Democratic and progressive campaigning. And I see three clouds hanging over Harris’s Pennsylvania prospects—plus one silver lining.

First, the Harris campaign is actually just the Biden campaign infrastructure with a different (and better) candidate. But that infrastructure was not built to scale a mass mobilization campaign. Prior to Biden’s dropping out, his field operation was handling a trickle of volunteers. Now it has struggled to manage the flood unleashed by Harris. Many pop-up entities flowered after Biden bowed out, starting with Win With Black Women and spreading to dozens of similar “Xers for Harris” groups who attracted hundreds of thousands of participants to mass Zoom meetings in early August. But leaders of those groups tell me they have had little success figuring out how to best funnel the people they’ve attracted into the Harris campaign machinery.

Of course, no one has ever built a full-blown presidential campaign in such a short time. By necessity, the Harris campaign is partially relying on the Democratic National Committee’s organizing infrastructure. But that means it has also inherited the DNC approach, which is very top-down and media-centric. Sri Kulkarni is a former Texas congressional candidate who was an early developer of the concept of relational organizing, where voters are encouraged to match their contact lists against the Democratic voter file and then try to personally engage with voters they actually know. This is called “friendbanking.” He is now working triple time to help scale up the Democratic Congressional Campaign Committee’s relational effort to help candidates across the country, including in Pennsylvania.

Kulkarni tells me that more than 50,000 people have signed up for the DNC’s relational campaign, which, like the DCCC, uses the Reach app to help people activate their personal networks. Among those are at least 7,000 in Pennsylvania, he says. But so far the Harris campaign is primarily using the DNC’s Reach tool to prompt its users to share social media content, rather than to actually friendbank. This seems unwise. In theory, when Democrats hit the final weekend before Election Day and everyone is scrambling to move voters who still haven’t cast their ballots, a robust friendbanking operation could give campaigners access to a list of activists who actually know these missing potential voters. Each of those 7,000 Pennsylvanians on Reach could also potentially activate another voter or two on their own. Such a strategy worked for Jon Ossoff in the special runoff election in Georgia in 2020—helping his Senate campaign identify 40,000 people who had actually skipped the general election. While many independent groups are trying relational organizing this year, including the WFP in Pennsylvania, where it has roughly 20,000 supporters on Reach, it appears it has yet to be adopted by the top of the Democratic hierarchy.

A second problem is more political. If the Pennsylvania Harris campaign has indeed turned over every stone in its pursuit of victory, that is news to state Representative Chris Rabb, who has represented North Philly’s vote-rich, 75 percent Black, 200th legislative district in the state House of Representatives for the last eight years. Every cycle, his district has had the highest turnout of any in the state, but so far, he tells me, the Harris campaign has made no asks of him. None. For the spring primary, he had built a squad of youth organizers, all paid $21 an hour, to talk and listen to voters in his district. But a proposal that he sent the Harris campaign over the summer to build a similar team went nowhere.

Speaking to Nomiki Konst of The Hill’s Youtube show over the weekend, Rabb said he remained optimistic that Harris would win the state. But he was also frustrated. “Harris is using a Biden infrastructure with Obama vibes,” Rabb observes. “And that’s a little nerve-wracking, because the Biden infrastructure…does not involve the hard-core grassroots organizing that was emblematic of the Obama ascendancy.” Rabb is also critical of how much the Harris team is relying on outsiders and celebrity surrogates rather than locals to reach voters like his constituents. “That’s the challenge that I have with the infrastructure that Kamala Harris inherited from the Biden team. When you are sitting on half a billion dollars of campaign funds, I gotta ask, why aren’t you making investments [in local organizers]?… The most meaningful thing you can do is invest in those communities.” I’ve heard similar stories from organizers in purple Bucks County, who say that the Harris campaign, which is staffed by outsiders, isn’t interested in collaborating with local or state races, preferring instead to organize the many out-of-state volunteers flocking in by bus each weekend to canvass.

Rabb’s reference to Obama’s ascendancy in 2008 illustrates my third concern. In 2008, the Obama campaign built a massive, distributed army of grassroots volunteers who were empowered to take responsibility for precinct-level organizing and who were taught to organize local volunteers to talk to their own neighbors. Unfortunately, since the rise of “big data,” a much more technocratic style of campaigning has taken hold across much of the Democratic ecosystem. Field operations are tracked based on how many doors are knocked and how many voters are marked as “5s” or strong supporters, with quantity and speed valued much more than quality. Far more emphasis is put on targeted advertising than people-to-people outreach.

Kipchoge Spencer is a veteran organizer who has spent the past week on the ground in Philadelphia and its suburbs, doing a mix of traditional and deep canvassing, which emphasizes taking the time to build empathetic connections with voters at the doors by sharing personal stories. “Almost everyone I speak to in Philly, whether on the street or at the door on a walk list, immediately says that they’re registered and voting,” he told me on Monday. “In conventional canvassing, at this point you basically do some variation on making sure they have a way to the polls and thanking them. In deep canvassing, you engage them in storytelling anyway and very often find out that they hadn’t been as committed to actually voting as originally expressed but have become substantially more so over the course of the connection.”

Why aren’t all the door-knockers in Pennsylvania using the deep canvassing technique? Because it takes time to train volunteers and let them gain enough experience to do it well, and big Democratic donors believe it costs too much. (The WFP does have a small “election captain” program that it is trying out in Philadelphia in the hopes of building a stronger case for the method, and Changing the Conversation for Progress and Canvassing Connectors are two independent groups with excellent deep canvassing programs in Philly and Easton.) So those millions of voters being door-knocked, phoned, and texted right now? They’re nowhere near as locked down as the numbers might suggest.

But there is a silver lining. By all accounts, the Trump-Vance get-out-the-vote operation, which has been largely outsourced to independent groups, is a complete mess. Paid canvassers in other swing states hired by Trump allies have been caught spoofing their canvassing software; one was caught sitting in a diner tapping “not home” on all his assigned contacts. The fake door-knock rate has been as high as 30 percent, The Guardian reported. In Pennsylvania, tech oligarch Elon Musk is getting attention for offering million-dollar prizes to registered voters who sign his petition in support of the First and Second Amendments, but the move reeks of desperation.

The worst cliché about election reporting is that it all comes down to turnout. In Pennsylvania, like the other swing states, this is where field organizing pays off. So, if you can, go knock on some doors before November 5—or friendbank if you can’t. Even one vote can make a difference.",Micah L. Sifry,"Campaign Finance, Campaigns and Elections, Class, Democrats, Election 2008, Election 2012, Election 2016, Election 2024, Elections, Environmental Activism, Labor Organizing, Political Figures, Politics, Republicans, Social Justice, States, The Left",2024-10-24,CONTROL_Polish_Womens_Strike_2020_2024,sustained,True,0,"In, The, To"
https://www.thenation.com/article/politics/junior-underachievement/,The Nation,Junior Underachievement,"Big plans.

Check out all installments in the OppArt series.",Steve Brodner,"Campaigns and Elections, Law, Political Figures, Political Ideologies, Politics, Society, OppArt",2024-10-24,CONTROL_Polish_Womens_Strike_2020_2024,sustained,True,0,"In, The, To"
