url,publisher,title,body,authors,topics,publishing_date,event_label,event_type,is_control,topic_id,topic_label
https://www.thegatewaypundit.com/2024/10/ballot-printing-error-nevada-county-california-causes-scanning/,The Gateway Pundit,"""Imperfections in Barcodes"" - Ballot Printing Error in Nevada County, California Causes Scanning Issues with 77,000 Mail-In Ballots","Another day, another issue with ballot counting machines.

A ballot printing error in Nevada County, California caused scanning issues with 77,000 mail-in ballots.

According to election officials, there were imperfections in the barcodes which prevented the ballot scanners from counting the ballots properly.

They diagnosed the issue as an ink overspray on some of the barcodes.

CBS News reported:

Nevada County is having trouble with their mail-in ballots due to a printing error. With Election Day nearing, county officials are working around the clock to fix the problem.

Nevada County’s elections office first realized something was wrong on Monday. The next day, they diagnosed the problem, and the error was specific to vote-by-mail ballots. They’re not sure exactly how many of the 77,000 ballots issued were affected, but they have a plan to rescan the ones that are.

“A lot of the public is very nervous about the process, about the results,” said Penn Valley resident Leilani Vevang.

The county’s machines weren’t properly reading all the ballots, so they called the California Secretary of State’s Office. The printing service then diagnosed the issue as an ink overspray on some of the bar codes.

“Some of our ballots, if you look really closely and use a magnifying glass, you will see that there is imperfections in the bar codes,” said Nevada County Clerk Recorder Natalie Adona. “We will use a report and say, ‘OK, which pages did not go through?’ We’ll pull those out and we’ll mark them as to be rescanned, and we will rescan them with a piece of paper where the bar code is very clear.”

Sounds legit!

Watch:",Cristina Laila,,2024-10-29,CONTROL_Polish_Womens_Strike_2020_2024,sustained,True,0,"In, The, To"
https://www.thegatewaypundit.com/2024/10/biden-incites-violence-threatens-trump-again-angry-speech/,The Gateway Pundit,Biden Incites Violence Against Comedian in Latest Angry Speech (VIDEO),"Joe Biden on Tuesday unveiled a $3 billion investment in US ports during remarks at the Port of Baltimore.

The Biden White House absurdly claimed funding from the “Inflation Reduction Act” will support 40,000 jobs, reduce pollution and combat the climate crisis.

“Today, President Biden will travel to the Port of Baltimore to announce a $3 billion investment from his Inflation Reduction Act to improve and electrify port infrastructure, support an estimated 40,000 good-paying and union jobs, reduce pollution, and combat the climate crisis,” The White House said.

“The announcement includes $147 million in awards for the Maryland Port Administration, which will support over 2,000 good-paying and union jobs by enabling the purchase and installation of zero-emission port equipment, charging infrastructure, and power improvements. During the visit, President Biden will highlight how his Investing in America agenda is making an historic impact on communities and workers in Baltimore and across the country,” the White House said in a statement.

Biden announced $3 billion to strengthen port infrastructure funded by the so-called “Inflation Reduction Act.”

“Today, President Biden is announcing $3 billion in Environmental Protection Agency Clean Ports grants, funded by the Inflation Reduction Act, to 55 selectees across 27 states and territories, including $147 million in implementation and planning grants for the Maryland Port Administration. The nation’s ports are the lynchpin of our nation’s supply chains and employ over 100,000 union workers across the United States,” the White House said.

During his remarks, Joe Biden took a shot at a comedian who cracked a joke about Puerto Rico during Sunday night’s rally at Madison Square Garden.

The left went apocalyptic after comedian Tony Hinchcliffe called Puerto Rico a “floating island of garbage” on Sunday evening.

Biden incited violence and threatened him.

“I’d like to take that guy for a swim out there,” Biden said as he announced funding for Puerto Rico.

Biden is not well.

WATCH:",Cristina Laila,,2024-10-29,CONTROL_Polish_Womens_Strike_2020_2024,sustained,True,0,"In, The, To"
https://www.thegatewaypundit.com/2024/10/dhs-intel-reveals-chinese-communist-party-marked-minnesota/,The Gateway Pundit,DHS Intel Reveals Chinese Communist Party Marked Minnesota Gov. Tim Walz as Top 'Target' for Influence in DC—Shared on Same Day Kamala Harris Chose Him as Running Mate,"The Department of Homeland Security (DHS) is under scrutiny following its noncompliance with a subpoena from the House Committee on Oversight and Accountability.

The subpoena, issued on September 30, 2024, requests specific documentation regarding Minnesota Governor Timothy Walz’s connections to the Chinese Communist Party (CCP).

“According to recently received whistleblower disclosures, we’ve learned of a non-classified, Microsoft Teams group chat among DHS employees and additional intelligence reports that contain information regarding a longstanding connection between the CCP and Minnesota Governor Tim Walz,” the Oversight Committee in September.

“Specifically, through whistleblower disclosures, we’ve learned of a non-classified, Microsoft Teams group chat among DHS employees—titled “NST NFT Bi-Weekly Sync”—that contains information about Governor Walz that is relevant to our investigation. We’ve also learned that further relevant information regarding Governor Walz has been memorialized in both classified and unclassified documents in the control of DHS,” the Oversight Committee said.

The DHS has not complied. Instead, DHS responded with a letter expressing a commitment to “good faith” cooperation but failed to submit any substantive documents by the October 7 deadline.

In a recent phone call, DHS officials reportedly offered no timeline or assurance of document production.

Committee Chairman James Comer voiced his frustration with DHS’s apparent reluctance to cooperate, prompting him to release a segment of the DHS internal documents.

According to the committee, whistleblower documents reveal that DHS officials were discussing concerns about the CCP targeting Governor Walz on the same day Vice President Kamala Harris selected him as her running mate.

Internal communications for the “Nation State Threat — National Functional Team” indicate that the CCP marked Minnesota Governor Tim Walz as a primary “target” for influence in U.S. politics.

“Because of DHS’s lack of compliance with the Committee’s legal subpoena and unwillingness to cooperate in good faith, the Committee is releasing a small portion of the Department’s internal communications it received from a whistleblower. The information shows DHS officials with subject matter expertise discussing, on the same day Vice President Kamala Harris selected Governor Walz as her running mate, the CCP’s targeting of Governor Walz,” Chairman Comer said in a statement.

“The Committee is releasing the message as an example of communications within DHS’s possession in which DHS officials express concern about the CCP targeting politicians and their influence operations at the state and local levels—and specifically, concerns about the CCP’s influence operations as they relate to Governor Walz.”

These documents were shared the same day that Vice President Kamala Harris announced Walz as her running mate for the upcoming election, according to New York Post.

The official stated, “You all have no idea how this feeds into what PRC [the People’s Republic of China] has been doing here with him and local gov. It’s seriously a line of the intel. Target someone who is perceived they can get to DC.”

“A whistleblower has provided further information to the Committee that indicates officials from DHS’s Office of Intelligence and Analysis (I&A) and Homeland Security Investigations (HSI) have been involved in the Department’s investigative and/or intelligence work connected with the CCP, the state of Minnesota, and Governor Walz,” continued Chairman Comer.

“DHS’s unwillingness to cooperate with a Congressional subpoena seeking information on this subject of importance to the American people raises more questions. […] Federal agencies must be vigilant in identifying, countering, and deterring CCP elite capture. It appears to the Committee that DHS officials are specifically concerned about Governor Walz’s involvement with the PRC, but that DHS leadership is covering up such concerns by refusing to produce related documents and communications.”

Walz, who served in the National Guard for nearly 24 years, reportedly made nearly 30 trips to China between 1989 and 2005, many of which took place while he held a security clearance as part of his duties.

“He and his wife also organized trips to China from 1994 to 2003 at least annually. During this whole period, Walz remained a service member in either the Nebraska or Minnesota National Guards and presumably held a clearance for much or all of this time. Walz claimed in 2016 that he had traveled to China nearly 30 times; it is likely that at least a dozen of these trips occurred while he was a guardsman,” stated Rep. Jim Banks in a letter to Secretary of Defense Lloyd Austin in August, calling for an immediate investigation into Minnesota Governor Tim Walz.

“The CCP can use this optimism to exploit naïve foreign visitors, particularly visitors who are military servicemembers. Walz bragged after one trip to China that “they gave me more gifts than I could bring home” and that “I will never be treated that well again.””

On Monday, an explosive report revealed Tampon Tim Walz’s ties to China ran so deep he was having romantic relationships with powerful communist officials’ family members.

The Daily Mail dropped a bombshell revealing the Minnesota governor had a secret affair with the daughter of a high-ranking Communist official during his 1989 teaching stint in China. The woman who converted with Walz explained what happened to them in graphic detail.

59-year-old Jenna Wang told the outlet Walx seduced her with gifts while at a No. 1 High School in Foshan, Guangdong Province. At the time, Wang was an English language teacher at No. 8 Middle School while Walz was on the staff of the nonprofit WorldTeach in China.

Read the letter to DHS Secretary Mayorkas below:",Jim Hᴏft,,2024-10-29,CONTROL_Polish_Womens_Strike_2020_2024,sustained,True,0,"In, The, To"
https://www.thegatewaypundit.com/2024/10/just-man-arrested-threatening-kill-president-trump-pennsylvania/,The Gateway Pundit,BREAKING: Unhinged Transgender Leftist Arrested For Threatening to Kill President Trump at Pennsylvania Rally Days After Media Claims Trump Praised Hitler,"A transgender ‘man’ who uses she/her pronouns was arrested and charged with making a terrorist threat and disorderly conduct for threatening to kill President Trump at his Pennsylvania rally.

President Trump held a rally at the Bryce Jordan Center in State College, Pennsylvania on Saturday night.

Paul J Gavenonis, 74, of State College, Pennsylvania, was arrested Friday night while buying passes for Trump’s rally just days after The Atlantic dropped a hit piece claiming Trump praised Hitler.

According to a witness, Gavenonis said, “I hate Donald Trump. I’d like to shoot that guy.”

In an interview with Secret Service, when asked if he would fatally shoot Trump, Gavenonis said, “Probably. Yeah.”

Gavenonis was denied bail and is currently detained at Centre County Prison.

WTAJ reported:

Paul J Gavenonis, 74, was charged Friday night, Oct. 25, with terroristic threats and disorderly conduct after statements he allegedly made about Trump while getting a commuter lot parking pass.

According to the affidavit of probable cause, Gavenonis was buying the pass when he began talking about the Trump Rally that was set to take place the next day. Comments included describing climbing up a tall building and making gun-racking motions with his hands before saying: “I hate Donald Trump. I’d like to shoot that guy.”

The witness at the PSU Transportation Office said they were alarmed by the comments and afraid his pass would bring him close to the Bryce Jordan Center during Trump’s rally.

Penn State police and the U.S. Secret Service spoke with Gavenonis. According to the complaint, Gavenonis said he was laughing about Trump and the rally and allegedly said maybe he’d do it then. When asked if he believed he could do it he said: “Probably. Yeah.”

Kamala Harris, Joe Biden and the Democrat-media complex are responsible for the assassination attempts against President Trump.

On July 13 Thomas Crooks climbed on top of a roof and took 8 shots at President Trump and rallygoers at a rally in Butler, Pennsylvania.

Trump was grazed in the ear and one rallygoer was fatally shot.

In September, Ryan Routh pushed the muzzle of his rifle through the fence line at Trump’s golf course before a Secret Service agent fired at him.",Cristina Laila,,2024-10-29,CONTROL_Polish_Womens_Strike_2020_2024,sustained,True,0,"In, The, To"
https://www.thegatewaypundit.com/2024/10/paul-pelosi-attacker-sentenced-life-prison-no-parole/,The Gateway Pundit,"Paul Pelosi Attacker Sentenced to Life in Prison With No Parole, Used Last Statements to Say 9/11 Was Inside Job","David DePape, the man who attacked Rep. Nancy Pelosi’s husband, Paul Pelosi, with a hammer, was sentenced to life in prison without the possibility of parole.

In June, a San Francisco jury found David DePape guilty of “aggravated kidnapping, first-degree burglary, and false imprisonment of an elder.”

During his last statements before sentencing, DePape gave a lengthy speech claiming 9/11 was an inside job.

He further condemned America’s “evil murder magic rituals.”

Following DePape’s last statements, Judge Harry Dorfman, ruled, “It’s my intention that Mr. DePape will never get out of prison, he can never be paroled.”

Per San Francisco Chronicle:

David DePape, the man who bludgeoned House Speaker Emerita Nancy Pelosi’s husband with a hammer in San Francisco, offered a rambling, tearful statement about his conspiracy theories just before he was sentenced to life in prison with out the possibility of parole.

DePape’s sentencing hearing took place just a day after the two-year anniversary of the attack.

DePape was convicted of five charges after his state trial in June: residential burglary, aggravated kidnapping, attempting to sway a witness, false imprisonment and threatening a family member of a public official.

Just before he was sentenced, DePape read a lengthy statement that began with his theory that 9/11 was an inside job. Railing against America’s “evil murder magic rituals,” he spoke for more than 45 minutes about his belief that he was a psychic and that his ex-wife was a “body double,” and ignored multiple suggestions by the judge to keep his statements relevant to the trial or the crimes he had committed.

Before sentencing, Adam Lipson, a defense attorney for DePape, argued for the Judge to give a lighter sentence to DePape due to his mental health problems.

Lipson told the court, “This is a man who has always been a peaceful, law-abiding person up until his activation.”

Despite Lipson’s pleas, Judge Harry Dorfman sentenced DePape to life in prison with no parole.

Previously, in a Federal trial, DePape was sentenced to 30 years in prison for “assaulting a federal official’s family member and attempting to kidnap a federal official.”

His sentencing in the state trial will be run concurrently with his federal sentencing.",Anthony Scott,,2024-10-29,CONTROL_Polish_Womens_Strike_2020_2024,sustained,True,0,"In, The, To"
https://www.thegatewaypundit.com/2024/10/they-risked-it-all-two-brave-irs-whistleblowers/,The Gateway Pundit,"THEY RISKED IT ALL...Two Brave IRS Whistleblowers Sit Down With Catherine Herridge to Reveal How Their Lives Changed After Exposing 2020 Election Interference By The IRS, FBI, DOJ and Biden-Harris White House [VIDEO]","Catherine Herridge is one of the only fair former mainstream media journalists that exist today.

The recently fired host from CBS News sat down with two IRS whistleblowers to discuss how the government agency used its power to influence the outcome of the 2020 election and how the whistleblowers are being punished for standing up to what many would call a government crime syndicate.

The interview with Herridge, which first appeared on “X” and was re-tweeted by “X” owner Elon Musk, reveals documents proving how the IRS targets conservatives and helps to hide evidence for Democrats. In the first clip, Herridge shows a letter from the IRS thanking agents for their “commitment to the mission which culminated in a great conviction” after Hunter Biden’s guilty plea. “What you’re saying is that within the IRS, there’s disparate treatment of American taxpayers?” Herridge asked two brave IRS whistleblowers seated in front of her during a recorded interview.

The memo referred to Hunter Biden’s conviction after he pleaded guilty to two misdemeanor counts of tax evasion in a deal he struck with U.S. Attorney David Weiss in September.

“Those are words that are not supported by the actions of the agency,” one of the whistleblowers explained. Later in the video, the two whistleblowers explained how the phony memo made them sick.

“What you’re saying is that there is disparate treatment of American taxpayers?” she asked. The whistleblower explained that there are US taxpayers who are identified as “sensitive investigations.” Herridge responded, “Sensitive investigation seems like code for powerful, elite people?”

“There was no question in your mind that ‘The big guy’ was Joe Biden?” Herridge asked.

The first whistleblower responded, “We corroborated that ‘The big guy” was Joe Biden.”

The second whistleblower explained, “We knew that the laptop was real. The DOJ knew that the laptop was real.” The first whistleblower added, “The FBI knew the laptop was real.” Whistleblower Two explained, “There were a lot of overt actions that we were not allowed to take because we had an upcoming election.”

“When we were doing the interviews, the prosecutors specifically said that we were not allowed to ask about ‘the big guy’ because they knew it was Joe Biden.”

Herridge then asks the whistleblowers to reveal how they’ve been punished for revealing what they saw inside the IRS.

Their answers are stunning.

Watch Herridge go behind the scenes with IRS whistleblowers 14-year agent Gary Shapley and Joseph Ziegler:

Being a whistleblower who comes out against not just one but THREE powerful government agencies takes a LOT of courage. We salute these brave men who risked everything to get the truth out to the American public.

Watch their brave July 19 testimony before Congress here:

Why are so many men and women who work for these government agencies afraid to stand up and tell the truth? Why are they afraid to defend this great country before she falls completely into the hands of anti-Americans at the helm of these crooked government agencies?",Patty McMurray,,2024-10-29,CONTROL_Polish_Womens_Strike_2020_2024,sustained,True,0,"In, The, To"
https://www.thegatewaypundit.com/2024/10/voter-suppression-bucks-county-emergency-services-shuts-down/,The Gateway Pundit,VOTER SUPPRESSION: Bucks County Emergency Services Shuts Down Doylestown Voting Line Early as Republicans Surge on Final Day,"Outrage is building as reports indicate Bucks County Emergency Services shut down the Doylestown in-person voting line early on the final day for absentee ballot requests.

This outrageous act of disenfranchisement comes after prominent voices, including Elon Musk and conservative activist Scott Pressler, encouraged Pennsylvanians to turn out and take advantage of every last opportunity to cast their votes.

Elon Musk took to social media to rally Pennsylvanians, urging, “This is the last day you can request an absentee ballot in Pennsylvania. Moreover, you can hand it in immediately in person, so it never touches the mail. Please bring anyone you know to vote today!”

Similarly, Scott Pressler emphasized the step-by-step process for those seeking in-person, on-demand mail-in ballots, instructing voters to stay in line, document their wait, and return your ballot in-person, not drop box.

James Blair, political director for the Trump campaign and the RNC, shared a video of Bucks County Emergency Services shutting down the Doylestown voting line.

According to the Bucks County Election website, Doylestown was scheduled to close at 5 p.m. Eastern Time.

Bucks County Emergency Services shut down the Doylestown voting line early despite Democrat Governor Josh Shapiro’s assurance that counties would accommodate anyone in line by 5 p.m.

“TODAY is the last day to apply for your mail in ballot in Pennsylvania. If you are in line at a county elections office by 5 P.M., counties must give you an opportunity to apply for your mail ballot. Our [PA Department of State] is working with all counties to ensure every eligible voter who wants to vote by mail ballot can do so.”

This issue has been ongoing since it first opened and affects more than just one location.

Republican committeewoman Fran Haller contacted The Gateway Pundit and expressed deep frustration over the voting issues at local service centers, particularly noting early closures that are not in line with the official schedule.

I am the Republican committeewoman in Bucks County, PA. We have a problem with the On Demand Voting. Republicans are coming out to vote early here in Bucks County. Voters are being turned away at the County Gov’t Service Centers because they are closing well before the hours that are posted on the Board of Election’s website. https://www.buckscounty.gov/1417/Voting-On-Demand-Ballot-Replacement-and

The 7321 New Falls Road, Levittown, PA 19055 has closed at 2:30 a number of times when the closing time is posted as 4:30. This facility has ample parking, so it is more favorable than the 55 E. Court St. Doylestown location.

Voters were turned away from the Doylestown location because they only had one printer, and they would not be processed in time. This is voter disenfranchisement. Our Bucks County Commissioners are in charge of the Board of Elections.

I have called the commissioners. Bob Harvie called me back, but his response was unsatisfactory. He apologized for the inconvenience but did not say what they would do to correct this issue.

If you can, please shine a light on this! I’m sure they will be pulling this disenfranchisement until October 29, when On Demand voting ends. How many people that were turned away will return?

Another voter shared her experience stating, “I’m in Levittown Bucks County trying in vote early IP for the second time. I’ve been told the line is 4 hours and I will not be able to vote today. It’s now 11:46. This is unacceptable. The push for early voting isn’t a surprise. There’s 2 people working this location.”

Chairman Michael Whatley is urging immediate intervention to address reports of widespread issues at polling sites across the state.

“With only eight days until Election Day, Pennsylvanians across the commonwealth deserve every option available to exercise their civic duty. But voters are being turned away, given faulty information, and told their ballots will not be counted. This is nothing short of voter suppression, and we demand immediate action to ensure every legal vote can be cast and counted properly,” RNC Chairman Whatley said in a statement.

Bucks County Election justified their decision to close early, stating, “Due to high demand, wait times for in-person mail-in ballots may be longer than expected. To ensure all applications are processed by the end of the day, the office may need to stop accepting new applicants before the posted closing time. We appreciate your patience and understanding.”",Jim Hᴏft,,2024-10-29,CONTROL_Polish_Womens_Strike_2020_2024,sustained,True,0,"In, The, To"
https://www.thegatewaypundit.com/2024/10/watch-live-steve-bannon-holds-press-conference-3/,The Gateway Pundit,WATCH LIVE: Steve Bannon Holds Press Conference Following Release From Prison @ 3 PM ET,"As The Gateway Pundit reported earlier, Steve made his highly anticipated return to the War Room this morning after serving four months in the penitentiary for defying a congressional subpoena from the sham House select committee investigating the events of January 6, 2021.

Steve Bannon’s daughter, Maureen Bannon, celebrated his release this morning by sharing a photo of herself greeting Steve as he walked out of Danbury prison and commenting, “LET’S F*CKING GO!!!!”

During his first show out of prison, Steve was ON FIRE. During his opening monologue, he ripped Nancy Pelosi a new one.

“Nancy Pelosi sent me to a federal prison. She sent me to a federal prison as a political prisoner to do two things: to make sure that she tried to tamp down the power of this show, right? Tamp down the power of the show and also to break me. Nancy Pelosi, take out your number 2 pencil and write this down: This show has never been more powerful,” Bannon declared.

WATCH:

Bannon will speak to the press today at 3 pm at the Lowes Regency Hotel in New York City.

Watch live below:",Jordan Conradson,,2024-10-29,CONTROL_Polish_Womens_Strike_2020_2024,sustained,True,0,"In, The, To"
https://www.thegatewaypundit.com/2024/10/wayne-root-democrats-will-try-steal-this-election/,The Gateway Pundit,"WAYNE ROOT: Democrats Will Try to Steal This Election. But If My Prediction of a Trump Landslide is Correct, If It Is ""Too Big to Rig,"" Pay Attention to What They Have Planned Next.","I have fantastic news and terrible news.

The great news is, I predict (and believe in my gut) we will win this election. And it won’t be close. It’s going to be a Trump electoral landslide- with a sweep, or close to a sweep of swing states.

But will it look like a landslide? Democrats cheat big. The question is how big?

First, lets go back to my presidential election prediction in 2016. I was President Trump’s opening speaker on October 30th at his last Las Vegas rally before the election. When he saw me backstage after my speech, he asked me, “Wayne, the election is only a week away, you’re the Vegas oddsmaker, what’s your prediction?”

I responded to Trump, “You’re going to win in a 10-point landslide, but Democrats cheat 10, so it will look like a razor thin victory. But you’re the winner!”

Trump loved that prediction. He laughed and smiled. Then he said, “I’m going to win by 10, but they cheat 10, that’s a classic. I love it.”

But back in those old days of 2016 (it seems like a 100 years ago), Trump was losing every poll by 5 to 10 points. Then with the actual vote, he won.

Then in 2020, Trump was trailing Biden by even more- in many polls 7 to 10 points, and sometimes even higher. And still Trump almost won. Once again, his actual votes far out-performed the polls.

Some (like me) would argue Trump did win outright in 2020, but was cheated. But even if you believe Trump lost, the election was determined by a few thousands votes in six swing states. That’s with Trump supposedly down by double digits according to polls.

The thing is, I don’t think Democrats can rig and cheat more than 10 points. And this time, Trump is leading by a landslide…

*Polls show Trump leading the popular vote for the first time in his political career.

*Those same polls show him leading in all seven swing states.

*Smart money at the largest betting sites in the world now make Trump a 2-to-1 favorite.

*And more importantly, the GOP is dominating early voting.

The tell? Democrats are desperate. You can see the panic and hysteria as it sinks in, that they won’t be able to steal this one. That’s why leading Democrats have resorted to calling Trump “Hitler.” Whoopi Goldberg says Trump will separate interracial married couples. Other leading Democrats claim Trump will use the military against the citizens. Oh my God, these people are insane.

So, now we all have to look out for really desperate measures- whether in the days before Election Day, or in the days after a Trump victory. Here are a few scenarios I believe may be coming…

*Option number one: I suspect we may experience a “false flag” mass shooting, or supposed “domestic terrorist attack” that Democrats will use to blame Trump and the GOP. These Democrats are so desperate, I believe they’d rather incite a civil war, than allow a Trump takeover of the White House and the U.S. government.

What do they get with a mass terror event and the start of a civil war? They get to lockdown the country, declare martial law, and cancel the election. If you don’t think the desperate Deep State is capable of this, you’re very naïve.

*Option number two: Start World War 3. I truly believe the Democrats and the evil, greedy Deep State would rather start a world war than allow Trump to take power. The result of a world war on multiple fronts could be similar to a civil war- lockdown the country, declare martial law and cancel the election. And as a bonus, throw in a draft- ordering our sons and daughters to the Russian Front, or to Taiwan, or the Middle East, or all three at once.

The point with all these scenarios is to create fear, confusion, distraction and maybe even patriotism towards the government-in-power.

Option number three: This is the one I think is the most likely to happen: Trump wins, despite the biggest voter fraud operation in world history. And then the real battle begins.

Democrats are insane with “Trump Derangement Syndrome.” They will not accept a Trump victory. I expect nationwide riots, anarchy, looting, burning, and attacks on American institutions.

Keep in mind, Democrats have an army of 20 million illegal alien invaders- most of them military- aged males, many of them criminals let out of prisons and mental institutions, ready to destroy America “from within.”

While that’s happening, while the citizens are in shock and frightened, while the nation is burning, I’m betting Democrats in Congress will try to block Trump from taking power on the grounds he led an “insurrection.”

All that talk about January 6th 2021 was always a smokescreen. Democrats are the ones who will take up arms, carry out a real insurrection, and try to overturn the results of a fair election.

These creeps, scumbags and communist, globalist traitors will do anything to stop President Trump from taking power and giving the country back to the American people.

Stay frosty. We’re going to win. Trump will become the 47th President of the United States and make America great again- that’s the fantastic news. But it’s going to get dark, dangerous and scary for a while.

ABOUT THE AUTHOR: Watch Wayne’s new TV Show, “The ROOT Reaction” weeknights at 10 PM ET/7 PM Pacific on Real America’s Voice TV, and Wayne’s weekend “America’s Top Ten Countdown” on Saturdays at Noon ET/9 AM PT on Real America’s Voice TV. Watch at RealAmericasVoice.com, or at Rumble, Roku, Pluto, Apple, Dish TV Ch 219, or go to RootforAmerica.com to watch. Read Wayne’s latest fun book, “How Democrats Have Made America Great.” It’s 140 blank pages! The joke is on Democrats!",Assistant Editor,,2024-10-29,CONTROL_Polish_Womens_Strike_2020_2024,sustained,True,0,"In, The, To"
https://www.thegatewaypundit.com/2024/10/awesome-tucker-carlson-destroys-new-york-times-reporter/,The Gateway Pundit,AWESOME: Tucker Carlson Destroys New York Times 'Reporter' with Colorful Response After Hack Reveals in Texts He's Colluding with Media Matters to Silence Tucker,"A far-left media hack received his just desserts after colluding with arguably the nation’s most notorious left-wing smear group to ambush Tucker Carlson.

Tucker shared texts on X account Monday night showing that a far-left ‘reporter’ from the disgraced New York Times named Nico Grant wanted to seek comment from Tucker on a story the Times is preparing centered on YouTube demonetization of election-related videos. He wrote to Tucker and other conservatives that the outlet is using data from Soros-funded Media Matters that has “identified” 286 videos that shared alleged “misinformation” regarding the 2024 election.

Grant next tells Tucker they have identified videos showing him sharing “misinformation,” including calling out stolen elections. He then asks Tucker questions about whether YouTube is paying him and whether they have acted against him for sharing ‘fake’ news.

LOOK:

Tucker immediately sensed what was happening: the New York Times had joined forces with Media Matters to force Big Tech and others to shut down his powerful voice. He minced no words in his immediate response to Grant.

“So is the New York Times working with a left-wing hate group to silence critics of the Democratic Party?” Tucker wrote. “Ask yourself why you’re participating in it. This is why you got into journalism? It’s shameful.”

“I hope you are filled with guilt and self-loathing for sending a text like this,” he added. “Please quote me.”

Grant responded by thanking Tucker for his response and again asked if he wanted to address these garbage questions. Upon reading this, Tucker then dropped the hammer.

After getting roasted by Tucker, Grant locked down his account for fear of getting descended upon by a horde of the influential conservative figure’s fans.

One of the most heartening things America has seen in the Trump era is the willingness of conservatives to treat the fake news media like total garbage. If every Republican took the route of Tucker and President Trump, these jackals would be left almost entirely powerless.",Cullen Linebarger,,2024-10-29,CONTROL_Polish_Womens_Strike_2020_2024,sustained,True,0,"In, The, To"
https://www.thegatewaypundit.com/2024/10/box-ballots-found-florida-turnpike-after-reportedly-falling/,The Gateway Pundit,Box of Ballots Found on Florida Turnpike After Reportedly Falling Off a Truck — Election Worker Fired,"A box containing hundreds of ballots from Miami-Dade County was discovered on the side of Florida’s Turnpike after reportedly falling from an unsecured county truck.

The alarming event, confirmed by the Miami-Dade Elections Department, occurred late Monday night, prompting immediate concerns over election security.

Dashcam footage and cellphone videos captured by concerned citizens reveal the containers strewn across the roadway at Exit 11, near Cutler Bay.

The footage shows the clearly labeled parcels, complete with county barcodes and tracking paperwork meant for managing paper ballots.

A vigilant driver who stumbled upon the abandoned ballots took it upon himself to deliver the items directly to a county police station.

Christina White, the county’s elections supervisor, stated that the mishap was due to a failure on the part of the county worker responsible for transporting the ballots, according to the Miami Herald.

“The worker forgot to lock the back of the truck and as they drove off, one sealed bin and one sealed bag fell out,” Christina White said on Tuesday.

White maintained that both containers were sealed upon inspection and that no tampering had occurred, asserting that the ballots had already been scanned and counted.

“Upon arrival at the police department, Election staff verified all seals were intact and nothing was tampered with or damaged,” White told Miami Herald.

“Thankfully, this was observed in real time by upstanding citizens who did the right thing and turned the bin and bag into the police department,” White said.

White quickly announced the dismissal of the employee responsible, stating, “While unintentional, the Elections Department has zero tolerance for error and therefore the employee was terminated.”",Jim Hᴏft,,2024-10-29,CONTROL_Polish_Womens_Strike_2020_2024,sustained,True,0,"In, The, To"
https://www.thegatewaypundit.com/2024/10/election-interference-democrat-thugs-caught-posing-as-election/,The Gateway Pundit,ELECTION INTERFERENCE: Democrat Thugs Reportedly Caught Posing as Election Officials in Pennsylvania While Officials 'Shove Voters Out of Line',"The Trump campaign has uncovered disturbing news on voting in Pennsylvania that suggests strong voter suppression efforts by the Democrats are underway.

James Blair, the political director of the Trump campaign and Republican National Committee, posted a disturbing image on X showing that Democratic staffers are posing as election workers in Bucks County, Pennsylvania. The move seems to be an attempt to intimidate Keystone State voters supporting the 45th President. ⁦⁦ “The Democrats are running around in Bucks County, PA with badges trying to pretend like they are elections officials,” he wrote. “These people are not officials.”

“Intimidation tactics!”

Blair also tweeted equally disturbing news. While sharing video footage of voters showing up in droves to cast ballots in Bucks County, he revealed that election workers are removing voters from the lines and demanding they return the next day.

“Voter suppression!”

Blair closed by urging voters to stay in line and tell lawyers working with the Trump Campaign and RNC to contact them if election officials, along with Democrats, continue to bully them.

The Gateway Pundit previously reported on multiple apparent voter suppression efforts by Democrats and election officials. On Monday, Pennsylvania GOP Committeewoman and RNC delegate Val Biancaniello was hauled off in handcuffs for daring to urge voters at a polling place in Delaware County to remain in line and cast their ballots. According to Biancaniello, Democrats were telling the voters in line to go home and stop voting for the day.

As TGP notes, she did not try to influence any voters or break any election laws.

Republican committeewoman Fran Haller also contacted The Gateway Pundit and expressed deep frustration over the voting issues at local service centers, particularly noting early closures that are not in line with the official schedule.

Meanwhile, Democrats are attempting a host of voter fraud schemes as Republicans catch up to them in early voting. While one was uncovered in Lancaster, Pennsylvania, there are probably more implemented but not caught by Republicans and honest election officials.

Should Kamala Harris somehow ‘win’ Pennsylvania, there must be a full investigation to determine whether voter fraud made the ultimate difference. If so, how can anyone ever feel confident in the sanctity of our elections again?",Cullen Linebarger,,2024-10-29,CONTROL_Polish_Womens_Strike_2020_2024,sustained,True,0,"In, The, To"
https://www.thegatewaypundit.com/2024/10/elon-musk-makes-deep-state-bureaucrats-cower-fear/,The Gateway Pundit,Elon Musk Makes Deep State Bureaucrats Cower in Fear with Budget Cut Promise: 'Your Money Is Being Wasted',"President Thomas Jefferson, without a shred of exaggeration, described his first election to the presidency as the “revolution of 1800.” And now, 224 years later, we find ourselves on the brink of something similar.

Sunday in New York City’s iconic Madison Square Garden, at a rally in support of former President Donald Trump, entrepreneur and patriot Elon Musk electrified rallygoers by pledging to slash trillions of dollars from the federal government’s budget during a second Trump presidency.

“Your money is being wasted,” Musk said, “and the Department of Government Efficiency is gonna fix that!”

The crowd then erupted in cheers.

“We’re gonna get the government off your back and out of your pocketbook,” Musk added moments later.

In August, Trump endorsed the idea of a government efficiency commission headed by Musk.

Since then, D.O.G.E.-related ideas and accounts have proliferated on Musk’s social media platform X.

Howard Lutnick, chairman and CEO of Cantor Fitzgerald, spoke immediately before Musk on Sunday, then introduced the X owner to the rally crowd.

“We set up D.O.G.E.,” Lutnick said to Musk. “How much do you think we can rip out of this wasted $6.5 trillion Harris-Biden budget?”

“Well I think we could do at least $2 trillion,” the X owner replied.

Having pledged to tame the federal leviathan, Musk earned raucous chants of “E-lon! E-lon!”

In fact, to illustrate the D.O.G.E. idea’s popularity on X, here is a shorter clip of the same exchange from an account called “DogeDesigner,” which, as of Monday morning, had more than 935,000 followers:

In an 1819 letter, Jefferson referred to his first election as the “revolution of 1800.”

At the turn of the 19th century, voters overwhelmingly rejected a Federalist program of aristocratic governance, censorship, war and consolidation. Nowadays, we would characterize consolidation as “big government.”

Thus, Jefferson called the voters’ rejection of Federalism “as real a revolution in the principles of our government as that of 76, was in it’s form; not effected indeed by the sword, as that, but by the rational and peaceable instrument of reform, the suffrage of the people.”

A Trump victory, featuring a Musk-led assault on federal spending, would qualify as an 1800-style revolution in government principles.

Of course, no one would resist that assault with more ferocity than the bureaucrats of the deep state.

Last year, U.S. News & World Report ranked America’s 15 wealthiest counties by median household income. Incredibly, suburbs of Washington, D.C., occupied five of the top ten spots on the list.

In other words, deep-state actors have grown rich and powerful at the expense of ordinary Americans.

A transfer of wealth on that scale can only happen through criminal levels of confiscation. After all, people connected to the federal government can only get rich via taxation or inflationary spending.

Americans have had enough. Now, Trump and Musk stand poised to carry out another peaceful revolution.

This article appeared originally on The Western Journal.",The Western Journal,,2024-10-29,CONTROL_Polish_Womens_Strike_2020_2024,sustained,True,0,"In, The, To"
https://www.thegatewaypundit.com/2024/10/exclusive-pennsylvania-gop-committeewoman-speaks-after-arrest-was/,The Gateway Pundit,EXCLUSIVE: Pennsylvania GOP Committeewoman Speaks Out After Arrest - Was Cuffed to a Bench and More!,"As previously reported, Pennsylvania GOP Committeewoman and RNC delegate Val Biancaniello was taken away in handcuffs for telling voters at a polling place in Delaware County to stay in line and vote on Monday.

According to Val Biancaniello, the Democrats were discouraging voters from in-person voting on Monday in Delaware County so she encouraged voters to stay in line.

“I was just taken away in handcuffs at the Delaware County, Pennsylvania Government Center for encouraging people to stay in line and vote,” Val Biancaniello said.

WATCH:

“They patted me down and handcuffed me to a bench in a holding room. They let me go after a bit (they had no choice!) walking me out of the building,” Biancaniello said in a statement to TGP. “I was told I was receiving a disorderly conduct citation in the mail. I was not disorderly and I broke ZERO laws. I was encouraging people (largely Republicans in the long line) to stay in the line and vote.”

RNC Chairman Michael Whatley urged immediate intervention to address reports of widespread issues at polling sites across Pennsylvania.

Biancaniello said a Democrat election worker steered Republican voters to a satellite office to vote where they were told they ran out of voter applications.

“In fact, the election worker told people in line to go to the Chester Heights satellite office because the line was shorter there. Do you know what happened when they got to the Chester Heights office to vote in person? They were told that they ran out of mib applications. This is voter suppression in Delaware County, Pennsylvania. I did nothing wrong except encourage people to stay in line and vote. So they arrested me. VOTE!” Val Biancaniello said on X.

“With only eight days until Election Day, Pennsylvanians across the commonwealth deserve every option available to exercise their civic duty. But voters are being turned away, given faulty information, and told their ballots will not be counted. This is nothing short of voter suppression, and we demand immediate action to ensure every legal vote can be cast and counted properly,” RNC Chairman Whatley said in a statement.

According to the press release:",Cristina Laila,,2024-10-29,CONTROL_Polish_Womens_Strike_2020_2024,sustained,True,0,"In, The, To"
https://www.thegatewaypundit.com/2024/10/incredible-shrinking-premier-after-freebies-subsidy-cuts-pensioners/,The Gateway Pundit,"The Incredible Shrinking Premier: After ‘Freebies’, Subsidy Cuts for Pensioners and Release of Dangerous Prisoners, British PM Keir Starmer Sees ‘Historic’ Popularity Fall","After winning the British elections in a landslide, Prime Minister Keir Starmer embarked on a journey of self-destruction of his popularity that has turned out historic in its unprecedented scope.

By demented policies and questionable practices, from taking endless freebies from a shady peer to taking down Shakespeare’s portrait from his office’ s wall, from cutting vital fuel benefices from pensioners to releasing dangerous criminals from jail – it’s pure horror.

So, it’s not surprising that Starmer have now suffered the biggest fall in approval rating for a new British PM in the modern era.

The Telegraph reported:

Starmer is now below former PM Rishi Sunak’s rating of -31.

This is much worse than Tony Blair, David Cameron or Boris Johnson.

The electorate has become more volatile over the past couple of decades.

The actions of the ‘King of Freebies’ Starmer also weighs on the voters.

His government is experienced as ‘more like the same’.",Paul Serran,,2024-10-29,CONTROL_Polish_Womens_Strike_2020_2024,sustained,True,0,"In, The, To"
https://www.thegatewaypundit.com/2024/10/kamala-continues-cook-herself-days-before-election-drew/,The Gateway Pundit,Kamala Continues To Cook Herself Days Before Election,"Kamala Harris has continued to absolutely cook herself ever since she was finally released by her handlers to do interviews and speak with the media. Not only is she fumbling all of her interviews as her poll numbers continue to nose dive, but she is being heckled everywhere she goes as well.

Kamala Harris attempted to deceive another church congregation by attempting to convince christians that she was God’s chosen candidate and those in the congregation began to heckle her mid fake sermon.

Kamala Harris also continues to under perform with black voters, particularly black men. As her campaign runs out of ideas of how to make this failing candidate somewhat succeed, they had her stop for a barbershop visit with black men and she looked completely out of place.

It appears all of the fake commie joy is running out for Kamala Harris as the nation and Democrat Party watch her brutal collapse.

Watch as Drew Hernandez breaks it all down.

Follow Drew on RUMBLE: https://rumble.com/c/DrewHernandez Follow Drew on X: https://x.com/DrewHLive",Drew Hernandez,,2024-10-29,CONTROL_Polish_Womens_Strike_2020_2024,sustained,True,0,"In, The, To"
https://www.thegatewaypundit.com/2024/10/north-dakota-media-outlet-caught-suppressing-news-audio/,The Gateway Pundit,"North Dakota Media Outlet Caught Suppressing News, Audio Clips Show Attempt to Broker Extortion Deal with U.S. Senator","BEK TV owns three broadcast stations in North Dakota. It is based out of Steele, North Dakota, which is 45 minutes east of Bismarck in roughly the center of the state.

BEK is a media cooperative, serving both telecom services and broadcasting to 11,000 of the state’s residents, and is digitally available statewide. Its most recent annual report shows $150 million in assets.

The broadcaster employs as their key talent, Lori Hinz. Hinz has been voted “Best TV Personality” around Bismarck in years past. Hinz is a National Committeewoman for the Republican National Committee and an executive with the North Dakota GOP.

BEK TV cultivated a conservative customer base, encouraging deplatformed and dispossessed conservatives to come on their shows and host their programs. BEK wanted to be a right-wing version of Fox News for North Dakota.

Hinz was given several hundred megabytes worth of data and documents supporting the claims of a whistleblower alleging systemic corruption and fraud in North Dakota, including accusations of politically-motivated murders. Hinz reportedly promised the whistleblower that she would report the story.

But instead, Hinz, who is close personal friends for several decades with one of the subjects involved, U.S. Senator Kevin Cramer, allegedly attempted to set up a deal by which the whistleblower would stay silent and get paid, and the story would not get reported. The whistleblower was not asking for compensation, but on the tapes it sounds like Hinz was arranging it anyway over his protests.

On the audio, Hinz is overheard apparently coordinating and negotiating an alleged extortion deal for a tipster and source who is not even asking for money. Hinz appears to be offering to compensate the source and keep his life safe, while simultaneously explaining why she is not going to publish the story.

The sources for this story says Hinz and others offered to let the source name their own price, and prodded him to ask for any amount in payment.

Government sources claim that BEK TV head Derrick Bulawa told a working group, “This story doesn’t have to get out” and that those in attendance expressed concern that the situation felt like extortion, to which they were told, “this is the way things get done.”

Hinz tells the Gateway Pundit that the whistleblower is merely “impatient” and she was willing to write the story, and is even still working on it, but could not say when the story was set to be published. She referenced stories she worked on for six months or more, and offered that as a timeline.

The story involved, still developing, involves billions of dollars of malfeasance in the nation’s supply chain putting airline travel at risk.

Hinz had no coherent response when it was pointed out to her that she felt confident enough in the story to broker a multi-million dollar payment to the source, but did not have enough confidence to publish a single story on the topic.

Hinz also repeatedly kept threatening the Gateway Pundit with libel and defamation lawsuits during the phone call, suggesting that “you better get everything right” and that things should be “viewed from a perspective of how it will look as defamation.” Hinz and BEK TV appear to be circling the wagons, as similar threatening language was expressed by BEK TV CEO Derrick Bulawa to the Gateway Pundit.

Hinz’s threats to the Gateway Pundit included this statement: “Well, I certainly hope you take into consideration that there may be defamation issues involved with this, and I think that it would be a really good idea for you to pause, much like we did, and get more information.”

These delays are at the core of what the whistleblower says is the payoff scheme he was being offered: name your price but the cost was that the news, and the full story of what happened to him, would never get out.

The audio evidence shows the whistleblower challenging Hinz for even trying to set up this alleged extortion deal, stating: “You also told me that you were somehow brokering on my behalf, and it makes me very uncomfortable to call them, because you’re doing something that, I am questioning even as to the ethics of it.” Without missing a beat, Hinz replies, “I understand.”

Hinz tells the whistleblower on the tapes: “I, we’re just doing one step at a time. We kinda have to do one step, and then the next step, and the next step. This is the first step. The first step is to make sure that you’re protected, and that you get your money. And that’s, that is the absolute most imperative thing. It is not gonna help our, our State, if you are… It’s not gonna help you, it’s not gonna help our St – it’s not gonna help anybody if, if something happens to… [Hinz stops speaking mid-sentence for about 5 seconds] So, I want you to have plausible deniability.”

You can listen to the audio files here (7:32), here (3:29) and here (10:49) for these calls from mid-September 2024. We have posted the full-text transcripts of these clips at the bottom of this story.

The transcripts appear to show that Lori Hinz was not operating as a journalist, but instead it appears she was trying to broker a financial deal for a source to protect North Dakota’s political class, and suppress the explosive news story.

The whistleblower claims they never asked Hinz to assist with money. Rather, the whistleblower claims she and BEK’s CEO pursued the extortion deal independently even after receiving a concerned email from the whistleblower clarifying that in no way was BEK authorized to act as the whistleblower’s “agent, representative, negotiator.” The whistleblower was clear in writing that he was only working with BEK “as a media organization who has an interest in reporting this”.

Legal experts say that this situation appears to amount to a possible form of extortion, where Hinz, acting as the journalist, crafted herself as a middleman to negotiate a multi-million dollar ‘deal’ with U.S. Senator Kevin Cramer (R-ND) to keep the story out of the news.

Those who know Lori Hinz say it is completely out of character for her, and they suspect that she is being pressured to comply and cooperate.

Corruption in North Dakota is, according to insiders, rampant and chronic, covered by a cultural desire not to spread negative gossip and also not to smear the name of the state known mostly for farming, missiles, and oil.

Yet despite that reputation, storms of scandal have been brewing.

North Dakota’s last two Attorney Generals died suddenly, aged 68 and 48 – both involved in an investigation into an ongoing child sex trafficking ring involving former State Senator Ray Holmberg. Holmberg was originally charged with flying abroad for underage sex with boys and child pornography. The child porn charges have been dropped and Holmberg has been released with no bail bond, just a promise to be good. Insiders say others were clearly involved, but only Holmberg has been indicted.

The Gateway Pundit reported last week on major financial problems alleged at the Bank of North Dakota, where the Governor-controlled bank is likely writing down $475 million each year in bad investments.

The whistleblower on the audio tapes lives in fear of his life, and those of his family.

Friends of Lori Hinz believe that she was pressured into playing this role. A conservative activist in the state, Jerol Gohrick who runs a group called Sons of Liberty tells the Gateway Pundit, “I want to know who got to Lori, and what pressure those RINOs used to take such an upstanding, respectable, God-fearing woman, and bring her to this – to turn her against an incredibly brave whistleblower whose life has been turned upside down and under threat by corrupt politicians for two years now. Sons of Liberty is investigating those treasonous RINO bosses for other serious crimes; they appear to have no limits on their willingness to extort in this state. I directly confronted [North Dakota Attorney General Drew] Wrigley in his office last week, after he refused my calls for 5 months, and told him, ‘Drew, everyone’s pointing at you on this.’”

“She’s trying to push her own personal agenda. She was trying to keep the Senators out of this mess, to help position herself in all of this. I have known her for several years, and to better her career, she was trying to set up this extortion ring. I don’t get it. Maybe Senator Cramer was going to pay her off, who knows how high this all goes,” continued Gohrick.

Friends of Lori Hinz claim she is very loyal to Senator Cramer, knowing him for 42 years since she was 18, since she was in college. The transcripts appear to show Hinz agreeing to protect Cramer prior to the election, by suppressing bad news stories that might hurt him or implicate him, in exchange for Cramer helping to secure major payments and benefits to the whistleblower.

Hinz challenges that characterization of the excerpts. While confirming the accuracy and authenticity of the recordings, she claims she was merely assisting the whistleblower, and it was not a financial transaction in exchange for not running a story. Hinz said that the longer recordings were relevant, but could not clarify what was left out of the extended versions. The Gateway Pundit has reviewed the longer audio and there is nothing relevant missing from the excerpts. Hinz said her primary goal was the safety of the source and ensuring that the state government fulfilled on their promises. Hinz also protested that she was recorded without her knowledge, though that is legal in North Dakota.

Independent Governor candidate Michael Coachman tells the Gateway Pundit this mafia-style leadership approach in North Dakota is the very thing his candidacy intends to change, and that he has been active in trying to solve this problem without resorting to extortion. “When I first met the whistleblower, I prayed with his family, and they were scared. I reassured them, ‘This is what they want. They want you to feel alone. They want you to feel isolated. They want you to feel like you’re on your own. But you’re not. We’ve got your back.’”

North Dakota billionaire Governor Doug Burgum has been the state’s 33rd top Executive, serving since 2016. Burgum was pushed by some as a potential Vice Presidential candidate alongside Donald Trump. Burgum and his team, say state insiders, were involved in this brewing scandal from the start.

The Gateway Pundit reached out to the Office of U.S. Senator Kevin Cramer (R-ND) and that of Gov. Doug Burgum (R) by phone and email and did not hear back.

The Gateway Pundit will update this article if any subject offers additional quotes, statements, or facts.

Whistleblower: If I may ask. I mean, none of this seems to be related to media reporting or building a story. Is it just simply that truly the weight of the evidence, if accurately told, puts a permanent mark on these people. I mean, what is the reason of calling Cramer? I guess

Lori Hinz: The reason for calling Cramer is to allow an opportunity for them to do the right thing by you, and that’s first and foremost you need to be you need to be protected, and you need to be made whole with what they have promised you that needs to happen first, anything else that happens after that is going to be on whoever perpetrated the malfeasance.

Whistleblower: So, I mean… Agent Breijo is on trial for murder, who partnered in a cover-up effort on my site with North Dakota BCI… is there any possible way you can fix that?

Lori Hinz: That I don’t know. We’re just doing one step at a time. We kind of have to do one step and then the next step. And the next step, this is the first step. The first step is to make sure that you’re protected and that you get your money. And that’s that is the absolute most imperative thing. It is not going to help our our state if you’re it’s not going to help you? It’s not going to help it’s not going to help anybody. If something happens to… I want you to have plausible deniability. Can We? We? Can, you know, I, I know it wasn’t your idea, and I know it wasn’t your your your stated preference. I know that. I am I’m aware of that, but I also know that this is literally the best option to keep you safe.

Whistleblower: Ok. Multiple people helping me said they thought a call like that would get me killed.

Lori Hinz: No, I don’t think it will. I do think that he’s going to go and he’s going to go and he’s going to have a talk with Commerce. He had already said that he thinks that Commerce is sketchy, and, yeah, he’s not even that’s an understatement. The problem is, is that they have to somehow come up with some answer to him now of why they are cutting off your money. So even if he knows more, which we are pretty sure he does, even if he knows more, it is in his best interest, particularly politically, before his election, to not have this exposed immediately.

Lori Hinz: Hi Charles!

Whistleblower: Hey, how’s it going?

Lori Hinz: Hi, how are you? So I actually finally got ahold of Senator Cramer today. He had been in Europe and that was the problem. But he got back to Congress. And I texted him again a couple of times. He finally got back to me today, so I just got off the phone with him, probably 35-40 minutes ago, and had a little conversation with him. So it’s good. It went very well. I was very… uh, measured, and let him speak a lot, and didn’t say a whole lot, but I, I just said, I need some help here. I think, because I think you can help solve this issue. I said, I, it is about Dunseith, and that’s all I said. And then I just waited, and it was dead silent. He goes “okay,” which told me that he might know what Dunseith meant. So that was good, and I did my best to try to discern from his voice what he was when he was saying. But he said, I said, I said, um, I have knowledge of a very important story from there, and it deals with a gentleman who has a business there. He was brought in by Commerce, and now suddenly he is in default for no reason whatsoever of his own for anything that he has done, I said, and these people lured him here, and he started a business, did a great remodel. I said, I have been there. I have seen all sorts of evidence, and I think you can help solve this problem. And he said, “Hmm, can you tell me a little bit more about the story and refresh my memory?” I said, well, Commerce, got him to come here and then Commerce got him to hire a guy, and the guy was lousy and corrupt, and so he fired him, and now Commerce is pulling his funding, and that is… it’s not right. I said, I have two goals. I do not want to run with the story. I don’t want to do the story because I am afraid that somebody, I’m afraid this gentleman is going to get killed, and he goes: “understood.” And I said, my first number one goal is that this gentleman is safe and that his family is safe. That’s my number one goal. My second goal is that he is given what he was promised, and he’s able to do his business. He goes, “Okay”, I said. And I think the problem stems from Commerce, because Commerce got him here, and then now suddenly is acting like he’s some kind of criminal, and that is not the case, and I think Commerce needs to make this right, and Commerce seems very sketchy to me. And he said, “I agree with you. I think Commerce is sketchy also.” He said, “This is not a federal issue. This is a state issue.” I said, it sounds like a state issue. He said, I’m going to contact my people who might know more about this, who have been keeping up with it? He said, Lisa. I said, Gibbons? And he said, Yes, Lisa Gibbons. And he said, Chris Moreau. He said he they’re in different offices, but he said, those are the people who would know about this issue in this story. I said, I have somebody. I said, state Senators know about this, they were there with me. We went to the site. We spent some time there. I said they know about it, and a gentleman last night told me. I didn’t tell them who it was, but I said a gentleman last night told me that he was itching, he wanted to call [North Dakota Attorney General] Drew Wrigley. And [Senator] Kevin [Cramer] said, “Well, that might not be a bad idea. That could probably be a good idea bringing Drew in.” And then he says, Let me see what I can do. I said, I’m just wondering if there is a way that we can get Commerce to do what they promised and get him his money. And he said, “Well, how much?” And I said, Well, I think there are two things. I said, the gentleman can tell you the numbers exactly, but I think there are two things that they promised him that they are not delivering on, and you need to get those numbers from him. But I said, um, this needs to be this needs to be solved and made right by Commerce. And he said, “Well, I will tell you. I will see if I can persuade someone at Commerce to do the right thing.” That’s what he said, and that sounded very… positive to me.

Whistleblower: Okay… How is an issue that’s under federal investigation, not a federal issue?

Lori Hinz: I agree. I agree, but I am happy that he is considering this a state issue, which means that he wants to make it right. If he would have said, and put his hand that he knew that it would be, I think he knew after I said that I’d seen all the evidence that I knew that he knew that I knew that his staffers were on those, all of those phone calls. All of those Zoom meetings… so he knows that now.

Whistleblower: Ok…

Lori Hinz: I agree with you, I think it’s a federal issue. He said, two times he said, this is not a federal issue this is a state issue. And I thought, well, if you want to keep it a state issue and make it a Commerce issue and blow up Commerce because of it, I am totally okay with that. Now I don’t have to do the story, but he knows that it is about to come out and you [North Dakota State Senator] Kent Weston tell me that you have talked to some other media people, which is great. I think that is just fine, but they may want to just wait a little bit before blasting stuff out so that Kevin can, uh, solve this issue.

Whistleblower: Okay, you don’t… go ahead.

Lori Hinz: I got your email about you and not wanting to have anything to do with this, and you don’t have to have to face this. This is on us. This is on Derek and me, and our goal is to keep you safe. Not get you killed. And we’ll be able to get your money. You need to get you need to get your financing so that you can get back up in business. So I do think that Kevin is capable of doing that. I do think that he’s able to exert some sort of leverage on Commerce to do what they need to do the right way and to make you whole. I think he’s capable of that.

Whistleblower: You didn’t just put a target on my back?

Lori Hinz: I didn’t just put a target on your back. I did not. No, no.

Lori Hinz: Hey Charles.

Whistleblower: Hey,

Lori Hinz: How are you doing?

Whistleblower: Good. Sorry, I just had to wrap a call.

Lori Hinz: No worries. I totally get it. So since I don’t have any new updates for you, I just wanted to check in and see how you’re doing. I have pinged the Senator [Kevin Cramer] again, and I’m just keeping on it and just trying to, like, send him occasional text so I’m not bombarding him, but he knows that I have not remotely forgotten about it, so that’s where I’m at right now. And I just wanted to kind of give you an update and let you know that.

Whistleblower: Okay, I haven’t asked you to do that. I’m looking forward to accurate reporting of the story.

Lori Hinz: Yep, I know. I… I have to do this first.

Whistleblower: And what is the reason?

Lori Hinz: The reason is because this is the best way to get a good result, and then we can go great guns with the story, but first we have to protect you, and also your assets that are owed to you by the state. So we’ll do that first, and then you will go great guns after that. That first thing we need to do is make sure that you are covered.

Whistleblower: I don’t see how this approach is helpful.

Lori Hinz: I understand that. I understand you don’t see that, but this is literally the best way. And I am convinced there I wouldn’t have gone this direction. I was great guns at first, but I think that would have just put you in great peril. I really do. I truly feel like that would have put you in much, much more great danger, grave danger. So this is a lot more comfortable with this way, because I do think that there may be some downward pressure to get Commerce to do the right thing, and in so doing also protect you and your family.

Whistleblower: I think you guys are actually just amping up pressure against our business with your tactics, because it’s gotten to Commerce, it’s gotten to the Governor, and they’re digging their heels in against us.

Lori Hinz: Even talked to who has gotten to Congress and who’s gotten to the governor?

Whistleblower: Gonna leave it at that.

Lori Hinz: Okay.

Whistleblower: There’s no help. I think you’re making things worse.

Lori Hinz: I don’t I don’t think we’re making things worse. I think we’re being prudent in order to protect you.

Whistleblower: I think you have a story that needs to be told in order to protect me.

Lori Hinz: I think that you are concerned about getting the bigger story of the danger to airlines out, and that needs to be on the back burner a little bit. That has to be the result that people come to on their own, rather than the flash in the pan first story, I really do.

Whistleblower: You’re putting words in my mouth because I told you, since the beginning, I have been sabotaged since the start of this. And the state issues alone are a story the way they targeted a recruited business.

Lori Hinz: Yeah, I agree. I think that that is a big story then, so when we have to fix first, yeah, I agree with you.

Whistleblower: Okay, we are definitely not on the same page, but I do thank you for giving me a call to let me know where you’re at.

Lori Hinz: And I know you’re frustrated. I totally get it. After years of this bullshittery, I totally get it. I really do. I just want you to remain calm and let you know that if we can sit tight little on this I do. I am very encouraged by the initial contact I had, and I am very encouraged that that will be a motivator for this individual to get some relief for you from the state. I really am. I’m very confident I would not be taking this path if I didn’t think it was going to be appropriate, safe for you, and also give you these needed results. And down the line, yes, we can absolutely blow the story up. I just don’t want to do it and and then put you in danger. And I really, really, really worried about that part. And so that’s that’s why the delay. And I know everybody wants to go great guns great guns. I will tell you that I’m having good conversations with legislators about this. I’ve had some really good conversations with multiple people. I’m keeping in touch with [State Senator] Kent Weston and keeping in touch with all of the, all of the players I just texted with [State Senator] Judy Estonson in a little while, though, Andrea Thomas, no big deal. I can call her back. Um, I just, I just want you to know that I have not just let it lay, I have absolutely kept in touch with the people and the players, including Coach and everybody else. So…

Whistleblower: And you’ve caused problems for me because you’ve told them you’re going forward with a story, and instead, you have this other thing that you’re doing, and then they have talked to me and said, Well, this is what’s happening, but you’re doing this other thing.

Lori Hinz: Well, we are going to do the story, and I just told you that again, that’s the plan, is to do the story, but only after you get your required money. It’s the worst thing that we could do, is pull it up and then you end up with nothing. And I do not want that to happen to you and your family. I think that’s ridiculous.

Whistleblower: I don’t believe that by protecting the state in this that they’re going to somehow do the right thing for me, because they’ve done the wrong thing for two straight years. I think by letting the public know that they are targeting us, have done so egregiously. Have actually you heard testimony from an officer who was instructed not even to assist if we made distress calls.

Lori Hinz: I know.

Whistleblower: I don’t believe waiting is the appropriate way at all, nor was that the agreement under which I provided the thumb drive to you. I’m making my position very clear.

Lori Hinz: I know.

Whistleblower: I feel that I was betrayed.

Lori Hinz: Well, I am so sorry. I certainly didn’t mean to betray you. I do want to protect you, however, please be advised and know that for a fact, that I’m not holding back purposely to hurt or harm you in any way, but rather to get you what you need. I am I am, I’m going about this little I’m just going to try it first, if it is, if it is not working, and if nothing happens. Or worse, something gets even wonky or goes sideways, then… all bets are off. But as of right now…

Whistleblower: You guys are causing wonky I can tell you that, and I’m not going to go into the details, but it’s not getting better. It’s getting worse.

Lori Hinz: Are you being threatened more?

Whistleblower: I’m not going to go into the details.

Lori Hinz: If you can’t give me details, and that’s that’s fine. I can’t, I can’t help you any further with that.

Whistleblower: The Reason I’m not giving me details is because you’re having, instead of setting up a meeting for me and a legislator, you’re having meetings supposedly on my behalf, which I haven’t authorized.

Lori Hinz: Did you talk to the contact that I gave you? Have you talked to them?

Whistleblower: No.

Lori Hinz: Okay, well, you asked for a contact in his office, and I gave that to you, and I gave you his scheduler’s cell phone number.

Whistleblower: You also told me that you were somehow brokering on my behalf, and it makes me very uncomfortable to call them, because you’re doing something that I am questioning, even as to the ethics of it.

Lori Hinz: I understand.

Whistleblower: Put me in a very uncomfortable position.

Lori Hinz: You are already in a terrible position.

Whistleblower: And you guys have a media platform that can assist telling the truth about how the state train wrecked us and then made up allegations in order to try and get rid of us, and now doesn’t know what to do, because we’re still here and we have growing support.

Lori Hinz: Exactly right, and I will continue to help that support grow. I have already done that. I will continue to do that.

Whistleblower: But when you tell legislators that you know you’re working on the story, but you tell me that you’re not working on the story. I mean, last week, you told me the story doesn’t need to go out. You can get this fixed. Different people, different things, and then it confuses everybody, and it makes it more complicated for the group that’s trying to help me. I’m sharing my position. I’m sharing what is happening and that you’re not doing good, you are not helping.

Lori Hinz: I understand that you view it that way. I do understand your frustration, and I understand that you feel like people are being confused

Whistleblower: Because I trusted you. I trusted you to do it one way,

Lori Hinz: You still can, you still can and I just telling you I am doing this methodically, rather than jumping both feet in right off the bat. I’m trying to be prudent rather than imprudent. I am trying to be methodical rather than not thinking things through, and I hope that is helpful. I don’t think that it’s a good idea to do knee jerk things, and so I am taking an approach that is allowing us to be as careful as possible with your and your family’s lives and also with your financial future for your company.

Whistleblower: I have partners that will take us forward. They simply need the state to stop sabotaging us in the background,

Lori Hinz: And that’s exactly what we’re taking care of and working on right now. That’s exactly right. That’s exactly the tact we’re trying to make sure that the that the state and commerce is no longer sabotaging. That’s the goal.

Whistleblower: And it’s gotten worse.",Assistant Editor,,2024-10-29,CONTROL_Polish_Womens_Strike_2020_2024,sustained,True,0,"In, The, To"
https://www.thegatewaypundit.com/2024/10/our-front-has-collapsed-ukrainian-general-sounds-alarm/,The Gateway Pundit,‘Our Front Has Collapsed’: Ukrainian General Sounds the Alarm on the Crumbling Defenses as Russians Set Their Sights on Key Hub of Pokrovsk and Its Last Coal Mine,"Until a few months ago, the war in Ukraine was basically a static trench war reminiscent of WW1, and sieges to take towns were endlessly long and bloody.

Now, with Ukraine’s defenses decaying in numbers and capabilities, as well as materials and ammunitions, and with Russian forces probing myriads of places in the front at the same time, the attackers are taking up territory faster than ever since the first month of the war.

German, Pro-Ukraine Bild analyst Julian Röpke reported that from 24 to 26 October alone – three days – the Russian army had captured eight settlements: Bogoyavlenka, Katerinovka, Izmailovka, Aleksandropol, Gornik, Selidovo, Shakhtyorskoye, and Vishnevoye.

And in the last three days, the pace hasn’t subsided.

There’s now talk of a multi-pronged cascade offensive’ towards this immediate objective of Pokrovsk.

Besides being a key transportation hub, the city also holds in its environs a unique feature: the last coking coal mine in Ukraine.

Slavyangrad reported:

This comes as more and more sources from within the Ukrainian army are sharing the real dire situation of the pro-Kiev troops.

After the fall of Selidovo, there are no large cities on the Russian army’s route, and the troops can focus all their attention on Pokrovsk and Mirnograd.

But as has been the case, no one should expect the Russians to clash head on with the defenses in these places.

The tactics have been the same – moving forward, probing up weak defenses everywhere, flanking the big centers, circling it until you put the defenders into a cauldron and they have to flee or die.

It’s a boa constrictor strategy that is working.",Paul Serran,,2024-10-29,CONTROL_Polish_Womens_Strike_2020_2024,sustained,True,0,"In, The, To"
https://www.thegatewaypundit.com/2024/10/rep-marjorie-greene-sounds-alarm-after-capitol-police/,The Gateway Pundit,Rep. Marjorie Greene Sounds the Alarm After Capitol Police Conduct Late-Night 'Casualty Evacuation Exercise' with 12 Helicopters Buzzing Over Capitol Hill: 'They are Planning to Maintain Control of the Capitol',"The U.S. Capitol Police, in coordination with federal agencies, conducted a “Casualty Evacuation Exercise” Monday night, just over a week before Election Day.

In a public notice, the U.S. Capitol Police stated, “EXERCISE: This evening, the United States Capitol Police & our federal partners are conducting a routine training exercise on the grounds of the U.S. Capitol. Please do not be alarmed if you see emergency vehicles and low flying helicopters.”

This exercise took place one week after the Capitol Police conducted a campus-wide evacuation drill.

“EXERCISE: This morning, at approximately 10:00 am, we will have a campus-wide evacuation exercise. The routine drill is in coordination with our Legislative Branch partners. Expect temporary street closures to include Constitution Avenue, Independence Avenue, and D Street, NE,” Capitol police wrote on Monday, October 21.

The timing of this exercise, coming just as the 2024 elections approach, has raised alarms among some conservative leaders, including Representative Marjorie Taylor Greene (R-GA). Greene has issued a stark warning about what she believes is a calculated move by Democrats to secure control over the Capitol ahead of January 6, the date designated for certification of the presidential election.

In a statement to her supporters, Greene argued that the Democrats are ramping up security measures in Washington, not to protect the people, but to further entrench their hold on the government should they lose seats in the House.

Read Rep. Greene’s statement below:

Capitol Police hold “Casualty Evacuation Exercise” at the Capitol with multiple helicopters last night.

Stay with me on this.

Trump told us to make it to big to rig and we are on our way to making that happen as long as everyone votes for Trump, but we are in danger of losing the House with approximately 20 House seats literally too close.

Without the House, we can not pass critical legislation to bring forward our MAGA agenda.

But also, if Democrats control the House, they will refuse to certify President Trump’s election on January 6th. They’ve already said they won’t certify.

Leading into this election just in the past few months, Democrats are making big moves to secure the Capital in January for certification on the 6th.

Last night, Capitol Police conducted a “Casualty Evacuation Exercise” on the East Front with multiple helicopters.

This comes after the DoD signed off on military force to be used to assist police against the American people, Mayorkas designating Jan 6th as a “Special Security Event” through Homeland Security, Mayor Bowser of DC requesting security for Jan 6th, and announcement of fencing to be erected Jan 5-21st.

While security is always important, Democrats are the party of riots, violence, and destruction. If they lose, they don’t care about securing anything. They nearly burned down Washington on Trump’s inauguration in 2017, rioted nightly during 2020, called us all Nazi’s and Trump Hitler for years, and shot Trump in the face.

But they are ramping up mass security for the Capitol because they are planning to maintain control of the Capitol by winning the House.

Trump’s momentum is too big to stop and we are watching the polls stopping the steal for Trump, but we are not doing the same thing for critical House races.

And if Trump wins the WH, Republicans win the Senate, but we lose the House, Democrats will build a fortress of resistance in the House.

They will stop everything, they will impeach Trump again, and they will abuse every ounce of power that comes with the House of Representatives.

And Democrats see all of us as the enemy.

Make sure you VOTE all the way down ballot for Republicans and don’t skip voting just because you are in an unwinnable Democrat state or a solid Republican state and you don’t think your vote matters that much.

You voting for Trump AND that RINO Congressman you can’t stand is actually the key right now to saving this country!!

We have to win the Presidency, the House, and the Senate!!!

GO VOTE AND WIN IT ALL!!!",Jim Hᴏft,,2024-10-29,CONTROL_Polish_Womens_Strike_2020_2024,sustained,True,0,"In, The, To"
https://www.thegatewaypundit.com/2024/10/watch-share-this-devastating-ad-jocelyn-nungarays-heartbroken/,The Gateway Pundit,WATCH AND SHARE: This Devastating Ad From Jocelyn Nungaray's Heartbroken Mother Deserves to End Kamala Harris's Campaign (VIDEO),"The mother of Jocelyn Nungaray, a 12-year-old girl who was murdered by illegal aliens, has released a devastating ad explaining why she is supporting Donald Trump.

In an ad produced by the Trump campaign, Alexis Nungaray discussed how her daughter was brutally raped and murdered by two criminal aliens let into the country under Kamala Harris.

One of those men was reportedly the son of an official for Nicolas Maduro’s socialist dictatorship in Venezuela and may also have had links to the transnational gang Tren de Aragua.

She explained:

Sunday night, I asked her to not stay up super late because of her coming to work with me in the morning for to do her summer school. She said okay. I told her good night and I love you. I went to bed not realizing that that was going to be the last time I saw her.

I woke up to notice she wasn’t in her bed. I’m in my heart trying not to lose my mind because I don’t know where she is. I finally remembered her phone had a location on and her phone was pinging just two minutes down the road right behind the skate park.

I start driving to the direction the phone was being pinged at and I see a couple cop cars with lights on. I see yellow tape and immediately my heart drops and sinks to the bottom of my stomach. My daughter’s hands and ankles were both bound.

She was strangled to death but left with no pants. And I know in my heart she fought incredibly hard. She was not going down without a fight.

Kamala Harris was in charge of immigration in our borders. If we had better border policies and not open borders and not these catch and release policies, I truly believe this all could have been prevented.

Under her being vice president of this country, my daughter’s life was ripped away from her. She had her entire life ahead of her. My daughter is six feet in the ground based off of policies that she allowed to keep. Kamala Harris did have one job and she not only failed, not me, she failed my daughter. She failed Jocelyn and she was only 12.

President Trump reached out, gave me his sincerest condolences as not a former president but as a father of someone who cares. I believe Donald Trump needs to be back in office. I can at least know that my next child will be safe in this country.

Watch the ad below:

Jocelyn Nungaray is tragically one of countless Americans senselessly murdered by illegal aliens since the Biden-Harris regime seized office.

One of the other most high-profile cases was that of 22-year-old Georgia nursing student Laken Riley, who was similary kidnapped, assaulted and ultimately murdered by another illegal from Venezuela who had repeatedly been let free by law enforcement agencies.

Yet while the Nungaray’s murderer may be facing the death penalty, Kamala Harris has been rewarded with the Democrat nomination for president.

Americans will soon have the chance to set that right.",Ben Kew,,2024-10-29,CONTROL_Polish_Womens_Strike_2020_2024,sustained,True,0,"In, The, To"
https://www.thegatewaypundit.com/2024/10/chilling-police-arrest-illegal-immigrant-attempted-rape-woman/,The Gateway Pundit,"CHILLING: Police Arrest Illegal Immigrant for Attempted Rape, Woman Cries Out ""Thank You Jesus"" as Police Arrive Just in Time (VIDEO)","Volusia Sheriff’s Office in Florida has released body cam footage of officers responding to a call of an illegal immigrant attempting to rape a young woman.

Police were called to the scene after the woman called 9-1-1 and pretended to order a cheese pizza, a common tactic many victims of rape and assault do in order not to tip off their predators.

Sheriff Mike Chitwood shared, “Our communications folks were able to triangulate her phone because she couldn’t give us the address where she was because she was in a field in Pierson (Florida).”

As officers arrived on the scene, the woman cried out, “He’s trying to rape me, can you help me!”

The officers quickly responded and apprehended the man.

As the officers were removing the man from the woman, she cried out, “Thank you, Lord, thank you, Jesus.”

WATCH:

Per The Daily Caller:

The Volusia Sheriff’s Office in Florida released a video Friday appearing to show an illegal immigrant trying to rape a young woman after she called 9-1-1.

While on the emergency phone line, the woman pretended to order a pizza, a common euphemism for rape and assault victims who don’t want to tip off their assailant that they’re calling for help.

When sheriffs located the caller, she yelled, “he’s trying to rape me, can you help me!”

“Hey, get off her now!” one sheriff yelled, the video shows.

As the officers apprehended the suspect, the alleged victim began crying profusely and screamed, “THANK GOD, THANK YOU, JESUS!”

WPTV reported Luis Diego Hernandez-Moncayo, 27, has since been arrested and was in the U.S. illegally.

Hernandez-Moncayo has been arrested and charged with attempted sexual battery, false imprisonment, and battery by strangulation.",Anthony Scott,,2024-10-29,CONTROL_Polish_Womens_Strike_2020_2024,sustained,True,0,"In, The, To"
https://www.thegatewaypundit.com/2024/10/democrats-ignore-irans-role-anti-western-axis/,The Gateway Pundit,Democrats Ignore Iran's Role in the Anti-Western Axis,"While Iran, China, Russia, and North Korea forge an anti-American alliance, Democrats are calling President Trump a threat to national security.

Misplaced concern and wasted resources are leaving the country vulnerable to attacks and to being displaced by China.

Since the fall of the Soviet Union, the United States emerged as the world’s sole superpower, leading many in the West to believe their way of life was secure from significant threats.

This sense of complacency has allowed nations like China and Iran to strategically maneuver against Western interests, often without substantial pushback.

While the U.S. populace and government are divided in a heated left-right contest, Iran and its allies are executing long-term plans to undermine Western dominance and reshape the global order.

Iran has targeted President Trump multiple times with hacking and an assassination-for-hire plot.

Joe Biden is so oblivious to the threat from Iran that he has cautioned Israel to temper its counterattacks, while Trump rightly said that Netanyahu should “blow them to smithereens.”

Democrats demonize Republicans, without considering how adversaries exploit internal vulnerabilities.

This lack of comprehensive strategy leaves the U.S. and the West unprepared to make tough decisions that might involve short-term sacrifices for long-term security. Meanwhile, opponents are diligently working to weaken societal foundations from within.

Iran is a pivotal member of a consolidating anti-Western bloc that includes China, Russia, North Korea, and organizations like the Muslim Brotherhood.

Despite ideological differences and historical tensions, these entities find common ground in their opposition to Western hegemony.

They collaborate to diminish the West’s economic, military, and technological advantages.

In March 2024, China, Russia, and Iran conducted joint naval drills in the Gulf of Aden and the Arabian Sea, named “Maritime Security Belt – 2024.”

This was their fifth such exercise since 2019, covering an area that includes three of the world’s most strategically important straits.

The drills involved over 20 ships and marked the first time observers from other countries, such as Pakistan, India, and South Africa, were allowed to participate.

While Beijing stated that the drills were unrelated to recent developments in the Middle East, they took place amid rising tensions, including attacks on commercial ships and escalating conflicts in the region.

The exercises serve as a clear signal to the West of the trio’s intent to project power and reinforce their position.

In October 2024, Iran’s President, Masoud Pezeshkian, met with Russian President Vladimir Putin, further solidifying the relationship between the two nations.

Iran has been actively seeking closer ties with Russia, including military cooperation that has significant implications for regional stability. Iran has transferred drones, such as the Shahed 136, to Russia, which have been used in the conflict in Ukraine.

This military collaboration extends beyond drones. Iran is interested in other military-to-military relationships with Russia, including ballistic missiles and advanced weaponry.

In return, Iran may seek Russian support for its activities in the Middle East.

Iran has been using its proxies in multiple countries to exert pressure on its adversaries, particularly Israel.

There have been reports of increased drone attacks and other military actions against Israeli targets, attributed to groups supported by Iran. Evidence suggests coordination between Iran, Hezbollah, and other groups in planning and executing attacks.

Russia’s closer relationship with Iran raises concerns about Moscow’s role in these regional conflicts.

Both Iran and Russia support the Assad regime in Syria, and Russia’s willingness to overlook or even tacitly support Iran’s activities in the Middle East could further destabilize the region.

A key tactic employed by this alliance is creating alternatives to Western-dominated financial systems and economic networks.

Iran, heavily sanctioned by the West, has found in China and Russia willing partners to bypass these restrictions.

China imports around 90% of Iran’s oil exports, providing Tehran with a vital economic lifeline. Russia, facing its own sanctions since its 2022 invasion of Ukraine, has developed a dependence on Iran for drones and missiles to bolster its military efforts.

The three countries are also working within multilateral organizations like BRICS and the Shanghai Cooperation Organisation to strengthen economic ties and promote a multipolar world order.

They aim to reduce reliance on the U.S. dollar by establishing new payment systems and trade routes, challenging the West’s financial dominance.

Despite their shared opposition to the West, significant challenges exist within the alliance.

Iran’s relationship with China is complex; Tehran is increasingly dissatisfied with the economic outcomes, noting that its trade volume with China lags behind that of other regional countries like the UAE and Saudi Arabia.

China, while deepening ties with Iran, remains cautious not to jeopardize its broader global economic interests.

Similarly, Iran and Russia face obstacles in expanding their cooperation.

Both countries are major oil exporters competing for the Chinese market, leading to price wars that often favor Russia due to logistical advantages and fewer sanctions-related risks for buyers.

Despite clear signs of coordination among adversarial nations, the West remains hesitant to take decisive action.

Economic ties with countries like China continue largely unimpeded, and sanctions against Iran are inconsistently enforced.

This indecisiveness allows adversaries to benefit from Western resources while simultaneously undermining Western interests.

The reluctance to acknowledge and address the depth of Iran’s involvement in regional conflicts hampers effective responses and emboldens adversaries.

To counter these multifaceted threats, the West must adopt a more strategic, long-term perspective. Recognizing the existence of an anti-Western alliance is the first step.

The U.S. and its allies need to contain Iran through sanctions and direct military action to dismantle its nuclear program and cut off funding to terrorist organizations like Hamas, Hezbollah, the Islamic Revolutionary Guard Force (IRGC), and the Houthis.

Until this is done, neither the region nor the world will be safe—and Trump is more likely to take decisive action on this than Kamala Harris.",Antonio Graceffo,,2024-10-29,CONTROL_Polish_Womens_Strike_2020_2024,sustained,True,0,"In, The, To"
https://www.thegatewaypundit.com/2024/10/despicable-stadium-security-refuses-allow-trump-supporters-enter/,The Gateway Pundit,DESPICABLE: Stadium Security Refuses to Allow Trump Supporters to Enter 49ers Game Over Wearing a MAGA Hat (VIDEO),"Trump supporters thought they would enjoy a football game on which they had spent a not-so-insignificant sum, but they received an unwelcome surprise as they tried to enter Levi’s Stadium in Santa Clara.

Footage has emerged showing the moment a group of pro-Trump San Francisco 49ers fans got stopped by security for having the audacity to showcase their support for President Trump. One of the fans posted the entire incident on her TikTok page.

In the video below, one of the women can be heard saying they were stopped by security because her son-in-law was wearing a MAGA hat, and they did not want to let them in. The group then argued with the triggered security staffers that they looked on the stadium’s website and noted the hats were not banned.

Despite this, the two security staffers still refused to let them through, sparking disbelief from other people entering the stadium. Many are seen defending the family over this outrageous discrimination.

The woman then says someone else needs to be brought out, presumably to put the anti-Trump staffers in their place and let them through.

She then shouts, “Every game is a hostile game!”

WATCH:

The woman on TikTok revealed that she was reluctant to share the incident until she saw the 49ers’ superstar defensive end Nick Bosa sport a “Make America Great Again” hat immediately following the team’s 30-24 victory over the struggling Dallas Cowboys. What was supposed to be a fun first-time experience for her kids ended up being marred.

She went on to blast Levi’s Stadium for letting this happen to them and added that it took over half an hour arguing with the staffers before the supervisor finally arrived to let them through.

“This is usually stuff you see on social media but never a thought it would happen to you,” she wrote. “We are so disappointed in @San Francisco 49ers Levis Stadium.”

“We were stopped after we scanned in tickets and security check points, by one male asking my husband to either throw away the hat or leave the stadium,” she added. “It lead to 30-45 min of arguing and missing the beginning of the game just for the supervisor to let us through.”

She concluded by thanking those who spoke up in her family’s defense.

It is unknown at this point whether the staffers involved suffered any disciplinary action for ruining this patriotic family’s evening. One can be sure a pro-Kamala Harris crowd would have been treated entirely differently.",Cullen Linebarger,,2024-10-29,CONTROL_Polish_Womens_Strike_2020_2024,sustained,True,0,"In, The, To"
https://www.thegatewaypundit.com/2024/10/devastating-president-trump-is-pulling-28-2-black/,The Gateway Pundit,DEVASTATING! President Trump is Pulling in 28.2% of the Black Male Vote - Looking Like a Landslide!,"The latest BIGDATAPOLL on black men in America found that (at least) 28.2% of black men are voting for President Donald Trump this year over socialist Kamala Harris.

Harris only holds 63.9% of the black male vote – a bit over half.

This is devastating news for Democrats.

President Trump’s inroads with black voters continues to threaten the Democrat Party.

Black voters are waking up to the fact that Democrats have only brought them poverty, crime, pain, and death for 60 years now.

The stranglehold Democrats held on Black Americans for 70 years is loosening up. 70 years of poverty, crime, abuse, and neglect may be enough.

According to a recent poll at the far-left New York Times, Trump has made inroads with black voters every cycle. He now has at least 15% of the black vote – something unheard of for a Republican candidate.

But notice that Kamala is only gaining 78% of the black vote. That means that there Trump is likely doing better than the 15% that is being reported.

But, it’s not just The New York Times who are panicking about Trump’s gains with black voters.

CNN’s Senior Data Reporter Harry Enten had a new analysis earlier this month of how the political winds are shifting when it comes to Black voters, and the news is not good for the Harris-Walz campaign.

The Gateway Pundit reported on Kamala’s challenges with a demographic that Democrats have taken for granted.

Barack Obama admitted that Black voters are not excited about Kamala Harris’s candidacy and an incredulous Oprah Winfrey shared that she was stopped at the airport by a Black man who shared that he will be voting for President Trump.

Enten’s data shows that Donald Trump is the strongest Republican among Black voters since 1960.

CNN’s Harry Enten commented on this devastating development for Democrats.

Watch:

As The Gateway Pundit reported earlier, Blacks today make up at least 22% of the Democratic vote.

If Democrats lost 25% of the black vote they would lose Virginia, Florida, Ohio and North Carolina. They would also lose the election. (Washington Post)

If Trump would skim off 25% of black voters from the Democratic Party – which is likely – he would win the 2016 election in a landslide.

Work like crazy and pray for the best! God bless America!",Jim Hoft,,2024-10-29,CONTROL_Polish_Womens_Strike_2020_2024,sustained,True,0,"In, The, To"
https://www.thegatewaypundit.com/2024/10/fireworks-cnn-throws-conservative-ryan-girdusky-show-after/,The Gateway Pundit,"Fireworks: CNN Throws Conservative Ryan Girdusky Off Show After Trading Insults With Israel Hater Mehdi Hasan (""If You Don't Want to Be Called Nazis""; ""I Hope Your Beeper Doesn't Go Off"")","Conservative commentator Ryan Girdusky was thrown off the CNN NewsNight With Abby Phillip show Monday night (and later banned from CNN) during a discussion on the Trump rally at Madison Square Garden on Sunday after he traded insults with Israel hater Mehdi Hasan where Hasan hurled a Nazi insult and Girdusky responded, “I hope your beeper doesn’t go off.”

The beeper insult triggered Hasan, who took it as a death wish, and the rest of the panel who piled on Girdusky. After a break, Phillip announced Girdusky had been kicked off the show.

The night started off innocently, with Girdusky posting, “I’ll be on @abbydphillip on CNN at 10pm…. Tune in.”

It ended with Girdusky observing, “You can stay on CNN if you falsely call every Republican a Nazi and have taken money from Qatar-funded media. Apparently you can’t go on CNN if you make a joke. I’m glad America gets to see what CNN stands for.”

Video of the blow-up:

Host Abby Phillip spoke to viewers about the incident after a break, “I want to apologize to Mehdi Hasan for what was said at this table. It was completely unacceptable when we get this discussion started, you’ll see that Ryan is not at the table… I want to apologize to the viewers at home.”

CNN’s Brian Stelter posted a statement by CNN that Girdusky was banned from the network, “There is zero room for racism or bigotry at CNN or on our air. We aim to foster thoughtful conversations and debate including between people who profoundly disagree with each other in order to explore important issues and promote mutual understanding. But we will not allow guests to be demeaned or for the line of civility to be crossed. Ryan Girdusky will not be welcomed back at our network.”

Host Abby Phillip posted a video statement about the incident, saying Hasan was welcome to come back on her show, “Sharing @CNN’sstatement and a quick message from me about what happened on tonight’s show. I take this very seriously and want to again apologize to @mehdirhasan and I hope he’ll join us another time.”

Raheem Kassam, who knows Mehdi Hasan’s history, commented, “Many people forget that Mehdi Hasan was, in fact, a full blown Islamist during his London days. The videos of him calling non-Muslims apes and cattle are still available online.”

Jack Posobiec reposted a video he originally posted in 2022 of Mehdi Hasan from his days as an Islamist:",Kristinn Taylor,,2024-10-29,CONTROL_Polish_Womens_Strike_2020_2024,sustained,True,0,"In, The, To"
https://www.thegatewaypundit.com/2024/10/good-news-esteemed-southern-republican-elbert-guillory-former/,The Gateway Pundit,Exclusive Interview: Esteemed Southern Republican Elbert Guillory - a Former Democrat - Speaks with The Gateway Pundit - Is Winning His Louisiana Congressional Race - Condemns Democrat Party's Abuse of God,"In June 2013, long-time Louisiana Democrat Elbert Guillory announced that he was switching parties from Democrat to Republican.

Guillory released a video following his announcement. He argued it is the Republican Party that actually has the best interests of the black community in mind. He argued that Democrats relentlessly push an agenda intended to exert control over blacks, not lift them out of poverty.

Those words spoken in 2013 are as true today as they were when he published his video.

The video made the rounds again this week thanks to FOX News.

On Monday, The Gateway Pundit’s Jim Hoft spoke with southern Republican Elbert Guillory.

Elbert discussed his congressional race and the current state of the Democrat Party in America today.

* * * * * * * * * *

Elbert Guillory: I’ll talk with you, premier journalist.

Jim Hoft: Yes. I’ve been covering you, Elbert, since… I was just looking back here. Since 2013. You made a big splash on the national scene. You’ll have to fill us in, but you were a Democrat for years in Louisiana, and then you decided… and you’re currently running for Congress in a very competitive seat… But back then, in 2013, you decided to become a Republican. That made some headlines.

Elbert Guillory: Yes, sir. I was a state senator at the time, and the Democrat Party just left me. They started accepting all kinds of crazy anti-God, anti-gun, pro-murdering babies by the millions, positions. Their spending habits were just totally unacceptable. So they left me, and I made a little video, and that same video has come back to haunt me 13 years later. FOX just found it and did a piece on it.

Jim Hoft: Oh wow!

Elbert Guillory: It went viral, millions of people back in ’13. And it is now going viral once again.

Jim Hoft: Oh, my gosh. That’s so cool. We actually put up that video at Gateway Pundit back in August 13th. I know exactly what you’re talking about. I’ll be happy to post that again, but that’s quite amazing. I can’t help but think that in 2013, the left was starting to get pretty radical, pretty crazy. Did you ever think it would get to the point where they’re at today?

Elbert Guillory: No, I did not. It was moderately loony in 2013, and that was unacceptable to my family, my community, the values of my community and my family. And now, my heavens, they are off the chain… No one in their right mind would support feeding smut to a little kid, a five, and six, and seven-year-old child… People feel that a child who cannot be prosecuted for killing someone because they don’t have enough mental power and maturity to make that decision. They can’t smoke, they can’t drink, they can’t buy porn. But a seven-year-old child can decide, with the assistance of his teachers, can decide to transition from a girl to be a boy or a boy to become a girl!…

…When I was a boy, we went to school and we prayed three times a day. And it reminded little mischievous boys like little Albert Guillory, that there was God up there watching and seeing what you were doing, even if you were able to fugaboo the teachers, that God saw what you were doing, and that It was important for all of us little boys and these girls, too, I imagine, to know that God was watching, and God was here, God was present. Now, they’re taking God out of schools. They’re taking God out of public places, out of the courthouse, out of the city square at Christmas time.

Jim Hoft: …I wanted to touch on this, Elbert, because what impressed me when you first came out, again, 11 years ago, in 2013. Elbert came out and said that he was going to be a Republican. One of the things you mentioned at the time was that the Republican Party, it was founded as an abolitionist party. It was against slavery, and it was the Republicans that fought to free the slaves. You reminded people of that. I think that’s forgotten in our history classes, too… How does the campaign look now, Elbert?

Elbert Guillory: To be quite honest with you, as we have marched and walked and driven over the 300-mile long district that is our district now, we are getting an outpouring of support that we just could not imagine. Today, our crew was walking the streets of Baton Rouge. A lot of people said that we couldn’t take Baton Rouge. We would never. We got a toe hold in Baton Rouge. But we had a lot of support, a lot of people trending out to support us. And of course, it’s the same all over the district. We expect to have landslide victories in several of the parishes. In a couple of the parishes, we hope to battle to a standstill, our opponents, and that should give us a leg up in the possibility of a first-round victory.

Jim Hoft: All right. Well, I know that there’ll be a lot of people supporting you. You’re a courageous man, and you’re a Godly man. If there’s anything we can do at Gateway Pundit to help you, please let me know. I’m really honored to speak with you, Elbert, because like I said, when we started this discussion, I started reporting on back in 2013 when you took a really brave step and said you had enough of the Democrat Party. My heart goes out to you, and I wish you all the best of luck in the next week.

Elbert Guillory: Thank you so much. I will be back in touch with you, and I will certainly ensure that you have an invitation to the swearing in!

Watch this…",Jim Hoft,,2024-10-29,CONTROL_Polish_Womens_Strike_2020_2024,sustained,True,0,"In, The, To"
https://www.thegatewaypundit.com/2024/10/leftist-jeff-bezos-defends-decision-against-endorsing-kamala/,The Gateway Pundit,Leftist Jeff Bezos Defends Decision Against Endorsing Kamala — Slams Fake News and Demands Higher Media Standards,"The left is in a state of self-inflicted chaos after leftist billionaire Jeff Bezos, owner of The Washington Post, blocked a 2024 endorsement for Kamala Harris, marking the first time since 1980 that the far-left publication won’t endorse a presidential candidate.

The Gateway Pundit previously reported that Bezos’ decision was revealed in a heated meeting with the editorial staff, leading to a schism within The Washington Post. Prominent editorial board members resigned in protest.

The journalists join Washington Post editor-at-large Robert Kagan, who resigned on Friday. Several other journalists also resigned or vowed not to work with the paper again in the future.

The aftermath has been immediate and severe. The far-left publication has lost over 200,000 subscribers.

The timing couldn’t be more ironic. Bezos published a soul-searching op-ed expressing concern over “dwindling trust in media” after years of relentless attacks on Trump, his allies, and supporters.

“Our profession is now the least trusted of all. Something we are doing is clearly not working,” Bezos wrote, a statement that reflects more on his own leadership than on the industry he seeks to critique.

He draws a parallel between voting machines and newspapers, stressing the need for accuracy and perceived impartiality. Yet, one can’t help but question whether his sudden push for non-bias is truly principled, or merely a convenient escape hatch from endorsing a struggling candidate in Harris.

Read his statement below:",Jim Hᴏft,,2024-10-29,CONTROL_Polish_Womens_Strike_2020_2024,sustained,True,0,"In, The, To"
https://www.thegatewaypundit.com/2024/10/msm-meltdown-comedians-latino-jokes-drew-hernandez/,The Gateway Pundit,MSM Meltdown Over Comedian's Latino Jokes,"President Trump held the Mother of all MAGA RALLIES at Madison Square Garden with a packed stadium of 20k+ Trump Supporters and thousands outside that could not get in.

The rally was slandered by the mainstream media as a NAZI RALLY mirroring the NAZI RALLIES of the 1930’s. Trump’s historic rally included special surprise guests such as Hulk Hogan, Melania Trump and Elon Musk made another viral appearance.

One of the guests was professional roast comedian, Tony Hinchliffe who is known for over the top dark humor and roasts of public figures. The comedian triggered the entire leftist woke mob cult and even some republicans with a joke about Puerto Rico and latinos making babies.

As a result, the entire mainstream media used the jokes to plunge their entire base into another anti-Trump hysteria campaign, accusing Trump of racism when he himself did not even tell the jokes.

This is yet another example of American culture stuck in its politically correct prison, being unwilling to accept humor or even take a joke.

Watch as Drew Hernandez, a latino, breaks it all down.

Follow Drew on RUMBLE: https://rumble.com/c/DrewHernandez Follow Drew on X: https://x.com/DrewHLive",Drew Hernandez,,2024-10-29,CONTROL_Polish_Womens_Strike_2020_2024,sustained,True,0,"In, The, To"
https://www.thegatewaypundit.com/2024/10/popular-fitness-app-strava-used-secret-service-agents/,The Gateway Pundit,"Popular Fitness App Strava, Used by Secret Service Agents, May Expose Location of Trump, Biden and Macron in Glaring Security Breach: Le Monde","The largest French newspaper, Le Monde, did an investigation on a popular fitness app, and the results are disturbing to the safety of heads of state and other leaders around the world.

Here’s the full investigation (in French, behind a paywall).

Le Monde discovered that the potentially confidential movements of US President Joe Biden, candidates Donald Trump and Kamala Harris and other world leaders are easily tracked online using the Strava fitness app that many of their bodyguards use.

Associated Press reported:

USSS downplays the danger, saying that agents don’t use personal electronic devices while on duty, but off-duty social media usage is not frowned upon.

Back in 2023, a particular USSS agent’s Strava profile dangerously revealed what hotel Biden would be staying in San Francisco for meeting with Chinese President Xi Jinping, by tracing the route of the agent’s jogging.

Movement data that is trackable on Strava is an open door to potential security breaches.",Paul Serran,,2024-10-29,CONTROL_Polish_Womens_Strike_2020_2024,sustained,True,1,"De, En, La"
https://www.thegatewaypundit.com/2024/10/rnc-demands-immediate-action-pennsylvania-secretary-commonwealth-amid/,The Gateway Pundit,RNC Demands Immediate Action from Pennsylvania Secretary of the Commonwealth Amid Allegations of Voter Suppression and Disenfranchisement,"In a sternly-worded letter, the Republican National Committee (RNC) has called on Pennsylvania Secretary of the Commonwealth, Al Schmidt, to ensure that every Pennsylvanian can vote unimpeded.

Chairman Michael Whatley is urging immediate intervention to address reports of widespread issues at polling sites across the state.

“With only eight days until Election Day, Pennsylvanians across the commonwealth deserve every option available to exercise their civic duty. But voters are being turned away, given faulty information, and told their ballots will not be counted. This is nothing short of voter suppression, and we demand immediate action to ensure every legal vote can be cast and counted properly,” RNC Chairman Whatley said in a statement.

According to the press release:

Republican committeewoman Fran Haller contacted The Gateway Pundit and expressed deep frustration over the voting issues at local service centers, particularly noting early closures that are not in line with the official schedule.

I am the Republican committeewoman in Bucks County, PA. We have a problem with the On Demand Voting. Republicans are coming out to vote early here in Bucks County. Voters are being turned away at the County Gov’t Service Centers because they are closing well before the hours that are posted on the Board of Election’s website. https://www.buckscounty.gov/1417/Voting-On-Demand-Ballot-Replacement-and

The 7321 New Falls Road, Levittown, PA 19055 has closed at 2:30 a number of times when the closing time is posted as 4:30. This facility has ample parking, so it is more favorable than the 55 E. Court St. Doylestown location.

Today, voters were turned away from the Doylestown location because they only had one printer, and they would not be processed in time. This is voter disenfranchisement. Our Bucks County Commissioners are in charge of the Board of Elections.

I have called the commissioners. Bob Harvie called me back, but his response was unsatisfactory. He apologized for the inconvenience but did not say what they would do to correct this issue.

If you can, please shine a light on this! I’m sure they will be pulling this disenfranchisement until October 29, when On Demand voting ends. How many people that were turned away will return?

Bucks County Republican Committee released a statement on Facebook:

We have gotten many calls from voters this weekend saying they weren’t able to vote on demand at the Bucks County Board of Elections or their satellite offices yesterday as they closed the lines for on-demand voting around noon.

We are also aware of people getting in line, on time, and being turned away before the hours for on-demand voting officially ended. If you or someone you know has had this experience please send us, or have them send us, an email detailing their experience to [email protected]

An additional problem is a website that was incorrectly advertising on-demand voting as being available up until 5 pm on Saturday. The website in question, vote.pa, is not an official website and is not affiliated with the PA Department of State, the Bucks County Board of Elections, or the Republican Party and, In fact, the website is paid for by Commonwealth Communications, a left-leaning progressive organization.

For correct voting information please visit vote.pa.gov or https://www.buckscounty.gov/1252/Board-of-Elections.

The last days to do on-demand in-person voting will be Monday 10/28 and Tuesday 10/29 from 8 AM to 5 PM at the Administration Building in Doylestown, and 4:30 at the Government Centers in Quakertown and Levittown. Please be aware they have been closing the line early so be sure to get in line as soon as possible.

We can’t let long lines and closed offices stop us from casting our votes to ensure victory. If you are not able to do on-demand voting, please be sure to get to your polls on Tuesday, November 5th, we need every vote to win! President Trump and our Republican candidates are counting on us.

When Bucks County wins, we win PA, when we win PA…we win the White House!

On Monday, Pennsylvania GOP Committeewoman and RNC delegate Val Biancaniello was taken away in handcuffs for telling voters at a polling place in Delaware County to stay in line and vote.

According to Val Biancaniello, the Democrats were discouraging voters from in-person voting on Monday in Delaware County so she encouraged voters to stay in line.

Read more:

The RNC's letter takes aim at Democratic Governor Josh Shapiro, who recently touted his smooth voting experience at a Montgomery County Satellite Office.

The RNC claims that, unlike Shapiro, many ordinary Pennsylvanians have faced a frustrating experience, turned away from election offices that are closing early or unable to accommodate them due to equipment issues.

Whatley and the RNC are demanding that Schmidt take swift action to provide “the same effortless experience boasted about by Governor Shapiro.”

Read the letter below:",Jim Hᴏft,,2024-10-29,CONTROL_Polish_Womens_Strike_2020_2024,sustained,True,0,"In, The, To"
https://www.thegatewaypundit.com/2024/10/steve-bannon-returns-war-room-comes-fighting-slams/,The Gateway Pundit,"STEVE BANNON RETURNS TO WAR ROOM - COMES OUT FIGHTING! - SLAMS PELOSI! - ""The 4 Months in Prison DID NOT Break Me, They Empowered Me! We Have Never Been More Powerful!"" (VIDEO)","And, Steve was ON FIRE!

Steve Bannon returned to The War Room on Real America’s Voice on Tuesday. And he was ready to go!

“They sent me to a political prison. Nancy Pelosi take out your number 2 pencil and write this down. “We have never been more powerful!”

Steve Bannon: “It’s Tuesday, the 29th of October in the Year of Our Lord 2024. We’re, what, six and a wake up away from one of the most important political days in the history of this country. But I want to make sure everybody understands something. You see from our great staff here, and I’ll talk a little bit about the production team and our co-host and, of course, the War Room Posse, all the great efforts you made so that was Next Man Up.

It’s now my turn, right? It’s my turn to be Next Man Up, as you guys have done such a magnificent job over the last four months.

Understand something, and this has to be very clear. The Democrats and those radicals you just saw on MSNBC and CNN and Joe Scarborough, and that entire crowd, they had Robert Eric Kagan’s wife who brought this entire debacle in Ukraine on us, they have no intention of giving up power. We have a three-phase, and this is why it’s so important for this audience, you’re the backbone of this movement.

We have two things we’re going to talk about today, the get out to vote effort, focused on our first phase, which is November fifth.

…I have never heard, and I think most people would agree, the rhetoric that’s come out about American citizens calling this audience, not just Donald Trump, and not the people around Donald Trump. That’s bad enough. Calling us fascists, but calling you fascists. Saying that that fantastic, that amazing rally in Madison Square Garden that could never be pulled off by Kamala Harris or the Democrats. With that energy and people from Tulsi Gabbard to Elon Musk, just the broad cross-section you had of American entrepreneurs, Vivek Ramiswami, you had these powerhouses up there. They’re trying to smirch that with one influencer’s throw away, not funny line.

I can tell you in coming from and being a political prisoner in a federal prison, that the young men in this country that are African-American and Hispanic detest Kamala Harris. They detest her. We’re going to go into details today and at the press conference of why that’s up…

Look, Elon Musk is one of the smartest guys in the world, if not the smartest practical engineer in the world. Charlie Kirk is incredibly smart. Look where they’ve put their efforts over the last couple of months. Look where Elon Musk wrote $150 million worth of checks the last couple of months. It is flat out, get out the vote. And that’s this audience comes in. Your efforts have been magnificent. The co-hosts that have done this for four hours a day and a couple of hours on Saturday, and then plus other streaming we’ve done with Grace and Mo, the incredible thing of these people stepping up is everything to motivate you to make sure that you get out and vote…

Nancy Pelosi sent me to a federal prison. She sent me to a federal prison as a political prisoner to do two things, to make sure that she tried to tamp down the power of this show, right? Tamp down the power of the show and also to break me. Nancy Pelosi, take out your number 2 principle and write this down. This show has never been more powerful. The The audiences behind it have never been more powerful. The audience has never been more powerful. And we’re going to deliver a knockout blow to your progressive insanity on fifth of November, and then we’re going to secure the deal after that.

Number two, the four Four months in federal prison not only didn’t break me, it empowered me. I am more energized and more focused than I’ve ever been in my entire life. I can see clearly, just like in 2016 and in 2020, exactly what’s going on here and what we have to do to defeat it. I want to go back through the three phases. Number one is 5 November. All that matters right now in places like Pennsylvania, and in Michigan, and in Wisconsin, Nevada, Arizona, Georgia, North Carolina, obviously other states, but these seven battleground states, is to deliver something that takes us to where Ohio and Florida are today…

…They understand she can’t… Kamala Harris, it’s impossible for her to generate any enthusiasm. Number one, what What he had to do was to focus on one thing and drive the narrative. Her politics of joy was too ill defined. She didn’t do it. So what did they do last week? They pivoted to Night Falls on America. This is a fascist movement that the people that support it are equivalent to the American German Bund in the 1930s. That is a bald-face lie, and it’s a dangerous lie. So number one, on November fifth, we have to crush them at the ballot box. There’s only one way to do that. The commercials aren’t going to do it. The only thing that’s going to do it is you’re putting your shoulder to the wheel. The hard work of walking precincts, the hard work of working phone banks, the hard work of texting nonstop. We have to put in superhuman efforts to support the Elon Musk of the world, to support the Charlie Kirk of the world, to support the other organizations that are out there doing this.",Jim Hoft,,2024-10-29,CONTROL_Polish_Womens_Strike_2020_2024,sustained,True,0,"In, The, To"
https://www.thegatewaypundit.com/2024/10/watch-awkward-embarrassing-moment-ensues-when-kamala-harris/,The Gateway Pundit,WATCH: Awkward and Embarrassing Moment Ensues When Kamala Harris Asks Her Supporters to Shout Their Names During Michigan Rally,"As the presidential election enters its final days, Kamala Harris’s campaign cannot go one day without suffering further embarrassment.

As the Detroit News reported, Harris and her China-loving running mate Tim Walz participated in a Monday evening rally in Ann Arbor. This was on top of two additional campaign stops in Wolverine State that day.

Polls in the state show Harris and President Trump in a dead heat, but Trump has surged recently.

During her rally in Ann Arbor, Harris ranted like an angry lunatic over supposed offensive rhetoric of Trump’s and lying about voting laws in swing states. Perhaps she was triggered after noticing Republicans are surging in early voting.

But some unintentional humor was instituted into an otherwise dull and angry rally. Harris had an idea to inject a little ‘joy’ back into her campaign by involving her fans, but it backfired.

The Trump campaign captured footage of an excited Harris telling the crowd, “Okay, I want each of you to shout your own name! Do that!” The moment reportedly came after the audience shouted Kamala’s name.

Harris no doubt expected to hear thousands of people shouting together in what could have been a powerful viral moment. But she got an awkward surprise instead.

The crowd greeted her call with complete silence, either confused by Harris’s strange request or forgetting their names altogether.

How humiliating for them and the Democratic nominee for President.

As is her custom, Harris responded to this by cackling like a hyena.

WATCH:",Cullen Linebarger,,2024-10-29,CONTROL_Polish_Womens_Strike_2020_2024,sustained,True,0,"In, The, To"
https://www.thegatewaypundit.com/2024/10/watch-live-president-trump-deliver-remarks-press-mar/,The Gateway Pundit,President Trump Holds Press Conference from Mar-a-Lago — Makes MAJOR ANNOUNCEMENT,"Update below.

Just one week before the November general election, former President Donald Trump will deliver remarks to the press from Mar-a-Lago on Tuesday at 10:30 am ET.

Trump is touting a “major announcement.”

President Trump will then head to Pennsylvania for two stops.

He will first attend a roundtable discussion about issues impacting senior citizens, including Medicare and social security, with former Arkansas Gov. Mike Huckabee at the Drexelbrook event center in Drexel Hill Tuesday afternoon.

He will then head to Allentown for a rally Tuesday night beginning att 7:00 PM ET.

Watch on YouTube:

Or on Rumble:

UPDATE:

President Trump talked about several important issues during the press conference.

He called out Kamala Harris on her disgusting rhetoric calling Trump Hitler and his MAGA supporters Nazis.

Trump also invited the mother of Kayla Hamilton to speak. Kayla was allegedly raped and murdered by an MS-13 gang member from El Salvador thanks to the broken Biden-Harris border.

Her mother shared, “Homeland Security did not do their job. Health and Human Services did not do their job.”

“The Biden-Harris administration did not do their job.”

“If they would have done their job, made that one phone call to El Salvador, my daughter would be alive today.”

He also shared a heartbreaking video of another young life ended because of the",Margaret Flavin,,2024-10-29,CONTROL_Polish_Womens_Strike_2020_2024,sustained,True,0,"In, The, To"
https://www.thegatewaypundit.com/2024/10/york-county-pennsylvania-election-officials-are-examining-thousands/,The Gateway Pundit,"York County, Pennsylvania Election Officials Are Examining Thousands of Suspect Voter Registrations and Ballot Applications from Third-Party Group","York County, Pennsylvania, recently received a substantial delivery of voter registration forms and mail-in ballot applications from Field+Media Corps, a third-party group working on behalf of the Everybody Votes Campaign.

Field+Media Corps, an Arizona-based consulting firm, has been actively engaging communities of color in Arizona, Pennsylvania, Nevada, and California since 2017.

This recent influx of election-related materials from such an organization has prompted York County to take a meticulous approach to validate the legality of these submissions.

Julie Wheeler, York County’s President Commissioner, has assured the public that election officials are diligently processing these submissions to confirm their legality and accuracy.

“It’s not unusual to get large stacks of voter registrations or large stacks of request for mail-in ballots. It’s just this was an overabundance of registrations from one particular organization,” Julie Wheeler told Fox43.

“We’re in a phase now where we need to do our homework before we go and make accusations when we don’t have the data to back it up,” Wheeler said.

Below is Wheeler’s full statement:

“We are committed to ensuring the integrity, safety and security of our elections. The York County Office of Elections and Voter Registration has received a large delivery containing thousands of election-related materials from a third-party organization.

Those materials appear to include completed voter registration forms, as well as mail-in ballot applications. As with all submissions, our staff follows a process for ensuring all voter registrations and mail-in ballot requests are legal. That process is currently underway.

If suspected fraud is identified, we will alert the District Attorney’s Office, which will then conduct an investigation. We will have no further comment until our internal review has been completed.”

Meanwhile, the York County District Attorney’s Office has reiterated its commitment to election integrity, stating that it stands ready to conduct criminal investigations should any evidence of illegal activities arise.

“The Office of the District Attorney has been in constant contact with the York County Commissioners and York County Board of Elections regarding any potential irregularities they are seeing and observing that may necessitate further investigation by this office.

As we have always done, this office will investigate any matter regarding elections that require a criminal investigation and if needed, would prosecute any cases where the evidence is sufficient to support a conviction.

Regarding any specific allegations or investigation, it is the policy of this office not to comment on such specific matters but only general operating procedures. Any other questions concerning the operations of elections should be referred to the County Commissioners and/or the Board of Elections.”

The investigation in York County comes on the heels of Lancaster County officials announcing a probe into approximately 2,500 questionable voter registrations. That batch, similarly tied to a large-scale canvassing effort, reportedly contained false names, incorrect addresses, and other discrepancies.

Lancaster County, Pennsylvania city officials announced on Friday that they were investigating a massive fraudulent voter registration operation investigation involving thousands of fraudulent voter registrations.

During their press conference on Friday morning, the officials announced that the investigation would likely expand to include at least two neighboring counties.

Lancaster officials also announced that two ballot registration groups were involved in the scandal. These groups were not mentioned by name during the press conference.

A county attorney urged the Secretary of State’s office to warn other Pennsylvania counties to be on alert for fake registrations.",Jim Hᴏft,,2024-10-29,CONTROL_Polish_Womens_Strike_2020_2024,sustained,True,0,"In, The, To"
https://www.thegatewaypundit.com/2024/10/200000-subscribers-ditch-washington-post-after-newspaper-refuses/,The Gateway Pundit,"Over 200,000 Subscribers Ditch Washington Post After Newspaper Refuses to Endorse Kamala Harris","The loss amounts to about eight percent of the paper’s 2.5 million subscribers across their digital and print formats.

The stunning figure continued to rise on Monday, according to a report from NPR, which cited two people at the Post familiar with the subscriber numbers.

“It’s a colossal number,” former Post Executive Editor Marcus Brauchli told NPR. “The problem is, people don’t know why the decision was made. We basically know the decision was made but we don’t know what led to it.”

The canceled subscriptions point “to the polarization of the times we’re living in and the energy people feel about these issues,” Brauchli told NPR. “This gave people a reason to act on this mood.”

Brauchli is urging people not to unsubscribe over the Harris snub.

“It is a way to send a message to ownership but it shoots you in the foot if you care about the kind of in-depth, quality journalism like the Post produces,” Brauchli said. “There aren’t many organizations that can do what the Post does. The range and depth of reporting by the Post’s journalists is among the best in the world.”

Also on Monday, two more Washington Post editorial board members stepped down in protest of the newspaper’s decision.

The journalists join Washington Post editor-at-large Robert Kagan, who resigned on Friday. Several other journalists also resigned or vowed not to work with the paper again in the future.

The newspaper announced its decision not to endorse on Friday, prompting a wave of liberals to cancel their subscriptions.

“The Washington Post will not be making an endorsement of a presidential candidate in this election. Nor in any future presidential election. We are returning to our roots of not endorsing presidential candidates,” the announcement read.

The announcement added, “Our job at The Washington Post is to provide through the newsroom nonpartisan news for all Americans, and thought-provoking, reported views from our opinion team to help our readers make up their own minds.” It concluded by saying, “Most of all, our job as the newspaper of the capital city of the most important country in the world is to be independent. And that is what we are and will be.”

The idea of neutrality did not sit well with the left, including the paper’s leftist staff.",Cassandra MacDonald,,2024-10-29,CONTROL_Polish_Womens_Strike_2020_2024,sustained,True,0,"In, The, To"
https://www.thegatewaypundit.com/2024/10/breaking-war-room-host-steve-bannon-released-prison/,The Gateway Pundit,BREAKING: War Room Host Steve Bannon Released from Prison,"Steve Bannon is FREE!

War Room reporter Jayne Zirkle posted this moments ago.

Steve’s daughter Maureen greeted him this morning upon his release!

Bannon, 70, was released from the Federal Correctional Institution in Danbury, Connecticut, early Tuesday morning.

The wildly popular political firebrand served four months behind bars for contempt of Congress after refusing to testify before the House committee investigating the January 6 Capitol protest.

Bannon was widely considered to be a political prisoner.

War Room co-host Natalie Winters confirmed his release in a post on X shortly after 6 a.m. EST.

“Steve Bannon is a Free Man,” Winters wrote.

Congresswoman Marjorie Taylor Greene wrote in a post on X, “Steve Bannon has been released from prison earlier this morning! Welcome back Steve!! Let’s win this election and defeat these communists!!”

Bannon is expected to hold a press conference in Manhattan later in the day. He is also expected to pick up the microphone and return to his show.

Unfortunately, this is not the end of his legal troubles. In December, Bannon will go on trial in New York over his efforts to privately fund a wall along the southern border. He has pleaded not guilty to the charges.",Cassandra MacDonald,,2024-10-29,CONTROL_Polish_Womens_Strike_2020_2024,sustained,True,0,"In, The, To"
https://www.thegatewaypundit.com/2024/10/mika-mental-case-calls-trumps-msg-rally-white/,The Gateway Pundit,Mika the Mental Case Calls Trump's MSG Rally a 'White Nationalist Nazi Type Rally' on The View (VIDEO),"Mika Brzezsinski of Morning Joe went on The View today and reacted to Trump’s MSG rally exactly as you would expect her to.

In a breathless panic, she described the event as a ‘white nationalist Nazi rally’ and even went on to cite various anti-Trump hoaxes like the ‘suckers and losers’ lie.

She really looks mentally deranged at this point.

The Daily Mail reports:

MSNBC’s star morning host Mika Brzezinski was roasted online for her ‘hysterical’ reaction to Sunday night’s Donald Trump rally at Madison Square Garden in New York.

Speaking with the ladies of the The View on Monday, Brzezinski appeared to sound the alarm over what a second Trump presidency might look like as she gave her reaction to the gathering where 20,000 MAGA supporters turned out.

‘If you thought the unhinged hysteria on The View couldn’t get any crazier, they brought on MSNBC banshee Mika Brzezinski who warned: “These are the final hours!” She claims the MSG rally was one big “white nationalist, Nazi-type rally” with “historic parallels,”‘ conservative commentator Nicholas Fondacaro wrote on X.

Brzezinski appeared earnest in her warnings with just over a week to go before the majority of voters cast their vote…

‘It’s important to act on right now because this is the moment, and we won’t have it again. Nobody gets a pass trashing America, Puerto Rican Americans, nobody gets a pass degrading people. Nobody gets a pass degrading legal migrants and terrorizing people. Nobody gets a pass threatening his enemies with using the military against them.

Watch her mental breakdown:

Mika needs an intervention. She truly seems to be losing her mind.",Mike LaChance,,2024-10-29,CONTROL_Polish_Womens_Strike_2020_2024,sustained,True,0,"In, The, To"
https://www.thegatewaypundit.com/2024/10/more-disgusting-antics-vile-left-giant-statute-naked/,The Gateway Pundit,More Disgusting Antics from the Vile Left: Giant Statute of Naked President Trump Moved to Wisconsin,"In reaction to their worst fears, they are comparing President Trump to Hitler.

Here are some pictures showing far-left insanity from this morning in Wisconsin.

Hunt, fish or vote?

Wisco Rolf and Erik Olsen who is running for US Congress in Wisconsin spotted the grotesque figure this morning.

Wisco Rolf shows the size of the piece of liberal work.

The disgusting figure is making the rounds across the country.

As reported earlier at The Gateway Pundit.

The left’s obsession with Trump never ends.

Democrats have taken their crude and tasteless antics to a new low with the unveiling of a monstrous 43-foot nude statue resembling former President Donald Trump in yet another shameless display of vile disrespect.

Dubbed the “Crooked and Obscene,” this grotesque tribute to the left’s obsession with attacking the Republican frontrunner was erected just outside Las Vegas, ahead of Kamala Harris’ rally, according to TMZ.

The massive foam and rebar construction, weighing an unbelievable 6,000 pounds, was erected over Interstate 15 on the way to Utah as part of the “Crooked and Obscene” tour.

According to the tour’s organizers, per The Wrap, depicting Trump in the nude “is intentional, serving as a bold statement on transparency, vulnerability, and the public personas of political figures.”

Instead of putting their energy into fixing real issues, the radical left is busy mocking the very man who put America First.",Jim Hoft,,2024-10-29,CONTROL_Polish_Womens_Strike_2020_2024,sustained,True,0,"In, The, To"
https://www.thegatewaypundit.com/2024/10/trump-supporters-msg-rally-say-new-york-is/,The Gateway Pundit,Trump Supporters at MSG Rally Say New York is in Play: 'We Are the Majority!',"Trump has said that he wants to win New York in 2024. Could it actually happen? Some of his supporters think so.

FOX News spoke to people outside the MSG rally and some of them indicated that they believe Trump can win the historically blue state.

If Trump did carry the state, it would certainly be as part of a landslide win.

From FOX News:

Ardent supporters of former President Trump say Sunday’s campaign rally at Madison Square Garden was a bold statement that their movement is penetrating deep blue areas like New York City.

“Donald Trump is in play in every state,” Pennsylvania resident John Nolan told Fox News Digital outside the famed arena ahead of the rally. “The guy pulls numbers no matter where he is. I mean, people drove from all over to get here and his supporters are here.”…

Melissa Elsner and Luke Ordino traveled from New Jersey and said they weren’t surprised at the size of the huge crowds that descended on “The Worlds’ Most Famous Arena.”

“No, absolutely not, because we are the majority, even though the news often tries to tell us we are not,” Elsner said, adding that the economy, illegal immigration and education are her top three issues going into this election.

“Come on, Donald Trump can pull off anything in New York,” Elsner added. One woman, Barabara Walsh, said she even traveled from Ireland to attend the much-anticipated event.

People on Twitter/X are saying it too.

New York hasn’t gone red in a presidential election since 1984. A Trump win there would be beyond huge.

(Image:Source)",Mike LaChance,,2024-10-29,CONTROL_Polish_Womens_Strike_2020_2024,sustained,True,0,"In, The, To"
https://www.thegatewaypundit.com/2024/10/two-more-washington-post-editorial-board-members-step/,The Gateway Pundit,Two More Washington Post Editorial Board Members Step Down in Protest of Newspaper Refusing to Endorse Harris,"The journalists join Washington Post editor-at-large Robert Kagan, who resigned on Friday. Several other journalists also resigned or vowed not to work with the paper again in the future.

The newspaper announced its decision not to endorse on Friday, prompting a wave of liberals to cancel their subscriptions.

“The Washington Post will not be making an endorsement of a presidential candidate in this election. Nor in any future presidential election. We are returning to our roots of not endorsing presidential candidates,” the announcement read.

The announcement added, “Our job at The Washington Post is to provide through the newsroom nonpartisan news for all Americans, and thought-provoking, reported views from our opinion team to help our readers make up their own minds.” It concluded by saying, “Most of all, our job as the newspaper of the capital city of the most important country in the world is to be independent. And that is what we are and will be.”

The idea of neutrality did not sit well with the left, including the paper’s leftist staff.

Editorial board member Molly Roberts shared her resignation in a social media post on Monday.

Roberts wrote:

Let’s say that an editorial board had a decades long practice of not endorsing candidates for president: This would be the election to reverse that position and take a stand. That the Washington Post editorial board has been forced to do the opposite dishonors our values and robs us of our purpose.

To be very clear, the decision not to endorse this election was not the editorial board’s. It was (you can read the reporting) Jeff Bezos’s. By registering my dissent, I don’t intend to impugn the conduct of any of my colleagues, all of whom were put in nearly impossible positions.

The mission of an editorial board is simpler than it may seem: We want to make the country and the world a better place, by supporting the better candidate or the best policy, and by condemning the worst. We want to change minds. But above all else, we want to write with moral clarity. If we can’t do that, what are we doing at all?

I’m resigning from The Post editorial board because the imperative to endorse Kamala Harris over Donald Trump is about as morally clear as it gets. Worse, our silence is exactly what Donald Trump wants: for the media, for us, to keep quiet.

At a rally the day before The Post announced it wouldn’t endorse, he went on a minutes-long rant trashing the supposedly unfair, unfree press. He ended, “They’re the enemy of the people, and someday they’re not going to be the enemy of the people, I hope.”

It’s that very hope we are fulfilling when we shut up rather than speaking out. And it’s a candidate’s expression of that hope that turns an otherwise mundane newspaper endorsement into an essential signal. Donald Trump is not yet a dictator. But the quieter we are, the closer he comes — because dictators don’t have to order the press to publish cooperatively if it wishes to go on publishing at all. The press knows, and it censors itself.

Our endorsement was our strongest means of sending the message that we are watching, and that we care enough say something. Instead we have sent the message that we don’t care after all. To dissent, in this case, is to depart.

Pulitzer Prize-winner David Hoffman also resigned from the editorial board but will continue to work at the Post.

In a letter explaining his decision to step down, Hoffman wrote, “While leaving the board, I refuse to give up on The Post, where I have spent 42 years.”",Cassandra MacDonald,,2024-10-28,CONTROL_Polish_Womens_Strike_2020_2024,sustained,True,0,"In, The, To"
https://www.thegatewaypundit.com/2024/10/watch-desperate-harris-campaign-launches-fortnite-map-try/,The Gateway Pundit,WATCH: Desperate Harris Campaign Launches Fortnite Map to Try and Reach Young Voters,"The campaign has been struggling with young men, who comprise the bulk of Fortnite’s players.

The map is called “Freedom Town USA” and the promotional materials use the tagline “Fight for Freedom.”

The Hill reports:

The map is joined by political takeovers of at least eight other Fortnite Creative maps, which include political in-game signage, custom models and themed audio cues. In one of these cues, former President’s Trump’s infamous “they’re eating the dogs, eating the cats” quote from the presidential debate will play when a player collects a cat.

In a video posted on the social platform X, the Harris-Walz campaign advertised the new map with a video set to rapper Megan Thee Stallion’s song “Neva Play.” Megan Thee Stallion performed at one of Harris’s first rallies in Atlanta in early August.

Rep. Alexandria Ocasio-Cortez and vice presidential hopeful Tim Walz played video games on the streaming platform Twitch on Sunday.

This is not the first time the Democrats have used the platform to try and win over younger voters. The Harris campaign also live-streamed the Democratic National Convention to Twitch in August.

A report from The Verge noted, “Ocasio-Cortez is already well-known for her huge Among Us stream ahead of the 2020 election and a stream in July 2023 where she played Pico Park and Gartic Phone. (She’s a fan of League of Legends, too.) But while Walz is a known Dreamcast fan and a successful high school football coach, this will be the first time we’ll get to see him play games live on Twitch. Maybe someday we’ll get to see him play Crazy Taxi.”

Harris supporters have blamed her unpopularity with young men on “misogyny.”

“She has a problem with men for the same reason Hillary Clinton did: because misogyny exists, as do outdated ideas about who should hold the presidency,” Democratic strategist Christy Setzer told The Hill. “Meanwhile, Trump has doubled down on this ‘strongman’ machismo and dictator’s act, playing ‘It’s a Man’s World’ at his rallies.”",Cassandra MacDonald,,2024-10-28,CONTROL_Polish_Womens_Strike_2020_2024,sustained,True,0,"In, The, To"
https://www.thegatewaypundit.com/2024/10/wayne-root-federal-judge-who-should-be-indicted/,The Gateway Pundit,WAYNE ROOT: A Federal Judge Who Should be Indicted for Treason… Trump's Idea for Eliminating Federal Income Taxes… and Why This Presidential Election is a Repeat of Reagan-Carter in 1980 (VIDEO),"Wayne Allyn Root with the most important stories in America: A federal judge who should be indicted for treason… Trump’s idea for eliminating federal income taxes… and why this presidential election is a repeat of Reagan-Carter in 1980.

Watch Wayne’s “America’s Top Ten Countdown” with his World-Famous “Final Four” airing every Friday at 10pm ET and Saturday at Noon ET on Real America’s Voice TV Network. Also watch Wayne’s new nightly show, “The ROOT Reaction” every night at 10pm ET on Real America’s Voice TV.

VIDEO:",Assistant Editor,,2024-10-29,CONTROL_Polish_Womens_Strike_2020_2024,sustained,True,0,"In, The, To"
https://www.thegatewaypundit.com/2024/10/whoa-daughter-powerful-chinese-communist-official-reveals-tim/,The Gateway Pundit,WHOA: Daughter of Powerful Chinese Communist Official Reveals Tim Walz Had a Secret Sexual Relationship with Her as His Troubling Ties to the Country Pile Up,"An explosive report reveals Tampon Tim Walz’s ties to China ran so deep he was having romantic relationships with powerful communist officials’ family members.

The Daily Mail dropped a bombshell Monday afternoon revealing the Minnesota governor had a secret affair with the daughter of a high-ranking Communist official during his 1989 teaching stint in China. The woman who converted with Walz explained what happened to them in graphic detail.

59-year-old Jenna Wang told the outlet Walx seduced her with gifts while at a No. 1 High School in Foshan, Guangdong Province. At the time, Wang was an English language teacher at No. 8 Middle School while Walz was on the staff of the nonprofit WorldTeach in China.

“Tim was very handsome. I loved his eyes and his big mouth. We talked afterwards and he was very complimentary about my English,” Wang said to the Daily Mail.

According to Wang, they could not be romantically seen in public because of her father’s position within the CCP. She said her father would completely disown her for being intimate with someone from the Western Hemisphere.

“I could never stay overnight because of the social conventions,” she explained. “It was very repressive. Couples walked around the city like robots.”

“My father would have been very, very angry and sad if he had found out.”

Despite this handicap, their romance exploded behind closed doors. The Mail reports that they regularly drank tea, had sexual intercourse and listened to songs from legendary British singer George Michael.

This forbidden love led the then 24-year-old Wang to believe Walz would marry her and she would start a new life with him in the United States. Wang revealed that when the two went to Hainan Island for vacation, Wang confronted him about their future together.

Walz had no interest in her other than to satisfy his sexual desires and told her she was more interested in a US passport than marriage.

Wang told the Mail this left her feeling scorned.

“Tim was very passionate and very romantic. I can still remember dancing with him to our favorite song, Careless Whisper,” she revealed to the outlet. “The fact we couldn’t touch or kiss in public just made it all the more exciting and intense when we were finally alone.”

“We were deeply in love, and I wanted to marry him and start a family,” she added. “When it didn’t happen, I felt very unhappy and sad.

“Tim’s behavior was very selfish,” she continued. “Knowing now that he wasn’t going to marry me made me feel cheap and common as if I was being treated like a prostitute.”

Wang told the Mail this left her feeling scorned and suicidal as a result. She left their hotel and took a taxi clifftop, where she says she contemplated throwing herself off. But while on the bus back to Foshan, she decided to dump Walz during a call and head to Guilin to help her mother recover from stomach surgery.

“The bus stopped, but I didn’t get off. He said, please come and let’s talk, let’s give this a chance,’ Wang stated. “But I said no, I felt dead inside. I wasn’t going to force a person to love me. I never saw Tim again.”

This news perhaps gives the best context to Walz’s weird obsession with China. As The Gateway Pundit has reported, Walz has visited the country up to 15 TIMES, and the revelations from his trips are troubling.

• Walz told several disturbing lies to Nebraska high school students, whitewashing China’s totalitarian dictatorship and bragging about how many gifts he brought back to the United States.

• While Walz was serving in Congress, he was a fellow at the Macau Polytechnic University. This Chinese institution characterizes itself as having a “long-held devotion to and love for the motherland.”

• Walz championed a group called the Hormel Institute, which has ties to the Wuhan Lab in China. That would be the same Wuhan Lab of Covid-19 fame.

It’s no wonder The House Committee on Oversight and Accountability launched an investigation in August into Tim Walz’s connections to China. One can count on them to add his sordid affair to the list.",Cullen Linebarger,,2024-10-29,CONTROL_Polish_Womens_Strike_2020_2024,sustained,True,0,"In, The, To"
https://www.thegatewaypundit.com/2024/10/wow-trump-leading-harris-state-republicans-havent-won/,The Gateway Pundit,WOW: Trump Leading Harris in a State Republicans Haven't Won in Nearly a Quarter Century,"According to a New Hampshire Journal/Praecones Analytica poll released on Sunday evening, Trump is now leading 50.2 percent to 49.8 percent in the Granite State.

Trump lost New Hampshire twice. In 2020, he lost to Biden by seven percent.

The NH Journal reports, “The fact that Trump, who’s lost the Granite State twice, is leading in a state Democrats carried in seven of the last eight presidential races, could be very significant. It’s one of a series of indicators that the Trump campaign is expanding the field of potential pick-up states less than two weeks before Election Day.”

“There’s a reason Kamala Harris has been spending money in New Hampshire. She’s on defense and knows President Trump is on the path to victory,” Trump national campaign spokesperson Karoline Leavitt told the outlet.

Leavitt continued, “To my fellow Granite Staters who want to keep our beautiful state safe, business-friendly, and free — get out and vote for President Trump. Kamala Harris is a radical liberal who would destroy New Hampshire and America forever.”

Republican gubernatorial candidate Kelly Ayotte also leads Democrat Joyce Craig 51.9 percent to 48.1 percent.",Cassandra MacDonald,,2024-10-29,CONTROL_Polish_Womens_Strike_2020_2024,sustained,True,0,"In, The, To"
https://www.thegatewaypundit.com/2024/10/awkward-kamala-harris-tells-audience-chant-their-own/,The Gateway Pundit,"AWKWARD: Kamala Harris Tells Audience to Chant Their Own Names, Crowd Goes Completely Silent (VIDEO)","Kamala Harris was speaking to a crowd in Michigan and somehow managed to suck all the energy out of the room, casing the crowd to go completely silent. It was a very awkward moment.

People were chanting her name when she took to the microphone and suggested that people shout their own names. Big mistake.

She essentially shut down her own crowd.

The New York Post reported:

Vice President Kamala Harris pulled the plug on the crowd’s energy during a Michigan rally on Monday after a bizarre joke that left her supporters in stunned silence.

“We are all here because we are fighting for a democracy and for the right of people to be heard and seen,” the Democratic nominee explained to the exuberant crowd in Ann Arbor, Mich.

“We’re not about the enemy within. We know we are all in this together. That’s what we are fighting for,” Harris added…

“Now I want each of you to shout your own name. Do that,” Harris demanded.

The befuddled crowd went almost silent as the vice president laughed at the confusion she created.

“It’s about all of us,” Harris explained, before moving on with her speech.

Watch the video:

Kamala Harris is the queen of weird, awkward moments. She is just not good at retail politics and campaigning.",Mike LaChance,,2024-10-29,CONTROL_Polish_Womens_Strike_2020_2024,sustained,True,0,"In, The, To"
https://www.thegatewaypundit.com/2024/10/boom-rep-byron-donalds-smacks-down-cnbc-anchor/,The Gateway Pundit,BOOM: Rep. Byron Donalds Smacks Down CNBC Anchor with Masterful Response After 'Journalist' Whitewashes Kamala and Her Fans' Violent Rhetoric While Smearing Trump (VIDEO),"Rep. Byron Donalds (R-FL) has consistently proven why he is one of the brightest stars the Republican Party has to offer. He once again showed his mettle on Monday morning despite hostile questioning from a determined leftist ‘journalist.’

The Florida congressman appeared on CNBC’s Squawk Box to speak about President Trump’s historic Madison Square Garden rally. Things turned sour when liberal co-host Andrew Ross Sorkin decided to interrogate Donalds about racist comments made by a ‘comedian’ about Puerto Ricans and other people of Hispanic heritage.

As Jim Hoft reported, Tony Hinchcliffe, who goes by “Kill Tony,” took the stage at Madison Square Garden and smeared Puerto Rico as a “floating island of garbage” in the middle of the ocean. He then attacked Hispanics from the stage by vulgarly commenting on their supposed sex practices.

Sorkin not only used these awful remarks to smear Trump and his millions of supporters as bigots, but he also took the opportunity to whitewash the violent rhetoric of Kamala Harris and her fanbase. Sorkin actually claimed she and Democrats have never used hateful remarks despite calling Trump all sorts of despicable names.

Donalds quickly pounced on this garbage from Sorkin and lit him up. He pointed out in sharp terms that Democrats, including Harris, are right now comparing Trump and his supporters to Adolf Hitler and Nazi Germany.

Donalds then slammed the media for blowing the bad jokes of an unknown comedian out of proportion while ignoring the fact that Puerto Ricans and other Americans are suffering under the disastrous policies unleashed by the Biden-Harris regime. This is what we should be focused on, he argued.

At one point, Sorkin tried to interrupt but failed to halt Donalds’s tour de force.

WATCH:

SORKIN: To the extent that there are folks that may agree with the policies of Trump but do not want to vote for Trump…The reason they do not want to vote for Trump is because they see either in his character or the people who seem to support him, um, seem to be engaged in that or willing in that. What you don’t see, you don’t see in other rallies for Harris or see in a Harris rally that kind of vitriol.

DONALDS: You don’t?!

SORKIN: I don’t think you do…

DONALDS: Kamala Harris spends half of her time talking about her rival as Hitler after attempts on his (Trump’s) life, not once, but twice. She’s doing it right now!

Every Democrat official at these rallies refers to him as Adolf Hitler. You got Hillary Clinton out there hawking her book that nobody wants to buy, frankly, and she’s talking about how this is akin to 1939.

Are you out of your mind?

You want to talk about rhetoric, let’s compare, but let me go back: we are talking about the comments of a comedian, and everybody is going to forget it in 48 hours. The real joke in America is the policy of Kamala Harris.

Let’s talk specifically about Puerto Ricans in America today. Puerto Ricans have had to live under the same inflation unleashed by Kamala Harris. And that is not a joke, but they have got to live with it.

(Sorkin tries to interrupt but fails)

DONALDS: Puerto Ricans are living under the same terrible border policies that Kamala Harris and Joe Biden unleashed. That is a terrible joke on the American people; we should be focused on that.",Cullen Linebarger,,2024-10-29,CONTROL_Polish_Womens_Strike_2020_2024,sustained,True,0,"In, The, To"
https://www.thegatewaypundit.com/2024/10/breaking-far-left-usa-today-announces-it-will/,The Gateway Pundit,"BREAKING: Far-Left USA Today Announces It Will Not Endorse Kamala Harris - ""We Believe America's Future Is Decided Locally""","Far-left USA Today announced on Monday that it will not endorse a presidential candidate in the 2024 election.

This makes USA Today one of the latest far-left major publications to steer clear of backing Vice President Kamala Harris and running mate Tim Walz, joining an unprecedented media shift that includes outlets like The Washington Post and Los Angeles Times.

A spokesperson for USA Today told The Daily Beast that rather than endorsing a candidate, the paper plans to “provide readers with the facts that matter and the trusted information they need to make informed decisions.”

But this sudden detour away from an endorsement speaks volumes about the lack of support Harris is facing.

Daily Beast reported:

USA Today’s editorial board wrote that it decided to endorse back then—for the first time since 1982—because the 2020 election was was an “extraordinary moment” in history that required an “extraordinary response” from the paper.

“Biden is a worthy antidote to Trump’s unbounded narcissism and chronic chaos,” the paper told its readers.

Trump, 78, is by most accounts still the same man today as he was when USA Today printed its scathing editorial about him, but the paper has apparently had a change of heart in what its readers are looking for from it.

Lark-Marie Antón, a USA Today spokesperson, explained the decision to not endorse in an email: “Why are we doing this? Because we believe America’s future is decided locally—one race at a time. And with more than 200 publications across the nation, our public service is to provide readers with the facts that matter and the trusted information they need to make informed decisions.”

USA Today has a circulation of 132,640 print subscribers and has millions of more readers online. However, unlike the trio of national newspapers larger than it by print circulation—The New York Times, the Post, and The Wall Street Journal—USA Today is the flagship brand for over 200 local newspapers dotted across the country.

Unlike the billionaires overseeing of the Post and LA Times, there have been no reports that any single person in the leadership at Gannett, which is a publicly traded company, intervened to personally shut down an endorsement at USA Today.

Now, five of the six largest U.S. newspapers have either withheld endorsement of Harris-Walz or scrapped endorsements altogether, according to Jake Schneider, Team Trump’s Rapid Response Director.

According to the press release:

It’s not just major news outlets running away from Harris-Walz. The International Brotherhood of Teamsters withheld endorsing the Democrat ticket for the first time in almost three decades, while the International Association of Fire Fighters opted against endorsing the Democrat ticket for only the second time since at least 1976.

Humiliating.

President Trump — the best closer in politics — has the momentum, the enthusiasm, and the message for the time — and next week, he’ll send Kamala back to California for good.",Jim Hᴏft,,2024-10-29,CONTROL_Polish_Womens_Strike_2020_2024,sustained,True,0,"In, The, To"
https://www.thegatewaypundit.com/2024/10/do-not-touch-it-idiot-kamala-harris-tours/,The Gateway Pundit,"""Do Not Touch It!"" - Idiot Kamala Harris Tours Semiconductor Plant and it Went Exactly How You Would Expect (VIDEO)","This is the best the Democrats have.

Kamala Harris on Monday toured Hemlock Semiconductor in Saginaw County, Michigan.

It went exactly how you would expect.

Harris toured the plant as the company received $325 million in funding from the CHIPS Act.

“The trip comes just one week after the semiconductor plant was awarded a $325 million federal grant from the Biden-Harris Administration. That grant comes from the CHIPS and Science Act passed in 2022,” WJRT reported.

Trump previously criticized the CHIPS Act and said we didn’t have to give money to build chip plants because we could have done it with tariffs.

“We could have done it with a series of tariffs. We didn’t have to give them the money to build chip plants…you can’t do it that way…you have to make them spend their money in the US and those plants would open all over the place. And they’ll fund them. We don’t have to put up 10 cents,” Trump told podcast host Joe Rogan this weekend.

Kamala Harris tried to touch the sharp silicone pieces as the plant worker gave her a tour of the facility.

“Can I touch it?” idiot Kamala Harris asked the plant worker.

“Do not touch it! Please do not touch any of the poly! It is very sharp!” the worker said.

Kamala chimed in, “And shiny!”

What a bimbo.

WATCH:",Cristina Laila,,2024-10-29,CONTROL_Polish_Womens_Strike_2020_2024,sustained,True,0,"In, The, To"
https://www.thegatewaypundit.com/2024/10/huge-virginia-files-emergency-stay-supreme-court-stop/,The Gateway Pundit,"SHOWDOWN: Virginia Files For Emergency Stay in the Supreme Court to Stop Implementation of Judge's Order to Reinstate Over 1,600 Noncitizens to Voter Rolls - SCOTUS to Respond Tuesday","Virginia filed for an emergency stay in the US Supreme Court after a Biden-appointed judge mandated the state reinstate over 1,600 noncitizens removed from the voter rolls.

On Friday U.S. District Judge Patricia Tolliver Giles, a Biden appointee raised serious concerns about election integrity and the potential for voter fraud in the Commonwealth after she ordered Virginia to reinstate over 1,600 noncitizens to the state’s voter rolls 11 days before Election Day.

Chief Justice Roberts asked for a response by 3 pm Tuesday.

The Justice Department earlier this month announced it is suing the state of Virginia for removing non-citizens from its voter rolls.

“The Justice Department announced today that it has filed a lawsuit against the State of Virginia, Virginia State Board of Elections and Virginia Commissioner of Elections to challenge a systematic state program aimed at removing voters from its election rolls too close to the Nov. 5 general election in violation of the National Voter Registration Act of 1993 (NVRA),” the DOJ announced.

“Section 8(c)(2) of the NVRA, also known as the Quiet Period Provision, requires states to complete systematic programs aimed at removing the names of ineligible voters from voter registration lists no later than 90 days before federal elections. The Quiet Period Provision applies to certain systematic programs carried out by states that are aimed at striking names from voter registration lists based on a perceived failure to meet initial eligibility requirements — including citizenship — at the time of registration,” the DOJ said.

“As the National Voter Registration Act mandates, officials across the country should take heed of the law’s crystal clear and unequivocal restrictions on systematic list maintenance efforts that fall within 90 days of an election,” said Assistant Attorney General Kristen Clarke of the Justice Department’s Civil Rights Division. “By cancelling voter registrations within 90 days of Election Day, Virginia places qualified voters in jeopardy of being removed from the rolls and creates the risk of confusion for the electorate. Congress adopted the National Voter Registration Act’s quiet period restriction to prevent error-prone, eleventh hour efforts that all too often disenfranchise qualified voters. The right to vote is the cornerstone of our democracy and the Justice Department will continue to ensure that the rights of qualified voters are protected.”

The lawsuit comes two months after Virginia Governor Glenn Youngkin (R) issued an executive order that codifies election security procedures to protect the 2024 election against intentional fraud.

Governor Youngkin blasted the Justice Department and said the law has been in place for over a decade and supported by Democrats.

Last week Virginia’s Lt. Governor Winsome Sears told Maria Bartiromo that several thousand noncitizens were on Virginia’s voters.

“What we found, over 6,000 – 6,300 people… who identify that they’re not citizens — and yet they’re on voter rolls,” Winsome Sears said.

She continued, “We found people who have been dead since 1960 who were still on the voter rolls.”",Cristina Laila,,2024-10-29,CONTROL_Polish_Womens_Strike_2020_2024,sustained,True,0,"In, The, To"
https://www.thegatewaypundit.com/2024/10/breaking-dem-operative-caught-undercover-video-explaining-how/,The Gateway Pundit,BREAKING! Dem Operative Caught In Undercover Video Explaining How They Allegedly Stole 2020 Election in GA: From Kicking Out GOP Poll Watchers to Nursing Home Ballot Harvesting to Identifying A Driver in 2000 Mules,"A stunning undercover video that was just released by Steven Crowder, reveals a Democrat operative, who can be seen explaining to an undercover female how members of his party are stealing elections from Republicans. During his lengthy discussion, Joel Caldwell, the director of operations for The Coalition For The People’s Agenda in Georgia explains how elections are stolen, by using a variety of methods, from kicking Republican poll watchers out of the State Farm Arena in 2020 because of an alleged water main break, to ballot harvesting in nursing homes, to verifying the 2000 Mules movie was accurate, while admitting he believes he was able to identify a union member’s vehicle that was seen in the Dinesh D’Souza movie based on True the Vote’s research.

This is the most important undercover video you will watch about how Democrats are reportedly stealing our elections.

According to Joel’s LinkedIn page, he is also the communication Specialist for the Georgia AFL-CIO.

John Caldwell: Like the whole thing with the Dome. They was counting on. That was the big thing here, was countin’ the ballots at the Dome.

They was all counting ballots. They told them that it was a leak on the opposite side of the Dome. Everybody was to evacuate. Then when they all left, the Democrats went back in and started counting. The Republicans went back to the headquarters.

Undercover female: You know that for a fact?

John Caldwell: That’s what happened.

Undercover female: They made it seem like nothing to have… They legitimately had leak issues.

Joel Caldwell: Yeah. So they had said it was leak issues. So you see them on the video putting everything up. And they left.

No, they put someone on putting stuff up, and then you see them leave. And they was out in the parking lot when I guess they told them they could come back in. Or they was out in the parking lot and they was going to go back to headquarters. And so the Republicans left, the Republican Watchers—They all left. And so after they left, the Democrats went back in there and started counting. So that’s the videotape. You see them when they’re walking back in, pulling the shit out from underneath the tables. And during that hour… And then the other thing, the The other part was that when they were counting, I think during that hour, that stretch of that, it was only less than 100 votes was counted for Trump. And just statistically, you’re downtown, there’s going to be more than 100 votes for Trump.

That’s what happened in 2020 because that’s when them ballots, they started stuffing them ballots, and people are stuffing those ballots, and they got videotape of ’em, but nobody’s talks about it. That’s why Trump is making that big deal about it. You see it on videotape. It’s like, Come on. We see the man pull up and put 100 ballots in his box. You know, you can’t do this shit. Groups were paying people to do just that. Drop off ballots, go around and collect ballots, collect absentee ballots, drop ’em and forge ’em.

Undercover female: How did that even work? Okay, so if you’re paying someone, I’m not trying to do this, trust me, but if you’re a group and you’re paying someone to pick up the absentee ballots—Do people take the absentee ballots to the orgs and then the orgs distribute the pay? That’s confusing. It doesn’t make sense.

John Caldwell: No, it’s like, let’s say you’re my canvasser; I tell you to go around and pick up these absentee ballots from this area. You go pick them all up and drop them off in the box. It’s all different. I pay every week like a canvasser. You just get paid like a counselor. You’re on the clock for hours or many hours, driving around, picking up absentee ballots, and putting them in the ballot box.

Undercover female: What information do you need to actually know that these are certain areas that have a lot of absentee ballots?

John Caldwell: Oh, I mean, if that’s the case. You would just have—You would either have the region Like, with some—some groups was reaching out to the folks beforehand. So they were passing them out to other people and then coming back and getting them. Going down to a senior house, give everybody a ballot, come back and collect all their ballots and turn them in on. Then you take the ballots and then drop them off.

Undercover female: Then the groups would have whoever, the campuses, go and pick them up and then take them straight.

John Caldwell: Yeah, you can’t do that. That’s the illegal part. So think about it like this: if we’re going to steal an election—Let’s say Georgia is the perfect example. If you’re going to steal an election here, you’re not going to go to the outside of a Democratic Party, right? They’re not going to go outside of Atlanta or outside of Metro Atlanta and change the numbers in Republican counties. Right? Because that shit would just be too obvious. Change the numbers in your own county. You gonna fluctuate these numbers because it will just look the same.

Undercover female: It makes more sense to do it in Atlanta.

John Caldwell: It just hides better. So, like, if somebody’s coming up behind you and saying, well, you know you’ve been stealing votes—the first place they’re going to look is in the outlining counties where it’s red. Don’t change those numbers, right? Because then, if you flip that county that’s always been red to blue, which will…

Undercover female: Which will raise a red flag?

John Caldwell: Which will raise that flag. And when you come here to the city where there’s already a million and a half voters, and then you just increase the numbers—you’re already places that you want. You want to inflate the numbers that you already have versus trying to go to a red area and inflating those numbers because that would just obviously be wild.

Undercover female: So, you need to start doing in four years in advance.

John Caldwell: Yeah, if you’re trying to steal an election? Yeah, because you got to give a lot.

Undercover female: Dude, it makes sense. Because after 2016—people were mad.

John Caldwell: You got to pay a lot of people. You gotta pay a lot of people—get in them pockets! A lot of people—you know, people that you gotta get in position. You gotta get, you know—Everybody got to get a piece somewhere. Everybody got to get paid. Canvasser, ballot counters, people who are running the drop boxes, the election officials! You know, all of that gotta go on somebody’s payroll, you know–or a kickback or something somewhere.

In the movie, they didn’t—in the documentary, they never said what groups. They just said an investigation is being launched into non-profits in different states, so they never mentioned it.

Undercover female: They didn’t name…

John Caldwell: Nope, they didn’t name the orgs. They didn’t name the orgs. But they… I just always been waiting on that shit to drop because I was like, Well, yeah, they’re going to do an investigation. They got the evidence because they were showing that in the documentary, the closed-caption TVs of people pulling up. I told somebody when I got to the office because one of the cars in the video I recognize because they always at the building.

Undercover female: Who was it?

John Caldwell: I don’t know. I think it was a union I remember or something.

Undercover female: Probably.

John Caldwell: But that was when I first started. They just had one of them weird cars that–

Undercover female: That stood out.

John Caldwell: That stood out. I was like, I know who that was. I was like, Yeah, that’s rare.

Undercover female: That’s when he was up there all the time though, too?

John Caldwell: Yeah, that’s when When I first started. So I don’t know who car that really was.

Undercover female: Are they still up there?

John Caldwell: Nah, after I told him, I never saw the car again.

Undercover female: That’s crazy, dude. That’s so crazy! I’m telling you the truth man, looks like you. I was like, Hold up, man, when I first seen that. When (redacted) showed me that picture, I was like, “That better not be him!”

John Caldwell: No! Oh, hell no!

Undercover female: I was like…

John Caldwell: No.

Undercover female: But no. Um..

John Caldwell: But yeah, I knew they was doing stuff like that. That’s how they did it. That’s how they got one of the mayors, was they was um, dropping ballots in the boxes and stuff.Normally around..

Undercover female: Around here?

John Caldwell: Yeah, in Metro Atlanta for the mayor’s race—Metro Atlanta. What they normally do is how they do it—You know, when you’re trying to steal a race. You–You’re not trying to like–If you got Republican districts and Democrat districts, you’re trying to get the Democrat elected. What they do is they don’t go to the Republican. [Waiter interrupts]

Undercover female: How do you know they’re gonna do it again in 2024, though.

John Caldwell: What? Get all that they [inaudible] ballot? Oh, harvesting ballots and shit?

Undercover female: Yeah.

John Caldwell: That’s why the Republicans are always trying to fight the ballot. You know—that’s all—that’s the argument of the whole thing is because Republicans, they’re the ones who put out that stuff. So, they want to do like ID, voter ID and stuff. Democrats are fighting voter ID laws. So, you know, it’s a two-sided thing. That’s what they fighting over. Republicans are trying to say, like, ‘Hey, look, we got the proof of this shit.’ And then the Democrats are like, ‘Well, we don’t want voter ID laws and we want to make morelike so you can just drop your ballot off. Online voting. Different things that they try to come up with.

Undercover female: Dang!

John Caldwell: That’s the two sides—The two.

Undercover female: Yeah, they go back and forth.

John Caldwell: Mhmmm…So, that’s why it’s always something about voter ID laws. And then Politico just wrote an article about New Georgia Project. I’ll let you read it. It’s deep. When you see it, you’ll be like, Oh. I took a screenshot of it because I sent it to all the staff earlier this morning. I read the article, but yeah, I know what he said. I know it’s a group–I know all of them. So, when shit happened like that, I just be like, ‘Okay,’ and keep it pushing. When I saw that article, I was like, Okay, ’bout time. I figured that.

Undercover female: Cuz I know it’s hard to get fired from an actual nonprofit, though. Don’t be firing nobody.

John Caldwell: Uh-uh.

Undercover female: You got to be doing something real strange to be fired.

John Caldwell: Yeah.

You got to really be doing some wild shit.

Watch:

According to their website, President Barack Obama awarded the Georgia Coalition for The People’s Agenda founder Dr. Joseph Lowery a medal of honor in 2009.

An article praising the two-time loser Stacey Abrams for helping Joe Biden win the election in Georgia by a slim margin is featured prominently on the “Georgia Coalition for The People’s Agenda’s” website.

On November 6, 2020, The Hill wrote about how lawmakers credited Abrams for her work as a voting rights activist when Joe Biden defeated President Trump by a razor-thin margin “long thought to be a Republican stronghold,” they said.

“A Democratic presidential candidate hasn’t carried Georgia since 1992, when former President Bill Clinton won the state,” they wrote.

Current and former lawmakers and officials took to Twitter on Friday to commend the former Georgia gubernatorial candidate for her work helping people in the Peach State register to vote and make their ballots count.

“Either way this goes in Georgia, we owe @staceyabrams our greatest gratitude and respect. Rarely does one person deserve such disproportionate credit for major progress and change,” former U.N. ambassador and national security adviser Susan Rice tweeted.

Former Secretary of State Hillary Clinton simply tweeted, “And thank YOU, Stacey. Thank you,” quoting a post from Abrams thanking various organizations for their work helping them get out the vote.",Patty McMurray,,2024-10-28,CONTROL_Polish_Womens_Strike_2020_2024,sustained,True,0,"In, The, To"
