url,publisher,title,body,authors,topics,publishing_date,event_label,event_type,is_control,topic_id,topic_label
https://www.lavanguardia.com/dinero/20241016/10024317/veranillo-economico-economia-pib-crecimiento-plan.html,La Vanguardia,"¿Un veranillo económico?, por Valentí Pich","No cabe duda de que los datos macroeconómicos nos sitúan, al menos en un escenario a corto plazo, en una situación más ventajosa que a la media de países de la UE. Pero no es menos cierto que, según las últimas proyecciones del Banco de España para los dos próximos años, nuestro PIB puede verse reducido de forma significativa, del 2,8% en el 2024 al 2,2% en el 2025, y al 1,9% en el 2026, y con un déficit público que posiblemente no baje del 3% durante ese trienio. A lo anterior, habría que sumarle las tensiones geopolíticas que estamos viendo, de consecuencias impredecibles, y el debilitamiento de las economías de nuestros socios europeos, nuestros principales clientes.

Pero, además, tenemos una serie problemas enquistados que parecen formar parte de nuestro ADN. Entre ellos, el desempleo, que duplica al de la media comunitaria; la renta per cápita, un 15% por debajo del promedio de la eurozona, y la vivienda, que en nuestro país ha llegado al punto de que muchos hogares tengan que destinar más del 40% de sus ingresos al alquiler. A la vista de estos datos no es de extrañar que una parte importante de la población no perciba los buenos resultados macroeconómicos.

Sería muy recomendable realizar un plan de consolidación fiscal al objeto de reducir el déficit público y la deuda

En línea con las recomendaciones de la mayoría de los organismos, parecería razonable que en momentos de crecimiento como el actual se acometieran políticas contra cíclicas para poder disponer de recursos con los que afrontar crisis venideras. En este sentido sería muy recomendable realizar un plan de consolidación fiscal convincente en nuestro país al objeto de reducir el déficit público y la deuda, consolidación que debería llevarse a cabo, fundamentalmente, con medidas de control del gasto público –ya que el margen de maniobra con respecto a los ingresos es menor dada la actual presión fiscal–, a la vez que se acometen una serie de actuaciones de carácter estructural, entre ellas efectuar políticas enfocadas al largo plazo a la economía del conocimiento y al refuerzo en la investigación y el desarrollo tecnológico para reducir la brecha en materia de productividad con Europa; realizar una profunda reforma educativa, y revisar la ley por el Derecho a la Vivienda y retomar la reforma de la ley del Suelo.

Hay otras cuestiones que también convendría abordar. La primera sería establecer un consenso sobre financiación autonómica, con un modelo claro que garantice nuestro Estado de bienestar, sin desequilibrios y con generosidad, y que ayude a rebajar las tensiones institucionales. La segunda, aprovechar los fondos europeos para realizar inversiones inteligentes en diversas áreas que permitan que nuestro stock de capital crezca en términos reales. Y la tercera, gestionar con sentido común el tema de la inmigración. Seamos por tanto cautos, ya que cabe la posibilidad de que nuestra economía esté viviendo una especie de veranillo de San Miguel. Así que, por si acaso, aprovechemos este buen tiempo económico para hacer bien los deberes y que el frío invierno no nos pille esta vez con el pie cambiado.",Valentí Pich,,2024-10-16,CONTROL_MeToo_Protests_2017_2024,single,True,1,"De, En, La"
https://www.lavanguardia.com/comer/al-dia/20241015/10009434/comer-celebra-vinculo-gastronomia-arte-premios-anuales.html,La Vanguardia,Comer celebra el vínculo entre gastronomía y arte en sus premios anuales,"El momento más emocionante de la gala lo ha protagonizado Gastón Acurio, que ha recibido el premio Especial de la mano de su amigo y compañero de profesión, Joan Roca

Se dice que el arte no tiene límites. Que es una expresión del ser humano capaz de manifestarse de mil formas, ya sea a través de la sentida actuación de una compañía teatral, de las notas que libera una guitarra o del minimalismo del plato de un restaurante. Precisamente esa creatividad vinculada a la gastronomía es lo que ha premiado el canal Comer de La Vanguardia esta noche en una gala celebrada en el Hotel Arts Barcelona que ha reunido a chefs, artistas y activistas del panorama nacional e internacional, y que ha contado con la presencia de Òscar Ordeig, conseller d'Agricultura, Ramaderia, Pesca i Alimentació de la Generalitat de Catalunya.

Con los años, los Premios Comer se han convertido en una gran fiesta anual de la gastronomía y un punto de encuentro para todo tipo de perfiles vinculados al universo culinario. No ha sido distinto en esta cuarta edición, a la que asistieron chefs de la talla de Joan Roca, Jordi Vilà, Carme Ruscalleda, Romain Fornell, Artur Martínez o Núria Gironès, además de un gran elenco de pasteleros, como Oriol Balaguer, Jordi Butron, Lluc Crusellas y Xavier Canal.

La gala ha arrancado con una pieza audiovisual dirigida por Samuel Aranda sobre la figura de Sant Stomak

La velada ha estado dedicada a Cati y Pili, dos mujeres extraordinariamente normales que siempre cocinaron sin aspirar a premios ni estrellas. Conducida por la directora del canal Comer, Cristina Jolonch, ha arrancado con el estreno de una pieza audiovisual dirigida por Samuel Aranda sobre la figura de Sant Stomak, un misterioso santo venerado por los cocineros y cocineras que vela por la alimentación sana alejada de los ultraprocesados.

La evocativa cinta ha servido de pretexto para entregar el premio especial a la Creatividad, que ha sido anunciado por Ferran Adrià y se ha concedido a Montse Guillén y Antoni Miralda. “Es importante que Catalunya reconozca durante mucho tiempo todo lo que habéis hecho por el arte”, ha dicho el artífice de El Bulli a esta pareja que ha unido cocina y arte a través de proyectos como El Internacional Tapas Bar & Restaurant de Nueva York, del que se cumplen 40 años, o la fundación FoodCultura. Su reivindicación y defensa de una comida justa, sostenible y digestiva, plasmada en la pieza audiovisual, fue otra de las razones por las que recibieron el galardón.

En unos momentos en que asistimos a una escalada bélica inimaginable, el canal gastronómico de La Vanguardia también ha querido ser crítico con el uso del hambre como arma de guerra. Lo ha hecho a través del premio al Compromiso, que entregó Javier Torres, chef y copropietario junto a su hermano Sergio del restaurante barcelonés Cocina Hermanos Torres, y que ha sido para el cocinero Andrés Torres. Cientos de personas trabajan para atender los proyectos distribuidos por una docena de países de la ONG Global Humanitaria, fundada por este chef (regenta un restaurante en el Penedès) y trabajador social que ha desarrollado una enorme labor en favor de la seguridad alimentaria. Tras recoger el galardón, Torres ha mostrado a los asistentes una manzana y asegurado que “este es el auténtico misil”, refiriéndose a cómo la falta de comida puede arrebatar múltiples vidas.

Si hay alguien en el panorama culinario catalán autorizado para hablar de la importancia del respeto a las raíces, son las chefs Fina Puigdevall y Martina Puigvert, de Les Cols (Olot). Ellas han presentado el premio Origen, que ha sido para otra cocinera con la que comparten filosofía: Maria Solivellas. Al frente del restaurante mallorquín Ca Na Toneta, Solivellas interpreta el entorno de Caimari a través de su cocina y entiende de forma auténtica la gastronomía y la hospitalidad, cualidades por las que fue premiada.

Más mujeres con un currículum brillante han sido galardonadas esta noche. Como la experta en sistemas de alimentación sostenible y doctora en Veterinaria y Sociología, Marta Rivera. “Voces como la suya invitan a pensar en todo lo que engloba el simple acto de comer”, ha afirmado la chef Carme Ruscalleda tras la entrega del premio Mirada. La investigadora ha estudiado las interacciones entre agricultura, alimentación, sociedad y medioambiente, y defiende una transición ecológica urgente que pasa por el apoyo a los pequeños productores.

Mateu Casañas, uno de los tres cocineros del multipremiado restaurante Disfrutar —este año ha conseguido la tercera estrella Michelin y ha sido reconocido como Mejor Restaurante del Mundo por la lista The World’s 50 Best Restaurants—, ha subido también al escenario para presentar el premio Enología. Ferran Centelles, uno de los sumilleres más respetados del país, ha recibido el galardón por su profundo estudio del vino plasmado en Sapiens del Vino, la amplísima serie de enciclopedias, en cuyo último volumen está trabajando. Centelles, quien ha bromeado excusando la presencia de su madre “que hoy tenía sardanas” , ha querido dar las gracias a Ferran Adrià, “porque hoy no estaría aquí sin él” y también a Juli Soler.

Con el texto Recuerdas aquella vez que te pusiste a llorar en Balzac, un personal retrato de la gastronomía española de los años 80, Juan Vilá se ha ganado al jurado del premio Familia Torres de Relato Gastronómico, un galardón dotado con 3 000 euros que le ha entregado Ferran Adrià.

Uno de los momentos más especiales de la velada ha llegado cuando la joven cantante Paula Piñero y el guitarrista Adrián Miras han versionado con una gran sensibilidad Los buenos tiempos, canción que ha hecho viajar al pasado a Gastón Acurio. El chef peruano ha recibido el premio Especial 2024 por su compromiso con la cultura del Perú y su capacidad de difundirla por todo el mundo a través de los sabores de su cocina, que ha anunciado un año más Jordi Juan, director de La Vanguardia. Le ha acompañado Joan Roca, quien le ha dicho a su amigo y compañero de profesión que “si él éxito es que te quieran, tú eres una de las personas más exitosas que conozco”.

La música ha servido también para poner punto final a la gala, que ha despedido Piñero entonando una íntima versión de My way de Frank Sinatra.",Hada Macià,,2024-10-15,CONTROL_MeToo_Protests_2017_2024,single,True,1,"De, En, La"
https://www.lavanguardia.com/cribeo/20241015/10025153/una-joven-conoce-a-un-chico-en-una-aplicacion-de-citas-y-fallece-en-su-casa-tras-sufrir-un-infarto-pmv.html,La Vanguardia,Una joven conoce a un chico en una aplicación de citas y fallece en su casa tras sufrir un infarto,"Era la primera vez que se veía en persona y no hay indicios de que hubiera violencia

El encuentro parecía uno más de los tantos que surgen en las aplicaciones de citas. Sin embargo, la noche terminó de la manera más trágica para una joven de 24 años de Roma, que falleció repentinamente tras sufrir un infarto en la casa de un chico en la localidad de Latina.

Ambos se habían conocido a través de una app de encuentros y habían decidido verse en persona por primera vez. Lo que comenzó como una velada normal y corriente, terminó en una situación devastadora e irreversible.

El joven, quien trabaja como entrenador de un equipo local de fútbol, intentó desesperadamente reanimarla con un masaje cardiaco, pero fue en vano. Cuando llegaron los servicios de emergencia, no pudieron hacer nada más que certificar su muerte, a pesar de los esfuerzos por revivirla.

La policía, que llegó poco después de los servicios médicos, ha abierto una investigación para aclarar los detalles de lo ocurrido. De momento, todo indica que se trató de un fallecimiento por causas naturales.

Se desconoce qué provocó el infarto

La fiscal a cargo del caso, Simona Gentile, ha solicitado una autopsia para confirmar las circunstancias exactas de la muerte de la chica, aunque los primeros indicios sugieren que, a pesar de su juventud, fue provocada por un infarto fulminante, descartando cualquier posibilidad de violencia.

El médico forense Alessandro Mariani será el encargado de realizar la autopsia, la cual se espera que aporte más claridad sobre el malestar repentino que causó la muerte de la joven.",Héctor Farrés,,2024-10-15,CONTROL_MeToo_Protests_2017_2024,single,True,1,"De, En, La"
https://www.lavanguardia.com/cribeo/20241015/10025162/una-nina-de-3-anos-se-queda-dormida-en-el-autobus-escolar-y-la-encuentran-en-el-garaje-despues-de-cinco-horas-pmv.html,La Vanguardia,Una niña de 3 años se queda dormida en el autobús escolar y la encuentran en el garaje después de cinco horas,"Afortunadamente, estaba físicamente bien y fue llevada al hospital de Giulianova para una revisión médica que descartó cualquier daño grave

Una niña de tres años pasó cinco horas olvidada dentro de un autobús escolar estacionado en el garaje, tras haberse quedado dormida durante el trayecto a su escuela en Morro d'Oro, en la provincia italiana de Teramo.

El día comenzó de manera habitual para la madre de la pequeña. Envió a su hija al jardín de infancia, confiada en que llegaría sin problemas a su destino. Sin embargo, al llegar la hora de recogerla, la madre se encontró con una sorpresa alarmante: los profesores le informaron que su hija nunca había llegado a clase.Inmediatamente se activaron las alertas.

Lo que siguió fue una búsqueda angustiosa, hasta que finalmente, horas más tarde, la niña fue encontrada en el autobús, llorando y asustada, pero sin daños físicos graves. El vehículo, ya estacionado en el depósito, no había sido revisado, y la pequeña había quedado olvidada dentro, sin que nadie se percatara de su presencia.

Aunque la niña no sufrió daños graves, fue trasladada al hospital de Giulianova para realizarle una revisión exhaustiva y asegurarse de que no hubiera consecuencias físicas derivadas de la larga espera en el autobús.

La alcaldesa toma medidas contra la cooperativa

Este episodio puso en evidencia un error evidente en los protocolos de seguridad del transporte escolar. La alcaldesa de Morro d'Oro, Romina Sulpizii, no tardó en tomar cartas en el asunto, asegurando que se tomarían medidas disciplinarias contra los empleados responsables. El conductor y el asistente que se encontraban a bordo del autobús fueron suspendidos inmediatamente, mientras se realizan investigaciones internas por parte de las cooperativas encargadas del servicio.

Para Sulpizii, este caso no se trata solo de una simple omisión. En sus declaraciones, insistió en que es esencial implementar “medidas estructurales para que algo así no vuelva a suceder”. Además, destacó la necesidad de reorganizar el servicio y revisar el contrato de las cooperativas que lo gestionan. Según sus palabras, “se trata de un servicio crucial para la comunidad, y lo que está en juego es la seguridad de los menores”.",Héctor Farrés,,2024-10-15,CONTROL_MeToo_Protests_2017_2024,single,True,1,"De, En, La"
https://www.lavanguardia.com/cultura/20241015/10025154/planeta-historico-paloma-sanchez-garnica-beatriz-serrano.html,La Vanguardia,Un Planeta histórico para Paloma Sánchez-Garnica,"La escritora madrileña, que fue finalista en 2021, gana el galardón con una historia de amor en la Guerra Fría

Cuando Paloma Sánchez-Garnica (Madrid, 1962) se convirtió en finalista del Planeta en 2021 por Últimos días en Berlín, nunca imaginó que regresaría al mismo escenario tres años más tarde para proclamarse ganadora y llevarse el millón de euros gracias a Victoria, una novela con la que regresa a Alemania. La finalista es Beatriz Serrano (Madrid, 1989) con Fuego en la garganta, que pone sobre el foco el papel de las madres abandonadoras.

El nombre de las ganadoras se hizo público la noche del martes durante el transcurso de una cena en el Museu Nacional d’Art de Catalunya (MNAC) en la que se celebró el 75 aniversario del grupo Planeta y a la que asistieron la reina Letizia y el rey Felipe, que dedicó en su discurso unas palabras a Antonio Skármeta, fallecido ayer a los 83 años, y que ganó el premio Planeta en 2003 con la novela El baile de la victoria, rodada años más tarde por Fernando Trueba e interpretada por Ricardo Darín.

Sánchez-Garnica ya tenía una carrera sólida como escritora antes de ganar estos dos premios y contaba con distinciones como el premio de novela Fernando Lara, que ganó en 2016 con Mi recuerdo es más fuerte que tu olvido, inspirada en la historia de su vecina, una hija bastarda que se enteró de su realidad a los doce años. Casualidad fue que como sucesora en el Fernando Lara tuviera a Sonsoles Ónega, ganadora del Planeta del pasado año, con Después del amor.

Con todo, cabe decir que, si algo le ha cambiado la vida a la autora madrileña y le ha dotado de una mayor visibilidad, esa es la ciudad de Berlín, donde ambienta sus dos convocatorias del Planeta. Victoria, la novela ganadora de este año, traslada al lector de nuevo a la capital alemana, derrotada tras la Segunda Guerra Mundial, y, también, al Estados Unidos del macartismo y de la caza de brujas. La protagonista, Victoria, se ve obligada a partir a Norteamérica para ejercer de espía de los rusos, donde vivirá una tierna historia de amor. De vuelta a su ciudad, se convertirá en una famosa locutora de radio y logrará reunirse con su familia, además de vivir en directo la construcción del muro.

La historia, en la que no falta un romance en plena Guerra Fría, fue presentada con el título de Buenas noches y buena suerte, y bajo el seudónimo de Anna Ajmátova, la poetisa que desafió al régimen de Stalin y de la que Sánchez-Garnica se siente admiradora. “Trabajé mucho la literatura testimonial antes y durante la escritura de Últimos días en Berlín, y me ayudó mucho el libro Archipiélago Gulag, de Aleksandr Solzhenitsin, en el que descubrí a fondo la vida de Anna Ajmátova, a la que considero alucinante”, tal y como reconoció ella misma a La Vanguardia.

Beatriz Serrano también brilló anoche. Especialmente, si se tiene en cuenta que es su segunda novela la que le ha llevado a recibir este reconocimiento. Su novela, Fuego en la garganta, tiene como protagonista a Blanca, una niña de nueve años a la que su madre abandona, sin dar explicación alguna. La pequeña se refugia en Internet y es en la red donde conoce a las que serán sus tres amigas del alma. Cuando cumple dieciocho años, recibe un paquete con unos cuadernos en los que su madre le explica los motivos de su desaparición.

En la gala estuvieron presentes Marisa Falcó, condesa de Godó; el consejero delegado del Grupo Godó, Carlos Godó, y la consejera editorial del Grupo Godó, Ana Godó, además de escritores como María Dueñas, Máximo Huerta, Manel Loureiro, Boris Izaguirre, Henar Álvarez o la ganadora del pasado año, la presentadora Sonsoles Onega. También el presidente del grupo Planeta, José Crehueras, que en su discurso apuntó que, de la mano de los Reyes, “superemos las diferencias y con la magia de las palabras hagamos un mundo mejor”.",Lara Gómez Ruiz,,2024-10-15,CONTROL_MeToo_Protests_2017_2024,single,True,1,"De, En, La"
https://www.lavanguardia.com/gente/20241015/10025179/la-madre-de-bianca-censori-responde-a-la-acusacion-de-que-kanye-west-quiere-tener-relaciones-sexuales-con-ella-pmv.html,La Vanguardia,La madre de Bianca Censori responde a la acusación de que Kanye West quiere tener relaciones sexuales con ella,"La suegra del rapero, al ser preguntada por esta hipotética situación, ha preferido no alimentar los rumores

En medio del siempre polémico mundo de Kanye West, uno de los rumores más recientes ha captado la atención por lo surrealista de su contenido: una supuesta afirmación del rapero en la que expresaba un deseo sexual hacia la madre de Bianca Censori, su mujer desde que se divorciara de Kim Kardashian.

Lo que podría haber sido una bomba mediática quedó rápidamente en silencio cuando Alexandra Censori, la madre de Bianca, decidió no entrar en detalles ni alimentar el escándalo. Su respuesta fue breve y contundente: “No voy a dejarme llevar por las últimas acusaciones”, comentó al Daily Mail. Con esto, evitó dar mayor peso a un rumor que ya comenzaba a hacerse eco en los medios.

Nueva acusación contra Kanye West

Este rumor surgió a raíz de una demanda presentada por Lauren Pisciotta, exasistente personal de West, que ha ampliado las acusaciones en su demanda de acoso sexual. Según los documentos judiciales, Pisciotta acusa al músico de enviarle mensajes explícitos, entre ellos una captura de pantalla de una conversación en la que supuestamente Kanye le decía a su esposa Bianca: “Quiero acostarme con tu madre antes de que se vaya”. Además, le habría preguntado a Lauren si creía que Bianca querría presenciar esa hipotética escena.

La demanda de Pisciotta, que comenzó en junio de este año, describe una serie de comportamientos inapropiados que, según la exasistente, culminaron en su despido. Entre los cargos que enfrenta Kanye están el acoso sexual, despido injustificado, incumplimiento de contrato y creación de un ambiente laboral hostil.

A pesar de la gravedad de las acusaciones, Alexandra prefirió mantenerse al margen, sin dar lugar a más especulaciones. Esta postura está en línea con el planteamiento que la familia Censori ha mantenido hasta ahora, evitando entrar en polémicas públicas, especialmente cuando se trata de temas delicados como las relaciones personales con el polémico rapero.

Damandado por acoso sexual por su exasistenta

Mientras tanto, el caso sigue su curso en los tribunales. West, conocido por sus declaraciones y comportamientos controvertidos, parece enfrentarse a un momento delicado, no solo en su vida profesional, sino también en la personal. Aunque el rapero no ha hecho comentarios públicos sobre este último cambio en la demanda de Pisciotta, su historial de escándalos mediáticos solo hace que crecer.

Con una demanda en curso y nuevas acusaciones que salen a la luz, todo apunta a que Kanye tendrá que lidiar con estas polémicas durante un tiempo. Sin embargo, por el momento, su suegra ha dejado claro que no está dispuesta a darle más espacio a este último rumor en particular.",Héctor Farrés,,2024-10-15,CONTROL_MeToo_Protests_2017_2024,single,True,1,"De, En, La"
https://www.lavanguardia.com/gente/20241015/10025200/justin-timberlake-esta-haciendo-todo-lo-posible-para-conseguir-el-perdon-de-jessica-biel-tras-ser-detenido-por-conducir-borracho-pmv.html,La Vanguardia,Justin Timberlake está haciendo todo lo posible para conseguir el perdón de Jessica Biel tras ser detenido por conducir borracho,"La actriz, que según 'People' no está nada contenta con el incidente, está a favor de pasar página

El arresto de Justin Timberlake por conducir bajo los efectos del alcohol no es lo que se esperaría de una estrella que lleva más de dos décadas en lo más alto, pero así fue. A mediados de junio, en Nueva York, el músico fue detenido por la policía tras ser sorprendido conduciendo en estado de intoxicación.

Lo sorprendente no fue solo el hecho en sí, sino la manera en la que tanto él como Jessica Biel, su mujer, han hecho frente a la situación desde entonces, mostrando que, a pesar de los errores, la familia sigue siendo su prioridad.

Tal y como ha informado la revista People, a pesar de estar inmersos en sus carreras —Timberlake con su gira mundial Forget Tomorrow y Biel filmando proyectos como la serie The Better Sister para Amazon—, la pareja ha hecho un esfuerzo consciente por equilibrar su trabajo con la crianza de Silas, de 9 años, y Phineas, de 4.

Timberlake se ha refugiado en su familia para capear el temporal

Una fuente cercana al entorno comentó cómo están llevando esta nueva etapa después de la polémica: “Tienen que trabajar en su matrimonio como la mayoría de las parejas. Ser padres que trabajan nunca es fácil”, comentó dejando claro que, aunque la fama y el éxito les rodean, el esfuerzo por mantener una relación saludable no se da por sentado.

El malestar de Biel por el arresto fue evidente, pero ambos están aliviados de haber dejado atrás este episodio. Timberlake resolvió su caso en septiembre al declararse culpable de un cargo menor por “conducir con habilidad deteriorada”, lo que le valió una multa de 500 dólares y la obligación de completar 25 horas de servicio comunitario. Sin embargo, el incidente no ha empañado su compromiso con su familia ni con su matrimonio.

Según la misma fuente de People, Jessica valora mucho el papel de Timberlake como padre, y “piensa que es maravilloso. Son un gran equipo”. Esta visión de trabajo en conjunto ha sido clave para superar las dificultades, demostrando que, aunque las estrellas puedan enfrentarse a momentos difíciles, es su capacidad de permanecer unidos lo que realmente los define.

Aniversario en el escenario

En un gesto emotivo, durante un concierto reciente en Montreal, Timberlake aprovechó la ocasión para dedicar unas palabras a Biel con motivo de su 12º aniversario de bodas. “Esta noche es muy especial para mí”, comentó, mirando hacia su esposa que lo observaba desde el costado del escenario.

La demostración pública de afecto no pasó desapercibida para los fans, y dejó en claro que, a pesar de los altibajos que el matrimonio ha atravesado, el vínculo entre ambos sigue siendo fuerte. Biel respondió compartiendo el momento en sus redes sociales con un emoji que resumía todo: el cariño y la complicidad siguen intactos.",Héctor Farrés,,2024-10-15,CONTROL_MeToo_Protests_2017_2024,single,True,1,"De, En, La"
https://www.lavanguardia.com/mediterranean/20241015/10024418/america-cup-wine-winery-spain-catalonia-barcelona-champagne-penedes-peralada-event-club-nautic-gramona-showroom.html,La Vanguardia,The America's Cup is toasted with Spanish wine,"Sparkling wines from all over the territory are taking center stage in the 37th edition of this great nautical event, despite being sponsored by Moët & Chandon champagne

Although Moët & Chandon has been a sponsor of the America's Cup for over three decades, Catalan wines and sparkling wines are taking center stage in the 37th edition of this major nautical event.

The wine sails at full speed (and under a sail-awning) at the Real Club Nàutic de Barcelona, the epicenter of the international competition. The distributors Clos Terroir and Massal Selection have joined forces at the event Vi i Vela, with the collaboration of the Gramona winery from Sant Sadurní d’Anoia, coinciding with the major sporting event.

In a showroom that has attracted the interest of nearly five hundred professionals, more than 40 national and international wineries have gathered. Throughout the day, attendees can taste, in high-end Zalto glasses, around 300 wines from Penedès, Priorat, Rioja, Ribera del Duero, Rías Baixas, or the Canary Islands; as well as from Germany, France, Portugal, Italy, and even Australia and New Zealand.

In a showroom, more than 40 national and international wineries have gathered

As part of the showroom, two tastings have been organized around the theme of the sea. The first one, titled “Sailing the world with wine,” has focused on historical regions where ports have been key for the commercialization of their wines, such as Gran Canaria, Bordeaux, Vilanova i la Geltrú-Penedès, Lisbon, Cadiz-Jerez, Madeira, and Oporto. The second tasting is a nod to the competition itself, where wines from each of the countries participating in the America's Cup have been chosen with the intention of pitting them against each other as if in a regatta. These wines have been paired based on a common style: two sparkling, two whites, and two reds.

The driving force behind Massal Selection, Catalan master of wine Álvaro Ribalta, states that “taking advantage of the impact of the America's Cup in the media and throughout the city of Barcelona, we have decided to host an event that combines wine and the sea. To achieve this, we have joined forces, portfolios, and drawing power to bring the professional sector of Barcelona, Catalonia, and the rest of Spain an event featuring a lineup of wineries never before seen in Barcelona.”

Julian Talaveron, co-owner and general director of Clos Terroir, states that they have wanted to showcase a wide variety of wines, keeping in mind Catalan and Spanish wines without losing sight of the global perspective. Leo Gramona, market manager and sixth generation family member leading Gramona winery, adds that “the history of wine is inseparable from the sea and sailing, and Barcelona has always been a link between these two worlds.”

In the 37th America's Cup, wines and sparkling wines from the Penedès region are also served, including Recaredo (official supplier of Corpinnat) and Juvé & Camps (from the Cava DO). They can be tasted in the official hospitality areas of the event and at the Race Village of Moll de la Fusta. It is the first time that their products are being served at the sailing competition. Recaredo has included a special limited edition for the America's Cup, called L’infinit Brut Nature 2020. On the other hand, Juvé & Camps has offered their Gran Reserva Brut Nature Reserva de la Familia cava to celebrate the victory in the Puig Women's America's Cup. Additionally, they present a selection of white, rosé, and red wines.

And the Perelada group has been the official provider of wines and cavas for NYYC American Magic, the American team that competed in the 37th America's Cup in the waters of Barcelona and was eliminated by the Italian Luna Rossa Prada Pirelli. As the official provider, Perelada wines and cavas continue to be present in the different hospitality areas for fans and guests of the men's and women's teams. Also, the Catalan food promoter Prodeca and the Catalan Institute of Vine and Wine supported this initiative to showcase the Catalan wine heritage to the international audience.

At the same time, on the occasion of the dispute of the America's Cup in Barcelona, the Poblenou Wine Festival has been organized, proposing a special edition this autumn. It takes place from the last weekend of September and every weekend of October with several proposals and activities. There is a bar to discover and taste Catalan wines, a gastronomic area with offerings from establishments in the Poblenou neighborhood, a commercial area with stands from businesses in the commercial axis of Poblenou, and a picnic and chill-out area with DJ performances and musical groups. And in all the bars of the Boqueria Market, America's Cup Menus are served until October 20th in collaboration with Moët & Chandon champagne.",Ramon Francàs,,2024-10-15,CONTROL_MeToo_Protests_2017_2024,single,True,9,"Plans, Spain, Wine"
https://www.lavanguardia.com/mediterranean/20241015/10024475/tourism-priorat-ribera-duero-autumn-plan-wine-winery-wineyard-spain-rioja-grape-harvest-fair-rueda-festival.html,La Vanguardia,From Priorat to Ribera del Duero: seven autumn plans in Spain for wine lovers,"Taking advantage of the final stretch of the grape harvest, there are multiple plans being made to enjoy this period

This year's grape harvest is almost over, after the heat of August and the rains of September, wineries have been busy gathering their crops and preparing barrels and tanks in which the grapes will rest. We can only hope that the weather does the rest to achieve a delicious nectar. But it is also the perfect time to enjoy among vineyards: wine tastings, walks, stays in wineries, gastronomic pairings... wine tourism is an activity that allows us to travel through Spain, from field to field, tasting the best wines and enjoying exceptional landscapes.

Wine tastings in Navarra

Otazu is a centuries-old winery dating back to 1840, offering a unique experience that goes beyond the traditional grape harvest. This year, they will be harvesting the “berués,” a native grape variety from the Pamplona region that dates back to the Middle Ages and has been recovered after years of research. Among its offerings is a tour and tasting to explore its legacy. The experience begins amidst historic buildings: the Otazu Palace (16th century), the Palomar Tower (14th century), and the San Esteban Chapel (13th century), before heading to the former winery, now transformed into a wine museum and a contemporary gallery featuring over 150 works of art.

Next, visitors will explore the new underground facilities housing Otazu's wines and taste three wines paired with typical pintxos. But the best is yet to come with a unique sensory experience: The Sound of Wine. Guests will be invited to enjoy one of Otazu's finest wines blindfolded, while listening to music specially composed for this wine.

Relax in Rioja Alavesa

In the beautiful town of Villanueva de Álava, the town with the most wineries per capita in Europe, you will find Hotel Viura with just 35 rooms. Surrounded by 43 century-old wineries, its location is unbeatable for wine lovers who, taking advantage of a fantastic moment, can enjoy the surroundings and book some of the activities offered: walks on foot, by bicycle or on horseback, hot air balloon flights, kayaking, tastings... Additionally, the hotel offers the opportunity to relax in its wellness area with a selection of 100% natural treatments, based on the benefits of honey and grapes. Furthermore, the Yogawine experience combines yoga and wine in a complementary sensory universe among vineyards.

Fun in Rueda

The 34th edition of the Rueda Grape Harvest Festival was held from October 11 to 13. A festival that allows to know and taste the wines of this area. During these days take place events such as the treading of grapes, tasting the first must, Castilian dances, exhibitions of painting and photography, a popular paella and, of course, the White Wine Fair that brings together 30 wineries, each offering the possibility of tasting up to 50 different wines, along with the music session of a dj with saxophonist.

Other activities include the XXI Crafts Fair, the Tamborrada, the Toro de la Vendimia, barrel assembly demonstrations, entertainment for the little ones, and a tourist train that will tour the town to showcase its most emblematic sites. Additionally, some wineries will offer additional visits, such as Montepedroso and Ramon Bilbao.

VIP experience in Ribera del Duero

Pradorey is one of the largest wineries in the area with three thousand hectares, which was purchased by Queen Isabella in 1503, and is also one of the most visited in northern Spain. Located in Burgos, just an hour and a half from Madrid, it offers the possibility of enjoying all kinds of activities related to wine tourism. From September 14th to November 30th, it offers the opportunity to experience the grape harvest with a premium experience, through a VIP Day that starts at 10 in the morning in the vineyard, with a grape tasting (seed included) and then experiencing the harvesting with a basket. The next step, already in the winery, is destemming, followed by treading with a tasting of the extracted must. Afterwards, there is a countryside lunch with some of Pradorey's wines.

With recharged batteries, it's time to tour the winery, and after the visit, two more wines are tasted. The tour ends here, but there is the possibility to continue the experience at La Posada, a 17th-century inn with a five-course tasting menu designed by Ricardo Martín for this harvest, of course, accompanied by more wines from the winery. For those who don't want to leave, there is the option to stay overnight at the inn, which offers 18 rooms that invite relaxation.

4x4 in Priorat

“Adventure” is the name of the experience that has been prepared at Baronia del Montsant, a young winery founded in 1998, which has already received numerous awards for its exclusive and modern wines made with innovative winemaking techniques. It is a very entertaining visit that starts in the old Garnacha vineyards, touring them in a 1970s 4x4 vehicle. Upon returning, the winemaking process is shown, and finally, an appetizer of local products is served along with up to seven wines, including one of their blends directly from the barrel, all explained by a specialist. After the visit, you can complete the morning with a meal at Fonda el Recó, one of the oldest inns in Catalonia, located in the square of Cornudella del Montsant.

A balcony with views in the Ribeira Sacra

It is said that the Romans began using the banks of the Sil River to produce excellent wines that they sent to Rome. There you can find Bodegas Regina Viarum, where they cultivate their vineyards on land with a 45-degree slope. This type of viticulture is called heroic, as the cultivation and harvesting are done by hand, as mechanization is not possible due to the rugged terrain. They mainly harvest the varieties of mencía, tempranillo, and some godello.

A visit to the winery includes a screening where the techniques and secrets of the winery are explained. Then, visitors move on to the tasting room for a guided tasting where they learn to identify the nuances of each wine. Finally, they enjoy a glass of wine on a glass terrace with stunning views of the river and the vineyards.

Sleeping among vineyards in La Rioja

Eugenia de Montijo, wife of Napoleon III and last empress of France, gives her name to the estate of the Hernáiz Brothers, as she was its owner in 1878. After changing hands, this small family winery, located in Baños de Rioja, passed through several owners until it was acquired by the Hernáiz family in 1996. The winery exclusively works with vineyards owned by them, and among their wines stands out El Jardín de La Emperatriz 2023 (like the estate), a pale white made from old viura vineyards.

Among its offerings is a guided tour of the estate's vineyard, outdoor spaces, and historic buildings, culminating in a commented tasting of four wines accompanied by a selection of traditional artisan products from the region. What sets it apart is the opportunity to stay overnight in one of the three villas located within the vineyard. This allows guests to cozy up in front of the fireplace savoring a glass of wine or wake up to the dew glistening on the vineyards. These charming accommodations offer an opportunity to enjoy tranquility to the fullest.",Lidia Bernaus,,2024-10-15,CONTROL_MeToo_Protests_2017_2024,single,True,9,"Plans, Spain, Wine"
https://www.lavanguardia.com/mediterranean/20241015/10024539/vall-d-hebron-care-childhood-cancer-pediatric-oncology-hematology-health-barcelona-hospital.html,La Vanguardia,Breakthrough in childhood cancer care at Vall d'Hebron Hospital in Barcelona,"The renovation of the hematopoietic progenitor cell transplant unit represents a change of paradigm

The first phase of the reform of the pediatric oncology area is underway, with a cost of 7.4 million

Vall d’Hebron Hospital has launched the first phase of the comprehensive refurbishment project for the pediatric and adolescent oncology and hematology area. The goal is to provide the maximum emotional well-being to patients and their families while undergoing highly complex treatments.

The renovation of the hematopoietic progenitor transplant unit (blood and bone marrow transplant or hematopoietic stem cell transplant to reconstitute the patient's blood system) represents “a paradigm shift in the care of these patients,” stated Albert Salazar, manager of the hospital center, the largest in Catalonia.

Three private foundations (Aladina, Albert Bosch, and Small) have promoted and funded the project

It is the first phase of the Enhanced Reality project, which consists of the comprehensive renovation of the pediatric oncology area, the transformation of a 2,646 m2 surface where children with cancer and hematologic diseases are treated. In the first phase, 4 million euros have been invested in construction, plus one million in medical equipment financed by the Catalonian Health Institute (ICS).

The joint project is budgeted at 7.4 million euros and is driven and funded by three private foundations: Aladina, Albert Bosch, and Small. “It is a new example of how public-private collaboration is advancing the new Vall d'Hebron and promoting improvement and innovation in the healthcare sector,” Salazar emphasizes.

The works to refurbish and humanize the pediatric oncology and hematology hospital began in October 2022. The completion of the first phase represents a significant improvement in the stay and care of children (and their families) undergoing treatments such as hematopoietic progenitor transplants, advanced therapies like CAR-T, or other gene therapies.

The new unit has been designed to be more functional and welcoming, with 9 individual rooms equipped with semi-critical equipment (previously 7), large windows, adapted toilet and shower facilities. Additionally, they feature a sofa bed, table, storage spaces, and a refrigerator to make the stay for family members more comfortable.

Among the common areas, there is a family space, a therapeutic rehabilitation area, a separate game room for children and teenagers, and a hospital classroom for patients to continue their studies.

El Vall d'Hebron treats over a hundred new cases of pediatric cancer every year

According to Cristina Díaz, head of the progenitor transplant unit, the new unit also represents an improvement in the conditions for the professionals (five doctors), with a larger workspace and better lighting conditions. “We have found the ideal formula to combine comfort with the most innovative technology,” points out nursing supervisor Esther Díaz.

Vall d’Hebron treats over a hundred new pediatric cancers every year (3,400 patients in the last 40 years) and performs around fifty pediatric transplants. The pediatric transplant department dates back to the 90s, while the hospitalization area has been in operation for twenty years.

According to the schedule, the second and final phase of the reform of the pediatric oncology unit at Vall d'Hebron will become a reality in April 2025. “We have one last push to raise the necessary funds, but I am convinced that we will achieve it very soon,” asserts Laura Lucaya, vice president of the Small Foundation.",Antoni López Tovar,,2024-10-15,CONTROL_MeToo_Protests_2017_2024,single,True,0,"In, The, To"
https://www.lavanguardia.com/television/20241015/10025172/soltero-first-dates-shock-insolito-recibimiento-cita-ayudame-carlos-mmn.html,La Vanguardia,"Un soltero de 'First Dates', en shock ante el insólito recibimiento de su cita: ''¡Ayúdame, Carlos!''","Óscar y Félix acudían al espacio de Cuatro con la esperanza de encontrar a su media naranja

El romántico gesto de un soltero de 'First Dates' que ha conmovido a su cita: ''Me he sentido la mujer más feliz del mundo''

Las puertas del restaurante más famoso de la pequeña pantalla se abrían una noche más para recibir a una nueva tanda de solteros con ganas de vivir una experiencia televisiva sin precedentes y, si puede ser, encontrar el amor. Un objetivo que muy pocos consiguen a pesar de los esfuerzos que hace el equipo cada día con los distintos emparejamientos.

Uno de los primeros en pisar el suelo de First Dates era Félix, un venezolano de 33 años al que todo el mundo conocía como ''bombastic o la bomba sexy del caribe''. Nada más llegar, dejaba en shock al presentador con su espectacular look que él mismo había diseñado. ''Vine a España a desarrollar mi carrera como diseñador de moda'', contaba.

También dejaba impresionado a Carlos Sobera con su peculiar manera de beber un chupito de tequila: sin manos. ''Soy una persona muy sexual y erótica'', contaba. En el amor, el soltero no había tenido mucha suerte porque, según él, ''no todo el mundo podía manejar tanto cuerpo y actitud''. Su chico ideal debía ser grande. ''Me gusta la carne'', recalcaba a la vez que pedía recibir a su cita ''con un poco de música''.

Su cita era Óscar, un madrileño 34 años que lo que menos se esperaba era el recibimiento de Félix. ''Mi primera impresión ha sido como ''guau''. Tiene un cuerpazo, la indumentaria, ha sido un shock. En ese momento no he tenido capacidad de reacción'', confesaba. Momentos después, Félix se acercaba a él y este se queda aún más de piedra. ''¡Ayúdame, Carlos!. No sé bailar'', decía ''Déjate llevar'', le recomendaba el presentador.

Por su parte, el venezolano tenía una buena impresión del madrileño. ''Me gustó, me pareció atractivo, es una persona con la que podría salir a comer'', declaraba. ''Tiene una personalidad que intimida, pero luego te da curiosidad de saber realmente cómo es fuera de la máscara que todos tenemos al principio'', comentaba Óscar.

La velada comenzaba con los solteros poniéndose al día de sus profesiones. Pero su gran punto en común llegaba cuando el madrileño revelaba que la música era una de sus pasiones y que también diseñaba el vestuario de sus actuaciones. ''Coincidimos en la parte artística, pero creo que eso es un bomba explosiva. Dos artistas juntos...puede ser una bomba para bien o para mal'', recalcaba el madrileño.

''Me cuesta creer que no busques un cuerpo trabajado''

En un punto de la velada, el famoso juego del programa, El rasca del amor, ponía a prueba a la pareja con preguntas picantes. ''¿Dónde hay pelo, hay alegría?'', preguntaba Óscar. ''Yo seré la persona más triste del mundo porque no tengo ni un pelo'', bromeaba Félix. ''Yo soy de pelo en los sitios normales'', contaba Óscar, que también preguntaba sobre lo que más morbo le daba al venezolano. ''El gimnasio es un sitio morboso. Es un templo gay'', respondía Félix.

En la recta final, los solteros se desplazaban hasta el reservado del programa, donde Félix subía la temperatura de la cita con un baile sensual. ''Cuando piensas que no puede superar el baile del principio, ha llegado el baile del final'', comentaba Óscar.

En la decisión final, el madrileño mostraba curiosidad por saber el físico que Félix estaba buscando. ''En el tema del físico, yo siempre he considerado que hay ligas. Me cuesta creer que no busques un cuerpo trabajado, como el tuyo'', le decía. ''Busco un hombre interesante, que tenga más cerebro que físico'', explicaba. Tras las aclaraciones, dejaban claro sus ganas de seguir conociéndose.",Nerea Parraga Frutos,,2024-10-15,CONTROL_MeToo_Protests_2017_2024,single,True,1,"De, En, La"
https://www.lavanguardia.com/television/20241015/10025220/broncano-cambia-franja-horaria-dia-entera-competencia-gran-hermano-ese-rival-duro.html,La Vanguardia,Broncano cambia de franja horaria por un día y se entera de que su competencia es ‘Gran Hermano’: “Ese rival es duro”,"El presentador de ‘La Revuelta’ se enfrenta a la competencia directa del prime time televisivo tras el cambio de horario por el partido de la selección española

Grison desvela cuál fue el invitado que peor se lo hizo pasar en 'La Resistencia': ''No le gusta no controlar la situación''

David Broncano se vio sorprendido este martes por un cambio inesperado en la franja horaria de su programa 'La Revuelta'. Debido al partido de la UEFA Nations League entre España y Serbia, que terminó con una victoria de la selección por 3-0, el espacio humorístico tuvo que retrasar su emisión, situándose directamente en el prime time. Esto llevó al presentador a preguntarse por los programas con los que competiría en esa franja.

David Broncano compite contra 'Gran Hermano' en el prime time

Durante el programa, Broncano mostró curiosidad y preguntó al público: “Hoy no competimos con 'El Hormiguero' y 'El Intermedio'. ¿Hoy contra quién vamos? ¿Qué hay a esta hora?”. La respuesta no tardó en llegar: ‘Gran Hermano’. “Ese rival es duro”, comentó el presentador con su habitual tono humorístico. A su lado, Ricardo Castella, colaborador del programa, añadió: “Es un programa donde un montón de gente hace lo que le da la gana”, provocando risas entre los asistentes, ya que 'La Revuelta' juega con la misma estrategia.

A medida que la conversación avanzaba, el público le informó a Broncano sobre la situación en 'Gran Hermano', mencionando la crisis de pareja entre Nerea y Luis, dos concursantes que atraviesan un momento difícil en el reality show. “Competimos contra 'Gran Hermano'. Eso nos quita audiencia”, bromeó el presentador, consciente del peso que el programa de Telecinco tiene en la televisión española.

Además de 'Gran Hermano', Broncano se enfrentó a una variada parrilla televisiva, que incluía a 'Hermanos' en Antena 3, 'Código 10' en Cuatro, 'Pesadilla en la cocina' en LaSexta e incluso 'Rambo: Acorralado' en una cadena de cine. También destacó la emisión de 'Los Misterios de las pirámides' en DMAX, comentando con humor: ""Salimos de competir contra 'El Hormiguero' y nos metemos con las pirámides”.

El cambio de franja fue una situación puntual debido a la programación deportiva, pero mostró cómo 'La Revuelta' tuvo que lidiar con grandes rivales en el prime time. Aunque la competencia era feroz, Broncano no perdió su estilo característico y enfrentó la situación con su característico sentido del humor.",María Romero Medinilla,,2024-10-15,CONTROL_MeToo_Protests_2017_2024,single,True,1,"De, En, La"
https://www.lavanguardia.com/television/20241015/10025233/judit-masco-recuerda-portada-internacional-le-dio-fama-secretismo-llevo-mmn.html,La Vanguardia,Judit Mascó recuerda la portada internacional que le dio la fama y el secretismo con el que se llevó,"La barcelonesa posó para la reconocida Sports Illustrated en 1990, lanzando su carrera

Judit Mascó, una top con valores de enorme impacto socioeconómico

Judit Mascó es una de las modelos más reconocidas a nivel internacional. La nativa de Barcelona apareció por primera vez en televisión cuando era una niña, a través de un anuncio de helados de una marca tan conocida como es La Menorquina. Tiempo después, su rostro sería una constante en las pasarelas y artículos de moda hasta llegar a la actualidad, convertida en una de las presentadoras del premio Telva Moda 2024.

Sin embargo, una publicación en papel fue la encargada de catapultarla a la fama internacional. Se trata de Sports Illustrated, la revista deportiva por excelencia de Estados Unidos. Mascó protagonizó la portada de este destacado formato en 1990, causando un antes y un después en su carrera. Dicha experiencia fue una de las muchas experiencias que pudo compartir en El Hormiguero junto a Inés Sastre, Laura Ponte y Nieves Álvarez.

Pablo Motos preguntó a Judit y las demás modelos por sus orígenes en el mundo de la moda, con la catalana echando la vista atrás a su recordado posado en bañador. Tal y como le explicó al presentador de Requena, su sesión fotográfica y posterior presentación fueron consideradas como “secreto nacional”, una constante con noticias de este estilo en el país norteamericano. De igual forma, recordó su aterrizaje en Nueva York el día que debía desvelarse.

Su llegada al aeropuerto John F. Kennedy fue llamativa desde el primer minuto, confesando que fue la primera y única vez en su vida que ha podido saltarse un control de aduanas. Asimismo, abandonó su hotel a las 5 de la madrugada para acudir a tiempo a los estudios de Good Morning America, el programa de televisión más visto del país. En sus propias palabras, al salir del plató ya le estaban pidiendo autógrafos por la calle.

Rompiendo esquemas

Esta fue una de las muchas anécdotas que Mascó y sus compañeras compartieron, entre ellas el desmentido de que todas las modelos se llevan mal. “Eso es típico de las películas de serie B, las malas, que se roban la ropa o los zapatos. Pero tenemos mucho compañerismo, muy buen rollo de siempre. Nos da una alegría cuando nos vemos…”, explicaba Inés Sastre ante la cuestión de Pablo Motos, asegurando que todas tenían una muy buena amistad.

La barcelonesa también ha confesado que se sorprende de todavía estar activa al mismo nivel que cuando comenzó su carrera: “Yo nunca hubiera pensado que llevaría el mismo ritmo que llevaba cuando tenía 20 años. Yo aún vivo de ser modelo y trabajo de eso y estoy más en activo que nunca. Sería guay poder trabajar un día a dos a la semana”.",Daniel Chueca Miras,,2024-10-15,CONTROL_MeToo_Protests_2017_2024,single,True,1,"De, En, La"
https://www.lavanguardia.com/television/20241015/10025239/posado-pataky-realidad-judit-masco-modelo-catalana-hice-elsa-mmn.html,La Vanguardia,"El posado 'a lo Pataky' en realidad es 'a lo Judit Mascó' según la modelo catalana: ""Yo lo hice antes que Elsa""","La nativa de Barcelona recordó una de las posturas más significativas de las pasarelas internacionales

Judit Mascó recuerda la portada internacional que le dio la fama y el secretismo con el que se llevó

Judit Mascó es una de las modelos más reconocidas a nivel internacional. La nativa de Barcelona apareció por primera vez en televisión cuando era una niña, a través de un anuncio de helados de una marca tan conocida como es La Menorquina. Tiempo después, su rostro sería una constante en las pasarelas y artículos de moda hasta llegar a la actualidad, convertida en una de las presentadoras del premio Telva Moda 2024.

Sin embargo, una de sus mayores aportaciones al mundo de los desfiles había permanecido oculta hasta ahora. Junto a Inés Sastre, Laura Ponte y Nieves Álvarez, la barcelonesa ha sido una de las protagonistas de la entrevista concedida a El Hormiguero, el programa nocturno de Antena 3 presentado por Pablo Motos. Mascó y compañía han confesado que el famoso posado “a lo Pataky” en realidad debería llamarse “a lo Mascó”.

Las cuatro hacían referencia a uno de los posados más famosos de Elsa Pataky, que siempre mostraba en los distintos eventos y pasarelas en las que participaba. Su giro de espaldas, con los brazos hacia atrás sujetando su cintura se convirtió en una imagen viral a lo largo de los años, que adoptó el nombre de pose “a lo Pataky”. Tras el comentario de Motos, las cuatro modelos han reivindicado la autoría de Judit en este gesto.

“Así es. Cuando llegaba la final del desfile me giraba tres cuartos, miraba a las cámaras y al día siguiente era portada de todos los medios que informaban del desfile. Yo lo hice antes que Elsa”, reconocía la catalana, antes de que con sus compañeras realizaran las poses pertinentes ante los aplausos del público. Esta fue solo una de las muchas historias que compartió, como el trasfondo de su famosa portada de Sports Illustrated en 1990.

Una portada histórica

Pablo Motos preguntó a Judit y las demás modelos por sus orígenes en el mundo de la moda, con la catalana echando la vista atrás a su recordado posado en bañador. Tal y como le explicó al presentador de Requena, su sesión fotográfica y posterior presentación fueron consideradas como “secreto nacional”, una constante con noticias de este estilo en el país norteamericano. De igual forma, recordó su aterrizaje en Nueva York el día que debía desvelarse.

Su llegada al aeropuerto John F. Kennedy fue llamativa desde el primer minuto, confesando que fue la primera y única vez en su vida que ha podido saltarse un control de aduanas. Asimismo, abandonó su hotel a las 5 de la madrugada para acudir a tiempo a los estudios de Good Morning America, el programa de televisión más visto del país. En sus propias palabras, al salir del plató ya le estaban pidiendo autógrafos por la calle.",Daniel Chueca Miras,,2024-10-15,CONTROL_MeToo_Protests_2017_2024,single,True,1,"De, En, La"
https://www.lavanguardia.com/cultura/20241015/10025234/que-sirven-premios.html,La Vanguardia,"¿Para qué sirven los premios?, por Sergio Vila-Sanjuán","Aquella noche de febrero de 1975 había nervios entre los hermanos en nuestro piso de Barcelona. Esperábamos noticias de nuestros padres, que se encontraban en Madrid, en la cena de concesión del primer premio Espejo de España, de la editorial Planeta. Mi padre concurría con un libro en el que había invertido mucho tiempo. Nos había llegado que competían por el galardón, dotado con un sustancioso millón de pesetas, autores de peso. La cena en el Ritz era de gala, y no recuerdo si mi progenitor guardaba un esmoquin de alguno de sus eventos publicitarios o tuvo que alquilarlo. A medianoche llamó mi madre con buenas noticias. García Lorca asesinado: toda la verdad vendió 300.000 ejemplares y fue uno de los libros de más éxito de aquel año histórico por tantas razones.

A mi padre ese premio le cambió la vida, por la inmensa difusión que obtuvo, y a nuestra familia no le fue nada mal la dotación económica que le acompañaba. El Espejo de España desapareció al cabo del tiempo, pero el grupo de los Lara sigue concediendo cada año cerca de 25 galardones en distintas categorías. Desde el inicial premio Planeta, lanzado en 1952, pronto constituido en el mejor recompensado del panorama español, han conformado una de las marcas de la casa. Estos concursos han tenido detractores, por un planteamiento que difiere de sus equivalentes en otros países y porque, sobre todo en su primera etapa, el Planeta se vio a menudo acompañado por sonoras polémicas. Pero un alto tanto por ciento de las primeras figuras de la literatura española (y catalana) han obtenido alguno de ellos. En un país donde las condiciones del gremio cultural han sido habitualmente frágiles, los 45 millones de ejemplares vendidos de los premios Planeta marcan época.

Los 75 años en plena forma del grupo Planeta son una gran noticia para Barcelona

Al frente de la editorial y luego del grupo Planeta, José Manuel Lara Hernández fue un personaje de novela, lleno de anécdotas, aguerrido creador de un imperio. Su hijo José Manuel Lara Bosch, también un carácter fuerte, lo consolidó internacionalmente y no dudó en defender al sector del libro en su conjunto ante desafíos como el ataque al precio fijo. El actual presidente, José Creuheras, cordial y afable, pudo señalar este martes que el 2023 ha sido el mejor año de la historia de la empresa. Para Barcelona, los 75 años de este grupo catalán líder en Hispanoamérica constituyen un patrimonio del que enorgullecerse.

¿Para qué sirven los premios? Pregúntenselo a los centenares de autores que han recibido alguno de ellos en los últimos tres cuartos de siglo. Y a sus lectores.",SergioVila-Sanjuán,,2024-10-15,CONTROL_MeToo_Protests_2017_2024,single,True,1,"De, En, La"
https://www.lavanguardia.com/cultura/20241016/10024765/josep-maria-miro-gana-premio-quim-maso-monstre.html,La Vanguardia,Josep Maria Miró gana el premio Quim Masó con ‘El monstre’,"La producción de la Sala Trono se estrenará en el Festival Grec de Barcelona 2025 y se podrá ver en Temporada Alta

Este martes se ha otorgado el XVIII premio Quim Masó a ‘El monstre’, producido por la Sala Tono. Este montaje ha sido creado y dirigido Josep Maria Miró y cuenta con la actuación de Joan Negrié, Albert Prat y Laura Conejero.

La obra narra la historia de Santi y Berta, una pareja que, una madrugada, aparentemente como tantas otras, incapaces de conciliar el sueño, se desvelan y mantienen una larga conversación. Algo les inquieta: la reaparición en sus vidas de un antiguo amigo en común, bautizado en el pueblo como ‘el monstruo’, por su desaparición hace ya un par de décadas.

La obra habla de los monstruos que cada uno llevamos dentro y la necesidad social de generarlos

El retorno del ‘monstre’ permitirá a los espectadores adentrarse en la historia de este tranquilo pueblo de montaña y en las pulsiones y secretos soterrados de Santi y Berta y, quizá, de sus vecinos.

El premio Quim Masó es el único galardón en Catalunya que financia e impulsa la producción y la exhibición de montajes de texto en catalán. El ganador recibe una dotación de 40.000 € y su producción se estrenará en el Festival Grec 2025, además de representarse en Temporada Alta el próximo año.

La proclamación del proyecto ganador se ha realizado en el marco de las actividades de Temporada Alta 2024, en un acto abierto al público en la Sala La Planeta de Girona, presentado por el escritor Josep Maria Fonalleras y con la actuación musical y poética de Rosa Pou.",Anna Navarro,,2024-10-16,CONTROL_MeToo_Protests_2017_2024,single,True,1,"De, En, La"
https://www.lavanguardia.com/deportes/20241016/10025225/suecia-investiga-violacion-involucrar-mbappe.html,La Vanguardia,Suecia investiga una violación que podría involucrar a Mbappé,"Algunos medios suecos aseguran que el futbolista ha sido denunciado como autor de una agresión sexual, aunque la Fiscalía no ha facilitado nombres

Kylian Mbappé afronta un síndrome de Estocolmo distinto al habitual, pero también potencialmente muy peligroso. No se trata de que haya sido secuestrado y empatice con sus captores. Para la estrella del Real Madrid, la capital sueca podría significar un problema grave en su carrera por otros motivos. El capitán de la selección francesa ha sido involucrado por medios de comunicación suecos en una investigación a raíz de una denuncia por violación.

Francia está agitada por la noticia. ¿Nada menos que Mbappé, el último gran prodigio de su fútbol, durante años de conducta extradeportiva intachable, un chico inteligente, hábil comunicador, políglota, implicado en un escándalo sexual? En realidad, su fulgor lleva un tiempo declinando por su conflictiva marcha de París, su ausencia de los Juegos y cierta desgana hacia la selección.

La escapada sueca de Mbappé, la semana pasada, con dos noches de fiesta en un reservado de la discoteca Club V, puede pasarle factura. El delantero salió en tromba desde que el diario Aftonbladet informó el lunes sobre la denuncia. Habló de fake news e insinuó que el PSG podría estar detrás de un complot para hacerle daño y manchar su imagen, justo antes de la nueva audiencia, celebrada ayer en la comisión paritaria de recursos de la Liga de Fútbol Profesional (LFP), para resolver el litigio con el PSG por el supuesto pago pendiente de 55 millones de euros que Mbappé reclama a su antiguo club (el veredicto llegará el 25 de octubre).

“Estas acusaciones son falsas e irresponsables, y su propagación es inaceptable”, dice el jugador del Madrid

El problema del crack francés fue que la Fiscalía de Estocolmo confirmó la investigación, aunque sin mencionar su nombre. La policía acudió al hotel donde se habrían producido los hechos y se habría llevado ropa susceptible de aportar pruebas. La presunta víctima, una mujer no identificada, fue al hospital para ser examinada en un servicio específico para casos de violación.

Según el diario Le Parisien, una de las hipótesis sería que la agresión sexual fuera cometida por alguien del entorno de Mbappé. Para Aftonbladet, en cambio, el futbolista sí fue identificado como el autor de la agresión. La misma versión fue dada por la cadena TV4, según la cual, la víctima habría dicho ya en el hospital que Mbappé la habría violado.

En su viaje a Estocolmo, el delantero del Real Madrid estaba acompañado por su guardaespaldas, su asistente personal y el excompañero del PSG Nordi Mukiele, cedido esta temporada al Bayer Leverkusen. El rotativo sueco Expressen indicó que Mbappé es mencionado por la Fiscalía con el término “razonablemente sospechoso”, un escalón inferior al que se emplea cuando existen indicios muy sólidos contra alguien.

El fulgor de la estrella ya declinaba en Francia por su marcha de París y su desgana hacia la selección

La dirección qatarí del PSG, que acabó muy mal con el jugador y le libró en los últimos años una guerra de nervios, reaccionó indignada a las veladas acusaciones de que sería un montaje urdido por el club. “Este mensaje es una vergüenza –replicaron–. Lo ignoraremos y mantendremos nuestra dignidad”.

Mbappé, originario de Bondy, un suburbio popular del norte de París, es una figura que en Francia trasciende al deporte, otro potente símbolo de éxito en un país multiétnico en el que la convivencia no suele ser fácil. Por eso su marcha a Madrid no fue indolora para el alma colectiva. El propio presidente de la República, Emmanuel Macron, era consciente de ello y logró evitar una vez que el jugador dejara el PSG. Finalmente el jefe de Estado tuvo que arrojar la toalla. Hace pocos días, antes del escándalo de Estocolmo, el desencanto con el futbolista llegó hasta un medio tan serio como Le Monde, que tituló así una crónica: “Kylian Mbappé es aún una superestrella, ¿pero es todavía un superjugador?”",Eusebio Val,,2024-10-16,CONTROL_MeToo_Protests_2017_2024,single,True,1,"De, En, La"
https://www.lavanguardia.com/deportes/futbol/20241016/10025240/fuente-noviembre-vendran-mejores-queremos-primeros.html,La Vanguardia,"De la Fuente: ""En noviembre vendrán los mejores porque queremos ser ptimeros""","“Me he equivocado muy poco desde que estoy aquí. A ver si alguno lo recuerda”, dice el seleccionador

Luis de la Fuente, el seleccionador de España, sacó pecho por la victoria de España sobre Serbia en Córdoba y anunció en vista a posibles polémicas por futuras convocatorias que “en noviembre vendrán los mejores porque queremos ser los primeros de grupo. Esto es la selección española y no un equipo de una comunidad de vecinos. Y los jugadores no es que estén encantados de venir es que están encantadísimos de estar aquí”.

El seleccionador celebró el juego de España: “Hemos hecho un partido completísimo. Hemos salido concentrados desde el primer momento. Hemos estado genial en todas las facetas. Y cuando tienes acierto y esa actitud, es difícil fallar. Hemos visto una España muy brillante, disfrutando y haciendo disfrutar a una afición maravillosa”.

Futbolistas sin reconocimiento mediático

Sobre las numerosas bajas De la Fuente aprovechó para felicitar a los que habían jugado: “Disfruto con estas situaciones porque me extraña que haya muchos profesionales que no valoren a jugadores que son muy buenos y estos partidos quizá sirvan para darlos más a conocer. Hay muchos futbolistas sin reconocimiento mediático con un gran nivel pero que no juegan en los equipos que todos saben. No son siempre los mismos nombres los que han de jugar"", afirmó.

Y luego abundó en la idea: “Lo que me sorprende es que os sorprendan estos jugadores. Parece que porque no están en determinados equipos no son tan buenos, pero con más o con menos nombre dan el rendimiento que dan. Me he equivocado muy poco desde que llegué aquí, a ver si alguno lo recuerda», se reivindicó.

“No se trata de estar agrandado, pero si lo estuviera me lo habría ganado

De la Fuente estaba feliz: “No se trata de estar agrandado, pero si lo estuviera me lo habría ganado, hay cosas que son como son. Otro en estas circunstancias tiraría de carisma y apaga y vámonos. Ahí lo dejo, báilala. Nosotros formamos un grupo de trabajo fantástico, excepcional, desde los fisios y médicos a la utilería, y eso da un gran poder. Todos tenemos el mismo mérito, también la prensa”, concluyó.

El seleccionador negó que España haya jugado con otro estilo: “Ha habido un cambio de características de los jugadores y hemos ocupado las bandas de otra manera. Hemos centrado mucho al área pero esta vez con los laterales no necesitábamos tanta profundidad. Baena y Oyarzabal nos daban otras cosas. No cambiamos la idea, siempre somos fieles. Pero no es lo mismo un jugador que corre los 100 metros en 11 segundos que otro que se mete hacia dentro y tiene buen tiro. Eso nos hace más imprevisibles, somos más versátiles y los futbolistas te ofrecen otras posibilidades”.

De la Fuente valoró el apoyo que ha tenido la selección en Murcia y Córdoba: “Ya lo dije en su momento: había que recuperar ese espíritu del 2010. Pero es que ya está, solo hay que alimentarlo y los resultados ayudan mucho. Debemos colaborar entre todos. Veo otras selecciones que da gusto cuando llegas a un campo y hay 50.000 croatas y 12.000 españoles. Me siento emocionado de ver una reacción como la de Córdoba y la de Murcia, que es impresionante. Estoy orgulloso de vivir en España, ser español y tener esta afición. Si despistamos con otras cosas, entramos en conflicto de clubs.... Aquí no hay clubs, es la selección”, repitió.",Carlos Novo,,2024-10-16,CONTROL_MeToo_Protests_2017_2024,single,True,1,"De, En, La"
https://www.lavanguardia.com/economia/20241016/10025008/tres-millones-trabajadores-espana-son-pobres-pese-empleo-intermon.html,La Vanguardia,"Casi tres millones de trabajadores en España son pobres pese a tener un empleo, según Intermón","Los salarios que perciben el 14% de los ciudadanos los sitúan por debajo del umbral de la pobreza

Tener un empleo no es suficiente para escapar de la pobreza en España. O al menos no lo es para los casi tres millones den personas con unos ingresos que los sitúan por debajo del umbra lde la pobreza, según estimaciones de Intermón Oxfam. Desde el punto de vista estadístico, una persona se considera pobre cuando sus ingresos no alcanzan el el 60% de la media. Con datos de 2022, se califica como pobre un hogar de una sola persona donde los ingresos sean de menos de 915 euros al mes.

Según la ONG, “los avances en materia de empleo de los últimos años: el aumento del SMI, reforma laboral, cifras históricas de empleo y una tasa de paro que se ha situado en el nivel más bajo desde el 2008” no son suficientes para erradicar la pobreza entre los personas que tienen un empleo. Esos casi tres millones de trabajadores equivalen al 13,7% de las personas contratadas . Otra manera de contabilizarlo es que de los ciudadanos “en situación de pobreza, tres de cada diez tienen un trabajo”.

Alejandro García-Gil, responsable de políticas de protección social y empleo de Oxfam Intermón señala en un comunicado que “nos encontramos ante una paradoja desconcertante: hay muchas personas que se esfuerzan cada mañana para ir en trabajar y, aun así, no les garantiza salir de la pobreza”.

El informe revela que los sectores más afectados por la pobreza laboral son la agricultura y las empleadas del hogar. Tras estos sectores se sitúa la hostelería y la construcción.

Casi el 30% de las personas nacidas fuera de la Unión Europea están en situación de pobreza laboral

La falta de ingresos se ceba especialmente con los inmigrantes. “Casi el 30% de las personas nacidas fuera de la Unión Europea están en situación de pobreza laboral, 20 puntos porcentuales más que aquellas nacidas en España”, según el informe publicado hoy.

Por comunidades autónomas, Andalucía se posiciona al frente de la pobreza laboral con una tasa del 19,4%, seguida de Extremadura (17,2%) y Castilla-La Mancha (15,4%).

La pobreza se explica también por la existencia de trabajo a tiempo parcial no buscado. Uno de cada cuatro personas con un empleo a tiempo parcial se considera pobre y en la mayoría de los casos son personas que desearían tener una jornada más amplia.",Eduardo Magallón,,2024-10-16,CONTROL_MeToo_Protests_2017_2024,single,True,1,"De, En, La"
https://www.lavanguardia.com/encatala/20241016/10022866/gir-dreta-l-esquerra.html,La Vanguardia,"Gir a la dreta de l’esquerra, per Fèlix Riera","El 5 de setembre, Emmanuel Macron va nomenar el conservador Michel Barnier primer ministre de França i el 21 de setembre Barnier va nomenar el seu govern. En poc menys de dos mesos, després de les eleccions legislatives, França ha passat de ser governada pel moderat i centrista Gabriel Attal a ser-ho per Michel Barnier, membre destacat de la dreta. Emmanuel Macron, format al si del Partit Socialista francès, i ministre d’Economia amb François Hollande, ha girat cap a la dreta fins a l’extrem que la majoria dels ministres de França són membres d’Els Republicans, molts d’ells vinculats a l’ala més conservadora.

A Dinamarca, des del 2021, la primera ministra Mette Frederiksen, socialdemòcrata, ha posat en marxa mesures dures en matèria migratòria i en la gestió de la immigració, seguint el camí traçat per la dreta amb la “llei de joieria”, aprovada el 2016, que, entre les seves disposicions, destaca la de confiscar als sol·licitants d’asil i refugiats els objectes de valor, com anells de casament, per contribuir a les despeses del seu allotjament i manutenció.

Dietmar Woidke, socialdemòcrata alemany, ha aconseguit guanyar al land de Brandenburg a Alternativa per a Alemanya, en haver-se desmarcat de l’impopular canceller Olaf Scholz, de l’SPD, i haver subratllat el seu caràcter “socialdemòcrata conservador”. Ja ningú a Europa pot negar el fet que la presidenta de la Unió Europea, Ursula von der Leyen, es veu en la necessitat de col·laborar amb partits com Germans d’Itàlia o Dret i Justícia de Polònia per tirar endavant les polítiques comunitàries.

El procés d’assimilació de la socialdemocràcia de les polítiques de la dreta i fins i tot de la ultradreta no només és degut a una estratègia electoral per retenir vots o guanyar-ne, sinó al convenciment que ja no es pot governar des de plantejaments woke, basats en la correcció política, poc útils per afrontar reptes com ara la migració, la seguretat o la sobirania econòmica. Els ciutadans ja no pre­mien els partits que tenen raó en diagnosticar un problema, sinó aquells que fan el que és correcte per solucionar-lo, al marge de la seva ideo­logia.

Aquest procés/evolució política al si de la socialdemocràcia europea acabarà impactant a mitjà termini també al PSOE i l’obligarà a canviar el seu model actual de pactes polítics, obrint-se a prioritzar els partits de centre o de dretes autonòmics davant l’esquerra de Sumar i les seves confluències. Aquest canvi portarà a reforçar el paper de les ministres o els ministres del Govern espanyol que siguin més pragmàtics i desbancarà els més ideològics.",Fèlix Riera,,2024-10-16,CONTROL_MeToo_Protests_2017_2024,single,True,1,"De, En, La"
https://www.lavanguardia.com/encatala/20241016/10022867/topshots-horizontal.html,La Vanguardia,"La deriva autoritària, per Lluís Foix","D’aquí tres setmanes, dimecres dia 6 de novembre, hauríem de saber qui serà el president o presidenta dels Estats Units. La complexitat del sistema electoral permet la impugnació de l’escrutini si els resultats són molt ajustats. L’any 2000, va haver de decidir el Tribunal Suprem després d’una diferència de 327 vots a l’estat de Florida. Després de diverses setmanes de litigis i de recomptes manuals entre les candidatures de George W. Bush i Al Gore a Florida, l’Alt Tribunal va donar la victòria als republicans.

Vint anys després es plantejaria una disputa entre Donald Trump i Joe Biden. El republicà va impugnar els resultats a diversos estats i va acudir sense èxit al Tribunal Suprem. Aquella disconformitat electoral portaria Trump a impulsar un assalt violent al Congrés de Washington el 6 de gener del 2021, amb el resultat de sis morts i diversos ferits. El prestigi de la democràcia americana quedaria malmès, però el sistema sortiria il·lès de la temptativa de cop perpetrat al mateix Capitoli.

És inútil fer un vaticini sobre qui ocuparà la Casa Blanca. Les enquestes afavoreixen Kamala Harris en el vot nacional, però el possible avantatge de Donald Trump en alguns dels set estats pendulars li tornarien la presidència al candidat republicà.

En qualsevol cas, són unes eleccions que decidiran com els Estats Units mantenen l’hegemonia econòmica, militar, política i cultural al món com la van ostentar els últims cent anys.

Les democràcies liberals van guanyar àmpliament al segle XX davant els autoritarismes, que somiaven construir una nació supremacista amb epicentre al Tercer Reich de Hitler o els que ambicionaven una societat nova presidida per Stalin. En tots dos casos, sota la coerció i la violència.

Les democràcies van tirar endavant no perquè fossin perfectes, sinó perquè van reconèixer i van saber superar les seves limitacions. Sense un cert grau d’igualtat econòmica, sense un sistema educatiu just i sense llibertat no hi pot haver progrés per a la majoria. Es detecta en aquests temps una deriva autoritària en la gestió de tot allò que és públic. El món ja no és bipolar com a l’era de la guerra freda, sinó que és multipolar, obert, interconnectat, un món que competeix amb l’aparició de nous agents que disputen el lideratge a les democràcies liberals que, des dels Estats Units fins a França, passant pel Regne Unit, Alemanya, Espanya, Itàlia i Polònia, estan radicalment dividides políticament i socialment.

L’hegemonia liberal està amenaçada per autoritarismes que desafien les democràcies

Cadascun dels països europeus està ideològicament partit, sense lideratges clars, envellit, i aviat sense recursos per mantenir l’Estat social de benestar. Necessitem els immigrants, però no els volem. I creixen els partits que aixequen tanques i murs contra els que arriben, proposant tornar-los al seu lloc d’origen.

La setmana vinent es reuniran a la històrica ciutat russa de Kazan els deu països dels Brics (el Brasil, Rússia, l’ Índia, la Xina, Sud-àfrica, Egipte, l’ Iran, els Emirats Àrabs Units, l’Aràbia Saudita i Etiòpia) per tractar la situació al món. Vint-i-dos països més d’ Àsia, l’Amèrica Llatina, l’Àfrica i l’ Orient Mitjà hi seran presents al seu màxim nivell. Es calcula que representaran més del 60% de la població mundial.

Amb l’excepció de l’Índia, el Brasil i Sud-àfrica, pràcticament tots són països autoritaris, amb una estreta relació amb la Xina, que s’ha convertit en la gran fàbrica del món. La penetració política i econòmica de Pequín i Moscou a l’ Àfrica i l’Amèrica Llatina ha foragitat la presència de les velles metròpolis europees i dels Estats Units. L’hegemonia es lliurarà en una llarga batalla econòmica, comercial i militar al Pacífic amb els Estats Units i la Xina com a principals contendents.

Rússia ha aconseguit la neutralitat xinesa en les seves recurrents baralles militars amb Europa, aquesta vegada a les terres d’Ucraïna, i estén les seves xarxes tan ben ensinistrades per desestabilitzar les democràcies europees. No és casualitat que molts partits d’extrema dreta siguin complaents amb els plans expansionistes de Putin, que manté unes relacions excel·lents amb Donald Trump. Així que l’important no és qui guanyi les eleccions del 5 de novembre sinó la deriva de l’encara primera potència global.",Lluís Foix,,2024-10-16,CONTROL_MeToo_Protests_2017_2024,single,True,1,"De, En, La"
https://www.lavanguardia.com/encatala/20241016/10023425/els-vells-amics.html,La Vanguardia,"Els vells amics, per Llucia Ramis","Les cançons de Los Planetas no m’han posat mai la pell de gallina, però em retornen al pis que vaig compartir a Villarroel-París, a segon de carrera; i a l’habitació dels meus germans, que anaren un parell de cops al FIB Benicàssim; i a una nit de festa amb Jota, Antonio Luque, la meva millor amiga de llavors i una tal Natalia, un BAM llunyà. La pel·lícula Segundo premio transcendeix la nostàlgia i també ho va fer el concert del trentè aniversari de Super 8. “Has somrigut tota l’estona”, digué qui m’hi convidà.

La Razzmatazz s’omplí de puretes entusiasmats que ballaven més que de joves. Vells amics de la universitat s’agafaven per les espatlles mentre s’esgargamellaven d’amor pur. Segurament d’estudiants no imaginàvem que, d’adults, enregistraríem amb el mòbil un llampec del que guardam a la memòria, ni que continuaríem en contacte després de fills i de divorcis i de mudances. Tampoc imaginàvem que es reemetria La bola de cristal quaranta anys més tard. La vèiem els dissabtes de matí i, al videoclip Abracadabra, Alaska es llevava del llit, es vestia i esperava els seus amics, que arribaven de gresca i se servien copes, una pista que potser el programa era per als qui tornaven d’ after.

No imaginàvem que continuaríem en contacte després de fills i divorcis i mudances

Els electroduendes es fotien dels humans gilivatios des dels seus ministeris d’Expiacions i Vergonya Aliena o de Cultura i Rebuigs. Memoriosa, la Hada Vídeo s’avançava a les maleïdes hemeroteques i a internet, la galvanoplàstica Bruja Avería cridava “¡Viva el mal, viva el capital!”, i aquella bola que a tothom mola (“te sientas delante y es como el cine, todo lo controla es un alucine, es como un ordenador personal...”) unia sense saber-ho l’era analògica a la futura Alexa del món digital. No enteníem res, però començàvem a entendre-ho tot. Especialment allò de “solo no puedes, con amigos sí”.

Els divendres vespre vèiem l’Un, dos, tres en família. Mayra Gómez Kemp ha mort poc després d’explicar que havia passat vint hores sola a terra de casa seva per culpa d’una caiguda, no podia aixecar-se. Aquests dies, Sant Joan de Déu ha posat en marxa la Setmana contra la Solitud No Desitjada. I pens en Los Planetas, els electroduendes i la companyia que ens feia na Mayra. D’una manera o una altra, han transmès la importància que té l’amistat per definir qui vàrem ser i qui som.",Llucia Ramis,,2024-10-16,CONTROL_MeToo_Protests_2017_2024,single,True,1,"De, En, La"
https://www.lavanguardia.com/encatala/20241016/10024563/l-habitatge-ja-es-gran-problema-l-esquerra.html,La Vanguardia,"L’habitatge ja és el gran problema de l’esquerra, per Fernando H. Valls","L’habitatge ja és la protesta central de diverses generacions. “N'estem farts, és impossible”, van clamar diumenge passat als carrers de Madrid més de 20.000 persones. A Barcelona hi ha una manifestació convocada per al 23 de novembre. La situació és endimoniada i les solucions, si és que n’hi ha, no són senzilles. De fet es comença a crear un nou subgrup social: els sensehabitatge. Persones que no poden accedir a un sostre digne on els agradaria i que no ho podran fer mai, encara que tinguin un sou decent. No obstant això, aquesta part de la població, liderada per joves i dones, que eren majoria a la concentració a la capital, vol que algú ho intenti. Les xarxes socials són un clam.

Diverses persones durant una manifestació per denunciar el preu dels lloguers, el 13 d’octubre del 2024, a Madrid (Espanya). Un total de 39 col·lectius s’han unit per convocar una manifestació a Madrid, des d’Atocha fins a Callao, sota el lema “S'ha acabat. Abaixem els lloguers”, per reclamar a les diferents administracions el dret a un habitatge digne.

En primer lloc és important destacar que el problema del lloguer és merament urbà i que afecta únicament alguns col·lectius: rendes baixes i mitjanes, joves i immigrants. El mercat de l’habitatge es troba igual de col·lapsat, però en el cas dels arrendaments els inconvenients estan relativament focalitzats. El drama és que aquell focus és cada vegada més ampli i, cada any, més i més població hi és dins, amb escasses possibilitats de sortir. Les herències o els ajuts parentals emergeixen com les escasses opcions per abandonar-lo, no hi ha miracles.

Les xarxes socials bullen des de diumenge explicant què va passar als carrers de Madrid. Molts dels relats són en primera persona. La profunditat del problema és tal que pràcticament tothom el pateix o té un familiar o una persona del seu entorn que hi està atrapat.

“L’edat mitjana d’aquesta manifestació és per veure-la. La bretxa generacional amb l’habitatge és terrible”, postejava a X el periodista @raulsanchezglez. En la protesta es va veure multitud de cartelleria, de consignes, de peticions, de reclams. Hi ha qui agitava les claus de casa seva denunciant la precària situació. La càmera de fotos d'@olmocalvo va retratar aquells moments amb precisió. Una majoria de missatges a les xarxes va reflectir el caràcter multitudinari de la marxa pels carrers de Madrid. És la primera gran manifestació sobre habitatge des de la crisi immobiliària del 2008. Hi ha qui va recordar que el 15-M va tenir un precedent: es deia “h d’habitatge”.

Queda clar, per tant, que l’habitatge és un gran problema i que cada vegada més ciutadans hi estan atrapats. Les solucions no arriben. Però, a qui li pot passar factura política realment aquesta situació? Per respondre a aquesta pregunta és oportú recórrer a un sondeig recent de 40db. La conclusió és la següent: cinc de cada deu votants responen que els preocupa molt el cost de l’habitatge. El mateix treball demoscòpic exposa que el problema és transversal a qualsevol ideologia. És a dir, votants del PSOE, de Sumar, del PP o de Vox. La meitat responen que la crisi de l’habitatge els alarma.

És l’esquerra, tot i això, la que pateix en primera persona la pressió política i social. És el Govern central, en concret, qui està havent d’improvisar mesures i realitzar anuncis més pensats en la comunicació i a espolsar-se la pressió que a ser efectius.

Un exemple: el president del Govern, Pedro Sánchez, va anunciar a començaments d’abril l’eliminació de les anomenades “golden visa”. És una realitat també a tenir en compte que ciutadans adinerats estrangers estan entrant al mercat de l’habitatge per invertir en grans ciutats i obtenir rendibilitat. L’Executiu volia obstruir aquesta via. Mig any després la mesura continua encallada a Congrés. La minoria parlamentària també afecta.

Que l’esquerra té un problema amb l’habitatge s’observa perfectament a X. Diumenge, després de la manifestació, la vicepresidenta segona va postejar reclamant que és hora d’actuar. Li van ploure multitud de crítiques. En la mateixa manifestació es va demanar la dimissió de la ministra del ram, Isabel Rodríguez, i es va fer també viral un vídeo en el qual, enmig de la marxa, se sentien xiulets a Podem. L’esquerra és blanc de les crítiques, la dreta se'n salva.

Diumenge a Madrid es va manifestar per un habitatge digne un grup significatiu de ciutadans que van possibilitar que Sánchez fos investit, igual com a Barcelona es mobilitzaran persones que van contribuir a fer president Illa (que és, probablement, el mandatari que està fent més per la causa). Per això l’esquerra es troba en una situació complexa. Si no entreveu un horitzó en el qual el ciutadà percebi ocupació i preocupació, el preu que pagarà serà elevat. Les coses del viure poden decidir governs.",Fernando H. Valls,,2024-10-16,CONTROL_MeToo_Protests_2017_2024,single,True,1,"De, En, La"
https://www.lavanguardia.com/encatala/20241016/10024609/karaoke-com-miting.html,La Vanguardia,"Un karaoke com a míting, per Màrius Carol","El públic d’Oaks (Pensilvània) que va anar dilluns a un míting de Donald Trump va descobrir les poques objeccions del candidat republicà a convertir-lo de sobte en un recital de cançons. Dos desmais entre els assistents a l’inici de l’acte el van obligar a interrompre les preguntes del qüestionari de la governadora de Dakota del Sud, Kristi Noem, així que va improvisar un karaoke davant l’audiència. Va ser més de mitja hora de música, a la qual Noem, molt incòmoda, va assistir sense saber com actuar, mentre el públic semblava confús amb el canvi de registre de l’acte. La governadora només havia formulat cinc qüestions i ja no n’hi va permetre cap altra, mentre Trump ballava i cantava davant l’audiència, animant el públic de la platea a acompanyar-lo.

La selecció musical no va estar malament, amb temes de Sinéad O’Connor, Guns N’ Roses o Village People, però va ser un dels mítings més surrealistes de la història, la qual cosa demostra que Trump tenia poc a dir i que el públic tenia escàs interès a escoltar-lo. Una bogeria absoluta, que recordava més les festes amb els seus amics rics a la finca de Mar-a-Lago, on li agrada fer de dj, que a un acte polític on desgranar el programa. Per si algú tenia algun dubte que al candidat li importava poc el seu discurs, va proclamar micròfon en mà a la l’audiència: “Convertim el míting en un musical. Qui dimonis vol escoltar preguntes? El públic va aplaudir i el karaoke va continuar fins a concloure amb el Memory del musical Cats.

Trump va convertir el seu discurs en un recital, segurament perquè tenia poc a dir

Tot molt estrany, però és veritat que un compositor romàntic com Robert Schumann va deixar escrit que “la música és més que la paraula”. Però no crec que Trump hagués llegit aquestes reflexions. Simplement va improvisar amb el primer que li va passar pel cap, igual que acostuma a dir als mítings coses que tampoc no ha pensat abans. Em va re­cordar una periodista de La Vanguardia d’un altre moment de la història que, eixuta de paraules com era, va ser convidada a sopar per un ar­tista. Quan al pintor se li van acabar les paraules sobre la seva obra, encara faltaven les postres. I davant el silenci, a la redactora no se li va ocórrer res més que posar-se a xiular. Un recurs com el de Trump, però menys sorollós.",Màrius Carol,,2024-10-16,CONTROL_MeToo_Protests_2017_2024,single,True,1,"De, En, La"
https://www.lavanguardia.com/encatala/20241016/10024799/per-espanya-mengeu-carxofa.html,La Vanguardia,"Per Espanya, mengeu carxofa, per Joaquín Luna","Dels èxits de l’ Espanya de Lamine Yamal, Bárbara Rey i el gran Marchena –toga d’or, enciclopèdia de la boxa i apòstol de Juan Albornoz Sombrita– en parlem poc i malament, de manera que pocs s’han assabentat de l’efemèride: l’associació Alcachofa de España ha fet deu anys.

I com ho han celebrat? Amb una festa a Madrid molt animada i amb un crit patriòtic de la presentadora: “Hem de guanyar els ita­lians com a l’Eurocopa!”. Tot té una explicació en aquesta vida –tret de la vida– i els hi donaré: els italians consumeixen set quilos de carxofes a l’any i nosaltres tres, tot i ser el segon productor d’Europa la Vella.

L’associació Alcachofa de España –no s’ha de confondre amb la penya Amics i Oients de José María García– no té ànim de lucre, a diferència dels seus trenta asso­ciats, que produeixen o comercialitzen aquesta hortalissa essen­cialment mediterrània de la qual canten virtuts insospitades fins al punt que a la seva pàgina web aconsellen Ni un dia sense carxofa! , consigna inquietant que tant de bo no copiïn els productors de naps –una altra hortalissa sense massa glamur–.

Pel que sembla, la carxofa d’Espanya passa un moment ideal. Gràcies a l’arribada d’immigració siriana a Europa, mercats com Alemanya i els Països Baixos estan augmentant la demanda i caldrà veure si encara ens quedarem amb les carxofes menys delicades i amb el pertinaç Abascal demanant que si els sirians volen carxofes, se’n vagin a Síria.

L’organització sense ànim de lucre Alcachofa de España invoca el patriotisme

M’agraden les carxofes, la veritat. Tant que si puc les salto amb oli, all i pernil, un exercici d’espanyolitat insuperable. Per salut, allò que se’n diu per salut, em motiven poc encara que en aquests temps es menja més per la salut que per gaudir, com el matrimoni (els homes solters moren abans, una altra cosa és si més descansats).

En canvi, si és per Espanya –i de passada per apallissar en alguna cosa els italians–, estic disposat a augmentar el meu consum de carxofes nacionals a condició que cap espavilat no inventi el maridatge de la carxofa i el bròcoli, hipòtesi que confirma que tot en aquesta vida pot empitjorar.",Joaquín Luna,,2024-10-16,CONTROL_MeToo_Protests_2017_2024,single,True,0,"In, The, To"
https://www.lavanguardia.com/gente/20241016/10025286/francesca-eastwood-hija-del-director-clint-eastwood-en-libertad-bajo-fianza-tras-ser-acusada-de-violencia-domestica-pmv.html,La Vanguardia,"Francesca Eastwood, hija del director Clint Eastwood, en libertad bajo fianza tras ser acusada de violencia doméstica","La víctima de la agresión no ha sido identificada públicamente con certeza, aunque mantiene una relación sentimental con Alexander Wraith

Francesca Eastwood, hija del icónico actor y director Clint Eastwood, fue arrestada recientemente en Los Ángeles bajo la acusación de un delito grave de violencia doméstica. La noticia ha causado un fuerte impacto, no solo por la naturaleza del delito, sino también por tratarse de una figura pública con un apellido tan emblemático en Hollywood.

Francesca, de 31 años, que también ha desarrollado su carrera en el cine, habría protagonizado una acalorada discusión con su pareja que terminó en agresión física, según la información del medio estadounidense TMZ.

La víctima llevó a Francesca a la comisaría

La noche del incidente, la actriz conducía por Beverly Hills cuando comenzó una pelea verbal con su novio. La situación se fue tensando hasta que la joven recurrió a la violencia. Fue entonces cuando el agredido quiso ponerlo en conocimiento de las autoridades.

Al llegar a la comisaría, la policía notó que la pareja de Eastwood presentaba signos visibles de agresión, lo que fue suficiente para que las autoridades decidieran arrestar a la actriz bajo la acusación de violencia doméstica. Tras el arresto, Francesca quedó en libertad tras pagar una fianza de 50.000 dólares.

Aunque los detalles sobre la identidad de la víctima no han sido confirmados oficialmente, se sabe que Eastwood mantiene una relación con el actor Alexander Wraith, con quien tiene un hijo de seis años. Sin embargo, no se ha especificado si Wraith es la persona afectada en este caso. La relación entre Francesca y Alexander ha sido pública desde 2018, cuando oficializaron su romance en algunos eventos a los que acudieron juntos, y desde entonces han formado una familia.

Este incidente suma un capítulo más a la vida pública de Francesca, que, a pesar de haber seguido los pasos de sus padres en la actuación, ha mantenido una vida relativamente privada. Sin embargo, esta no es la primera vez que la vida amorosa de la actriz acapara titulares. En 2013, se casó con Jordan Feldstein, hermano de Jonah Hill y mánager de Maroon 5, pero la unión fue anulada solo ocho días después. Feldstein falleció en 2017, lo que marcó un momento difícil para la actriz.

Marcada por la dureza de su padre

Francesca, conocida por su trabajo en películas como Tiempo y Clawfoot, siempre ha hecho un gran esfuerzo por construir su propia identidad en Hollywood, lejos de la sombra de su icónico padre y de su madre, Frances Fisher, famosa por su papel en Titanic.

Sin duda, la familia Eastwood ha sido siempre un punto de interés en Hollywood, y la relación entre Francesca y su padre, de 94 años, ha sido descrito como complejo en varias ocasiones. En una entrevista reciente, Francesca habló sobre cómo la crianza estricta del director contrasta con su lado cariñoso como abuelo, una transformación que ella ha encontrado “agridulce”. Sin embargo, ha destacado lo importante que es para ella que su hijo mantenga una relación cercana con sus abuelos.",Héctor Farrés,,2024-10-16,CONTROL_MeToo_Protests_2017_2024,single,True,1,"De, En, La"
https://www.lavanguardia.com/internacional/20241016/10025036/polonia-blindara-frontera-oriental-escudo-plan-fortificaciones-militares.html,La Vanguardia,"Polonia blindará su frontera oriental con el Escudo del Este, un plan de fortificaciones militares","El primer ministro, Donald Tusk, pide fondos europeos para construir instalaciones militares, túneles y sistemas de drones y reforzar así los límites con Bielorrusia y Kaliningrado

Al refuerzo militar se sumará una restrictiva política migratoria y de asilo para “recuperar el control de fronteras” ante la migración ilegal como guerra híbrida por parte de Moscú y Minsk

El primer ministro de Polonia, Donald Tusk, acelera sus planes de refuerzo de la frontera este del país tanto en el sentido militar ante la amenaza rusa como en el de control migratorio, con el argumento de que la migración ilegal es un instrumento de guerra híbrida que utilizan Bielorrusia y Rusia desde el 2021.

Así, el lunes anunció el inicio de las obras de construcción del llamado Escudo del Este, un plan de fortificaciones y sistemas de drones combinado con maniobras militares periódicas, para reforzar su frontera oriental con Bielorrusia y con el enclave ruso de Kaliningrado, y garantizar que “ningún enemigo potencial se atreva a pensar que puede entrar en Polonia”.

Y ayer martes el líder liberal logró que su heterogénea coalición de tres agrupaciones de partidos que van de la izquierda al centroderecha aprobara una nueva y restrictiva política migratoria para “recuperar el control de las fronteras”, en referencia a la de Bielorrusia, si bien anoche no estaba claro si la suspensión temporal del derecho de asilo que preconiza Tusk había sido aceptada.

El pasado sábado, Donald Tusk hizo ese anuncio sobre suspensión de derecho de asilo que reverberó por toda la UE en vísperas del Consejo Europeo en Bruselas, que se celebra mañana y el viernes. Tusk aludía a la guerra híbrida migratoria lanzada por Moscú y Minsk en el 2021. Desde entonces, aunque en menor número que ese año, siguen intentando cruzar la frontera polaca desde Bielorrusia personas procedentes de Oriente Medio y África, atraídas con promesas de entrada fácil en la UE, y Tusk mantiene el férreo dispositivo de contención desplegado por el anterior Gobierno ultraconservador del partido Ley y Justicia (PiS).

“‘Recuperar el control. Garantizar la seguridad’, es decir, la estrategia migratoria adoptada. Una decisión difícil, pero muy necesaria y esperada”, escribió Donald Tusk en la red social X, sin más detalles

Ayer tarde, tras una larga reunión del consejo de ministros, Tusk confirmó en la red social X que las tres familias ideológicas de la coalición habían suscrito una nueva política migratoria, pero no aclaró si eso incluye la suspensión del derecho de asilo. “‘Recuperar el control. Garantizar la seguridad’, es decir, la estrategia migratoria adoptada. Una decisión difícil, pero muy necesaria y esperada”, escribió, sin más detalles.

En un avance de la entrevista que publicará hoy el diario Gazeta Wyborcza , Donald Tusk defiende que “en determinadas circunstancias está justificado no aceptar una solicitud de asilo” , y describe la situación actual en la frontera polaca con Bielorrusia. “Todos los días recibo tres informes sobre la situación en la frontera. Tenemos entre 60 y 120 personas que cruzan la frontera ilegalmente al día; anteriormente la situación era mucho peor, llegando a 600 personas –afirma el primer ministro–. El número ha disminuido porque se ha difundido en el mundo la información de que nuestra frontera es cada vez más difícil de cruzar, porque tenemos allí servicios y ejército en acción permanente”.

Respecto al Escudo del Este, Tusk explicó el lunes en una visita a la guarnición militar de Orzysz, en el nordeste del país, a 60 kilómetros de Kaliningrado, que se trata de “una empresa conjunta con los países bálticos y Finlandia”, y anunció que pedirá fondos europeos para completar este proyecto, concebido en respuesta a la amenaza rusa derivada del ataque militar de Putin a Ucrania. También aseguró que “británicos y estadounidenses están listos para unirse” al proyecto.

El Escudo del Este, mencionado por primera vez en mayo, forma parte de la nueva estrategia de seguridad nacional polaca. El escudo , presupuestado en 2.250 millones de euros, iba a empezar a construirse el año que viene, pero el Gobierno ha decidido adelantar las obras para que esté plenamente operativo en el 2028. Además de bases y cuarteles, el entramado prevé la construcción de una red de túneles a lo largo de la frontera con Bielorrusia y Kaliningrado.

El líder polaco llamó también a un endurecimiento del pacto migratorio de la UE, que no entrará en vigor hasta el 2026, y que las oenegés de derechos humanos consideran ya muy restrictivo. Para Tusk, no es suficiente y se precisa “una versión distinta y más estricta del pacto de migración y asilo ”.

Según la agencia polaca PAP, Tusk ha sido invitado a participar este jueves en Bruselas en una reunión de los jefes de Gobierno de Italia, Dinamarca y Países Bajos, que tienen un enfoque similar sobre cerrojazo a la inmigración.",María-Paz López,,2024-10-16,CONTROL_MeToo_Protests_2017_2024,single,True,1,"De, En, La"
https://www.lavanguardia.com/lacontra/20241016/10024751/vivo-placer-vida-cinco-nudos-tres-grados-escora.html,La Vanguardia,“Vivo el placer de la vida a cinco nudos y tres grados de escora”,"Tengo 52 años. Nací en A Coruña, vivo en el mar. Soy capitán de navío y comandante del buque-escuela ‘Juan Sebastián Elcano’. Estoy casado y tengo tres hijas (de 20 a 25 años). ¿Política? Al servicio de la Armada y de las instituciones. ¿Creencias? Católico. Mi principal afición es la familia. (Foto: Llibert Teixidó)

Impresionante buque.

Juan Sebastián Elcano, buque-escuela de la Armada española: botado el año 1927, pronto cien años...

¿Estoy en su camarote?

Cámara del capitán: todo caoba de Guinea, y placas conmemorativas, trofeos...

¿Su lugar favorito?

El gabinete de fumador del capitán, bajo el puente del timón viejo, con sillón, libros... Fumar en cubierta entrañaba peligro de incendiar las velas. Hoy no se fuma.

¿Siempre ha sido buque-escuela?

Sí, aquí han navegado y aprendido 96 promociones de marinos de la Armada española. En enero, la nº 97.

¿Cuánto dura cada curso?

Navegamos seis meses, de enero a julio, con escalas en puertos de los siete mares.

¿Desde cuándo es usted el capitán?

Hace un año, y lo seré hasta julio de 2025. Comandar este buque es lo máximo. Habré cumplido veinte años navegando y luego pediré destino en tierra.

Veinte años... no seguidos.

La vez más larga seguida: cinco meses y veinticinco días.

Se lo sabe de memoria.

Añoras a la familia: a mi mujer, a mis hijas.

¿Su mujer sabía con quién se casaba?

Sí. La clave es el amor. Nos amamos y eso... ¡puede con todo!

¿Y lo de un amor en cada puerto?

Quizá un marino joven y soltero... No yo.

¿Cómo empezó su vocación marinera?

Desde niño veo barcos y mi padre era marino. Sus valores me impregnaron.

Resuma esos valores.

Honor y cumplimiento del deber, compromiso con la misión y afán de superarse.

¿Nunca dudó en ser marino?

Armada sí o sí. En 1992 aprobé oposiciones a oficial de primera y en 1997 era alférez de navío, embarqué en la fragata Extremadura, para la OTAN.

¿Se las ha visto con piratas?

Sí, en el mar Rojo. Los hemos capturado, y entregado al país que los reclamaba.

¿En qué otros barcos ha servido?

Dragaminas Júcar, cazaminas Segura, patrullera Moure, fragata Méndez Núñez, fragata Blas de Lezo... Y ahora el Juan Sebastián Elcano.

Describa usted este buque-escuela.

Gran velero de cuatro palos y veinte velas en aparejo de bergantín-goleta, de estilizado casco blanco y línea de flotación verde, 103 metros de eslora con el bauprés...

Bauprés...

El palo de proa, con nuestro mascarón de la diosa Minerva. Siete metros de calado, los que hay por debajo de la línea de flotación.

¿Cuánto miden los mástiles?

Cincuenta metros de alto hasta la galleta.

¿Galleta?

El sombrerete en el tope del mástil. Una de las prácticas de los guardiamarinas es subir hasta allí.

¿Da miedo?

Respeto. En mis prácticas subíamos sin arnés. Ahora es más seguro.

El nombre del barco homenaje a un gran navegante, ¿verdad?

El primer hombre que circunnavegó la Tierra, el vasco-español Juan Sebastián Elcano: aquella proeza, de 1519 a 1522, equivale en el siglo XX a llegar a la luna.

¡Tres años navegando!

Sí, de 250 marinos que partieron de Sevilla, volvieron sólo 18 hombres. Son nuestros antepasados, de los que hemos heredado una larga acumulación de conocimientos para navegar con excelencia.

¿Qué saberes implica eso?

Astronomía, geografía, cartografía, hidrografía, meteorología, oceanografía...

¿Cómo es navegar en este barco?

Es el placer de la vida a cinco nudos: viento en las velas y 250 personas conviviendo sobre el agua al aire libre.

¿Qué momento es el mejor?

La puesta de sol, cada día.

¿Y el peor?

“El que no sepa rezar, que vaya por esos mares: ¡verá qué pronto lo aprende, sin enseñárselo nadie”, dice el proverbio: una tormenta. ¡Sobrecoge! Ahí eres muy pequeñito, la naturaleza es soberana...

¿No las previenen?

La previsión meteorológica, a partir de las 48 horas, es ciencia ficción. Navegas “a son de temporal” y cada marino sabe qué debe hacer, en perfecto silencio.

¿En silencio?

Sí, para poder escuchar el “chifle”, el silbato con el que impartimos órdenes, nuestro lenguaje desde hace centurias, órdenes como calzar cangrejas, aparejar a virar, aparejo de capa o proelar....

Habla con pasión.

El buen marino sabe convivir: lo crucial en un barco son las relaciones personales.

Las tres virtudes del buen marino son...

Jovialidad, serenidad y humanidad.",Víctor-M. Amela,,2024-10-16,CONTROL_MeToo_Protests_2017_2024,single,True,1,"De, En, La"
https://www.lavanguardia.com/magazine/moda/20241015/10025218/custo-barcelona-recupera-famosas-camisetas-grafismos-080.html,La Vanguardia,Custo recupera sus famosas camisetas con grafismos en la 080 Barcelona Fashion,"El célebre diseñador cierra la segunda jornada de desfiles de la pasarela catalana con una colección con propuestas para hombre y mujer muy colorista

Inma Linares: el debut más comentado de la segunda jornada de la 080 Barcelona Fashion

Apoteósico, carismático y con un homenaje a sus orígenes. Así ha cerrado este martes Custo Barcelona la segunda jornada de la pasarela catalana. El desfile del célebre diseñador catalán ha sido la última gran cita de este martes en el Recinto Modernista de Sant Pau en motivo de la 080 Barcelona Fashion. Una propuesta con la que el modista ensalza el pasado de la firma y vislumbra para ella un futuro innovador y divertido.

En backstage, horas antes de lanzarse a la pasarela, el entusiasta diseñador ha desengranado las novedades de una línea que se amplia en cada ciudad por la que pasa: Nueva York, Milán, Barcelona y pronto Miami.

“La comunicación es tan importante como el producto y esta colección es una conversación, llamémosla evolutiva, que empieza con el bloque de Estados Unidos, presentado en septiembre en Nueva York y después un bloque europeo, con Madrid y ahora Barcelona. En total son 67 salidas entre hombre y mujer”, detalla Custo Dalmau. Para el la pasarela es un expositor que le sirve para ponerse en contacto con su consumidor, esté dónde esté.

Entre los looks que destacan por su mezcla de tejidos tecnológicos que han brillado sin parangón bajo los focos de la pasarela, un homenaje a lo que ha hecho grande a esta firma se abría paso.

Dalmau ha recuperado las camisetas con grafismos que ensalzaron a la firma en la década de los ochenta y noventa y conquistaron a estrellas como Brad Pitt, Claudia Schiffer o Natalie Portman. “Es el producto con el que comenzó Custo Barcelona así que hemos hecho una mini colección de camisetas en la que tratamos de incluir arte dentro de la pasarela”, sentencia el creativo.",Alex Jover,,2024-10-15,CONTROL_MeToo_Protests_2017_2024,single,True,1,"De, En, La"
https://www.lavanguardia.com/opinion/20241016/10021445/semaforos-miercoles-16-octubre-acurio-sanchez-garnica-barcelo-zaplana.html,La Vanguardia,"Los semáforos del miércoles 16 de octubre: Gastón Acurio, Paloma Sánchez-Garnica, Miquel Barceló y Eduardo Zaplana","‘La Vanguardia’ elige a cuatro rostros de la actualidad para señalar actuaciones positivas y negativas del día

La jornada siempre llega con mejores y peores noticias. En este espacio, elegimos a cuatro rostros de la actualidad para señalar actuaciones positivas y negativas del día.",La Vanguardia,,2024-10-16,CONTROL_MeToo_Protests_2017_2024,single,True,1,"De, En, La"
https://www.lavanguardia.com/opinion/20241016/10022863/giro-derecha-izquierda.html,La Vanguardia,"Giro a la derecha de la izquierda, por Fèlix Riera","El 5 de septiembre, Emmanuel Macron nombró al conservador Michel Barnier como primer ministro de Francia y el 21 de septiembre Barnier nombró a su gobierno. En poco menos de dos meses, tras las elecciones legislativas, Francia ha pasado de ser gobernada por el moderado y centrista Gabriel Attal a serlo por Michel Barnier, miembro destacado de la derecha. Emmanuel Macron, formado en el seno del Partido Socialista francés, y Ministro de Economía de la mano de François Hollande, ha girado hacia la derecha, hasta el extremo de que la mayoría de los ministros de Francia son miembros de Los Republicanos, muchos de ellos vinculados a su ala más conservadora.

En Dinamarca, desde el 2021, la primera ministra Mette Frederiksen, socialdemócrata, ha puesto en marcha medidas duras en materia migratoria y en la gestión de la inmigración, siguiendo el camino trazado por la derecha con la ley de joyería, aprobada en el 2016, que, entre su disposiciones, destaca la de confiscar a los solicitantes de asilo y refugiados los objetos de valor, como anillos de boda, para contribuir a los gastos de su alojamiento y manutención.

Dietmar Woidke, socialdemócrata alemán, ha logrado ganar en el land de Brandemburgo a Alternativa para Alemania, al haberse desmarcado del impopular canciller Olaf Scholz, del SPD, y haber subrayado su carácter “socialdemócrata conservador”. Ya nadie en Europa puede negar el hecho de que la presidenta de la Unión Europea, Ursula von der Leyen, se ve en la necesidad de colaborar con partidos como Hermanos de Italia o Ley y Justicia de Polonia para sacar adelante las políticas comunitarias.

El proceso de asimilación de la socialdemocracia de las políticas de la derecha e incluso de la ultra derecha no solo se debe a una estrategia electoral para retener votos o ganarlos, sino al convencimiento de que ya no se puede gobernar desde planteamientos woke, basados en la corrección política, poco útiles para afrontar retos como la migración, la seguridad o la soberanía económica. Los ciudadanos ya no premian a los partidos que tienen razón al diagnosticar un problema, sino a aquellos que hacen lo correcto para solucionarlo, al margen de su ideología.

Este proceso/evolución política en el seno de la socialdemocracia europea acabará impactando a medio plazo también al PSOE y le obligará a cambiar su actual modelo de pactos políticos, abriéndose a priorizar a los partidos de centro o de derechas autonómicos frente a la izquierda de Sumar y sus confluencias. Este cambio llevará a reforzar el papel de aquellos ministros o ministras del Gobierno español más pragmáticos y desbancará a los más ideológicos.",Fèlix Riera,,2024-10-16,CONTROL_MeToo_Protests_2017_2024,single,True,1,"De, En, La"
https://www.lavanguardia.com/opinion/20241016/10022865/topshots-horizontal.html,La Vanguardia,"La deriva autoritaria, por Lluís Foix","En tres semanas, el miércoles día 6 de noviembre, tendríamos que saber quién será el presidente o presidenta de Estados Unidos. La complejidad del sistema electoral permite la impugnación del escrutinio si los resultados son muy ajustados. En el año 2000, tuvo que decidir el Tribunal Supremo después de una diferencia de 327 votos en el estado de Florida. Después de varias semanas de litigios y de recuentos manuales entre las candidaturas de George W. Bush y Al Gore en Florida, el Alto Tribunal dio la victoria a los republicanos.

Veinte años después se plantearía una disputa entre Donald Trump y Joe Biden. El republicano impugnó los resultados en varios estados y acudió sin éxito al Tribunal Supremo. Aquella disconformidad electoral llevaría a Trump a impulsar un asalto violento al Congreso de Washington el 6 de enero del 2021, con el resultado de seis muertos y varios heridos. El prestigio de la democracia americana quedaría lastimado, pero el sistema saldría ileso del amago de golpe perpetrado en el mismo Capitolio.

Es inútil hacer un vaticinio sobre quien ocupará la Casa Blanca. Las encuestas favorecen a Kamala Harris en el voto nacional, pero la posible ventaja de Donald Trump en varios de los siete estados pendulares le devolverían la presidencia al candidato republicano.

En cualquier caso, son unas elecciones que decidirán cómo Estados Unidos mantiene la hegemonía económica, militar, política y cultural en el mundo como la ostentó en los últimos cien años. Las democracias liberales ganaron ampliamente el siglo XX frente a los autoritarismos, que soñaban con construir una nación supremacista con epicentro en el Tercer Reich de Hitler o los que ambicionaban a una sociedad nueva presidida por Stalin. En los dos casos, bajo la coerción y la violencia.

Las democracias salieron adelante no porque fueran perfectas, sino porque reconocieron y supieron superar sus limitaciones. Sin un cierto grado de igualdad económica, sin un sistema educativo justo y sin libertad no puede haber progreso para la mayoría. Se detecta en estos tiempos una deriva autoritaria en la gestión de lo público. El mundo ya no es bipolar como en la era de la guerra fría, sino que es multipolar, abierto, interconectado, un mundo que compite con la aparición de nuevos agentes que disputan el liderazgo a las democracias liberales que, desde Estados Unidos hasta Francia, pasando por el Reino Unido, Alemania, España, Italia y Polonia, están radicalmente divididas política y socialmente.

Cada uno de los países europeos está ideológicamente partido, sin liderazgos claros, envejecido, y pronto sin recursos para mantener el Estado social de bienestar. Necesitamos a los inmigrantes, pero no los queremos. Y crecen los partidos que levantan vallas y muros contra los que llegan, proponiendo devolverlos a su lugar de origen.

La hegemonía liberal está amenazada por sistemas autoritarios que compiten en el comercio y la ciencia

La semana próxima se reunirán en la histórica ciudad rusa de Kazan los diez países de los BRICS (Brasil, Rusia, India, China, Sudáfrica, Egipto, Irán, Emiratos Árabes Unidos, Arabia Saudí y Etiopía) para tratar de la situación en el mundo. Otros 22 países de Asia, América Latina, África y Oriente Medio estarán presentes en su máximo nivel. Se calcula que representarán más del 60% de la población mundial.

Con la excepción de India, Brasil y Sudáfrica, prácticamente todos son países autoritarios, con una estrecha relación con China, que se ha convertido en la gran fábrica del mundo. La penetración política y económica de Pekín y Moscú en África y América Latina ha ahuyentado la presencia de las viejas metrópolis europeas y de Estados Unidos. La hegemonía se va a librar en una larga batalla económica, comercial y militar en el Pacífico con Estados Unidos y China como principales contendientes.

Rusia ha conseguido la neutralidad china en sus recurrentes peleas militares con Europa, esta vez en las tierras de Ucrania, y tiende sus redes tan bien adiestradas para desestabilizar las democracias europeas. No es casualidad que muchos partidos de extrema derecha sean complacientes con los planes expansionistas de Putin, que mantiene unas excelentes relaciones con Trump. Lo importante no es quién gane el 5 de noviembre sino la deriva de la todavía primera potencia global.",Lluís Foix,,2024-10-16,CONTROL_MeToo_Protests_2017_2024,single,True,1,"De, En, La"
https://www.lavanguardia.com/opinion/20241016/10023424/viejos-amigos.html,La Vanguardia,"Los viejos amigos, por Llucia Ramis","Las canciones de Los Planetas me devuelven al piso que compartí en Villarroel-París, en segundo de carrera; y a la habitación de mis hermanos, que fueron varias veces al FIB Benicàssim; y a una noche de fiesta con Jota, Antonio Luque, mi entonces mejor amiga y una tal Natalia, un BAM lejano. La película Segundo premio trasciende la nostalgia y también lo hizo el concierto del trigésimo aniversario de Super 8. “No has parado de sonreír”, dijo quien me invitó.

La Razzmatazz se llenó de puretas entusiasmados que bailaban más que de jóvenes. Viejos amigos de la universidad se agarraban por los hombros mientras se desgañitaban de puro amor. Seguramente de estudiantes no nos imaginábamos que, de adultos, grabaríamos con el móvil un destello de lo que guardamos en la memoria, ni que seguiríamos en contacto tras hijos y divorcios y mudanzas. Tampoco imaginábamos que se reemitiría La bola de cristal cuarenta años después. La veíamos los sábados por la mañana y, en el videoclip Abracadabra, Alaska se levantaba de la cama, se vestía y esperaba a sus amigos, que llegaban de juerga y se servían copas, una pista de que tal vez el programa era para los que volvían de after.

No nos imaginábamos que seguiríamos en contacto tras hijos y divorcios y mudanzas

Los electroduendes se reían de los humanos gilivatios desde sus ministerios de Expiaciones y Vergüenza Ajena o de Cultura y Desperdicios. Memoriosa, el Hada Vídeo se adelantaba a las malditas hemerotecas y a internet, la galvanoplástica Bruja Avería gritaba “¡Viva el mal, viva el capital!”, y esa bola que a todo el mundo le mola (“te sientas delante y es como el cine, todo lo controla, es un alucine, es como un ordenador personal...”) unía sin saberlo la era analógica a la futura Alexa del mundo digital. No entendíamos nada, pero empezábamos a entenderlo todo. Especialmente lo de “solo no puedes, con amigos sí”.

Los viernes por la noche veíamos Un, dos, tres en familia. Mayra Gómez Kemp ha muerto poco después de contar que había pasado veinte horas sola en el suelo de su casa por culpa de una caída, no podía levantarse. Estos días Sant Joan de Déu ha puesto en marcha la Semana contra la Soledad No Deseada. Y pienso en Los Planetas, los electroduendes y la compañía que nos hacía Mayra. De un modo u otro, han transmitido la importancia que tiene la amistad para definir quiénes fuimos y quiénes somos.",Llucia Ramis,,2024-10-16,CONTROL_MeToo_Protests_2017_2024,single,True,1,"De, En, La"
https://www.lavanguardia.com/opinion/20241016/10024313/vivienda-gran-problema-izquierda.html,La Vanguardia,"La vivienda ya es el gran problema de la izquierda, por Fernando H. Valls","La vivienda es ya la protesta central de varias generaciones. “Estamos hartos, es imposible”, clamaron el pasado domingo en las calles de Madrid más de 20.000 personas. En Barcelona hay una manifestación convocada para el 23 de noviembre. La situación es endiablada y las soluciones, si es que las hay, no son sencillas. De hecho se empieza a crear un nuevo subgrupo social: los sin vivienda. Personas que no pueden acceder a un techo digno donde les gustaría y que nunca podrán hacerlo, aunque tengas un sueldo decente. No obstante, esta parte de la población, liderada por jóvenes y mujeres, que eran mayoría en la concentración en la capital, quiere que alguien lo intente. Las redes sociales son un clamor.

En primer lugar es importante destacar que el problema del alquiler es meramente urbano y que afecta únicamente a algunos colectivos: rentas bajas y medias, jóvenes e inmigrantes. El mercado de la vivienda se encuentra igual de colapsado, pero en el caso de los arrendamientos los inconvenientes están relativamente focalizados. El drama es que ese foco es cada vez más amplio y, cada año, más y más población se encuentra dentro de él, con escasas posibilidades de salir. Las herencias o las ayudas parentales emergen las escasas opciones para abandonarlo, no hay milagros.

Las redes sociales llevan en ebullición desde el domingo contando qué pasó en las calles de Madrid. Muchos de los relatos son en primera persona. La profundidad del problema es tal que prácticamente todo el mundo lo sufre o tiene un familiar o una persona de su entorno atrapado en él.

“La edad media de esta manifestación es para verla. La brecha generacional con la vivienda es tremenda”, posteaba en X el periodista @raulsanchezglez. En la protesta se vio multitud de cartelería, de consignas, de peticiones, de reclamos. Hay quien agitaba las llaves de su casa denunciando su precaria situación. La cámara de fotos de @olmocalvo retrató esos momentos con precisión. Una mayoría de mensajes en redes reflejó el carácter multitudinario de la marcha por las calles de Madrid. Es la primera gran manifestación sobre vivienda desde la crisis inmobiliaria de 2008. Hay quien recordó que el 15-M tuvo un precedente: se llamaba “v de vivienda”.

Queda claro, por tanto, que la vivienda es un gran problema y que cada vez más ciudadanos están atrapados en él. Las soluciones no llegan. Pero, ¿a quién le puede pasar factura política realmente esta situación? Para responder a esta pregunta es oportuno echar mano de un reciente sondeo de 40db. La conclusión es la siguiente: cinco de cada diez votantes responde que le preocupa mucho el coste de la vivienda. El mismo trabajo demoscópico expone que el problema es transversal a cualquier ideología. Es decir, votantes del PSOE, de Sumar, del PP o de Vox. La mitad de ellos responde que la crisis de la vivienda les alarma.

Es la izquierda, sin embargo, la que sufre en primera persona la presión política y social. Es el Gobierno central, en concreto, quien está teniendo que improvisar medidas y realizar anuncios más pensados en la comunicación y en sacudirse la presión que en ser efectivos.

Un ejemplo: presidente del Gobierno, Pedro Sánchez, anunció a principios de abril la eliminación de las llamadas “Golden Visa”. Es una realidad también a tener en cuenta que ciudadanos adinerados extranjeros están entrando en el mercado de la vivienda para invertir en grandes ciudades y obtener rentabilidad. El Ejecutivo quería taponar esa vía. Medio año después la medida sigue varada en el Congreso. La minoría parlamentaria también afecta.

Que la izquierda tiene un problema con la vivienda se observa perfectamente en X. El domingo, tras la manifestación, la vicepresidenta segunda posteó reclamando que es hora de actuar. Le llovieron multitud de críticas. En la propia manifestación se pidió la dimisión de la ministra del ramo, Isabel Rodríguez, y se hizo también viral un vídeo en el que, en medio de la marcha, se escuchaban silbidos a Podemos. La izquierda es blanco de las críticas, la derecha se libra.

El domingo en Madrid se manifestó por una vivienda digna un grupo significativo de ciudadanos que posibilitaron que Sánchez fuera investido, al igual que en Barcelona se movilizarán personas que contribuyeron a hacer president a Illa (que es, probablemente, el mandatario que más está haciendo por la causa). Por ello la izquierda se encuentra en una situación compleja. Si no vislumbra un horizonte en el que el ciudadano perciba ocupación y preocupación el precio que pagará será elevado. Las cosas del vivir pueden decidir gobiernos.",Fernando H. Valls,,2024-10-16,CONTROL_MeToo_Protests_2017_2024,single,True,1,"De, En, La"
https://www.lavanguardia.com/opinion/20241016/10024608/karaoke-mitin.html,La Vanguardia,"Un karaoke como mitin, por Màrius Carol","El público de Oaks (Pensilvania) que acudió el lunes a un mitin de Donald Trump descubrió los pocos reparos del candidato republicano en convertirlo de repente en un recital de canciones. Dos desmayos entre los asistentes en el inicio del acto le obligaron a interrumpir las preguntas del cuestionario de la gobernadora de Dakota del Sur, Kristi Noem, así que improvisó un karaoke ante la audiencia. Fue más de media hora de música, a la que Noem, muy incómoda, asistió sin saber cómo actuar, mientras el público parecía confuso ante el cambio de registro del acto. La gobernadora solo había formulado cinco cuestiones y ya no le permitió preguntar nada más, mientras Trump bailaba y cantaba ante la audiencia, animando a acompañarle al público de la platea.

La selección musical no estuvo mal, con temas de Sinéad O’Connor, Guns N’ Roses o Village People, pero fue uno de los mítines más surrealistas de la historia, lo que demuestra que Trump tenía poco que decir y que el público tenía escaso interés en escuchar. Una absoluta locura, que recordaba más a las fiestas con sus amigos ricos en su finca de Mar-a-Lago, donde le gusta hacer de dj, que a un acto político donde desgranar su programa. Por si alguien tenía alguna duda de que al candidato le importaba poco su discurso, proclamó micrófono en mano ante su audiencia: “Convirtamos el mitin en un musical, ¿Quién diablos quiere escuchar preguntas? El público aplaudió y el karaoke continuó hasta concluir con el Memory del musical Cats.

Trump convirtió su discurso en un recital, seguramente porque tenía poco que decir

Todo muy raro, aunque es verdad que un compositor romántico como el alemán Robert Schumann dejó escrito que “la música es más que la palabra”. Pero no creo que Trump hubiera leído estas reflexiones. Simplemente improvisó lo primero que se le ocurrió en aquel momento, igual que suele decir en sus mítines cosasque tampoco ha pensado antes. Me recordó a una periodista de La Vanguardia de otro momento de la historia que, parca en palabras como era, fue invitada a cenar por un artista. Cuando al pintor se le acabaron las palabras sobre su obra aún faltaban los postres. Y ante el silencio, a la redactora no se le ocurrió nada más que ponerse a silbar. Un recurso como el de Trump, pero menos ruidoso.",Màrius Carol,,2024-10-16,CONTROL_MeToo_Protests_2017_2024,single,True,1,"De, En, La"
https://www.lavanguardia.com/opinion/20241016/10024798/espana-come-alcachofa.html,La Vanguardia,"Por España, come alcachofa, por Joaquín Luna","De los éxitos de la España de Lamine Yamal, Bárbara Rey y el gran Marchena –toga de oro, enciclopedia del boxeo y apóstol de Juan Albornoz Sombrita– hablamos poco y mal, de modo que pocos se han enterado de la efeméride: la asociación Alcachofa de España ha cumplido diez años.

¿Y cómo lo han celebrado? Viniéndose arriba en una fiesta en Madrid al grito patriótico de la presentadora: “¡Hay que ganarles a los italianos como en la Eurocopa!”. Todo tiene una explicación en esta vida –salvo la vida– y voy a dársela: los italianos consumen siete kilos de alcachofas al año y nosotros tres, siendo el segundo productor de Europa la Vieja.

La asociación Alcachofa de España –no confundir con la peña Amigos y Oyentes de José María García– carece de ánimo de lucro, a diferencia de sus treinta asociados, que producen o comercializan esta hortaliza esencialmente mediterránea de la que cantan virtudes insospechadas hasta el punto de que en su página web aconsejan ¡Ni un día sin alcachofa!, consigna inquietante que ojalá no copien los productores de nabos–otra hortaliza sin caché–.

Al parecer, la alcachofa de España atraviesa un momento fetén. Gracias a la llegada de inmigración siria a Europa, mercados como Alemania y los Países Bajos están aumentando la demanda y habrá que ver si aún nos quedaremos con las alcachofas menos primorosas y con el pertinaz Santiago Abascal exigiendo que si los sirios quieren alcachofas, se vayan a Siria.

La organización sin ánimo de lucro Alcachofa de España invoca al patriotismo

Me gustan las alcachofas, la verdad. Tanto que si puedo las rehogo con aceite, ajo y jamón, un ejercicio de españolidad insuperable. Por salud, lo que se dice por salud, me motivan poco aunque en estos tiempos la comida se guía más por la salud que por el goce, tal que el matrimonio (los hombres solteros mueren antes, otra cosa es si más descansados).

En cambio, si es por España –y de paso por zurrar en algo a los italianos–, estoy dispuesto a aumentar mi consumo de alcachofas nacionales siempre y cuando ningún listillo invente el maridaje de la alcachofa y el brócoli, hipótesis que confirma que todo en esta vida puede empeorar.",Joaquín Luna,,2024-10-16,CONTROL_MeToo_Protests_2017_2024,single,True,0,"In, The, To"
https://www.lavanguardia.com/opinion/20241016/10025110/gestion-migratoria-ue.html,La Vanguardia,"La gestión migratoria de la UE, por Editorial","Casi nueve años después de la crisis de los refugiados, que tanto envenenó las relaciones entre los países de la Unión Europea y alimentó la subida de la extrema derecha, el Parlamento Europeo aprobaba el pasado mes de abril el pacto de Migración y Asilo en una ajustada votación. Un proceso eterno que estuvo varias veces a punto de descarrilar por varios bloqueos y cuyo resultado final distó de ser perfecto.

El pacto consta de nueve reglamentos y endurece las condiciones para los migrantes que entran en territorio comunitario, con condiciones muy estrictas. Todo para que las solicitudes de asilo se gestionen más rápido. Mientras se están tramitando, estas personas deben permanecer en instalaciones cerradas para así favorecer su retorno si se les niega el estatus de refugiado.

Ahora, la Comisión Europea apuesta por endurecer la regulación sobre las deportaciones al tiempo que impulsa el polémico modelo pactado por Italia con Albania como una “solución innovadora” frente a la inmigración. Recordemos que la primera ministra italiana, Giorgia Meloni, cerró un acuerdo con su homólogo albanés, Edi Rama, para levantar en territorio de Albania dos centros en los que instalar a miles de migrantes rescatados por buques italianos frente a sus costas y que esperen allí la decisión administrativa sobre si tienen derecho a recibir asilo en la UE o deben ser repatriados a sus países.

El acuerdo, con una duración de cinco años y un presupuesto de 160 millones de euros, contempla que Italia tendrá la responsabilidad en el interior de los dos recintos, en una especie de extraterritorialidad parecida a la que tienen las sedes diplomáticas. Precisamente ayer un buque de la Marina italiana zarpó desde Lampedusa hacia el centro de Gjadër con un primer grupo de migrantes. Eran solo 16 hombres, por lo que la factura del traslado le ha costado al Gobierno italiano 18.000 euros por persona.

Von der Leyen propone la vía Meloni y crear centros de migrantes en países fuera de la UE

La polémica decisión de Meloni de externalizar a suelo albanés la gestión de las solicitudes de asilo y posible repatriación es considerada por algunos partidos italianos y por las oenegés de rescate marítimo como una violación de los derechos humanos, porque Albania no es miembro de la UE y dudan que pueda ofrecer protección suficiente a los peticionarios de asilo. Pero cada vez parece más claro que Bruselas no lo ve así.

La presidenta de la Comisión Europea, Ursula von der Leyen, siempre ha sido receptiva a la idea de Meloni y ayer, en su carta a los líderes europeos previa al Consejo Europeo del jueves y viernes, les pidió que estudien en esta reunión la posibilidad de, siguiendo el modelo italiano, crear nuevos centros de migrantes en países fuera de la Unión Europea. Von der Leyen también anuncia que la Comisión propondrá una nueva legislación que en­durezca y favorezca las expulsiones de migrantes en situación irregular, lo que choca con que muchos países de origen de estas personas rechazan su repatriación ya sea por cuestiones burocráticas o por no tener acuerdos bilaterales. La presidenta de la CE sugiere presionar con las políticas de comercio y los visados para convencer a estos estados.

El debate europeo sobre la inmigración no solo ha sido el elemento recurrente usado por la extrema derecha en todo el continente para su ascenso electoral, sino que entre los Veintisiete hay visiones muy distintas sobre cómo gestionar este problema. Mientras España rechazaba ayer tajantemente los centros fuera de la UE y defiende implementar inmediatamente el pacto de Migración y Asilo –su aplicación está prevista en junio del 2026–, hasta diecisiete países comunitarios defienden la línea dura, que los gobiernos nacionales tengan más atribuciones para poder deportar y, en la línea Meloni y Von der Leyen, crear centros de detención en países terceros. Recordemos que el pacto de Migración y Asilo ya prevé la cuestión de las devoluciones, si bien no establece centros en países externos a la Unión Europea.

Von der Leyen apuesta por buscar acuerdos con “países terceros seguros”, como ya ha hecho con Túnez y Egipto, con la vista fijada en Libia, Argelia y Mauritania. La UE tiene desde el 2016 un acuerdo con Turquía para que contenga el tráfico de personas. A cambio ya ha desembolsado 11.500 millones de euros a Ankara.

La externalización de las fronteras coge cada vez más fuerza entre los países comunitarios

El giro a medidas más duras lo estamos viendo también en las decisiones que cada vez más países están adoptando. Desde los controles fronterizos instalados por Francia y Alemania hasta la suspensión temporal del derecho de asilo en Finlandia y Polonia. El rechazo migratorio recorre Europa con una ofensiva para endurecer la política de deportaciones con expulsiones exprés y repatriaciones de los migrantes en situación irregular.",Editorial,,2024-10-16,CONTROL_MeToo_Protests_2017_2024,single,True,1,"De, En, La"
https://www.lavanguardia.com/opinion/20241016/10025139/rull-samper.html,La Vanguardia,"Rull y Sàmper, juntos, por La Mirilla","De todo los consellers que nombró Salvador Illa para su Govern, el que más escoció en el independentismo fue el de Miquel Sàmper como conseller de Empresa. El exconseller de Interior con Quim Torra había roto el carnet de Junts en febrero, cuando el partido tumbó la ley de Amnistía en una primera votación en el Congreso de los Diputados. “Hay políticos que ‘juegan a la bolsa’, y se mueven al lado de lo que creen que ‘cotiza’ más en cada momento y no se mueven por unas convicciones y unos principios políticos profundos”, llegó a decir en agosto Jordi Turull, secretario general de Junts, al enterarse del nombramiento. La actividad institucional de su compañero de filas y presidente del Parlament, Josep Rull, hizo que coincidiera con Miquel Sàmper. Fue el lunes, en la nueva sede de la patronal Cecot, en Barcelona. El hecho es remarcable en tanto que el primero nombró como sucesor suyo al segundo en el 2015 al frente de CiU en Terrassa.",La Mirilla,,2024-10-16,CONTROL_MeToo_Protests_2017_2024,single,True,1,"De, En, La"
https://www.lavanguardia.com/opinion/20241016/10025152/intereses.html,La Vanguardia,"Intereses de Estado, por Jordi Juan","Los caminos de la política y de la economía suelen confluir cuando hay intereses en juego. Cuando estos días hay quien se atreve a especular sobre una posible moción de censura del PP con el apoyo de los nacionalistas vascos y catalanes, quizás sería bueno reflexionar sobre las conveniencias existentes entre los socialistas y sus socios, que hacen difícil hoy por hoy cualquier amago de ruptura. El futuro de la empresa Talgo, por ejemplo, une en estos momentos a los gobiernos de Pedro Sánchez e Imanol Pradales, que necesitan buscar una salida a la situación de la compañía, una vez el fondo británico Trilantic ha mostrado su voluntad de salir de su capital.

Madrid y Vitoria han trabajado de forma conjunta y parece que han resuelto el problema con la posible entrada de la siderúrgica Sidenor en el accionariado de Talgo. El Gobierno frenó, en su día, la opa del consorcio húngaro Ganz-Magav, con el argumento de que era negativa “para la seguridad nacional”, por la influencia en él de intereses rusos y del régimen de Vladímir Putin. Después, el propio PNV intentó convencer al grupo vasco CAF para que explorara la opción de sumarse a la operación industrial, de acuerdo con el Gobierno central, pero fracasó en el intento. Y posteriormente también se planteó una fusión con Skoda que no fructificó.

Ante el riesgo de una gran crisis y que la empresa dejase de operar en el País Vasco –una de sus principales plantas está en Rivabellosa (Álava)–, Sidenor puede ser una buena solución. Este movimiento garantizaría que Talgo quedase en manos de capital vasco y español y que su sede continuase en España. En su día, también se especuló con la entrada en la compañía del holding Criteria­Caixa, opción que, hoy por hoy, no está consolidada. El potente brazo armado del grupo bancario catalán está ejerciendo de salvavidas del Gobierno en Naturgy o Telefónica, pero no puede ser siempre la única solución.

En fin, que detrás del ruido que protagonizan los actores de lavida política, está la realidad de la conveniencia de cada uno de los diferentes gobiernos. Y hoy no parece que el PNV, en el caso que nos ocupa, tenga en sus planes provocar la caída de Pedro Sánchez.",Jordi Juan,,2024-10-16,CONTROL_MeToo_Protests_2017_2024,single,True,1,"De, En, La"
https://www.lavanguardia.com/opinion/20241016/10025322/tren-paris.html,La Vanguardia,"En tren a París, por Creemos que...","Argumentos no faltan. La conexión ferroviaria entre ciudades alienta los intercambios de todo tipo, culturales, sociales y económicos. Pese a ello, a día de hoy, la inmensa mayoría de los desplazamientos de personas y mercancías entre Francia y España, entre Barcelona y París, tienen que hacerse en coche, camiones o aviones. Poco parece importarle al Gobierno francés la necesidad de descarbonizar la movilidad para alcanzar los objetivos climáticos del mismo Acuerdo de París y el pacto verde de la Unión Europea, que instan ambos a descarbonizar la movilidad. Poco parece interesarle que la española Renfe pueda llegar hasta su capital francesa, aunque la operadora francesa SNCF sí lo haga en territorio español. Las dificultades con las que está topando Renfe parece que no las ha encontrado la operadora alemana Deutsche Bahn, que sí ha llegado a un acuerdo con SNCF para estrenar un tren de alta velocidad entre París y Berlín. El impulso de todas las conexiones ferroviarias transfronterizas es urgente y debe ser claro y contundente.",Creemos que,,2024-10-16,CONTROL_MeToo_Protests_2017_2024,single,True,1,"De, En, La"
https://www.lavanguardia.com/opinion/20241016/10025340/genuino-otono-pallars-sobira.html,La Vanguardia,El genuino otoño del Pallars Sobirà,"Juan Peco Framis destaca con esta imagen el genuino otoño del paisaje del Pallars Sobirà, con sus altas montañas, sus estanques glaciares y su naturaleza exuberante, donde la niebla da un toque de ambientación. Compartan sus fotos en participacion@lavanguardia.es",REDACCIÓN,,2024-10-16,CONTROL_MeToo_Protests_2017_2024,single,True,1,"De, En, La"
https://www.lavanguardia.com/participacion/cartas/20241016/10025341/aviat-sera-tard.html,La Vanguardia,Aviat serà tard,"Sembla que només evolu­ciona la ciència a gran velocitat, però, malauradament, tot va a velocitats descontrolades. Es fan multimilionaris ràpidament que descontrolen el món; míssils, drons i assassinats pel mòbil, i els polítics i les lleis es perpetuen anquilosades. És inútil que sigueu bones persones, arribem sempre “després de”. A les facultats de Polítiques cal que recicleu deu, cent cops més ràpid. I al frontal de la universitat caldria posar-hi: pau, convivència, prevenció.

Joan Bosch Sampedro

Sant Feliu de Llobregat",Joan Bosch Sampedro,,2024-10-16,CONTROL_MeToo_Protests_2017_2024,single,True,1,"De, En, La"
https://www.lavanguardia.com/participacion/cartas/20241016/10025342/reducir-jornada.html,La Vanguardia,Reducir la jornada,"El Gobierno socialista español sugiere rebajar en una hora la jornada laboral semanal, que en nuestro país es de 38,5 horas de media. Esta rebaja se podría realizar a cuenta del aumento de productividad.

Dado que el salario medio español es inferior al de los países de nuestro entorno, el beneficio del incremento de productividad debería repercutir en el aumento salarial y no en la disminución de horas trabajadas. Desconozco la posición de los sindicatos, pero es presumible la de los trabajadores.

Joan Abelló

Suscriptor Barcelona",Joan Abelló,,2024-10-16,CONTROL_MeToo_Protests_2017_2024,single,True,1,"De, En, La"
https://www.lavanguardia.com/participacion/cartas/20241016/10025343/puntos-carga.html,La Vanguardia,Puntos de carga,"Es incoherente que nuestros gobiernos subvencionen con ingentes cantidades de dinero planes Perte vinculados al automóvil eléctrico, cuando la recarga de estos en la vía pública es una hazaña hercúlea.

Varias veces se ha hablado de que el número de cargadores instalados es muy bajo y los trámites admi­nistrativos para instalarlos son extraordinariamente largos. Hay otro factor muy importante y fácil de corregir del que apenas se habla: la imposición de suscribirse a aplicaciones de las compañías que dan el servicio de recarga. Proceso tedioso y no siempre exitoso.

Todo el mundo consideraría ofensivo que para repostar en una gasolinera se requiriese un largo proceso de alta en la petrolera. Pero eso pasa en la recarga eléctrica. El regulador debería intervenir y requerir que las recargas en todos los puntos públicos pudiesen ser pagadas de igual manera que se paga en una simple gasolinera autoservicio.

Ramon Pijoan Rotge

Barcelona",Ramon Pijoan Rotge,,2024-10-16,CONTROL_MeToo_Protests_2017_2024,single,True,1,"De, En, La"
https://www.lavanguardia.com/participacion/cartas/20241016/10025344/vot-dels-joves.html,La Vanguardia,El vot dels joves,"Els joves estem realment preparats per votar? Se’ns critica que quan aconseguim l’edat per votar no estem informats o en­­­s deixem guiar pels ideals del nostre entorn. Però, ens han ensenyat quins són els passos a seguir perquè el nostre vot sigui compatible amb els nostres valors? A causa d’aquesta falta d’informació, tendim a basar-nos en el que veiem a les xarxes socials. Això pot suposar un problema, perquè malgrat que tenim accés a molta informació sobre política, pot ser confusa i enganyosa. Molts joves es veuen aclaparats per notícies falses i opinions esbiaixades, cosa que dificulta la formació d’un judici crític.

Votar no és només un dret, és també una responsabilitat, implica prendre decisions que afectaran no sols la nostra generació sinó també les futures. De veritat es continuarà sense educar sobre la importància del vot?

Natàlia Porta Fiori

Barcelona",Natàlia Porta Fiori,,2024-10-16,CONTROL_MeToo_Protests_2017_2024,single,True,1,"De, En, La"
https://www.lavanguardia.com/participacion/cartas/20241016/10025345/burocracia-municipal.html,La Vanguardia,Burocràcia municipal,"Tenia 94 anys i després d’haver pagat el seu enterrament al llarg de 40 anys, quan ha arribat el moment, ens comuniquen que no és possible enterrar-la al nínxol familiar amb les seves dues germanes, enterrades anys enrere. Tot i estar al corrent de pagament de tots els rebuts, el fet de no haver canviat el nínxol al seu nom després de la mort de les germanes fa que l’hagin d’enterrar en un nínxol de lloguer durant dos anys.

Passat aquest temps, la fundació a la qual la difunta ha deixat tot el seu patrimoni, perquè no va tenir descendència, haurà de reclamar que la traslladin al nínxol familiar.

Com a amiga i veïna de la difunta i com a ciutadana de Barcelona vull manifestar la meva decepció, protesta i indignació envers l’Ajuntament per la seva inflexibilitat i per tota la burocràcia inhumana impo­sada a persones grans i que viuen­ soles, sense facultats per poder resoldre una petita gestió com l’esmentada i, arribada l’hora, poder descansar en pau amb els seus.

Àngels Monill Santin

Barcelona",Àngels Monill Santin,,2024-10-16,CONTROL_MeToo_Protests_2017_2024,single,True,1,"De, En, La"
https://www.lavanguardia.com/participacion/concursos/20241016/9986770/vota-chef-favorito-premio-cuiner-2024-gana-experiencia-culinaria-dos.html,La Vanguardia,Vota a tu chef favorito para el premio Cuiner 2024 y gana una experiencia culinaria para dos,"Seis cocineros emergentes optan al galardón otorgado por ‘La Vanguardia’ y Gastronomic Forum Barcelona

La Vanguardia ha puesto en marcha entre sus lectores las votaciones del concurso Cuiner 2024, que convoca junto a Gastronomic Forum Barcelona para escoger al mejor chef del año entre los seis profesionales emergentes que aspiran a llevarse el galardón.

Las votaciones ya están abiertas y se alargarán hasta el próximo día 1 de noviembre a las 12 horas. Para participar, hay que rellenar el formulario que acompaña este artículo.

Entre todos los participantes se escogerá a seis ganadores, cada uno de los cuales conseguirá una experiencia culinaria para dos personas en uno de los seis restaurantes de los cocineros finalistas.

Los chefs de esta edición del concurso son Beatrice Casella y Iván García (Glug, Barcelona); Àngel Esteve (Sisè, Lleida); Aitor López Martínez (Citrus del Tancat, Alcanar, Montsià); Marietta Richter y Víctor Martín (Safo, Girona); Esteve Garcia Vilanova (La Jovita, Calonge); David Morera (Deliri, Barcelona).

A continuación, antes de pasar a las votaciones, presentamos a los chefs finalistas:

Una vez que hemos conocido mejor a los seis finalistas, te invitamos a participar en las votaciones, que se alargarán hasta el próximo 1 de noviembre a las 12.00 horas, rellenando el siguiente formulario para escoger a tu chef favorito.

■ Objetivo

La Vanguardia convoca junto a Gastronomic Forum Barcelona el concurso Cuiner 2024 para elegir al mejor chef del año entre los seis profesionales emergentes que aspiran a llevarse el galardón.

■ Participación

Rellenando el formulario en el cual hay que votar al candidato preferido.

■ Condiciones de participación

a. El concurso está dirigido a lectores de La Vanguardia.

b. Cada participante solo puede participar una vez.

c. Para participar hay que aportar los datos requeridos en el formulario de participación.

d. Cualquier tipo de participación que no se ajuste a las presentes bases será descartada automáticamente.

■ Protección de Datos de Carácter Personal

La Vanguardia garantiza el correcto tratamiento de los datos personales de acuerdo con el Reglamento general de Protección de Datos (RGPD) y la Ley Orgánica 3/2018, de 5 de diciembre, de Protección de Datos Personales y garantía de los derechos digitales.

La participación en el concurso implica el consentimiento expreso del usuario al tratamiento por parte de La Vanguardia de los datos aportados con la finalidad de atender y gestionar su participación en el concurso.

Los datos aportados, salvo en el caso de resultar ganador, serán conservados durante un periodo no superior a tres meses después de la finalización del concurso.

Los datos de los ganadores podrán ser conservados indefinidamente o mientras el ganador no solicite su cancelación. Sus datos no serán cedidos a terceros.

Los datos de carácter personal que faciliten los participantes en el concurso deberán ser facilitados debidamente actualizados y de forma veraz y completa.

Los participantes podrán ejercer sus derechos sobre protección de datos enviando un mensaje de correo electrónico a la dirección protecciondedatos@lavanguardia.es.

Le recomendamos que para cualquier información adicional sobre protección de datos, consulte nuestra Política de Privacidad.

■ Calendario

a. El periodo de participación se abre el miércoles 16 de octubre de 2024 a las 00:05 horas y termina el viernes 1 de noviembre a las 12:00 horas.

■ Premio

a. Entre todos los participantes se sortearán 6 comidas para dos personas (una para cada uno de los 6 ganadores) en uno de los restaurantes de los chefs finalistas y que asignará el Gastronomic Forum Barcelona.

■ Aceptación

La participación en el concurso supone la aceptación de todas y cada una de las bases del concurso y del fallo inapelable de la organización. Cualquier tipo de participación que no se ajuste a las presentes bases será descartada automáticamente. Los participantes de este concurso se obligan a cumplir las condiciones específicas y generales de este, y su no acatamiento supondrá la expulsión del participante del concurso y la pérdida de cualquier derecho sobre él. En caso de que el participante no esté de acuerdo con las mismas, le rogamos que no participe. No pueden participar en el concurso los empleados relacionados con La Vanguardia ni sus familiares en primer grado. La Vanguardia podrá modificar / readaptar en cualquier momento las bases en función de la dinámica de participación de sus lectores e incluso cancelar, en cualquier momento, el concurso si así lo estima necesario.",Participación,,2024-10-16,CONTROL_MeToo_Protests_2017_2024,single,True,1,"De, En, La"
https://www.lavanguardia.com/television/20241015/10025244/se-que-legal-que-broncano-lanza-broma-sobre-caso-abalos-revuelta.html,La Vanguardia,“No sé qué es legal o qué no”: Broncano lanza una broma sobre el caso Ábalos en ‘La Revuelta’,"El presentador lanzó un comentario irónico sobre el exministro José Luis Ábalos en pleno programa, relacionando la política con el humor característico del show de La1 de TVE

La broma hizo alusión al conocido 'caso Koldo' y a las investigaciones por corrupción que acechan a Ábalos

Broncano cambia de franja horaria por un día y se entera de que su competencia es ‘Gran Hermano’: “Ese rival es duro”

Durante la emisión de ‘La Revuelta’, el programa presentado por David Broncano, el humorista no perdió la oportunidad de hacer una referencia irónica a la situación del exministro José Luis Ábalos. Mientras Pablo Ibarburu, uno de los colaboradores del programa, entraba en escena y comentaba sobre las tres propuestas que traía para el día, Broncano aprovechó para introducir una broma política que arrancó risas del público.

Broncano bromea sobre Ábalos durante el programa

Ibarburu, fiel a su estilo cómico, comenzó diciendo: “Traigo tres cosas, pero igual ninguna se puede meter en el programa. Hay una ilegal, otra asquerosa y luego hay otra que puede que lleve a pelea”. A lo que Broncano, sin perder el ritmo, respondió con una frase cargada de humor: “Yo no sé qué es legal o qué no”, para luego agregar con picardía: ""Es una frase que había escuchado antes, y fue Ábalos”.

La broma no se quedó ahí. El equipo del programa había preparado un cartel en la pantalla con el nombre del exministro, lo que permitió a Broncano continuar con el chiste: “¿Quién es Ábalos?”, preguntó Pablo Ibarburu, a lo que Broncano respondió: “Un señor. El hombre mágico... Así le llamaban en el pub ‘Ambiciones’”. El comentario, claramente en alusión a la polémica alrededor de José Luis Ábalos y los escándalos políticos en los que está involucrado, no pasó desapercibido entre los espectadores.

El contexto de esta broma tiene su raíz en las investigaciones judiciales en torno al exministro, quien está cada vez más cercado por el conocido caso Koldo. Ábalos ha sido señalado por presuntos vínculos con la compraventa irregular de material sanitario durante la pandemia y su implicación en tramas de corrupción sigue siendo objeto de investigación. Según los informes de la UCO, Ábalos mantuvo una relación cercana con Víctor de Aldama, el empresario al frente de la trama, quien presuntamente le proporcionó beneficios económicos y propiedades de lujo a cambio de favores políticos.

El 'caso Koldo' ha situado al exministro en el centro de una investigación que podría llevar a su imputación formal. Ábalos está acusado de haber facilitado contratos a la empresa del comisionista Aldama a través de su asesor, Koldo García. Este último, señalado como el “conseguidor” del entramado, habría utilizado su influencia para abrir puertas a Aldama en distintas administraciones públicas, lo que ha complicado aún más la posición del exministro ante la justicia.

No es la primera vez que Broncano utiliza el contexto político para generar risas en 'La Revuelta'. Sus comentarios y bromas a menudo giran en torno a la actualidad, y en esta ocasión, el exministro de Transportes no fue la excepción.",María R.M.,,2024-10-15,CONTROL_MeToo_Protests_2017_2024,single,True,1,"De, En, La"
https://www.lavanguardia.com/television/20241016/10025243/asi-sido-reencuentro-elsa-edi-hora-camaras-violeta-gran-hermano-pmv.html,La Vanguardia,Así ha sido el reencuentro de Elsa con Edi antes de su hora sin cámaras con Violeta en 'Gran Hermano',"El gallego, que no podía ni moverse ni hablar, lamentó no haber podido estar más tiempo con ella

El reencuentro de Elsa y Edi en Gran Hermano estuvo lejos de ser el momento íntimo que muchos habrían esperado. Justo antes de que Edi disfrutara de su esperada hora sin cámaras con Violeta, la exconcursante y pieza clave en su historia de amor dentro de la casa, hizo una visita sorpresa. Sin embargo, su breve encuentro fue más frío de lo que Edi hubiera deseado.

La vasca llevaba una misión bajo el brazo: esconder seis relojes despertador por toda la casa. “Quien los encuentre tendrá derecho a competir el jueves por la inmunidad”, explicaba Jorge Javier Vázquez.

Elsa se tomó su tarea en serio y fue escondiendo los relojes en rincones que, según explicó, tenían un significado especial para ella: la nevera, una silla, una hamaca o detrás de las botellas de agua que compartía con Maite. Mientras tanto, todos los concursantes estaban en el confesionario sin saber la ubicación de los objetos.

Una vez completada su misión, los habitantes de la casa tuvieron que quedarse congelados en el salón, pero Elsa no quiso irse sin antes dirigirse a sus compañeros. Así, aprovechó para despedirse con cariño, gritando “os quiero mogollón y os amo muchísimo”. Algunos, como Laura, no pudieron contener la emoción y rompieron a llorar. Elsa le recordó que tanto ella como Maite la esperaban fuera, formando “una familia de tres”. También se disculpó con Óscar, con el que tuvo muchos conflictos.

El momento más tierno llegó cuando Elsa, que llegó a confesar que tuvo sentimientos por su compañero, se acercó a Edi. Aunque él no pudo moverse, la mirada lo decía todo. “Te amo, cariño, te amo. Sigue así. Te estoy esperando fuera para comprar ese collar de colorinchus, tú sabes”, le susurró ella, haciendo referencia a una promesa que ambos compartían.

Después de la salida de Elsa, el gallego afirmó que estaba feliz por ver a su amiga pero, a la vez, un poco frustrado: “Estoy fastiado, contento pero fastidiado. Ni un beso, ni un abrazo. No me lo esperaba. Me hubiera gustado tener unas palabras... pero lo entiendo”.

La madre de Violeta cronometra el encuentro

La hora sin cámaras no es del gusto de todos. Laura, la madre de Violeta, nunca ha ocultado su disgusto por ver a su hija en esta tesitura. A pesar de todo, no le quedó otro remedio que empezar a cronometrar el inicio de la cita de Violeta con Edi.

A pesar de respetar la decisión de su hija, no dejó títere con cabeza cuando Jorge Javier le preguntó por cómo había visto a la pareja minutos antes de empezar a desvestirse. “En su puta vida va a tener a una tía así. Es más simple que un pedo. No vale una mierda. Ese tío no es un tío. Es un imberbe. Tiene diez años, no ha crecido”, dijo sobre Edi. Posteriormente, pidió perdón “con letra pequeña” por los epítetos que le dedicó al gallego.",Héctor Farrés,,2024-10-16,CONTROL_MeToo_Protests_2017_2024,single,True,1,"De, En, La"
https://www.lavanguardia.com/cultura/20241015/10024507/rey-afirma-lectura-esencial-formar-ciudadanos-libres.html,La Vanguardia,El Rey afirma que la lectura es esencial para formar ciudadanos libres,"Felipe y Leticia presiden la cena del 73.º Premio Planeta, en la que se celebra también el 75.º aniversario de la fundación del grupo editorial

El Rey ha hecho esta noche un elogio de los libros y de la lectura en el acto con el que se ha celebrado el 75º aniversario del grupo editorial Planeta coincidiendo con la 73º edición del premio Planeta. “La lectura es esencial -ha dicho- para formar ciudadanos libres; nunca estaremos solos si al lado tenemos un buen libro”. Felipe VI, junto a la reina Letizia, ha sido recibido con aplausos y el público puesto en pie en la sala Oval del Museu Nacional d'Art de Catalunya, donde ha presidido la tradicional gala de entrega del premio más conocido y mejor dotado de las letras españolas.

Una celebración en la que el Rey ha felicitado a un inabarcable grupo de personas: todas aquellas que a lo largo de 75 años han estado relacionadas con el grupo editorial Planeta. Desde su fundador José Manuel Lara Hernández, pasando por los anónimos vendedores que, puerta a puerta, llenaron las casas de enciclopedias hasta los escritores conocidos que componen la nómina del premio Planeta y del resto de galardones que conoce el grupo.

El Rey, que ha saludado en catalán y ha dado las gracias, en primer lugar, al presidente del Grupo Planeta, Josep Creuheras, ha tenido un recuerdo para Antonio Skármeta, ganador del Planeta en 2003, fallecido hoy, y ha destacado que el número 75 en “un aniversario que sirve, entre otras cosas, para recordarnos su papel fundamental en la transformación cultural de nuestro país: esencialmente vendiendo libros y fomentando la lectura”. Para, a continuación, destacar “la contribución enorme de este grupo a las redes de intercambio cultural y educativo con otros países europeos y, de manera muy señalada, con los países hermanos de Hispanoamérica e Iberoamérica”.

En referencia al premio Planeta, el Rey ha querido destacar que el galardón logra “año tras año, que se hable de libros; que la invitación a la lectura ocupe el lugar que merece en nuestra actualidad. Esa es -de por sí- una gran noticia, pues como dijo Vargas Llosa, al recoger, en 2010, su Nobel de Literatura, “aprender a leer es lo más importante que me ha pasado en la vida”.

Antes de animar a los responsables del Grupo Planeta seguir adelante con la “noble tarea, y ala vez exigente tarea, de difundir la cultura, el Rey ha recordado que a lectura es esencial para formar ciudadanos libres. Leer da forma a nuestra imaginación, a nuestra comprensión del mundo, a nuestro espíritu crítico. Inculcar ese hábito, enseñar a disfrutar de ese placer, es el mayor regalo que podemos hacer a las generaciones futuras. Porque nunca estaremos solos si al lado tenemos un buen libro.”

Pleno de autoridades en la sala Oval del Museu Nacional d'Art de Catalunya

La presencia de los Reyes ha convocado en la sala Oval del Museo Nacional d’Art de Catalunya a los representantes de las instituciones, en un pleno que no se producía desde hace años, los mismos en los que algún titular de la Generalitat justificaba su ausencia de un acto por su decisión de no compartir mesa con el Rey, aunque a la cena del Plantea acuden personalidades del mundo de la cultura, la empresa y la sociedad civil en general.

Este martes no ha faltado nadie y junto a los Reyes estuvieron el president, Salvador Illa, en la que fue si tercera cita con Felipe VI en cuatro días, tras su presencia en Madrid el 12-O y la coincidencia de ambos en el buque Juan Carlos I desde donde el domingo siguieron la regata de la Copa del América.

En esa ocasión no pudo acompañarles el alcalde, Jaume Collbobi, que anoche si compartió mesa con los Reyes, al igual que los ministros de Cultura, Ernest Urtasun; de Industria y Turismo, Jordi Hereu, ambos catalanes, así como el castellano Óscar Puente, ministro de Transporte y Movilidad Sostenible. En la mesa principal encabezada por los Reyes y el presidente del Grupo Planeta, Josep Creuheras, también se sentaron el delegado del Gobierno en Catalunya, Carlos Prieto; la consellera de Cultura: Sònia Hernández y la de Educación, Esther Niubó.

Felipe y Letizia han estado presentes en las entregas de cuatro de los setenta y tres premios Planeta. La primera en 2011 cuando, aún príncipes de Asturias, presidieron la cena del 60º aniversario. En aquella ocasión se proclamó ganador a Javier Moro como ganador con su libro El imperio eres tú que narraba la vida de Pedro I de Brasil, que por aquellas cosas de la vida fue nieto de Carlos III, el rey preferido de Felipe VI. En 2016, ya Reyes, asistieron a la gala del 65º aniversario en la que resultó ganador Dolores Redondo con su novela de misterio Todo esto te daré y hace tres años, en 2021, Felipe y Letizia fueron testigos del descubrimiento de que Carmen Mola no era una mujer sino tres tipos, Antonio Mercero, Agustín Martínez y Jorge Díaz. que bajo ese seudónimo se hicieron con el 70º premio Planeta con su novela La Bestia.",Mariángel Alcázar,,2024-10-15,CONTROL_MeToo_Protests_2017_2024,single,True,1,"De, En, La"
