url,publisher,title,body,authors,topics,publishing_date,event_label,event_type,is_control,topic_id,topic_label
https://www.latimes.com/delos/story/2024-10-15/marvel-comics-ghost-rider-j-gonzo-la-mano-del-destino-robbie-reyes,Los Angeles Times,A self-published lucha libre tale put J. Gonzo on Marvel’s radar. He almost refused the offer.,"Jason Gonzalez, who goes by his artist moniker J. Gonzo, recalls feeling hesitant about accepting a dream gig with Marvel Comics. The company had asked him to create a Día de Muertos-inspired cover for Latino Heritage Month, but before he accepted, he needed to be reassured that his authentic style would be embraced.

The 50-year-old Chicano illustrator with more than a decade of experience as an independent artist had occasionally freelanced for IDW Publishing and Image Comics, but this was his biggest opportunity to date.

“I always feel a moral obligation to not f— this up for other Chicanos,” Gonzo said. “If I do the money grab thing and it doesn’t work, then it’s just an excuse for these companies to never want to do it again.”

Gonzo, who grew up in Orange County and now lives in Phoenix, said he felt a strong desire to protect his unique Chicano perspective from being used thoughtlessly. That protectiveness over his art grew from the difficulties he faced when he first tried to explore his passion fully.

He grew up admiring comic strips such as “Spider-Man,” which his grandfather regularly clipped for him. As a teenager, he attempted to chase his creative aspirations but was dissuaded by teachers, who shunned his favorite art form as they didn’t see its value as a profession.

After receiving a degree in graphic design from a trade school, Gonzo had a quick stint as a tattoo artist before spending two decades in advertising, eventually working for multiple companies owned by famed comic artist Todd McFarlane.

“I was doing graphic design and a tiny bit of illustration for Todd’s advertising and comic books,” he said. “I would do everything in the comic that wasn’t the comic book.”

Throughout his corporate tenure, Gonzo continued to look for opportunities to work in comic books, but he found it tough to break into the industry. In between his searches, he drew famous superheroes with a Chicano twist and added to his portfolio — lamenting the fact that thist seemed like “a halfway point” as it was an anglicized version of his culture.

Then, during the 2008 recession, he was fired.

“When I was out there looking for work, I had sample pages,” Gonzo said. “Amongst my things was this lucha libre Spawn and I’m like, ‘I should really lean into my culture with this.’”

It led to the creation of his passion project: the 2011 lucha libre tale “La Mano del Destino,” or “The Hand of Destiny.”

His renderings shine with bright hues of yellow, green and pink reminiscent of papel picado — the polar opposite of the classic saturated dark colors used to illustrate famous superheroes.

The series follows Ernesto, a former champion luchador betrayed by friends and unmasked in the ring after refusing to take bribes. He returns to the ring under the Mano del Destino persona in order to seek vengeance and rid lucha libre of corruption. Throughout the six-part series we learn about Ernesto’s past, his deal with a shady promoter before his return and his unknowingly deep connection to the evil he is fighting against.

“Heroism just looks different in Mexico than it does in American people,” Gonzo said. “Western culture heroes tend to succeed because of who they are. I like the kind of definition by result more than by identity.”

To promote his work, he traveled across the country to local comic book conventions. His story was well received by his target audience.

“Latinos will just walk by and then they would just see the color palette of my booth and they stop in their tracks,” Gonzo said. “Like they had been walking in this world that had nothing for them for so long and suddenly they found the thing for them.”

Gonzo’s growing fan base is part of a larger ongoing trend of Latino creators using the internet to promote their work, said Javier Hernandez, co-founder of the Latino Comics Expo and creator of 1998’s. “El Muerto: Aztec Zombie.”.

“The good thing about our modern time we’re living in is a lot of the gatekeeping has collapsed,” Hernandez said. “Of course you’re competing for millions of viewers with thousands of other creators, but it’s no longer, ‘You have to go with Marvel or DC [Entertainment].’ It’s like the sky is completely open.”

Hernandez says that independent Latino storytellers who work with larger institutions can benefit mutually from the move.

In 2023, the crimefighting turtle brand “Teenage Mutant Ninja Turtles” asked Gonzo to create a cover for a Halloween-themed story. He had worked with IDW Publishing in the past for other illustrations, creating more traditional work with his usual bright color scheme. He decided to submit two designs.

The first one closely followed traditional comic aesthetics and the second was a Day of the Dead-inspired cover that fully represented his vision. After presenting the second version, he was shocked by the brand’s excitement for it. He promptly turned the four Ninja brothers into skeleton turtles, ornately decorated with complex green stripes and color-coordinated marigolds.

When Gonzo received the call from Marvel Comics, he said its representative loved his design for the turtles and wanted to tap into his style for the East L.A. version of Ghost Rider.

Gonzo is one of three cover artists for the recently released Marvel Comics story “Ghost Rider: Robbie Reyes Special #1” highlighting Latino storytellers during Hispanic Heritage Month. Yet for Gonzo, it was more than a single cover. The latest work validates his lifelong goal of authentically depicting his Mexican heritage for comic book fans without catering to a wider audience.

Gonzo’s cover depicts the Latino hero in a flat 2-D drawing resembling Aztec art, he said, instead of the usual 3D action shot. He added lowrider pinstripes, bright orange marigolds and papel picado in the foreground. After submitting the final piece, he expected feedback.

“They didn’t ask me to move a single line or change a single color,” he said. “For them to not even ask me to adjust the shade of anything was tremendously validating.”

“J. Gonzo was able to distill from Robbie Reyes’ Ghost Rider and reconstruct it in a single cover image. It captures the depth of rootedness and cultural ancestry, tradition and mythology,” said Frederick Luis Aldama, a professor at the University of Texas who has written extensively about Latinos in comics. The educator, better known online as Professor LatinX, added that Gonzo is one of the best illustrators in the business.

Whether this art piece leads to more projects with media giants on his terms is yet to be seen, although Gonzo teased that he’s in talks with other companies.

For now, he plans to finish the first issue of his second “La Mano del Destino” series by the end of the year, which he joked was long overdue.

“I’m real over anything kind of dour and greedy,” Gonzo said. “I guarantee, whatever I’m working on, it’s going to have bright vibrant colors and it’s going to have my Chicano thumbprints all over.”",Daniel Eduardo Hernandez,,2024-10-15,CONTROL_MeToo_Protests_2017_2024,single,True,0,"In, The, To"
https://www.latimes.com/entertainment-arts/movies/story/2024-10-15/lamorne-morris-saturday-night-garrett-morris-snl,Los Angeles Times,Lamorne Morris likens himself to his 'Saturday Night' character: 'You're the Black dude',"For his Emmy-winning performance as Deputy Witt Farr on “Fargo,” Lamorne Morris underwent a complete physical transformation. In his latest role, he’s far closer to himself.

The Chicago-born actor portrays Garrett Morris (no relation) in “Saturday Night,” the Jason Reitman-directed feature film about the birth of “Saturday Night Live,” released Oct. 11. The elder Morris was the first Black cast member on the legendary sketch comedy show — an experience the younger Morris identified with.

While playing the sole Black lead on the sitcom “New Girl,” he told the Washington Post in an interview published Tuesday, fans would often tell him, “Oh I know that show. You’re the Black dude.”

Lamorne Morris joined the “New Girl” cast shortly after Damon Wayans Jr., who played Coach in the show’s pilot, exited due to scheduling conflicts. Early into production, the newcomer was often frustrated by the writers’ blurry vision for his character, Winston Bishop — which he struggled to believe wasn’t personal.

“The first two years of ‘New Girl,’” he told the Post, “I was like, ‘What am I doing?’”

The “Woke” star said he imagines his character in “Saturday Night” asking himself the same question a half-century ago, on the night “SNL” debuted. Then a 37-year-old playwright and singer, Garrett Morris was decades older than most of his castmates — and the only Black member of the show’s creative team.

“With ‘Saturday Night Live,’ suddenly I was representing Black,” Garrett told Lamorne in a Variety interview published Saturday. The conversation was hardly the pair’s first, because despite “Saturday Night” director Jason Reitman’s wishes, they were in contact even before filming began.

“Jason didn’t want us to reach out to the real actors. His thing was, you’re an actor. You already know what to do,” Lamorne Morris said. “But I called Garrett anyway.”

During several subsequent phone and Zoom calls, the two learned they “shared a very, very similar walk,” he said.

In Reitman’s words, the “Fargo” actor was “born to play this role.”

“Lamorne just kind of inherently understood that search for identity that Garrett was going through,” the director told the Post, adding that Morris brought a sincerity to his rendition that makes for one of the film’s most compelling character arcs.

Luckily for the actor, who as a child admired Garrett Morris so greatly that he used to tell people they were related, his performance also landed with the “SNL” alum himself.

Watching the film, Garrett Morris said, was “a very cathartic experience.”",Malia Mendez,,2024-10-15,CONTROL_MeToo_Protests_2017_2024,single,True,0,"In, The, To"
https://www.latimes.com/sports/dodgers/story/2024-10-15/payroll-dodgers-yankees-mets,Los Angeles Times,"Column: Don't blame big payrolls for the success of Dodgers, Yankees and Mets","It’s a cyclical thing, and the cycle has come back around to the tired lazy narrative. The teams with the three largest payrolls are three of baseball’s final four. Those three teams play in New York or Los Angeles. Baseball is doomed.

But think back to this time last year. There was a narrative last October too.

Tony Clark, the executive director of the players’ union, stood on the field at Dodger Stadium and smiled. He has heard it all before. Baseball is not doomed.

“Last year,” Clark said, “the conversation was the exact opposite: Everyone was concerned about the format, because the teams that had the most wins over the course of the year didn’t find their way late into the postseason.

“This year, it’s flipped.”

This year, the Dodgers spent the money, earned a first-round bye, and advanced. Last year, the Dodgers spent the money, earned a first-round bye, and did not advance.

So was the system was rigged in favor of the rich teams this year and rigged against the rich teams last year?

Baseball is not doomed because it lacks a salary cap. The Kansas City Chiefs dominate the NFL, but not because the NFL has a salary cap. The Chiefs dominate because they have Patrick Mahomes, who has led his team to three championships in five years, including back-to-back championships.

The last back-to-back champions in Major League Baseball: the New York Yankees, 24 years ago. Sixteen MLB teams have won the World Series since then, including the Angels, Chicago White Sox, Kansas City Royals, Miami Marlins, Texas Rangers and Washington Nationals.

For MLB, competitive balance comes from the expanded postseason, because — stop us if you’ve heard this before — anything can happen in a short series. No team has to spend $300 million to win.

The lowest seed in the National League playoffs represented the league in the World Series the last two years and could for a third consecutive year. Those three teams won 87, 84 and 89 games.

“Look, resources help,” said David Stearns, the Mets’ president of baseball operations. “There is no question about that. Resources provide an advantage. It’s our job to do what we can to turn that into competitive teams.”

That need not involve buying Shohei Ohtani.

Clark bristles at the notion of payroll as destiny, because owners can allocate resources in any number of ways that do not involve buying Juan Soto this winter. No fan base should have to put up with an owner who talks more about market size and less about the World Series.

“Whether it’s the (luxury) tax, whether it’s the draft, whether it’s international signings or any number of things in between — indifferent to the market you are in — you can be the last team standing if you are committed to being the last team standing,” Clark said.

The Mets set an MLB payroll record last season and finished with a losing record. Owner Steve Cohen hired Stearns from the Milwaukee Brewers for the same reason Dodgers owner Mark Walter hired Andrew Friedman from the Tampa Bay Rays a decade ago: If you can apply the lessons of winning consistently with little money to a team with lots of money, well, that can be Moneyball fit for a parade rather than a Brad Pitt movie.

“The Dodgers have done that,” Stearns said. “I think copying any exact model of another team is probably a fool’s errand. We need to be able to do it in our own way.”

Friedman had to find his own way too. In his time with the Rays, he won in part because the New York Yankees and Boston Red Sox lavished ultimately burdensome large contracts upon players deep into their 30s.

With the Dodgers, Friedman focused on paying down those kinds of contracts, or waiting them out. In his first five years, he did not sign a player for more than $100 million.

Since then, in order: Mookie Betts (12 years, $365 million, playing through age 39); Freddie Freeman (six years, $162 million, through age 38); Ohtani (10 years, $700 million, through age 39) and Yoshinobu Yamamoto (12 years, $325 million, through age 37).

“We’ve been very selective about the guys to which we have committed long-term contracts,” Friedman said. “It’s why, for the most part, I have shied away from it with guys that haven’t been here, that we don’t have first-hand knowledge of how they prepare, how they compete, what they do to get ready, how competitive they are, what kind of teammate they are.

“There are things we dig on and try to understand as best we can. But it never replaces first hand. With Mookie, we had some coaches that had been with him early in his career and had enough that we felt good about it. Freddie, we felt like we knew enough, and Shohei as well.

“That’s been a limitation for us. We are probably not as aggressive as some other teams, on guys where there’s a lot more unknowns for us.”

In fairness, no one in, say, Minnesota wants to hear Friedman talk about limitations. But each team should be able to define its limitations and surmount them well enough to assemble a playoff team, if not a championship team, in a league in which 40% of teams make the playoffs.

Nevertheless, as the Dodgers and Mets continue their NLCS clash, Stearns understands that fans of other teams might skip the nuance of understanding how he defines his limitations and skip directly to the aggravation of competing against a team with a $300-million payroll.

“If we’re winning enough to aggravate people,” Stearns said with a laugh, “that’s a good thing.”",Bill Shaikin,,2024-10-16,CONTROL_MeToo_Protests_2017_2024,single,True,5,"Driving, The, Wage"
https://www.latimes.com/california/story/2024-10-15/chp-motorcycle-officer-injured-in-collision-in-palmdale,Los Angeles Times,CHP motorcycle officer injured in collision in Palmdale,"A California Highway Patrol motorcycle officer was injured in a collision in Palmdale on Tuesday afternoon, authorities said.

The crash occurred around 1:15 p.m. at Challenger Way and East Avenue M, said CHP spokesperson Alec Pereyda. The officer was transported to a local hospital and was stable, Pereyda said. Personnel from the L.A. County Sheriff’s Department and the CHP responded to the incident.

In response to the accident, the intersection was closed around 2 p.m., Pereyda said. The cause of the collision was under investigation, he said. No other details were available.",Clara Harter,,2024-10-16,CONTROL_MeToo_Protests_2017_2024,single,True,5,"Driving, The, Wage"
https://www.latimes.com/california/story/2024-10-15/san-diego-zoo-panda-cam-live,Los Angeles Times,San Diego Zoo has flipped the Panda Cam live. Take a look at Xin Bao and Yun Chuan,"A little more than two months after two giant pandas — the first sent to the U.S. in 21 years — debuted at the San Diego Zoo, fans can now do a virtual pop-in.

Panda Cam is live.

“Xin Bao and Yun Chuan have acclimated beautifully to their expansive, bamboo-filled homes and now their playful antics and natural behaviors can be observed from anywhere,” the zoo said in a news release.

At around 4 p.m. Tuesday, the live camera treated viewers with a glimpse of an unmoving furry white lump atop a wooden platform.

It was pretty obviously nap time. But the zoo also predicts that the pandas will be seen exploring, climbing, tumbling and chowing down on bamboo.

Visitors who sign into the site are asked to provide an email address, which signs them up for the zoo newsletter.

The live camera in San Diego debuted on the same day that the Smithsonian National Zoo in Washington, D.C., welcomed a pair of new pandas nearly a year after sending its trio of popular bears back to China. They are expected to make their debut on Jan. 24.

San Diego Zoo’s Panda Cam was featured in Times Square on Tuesday morning as Paul Baribault, president and chief executive of the zoo, appeared on “Good Morning America.” He flipped an oversized switch and live views popped onto screens in the square.

Now, panda fans can tune in and see if they can tell the pandas apart.

The zoo says 4-year-old Xin Bao is the smaller bear. She “is easily recognized by her large, round face and big ears.” Spunky Xin Bao is said to be the better climber.

The 5-year-old male panda, Yun Chuan, is the grandson of Bai Yun and Gao Gao, two giant pandas that lived at the San Diego Zoo for decades. And his mother is Zhen Zhen, who was born at the zoo in 2007. Yun Chuan is said to be identifiable by his long, slightly pointed nose.

As The Times reported in August, California’s new pandas — Yun Chuan and Xin Bao — arrived after a collaborative conservation agreement injected new life into the “panda diplomacy” between the U.S. and China. The nation, in a gesture of goodwill, had been sending pandas on loan to the U.S. for more than 50 years.

As those loans came to an end and zoos returned their pandas, there was worry that panda diplomacy would peter out. But Chinese President Xi Jingping signaled in November of 2023 that the “envoys of friendship” would continue to arrive in the U.S.",Amy Hubbard,,2024-10-16,CONTROL_MeToo_Protests_2017_2024,single,True,0,"In, The, To"
https://www.latimes.com/socal/daily-pilot/news/story/2024-10-15/newport-beach-police-department-unveils-newest-patrol-vehicle,Los Angeles Times,Newport Beach Police Department unveils newest patrol vehicle,"A new Newport Beach Police Department patrol vehicle hit the streets earlier this month.

The department’s newest black-and-white is a 2024 Dodge Durango. It cost about $50,000 to purchase and an additional $20,000 to outfit with equipment necessary for a patrol car like lights and sirens, NBPD Sgt. Steven Oberon said.

The Dodge was unveiled in a social media post on Oct. 3. It replaces a Ford Explorer that had over 120,000 miles on the odometer, Oberon said. The switch in manufacturers was the due to “availability, perrformance and price,” he said.

“We have had three years of Ford Explorer orders canceled on us by Ford — common among many departments now,” Oberon said in a statement.

The department was in the process of converting its fleet of patrol vehicles into hybrid Ford Explorers, but availability issues at auto manufacturer have prevented NBPD from acquiring more, he said.

The department is continually evaluating other vehicles for potential police use, including fully electric vehicles, Oberon said. However, that option is not feasible at the moment because Newport Beach lacks adequate EV charging infrastructure.",Eric Licas,,2024-10-16,CONTROL_MeToo_Protests_2017_2024,single,True,5,"Driving, The, Wage"
https://www.latimes.com/socal/daily-pilot/sports/story/2024-10-15/huntington-beach-falters-falls-to-la-habra-on-last-second-field-goal,Los Angeles Times,"Huntington Beach falters, falls to La Habra on last-second field goal","Huntington Beach played a near-perfect first half on offense, but the Oilers could not ward off La Habra, which maximized its opportunities to stun the host after halftime on Friday night.

Kevika Martinez scored four rushing touchdowns, three in the second half, and La Habra needed all of it — and a bit more — to dig out of a 15-point deficit.

La Habra’s Christian Ramirez drilled a 40-yard field goal through the uprights with one second remaining to send Huntington Beach to a 37-35 defeat in an Epsilon League football game at ‘Cap’ Sheue Field.

“Our offense pushed forward, they were strong, they ran the ball hard,” Ramirez said of the Highlanders giving him a chance to kick a go-ahead field goal at the end of the game. “... We called our last timeout with a few seconds left on the clock. Our star [quarterback] Kenny [Saucedo], he told Coach [Frank] Mazzotta, ‘Good teams kick field goals.’ Coach [Mazzotta] listened to the whole team, they put me out there, and I put it away for them.”

The Highlanders’ rushing attack gashed the Oilers for 372 yards on the ground. Martinez, who had 131 rushing yards, scored on a 12-yard run up the middle with five minutes left. The scoring play gave La Habra its first lead at 34-28.

Huntington Beach (4-3, 1-1 in the Epsilon League) responded to falling behind for the first time with its only scoring drive of the second half, punctuated by a goal-line rushing touchdown from quarterback Brady Edmunds with 72 seconds remaining.

Huntington Beach coach Brett Brown said the coaching staff had told the team to expect the “most physical game of the year” during the week. He said he felt his team answered that call.

“We know we’re a good team,” Brown said. “We knew we were playing a good opponent. It was going to be a dogfight. I don’t know if we expected to be up two scores [at halftime], but we knew it was going to be a close game...and we knew being up two scores wasn’t the end of the game, too.

“They’re physical, they played really hard and controlled the clock. Our kids answered, too, though. It was back and forth and came up a little short.”

Edmunds threw for 294 yards and four touchdowns. The sophomore standout connected with each of Niko Lopez, Troy Foster, Steel Kurtz and Faris Shehadeh for scores in the first half, as the Oilers built a 28-13 lead heading into the break.

The Oilers utilized trickery on the opening kick-off, as Kurtz fielded the kick and threw a lateral across the field to Foster, who used the daylight found along the right sideline to advance the ball to the La Habra 20-yard line.

“Our special teams coach, Coach Alex Alagata, he saw that … they kind of moved them closer to the right hash, and the right side of the field was so open,” Foster said. “They would always kick it to the up guy, and he was like, ‘Steel, just once you get it, throw it back to Troy and we’re going to have an open lane.’ It worked out perfectly.”

Foster’s catch and run on a quick slant over the middle for a 59-yard score was also the longest play from scrimmage for the Oilers. Shehadeh made a contested catch in the end zone for the final score of the half.

Saucedo rushed for 121 yards, including a 22-yard scamper in which he spun out of a tackle to convert a fourth-and-4 late in the third quarter for La Habra (6-1, 2-0). Martinez scored on the next play to trim the Oilers’ lead to 28-26. DJ Mitchell, who provided the Highlanders’ only two completions in the passing game, also ran for 98 yards.

“Both our quarterbacks are tough,” Mazzotta said, referring to Saucedo and Mitchell. “They’re both wiry, and they’re fast, and they are tough. They are good runners.”

Huntington Beach travels to take on Foothill (4-3, 1-1) on Friday, Oct. 18, while La Habra will host Crean Lutheran (6-1, 2-0) in a battle for first place in the Epsilon League.

Epsilon League

La Habra 37, Huntington Beach 35

SCORE BY QUARTERS

La Habra 13 - 0 - 13 - 11 — 37

Huntington Beach 14 - 14 - 0 - 7 — 35

FIRST QUARTER

HB — Lopez 6 pass from Edmunds (Zavala kick), 11:09.

LH — Saucedo 13 run (Saucedo pass failed), 7:05.

HB — Foster 59 pass from Edmunds (Zavala kick), 6:01.

LH — Martinez 2 run (Ramirez kick), 1:39.

SECOND QUARTER

HB — Kurtz 15 pass from Edmunds (Zavala kick), 9:48.

HB — Shehadeh 28 pass from Edmunds (Zavala kick), 1:25.

THIRD QUARTER

LH — Martinez 1 run (Ramirez kick), 5:44.

LH — Martinez 5 run (Saucedo pass failed), 1:18.

FOURTH QUARTER

LH — Martinez 12 run (Mitchell run), 5:00.

HB — Edmunds 1 run (Zavala kick), 1:12.

LH — Ramirez 40 FG, 0:01.

INDIVIDUAL RUSHING

LH — Martinez, 23-131, 4 TDs; Saucedo, 10-121, 1 TD; Mitchell, 13-98.

HB — Riola, 6-24; Edmunds, 2-13, 1 TD.

INDIVIDUAL PASSING

LH — Mitchell, 2-8-0, 56.

HB — Edmunds, 23-38-0, 294, 4 TDs.

INDIVIDUAL RECEIVING

LH — Rogers, 1-54.

HB — Foster, 5-107, 1 TD; Kurtz, 9-86, 1 TD; Shehadeh, 5-69, 1 TD.",Andrew Turner,,2024-10-16,CONTROL_MeToo_Protests_2017_2024,single,True,0,"In, The, To"
https://www.latimes.com/california/story/2024-10-15/yosemite-drops-reservation-requirement-for-2024,Los Angeles Times,Drive right into Yosemite. Park drops reservation requirement for the rest of 2024,"Yosemite National Park officials say visitors won’t be required to make reservations to drive into the park for the remainder of the year.

Park officials made the announcement on a Facebook post last week and said they originally planned on extending the requirement until Oct. 27 but ended it about a week sooner after monitoring “visitor use patterns.”

“We will automatically issue refunds to anyone who has a peak-hours reservation that was valid after October 13,” the Facebook post read.

National Park Service data show that an average of about 3 million to 4 million people visit Yosemite each year, including hikers, rock climbers, campers and mountain bikers. As of August, the national park had logged nearly 3 million visitors.

For years, Yosemite National Park officials have been grappling with congestion and experimenting with a reservation system as part of its plan to improve visitor experience by reducing overcrowding in the park, especially in popular Yosemite Valley.

Park officials took similar action last summer when they removed reservation requirements. Thousands of visitors descended on the popular park, which resulted in standstill traffic that made some visitors feel as if they were on one of L.A.’s congested freeways.

Although the park is open all year, nearly 75% of visitors come from May through October, according to the national park’s website.

Park officials said on its social media post that they would announce plans for managing visitor access in summer 2025 by the end of this year.",Ruben Vives,,2024-10-16,CONTROL_MeToo_Protests_2017_2024,single,True,0,"In, The, To"
https://www.latimes.com/entertainment-arts/tv/story/2024-10-15/agatha-all-along-teen-joe-locke-billy-wiccan-episode-5-episode-6-backstory,Los Angeles Times,What to know about 'Agatha All Along's' Billy Maximoff: Here's his backstory,"This story contains spoilers for the first five episodes of “Agatha All Along.”

The identity of Joe Locke’s mysterious Teen has finally been revealed: He’s been Billy Maximoff all along.

The fifth episode of “Agatha All Along” sees the boy who could not be named confront Agatha (Kathryn Hahn) for killing Alice (Ali Ahn), the protection witch who was trying to save her, during their just completed trial. He is disillusioned that all of the witches in their ragtag coven are operating just for their own agendas.

“You’re so much like your mother,” Agatha says to the distraught boy. As he unleashes his blue-colored magic, it’s clear she is referring to Wanda Maximoff, the Scarlet Witch.

Episode 5 ends without mentioning the teenager’s name. But Marvel Studios’ recent promotional materials have not shied away from confirming that, as long speculated, Locke’s Teen is indeed Billy.

Here’s everything you need to know about Billy and his backstory.

Who is Billy Maximoff?

Young Billy Maximoff was introduced in “WandaVision” Episode 3. After becoming mysteriously pregnant, Wanda gives birth to twins Tommy and Billy less than 24 hours later.

The magically created siblings have an equally accelerated childhood. The infants turn into 5-year-olds in less time than it takes to put a baby down for a nap. The kids later age themselves into 10-year-olds instantly — so they can have a puppy.

Tommy and Billy eventually show that they’ve inherited specific Maximoff traits. Tommy, taking after his uncle Pietro, can move at superhuman speed, while Billy shares Wanda’s magical abilities.

But the twins, like the version of their father Vision that lives with them in Westview, were created by Wanda’s reality-altering chaos magic. During her showdown with Agatha, Wanda realizes she can’t keep forcing an entire New Jersey suburb to live out her fantasy. After putting Tommy and Billy to bed one last time, Wanda undoes the magical hex controlling the town and the twins dissolve along with their dad because they can’t exist without it.

A grief-stricken Wanda meets a Billy and Tommy from an alternate dimension in “Doctor Strange in the Multiverse of Madness” (2022).

What were the clues that Teen was Billy all along?

While Teen’s identity was a magical secret during the first episodes of “Agatha All Along,” there were plenty of hints (and red herrings) leading up to the big reveal.

Teen looking for Agatha and helping break her out of Wanda’s spell gone wild in Episode 1 was the earliest indicator that he already possessed some magical skills. Even Agatha teases he must already be plenty powerful to break a spell cast by the Scarlet Witch.

It became even clearer that there was more to Teen than meets the eye when a magical sigil prevented Agatha (and the audience) from hearing his name in Episode 2. The symbol that appeared over Teen’s mouth resembled an M, so one theory held that it stood for Maximoff. (Another suggested that the M is for Mephisto, who gets a mention in Episode 3, but more on that later.)

In Episode 3, Teen, who is 16, shares with Alice that a lot happened to him when he was 13. “Agatha All Along” is set three years after the events of “WandaVision,” which means Teen would have been 13 when Wanda’s hex was active.

The number of teenage boys with an affinity for magic, a possible affiliation with the Maximoffs (or Mephisto), a boyfriend and a connection to Agatha Harkness is pretty limited in existing Marvel lore. It was long speculated that Locke had been cast to play Billy.

The series had also teased the possibility that Teen could be Agatha’s son Nicholas Scratch. But Rio tells Agatha in Episode 4 that Teen isn’t her son, and in Episode 5, Teen says “Nicholas Scratch” for all to hear. By the time the Teen wields his magic, all signs point to him being Billy.

So who is Wiccan?

In the comics, Wiccan is the superhero alias used by Billy Kaplan. Initially going by the code name Asgardian, Kaplan was introduced as a member of the Young Avengers whose magical powers include blasting energy and manipulating reality.

Kaplan and his Young Avengers teammate Tommy Shepherd, a.k.a. Speed, eventually learn they are the reincarnations of Wanda and Vision’s twins, Billy and Tommy Maximoff.

Comic book Wanda becomes pregnant after she and Vision have a run-in with a group of witches — who happen to be the grandchildren of her mentor, Agatha Harkness — that involves her having to channel a giant amount of magical energy. Doctor Strange later helps deliver Wanda’s babies.

Eventually a villain named Master Pandemonium, an agent of the demon lord Mephisto, comes after the infant twins. Long story short, the twins are revealed to have been (at least partially) created from lost fragments of Mephisto’s essence and he reabsorbs them.

But it turns out Wanda’s magic affected the fragments enough that they break free from Mephisto and their souls are reincarnated into separate families.

Comic book Billy Kaplan is Jewish and is in a romantic relationship with Teddy Altman, a.k.a. Hulkling.

The Marvel Cinematic Universe has already introduced a number of Billy’s Young Avengers teammates, including Kate Bishop (“Hawkeye”), Cassie Lang (the “Ant-Man” films) and America Chavez (“Doctor Strange in the Multiverse of Madness”). Plus, Kamala Khan is seen recruiting for a new superhero team at the end of “The Marvels.”

But what about Tommy Maximoff?

If Billy survived the events of “WandaVision,” there is a good chance Tommy did as well. Could Billy be trying to find him?

In Episode 2, when Billy tells Agatha that he wants her to take him on the Witches’ Road, he mentions that “the Road promises that what’s missing awaits you at its end.” At the time, it was implied he wanted more power, but considering the amount of power he has been shown to possess since, perhaps what he is looking for is his missing family. Viewers will have to wait and see if a reunion with Tommy and/or Wanda is awaiting Billy at the end of “Agatha All Along.”",Tracy Brown,,2024-10-16,CONTROL_MeToo_Protests_2017_2024,single,True,0,"In, The, To"
https://www.latimes.com/espanol/entretenimiento/articulo/2024-10-15/este-ano-la-destacada-muestra-de-cine-espanol-de-los-angeles-es-gratuita-y-esto-es-lo-que-ofrece,Los Angeles Times,"Este año, la destacada muestra de cine español de Los Ángeles es gratuita, y esto es lo que ofrece","El Sur de California es un lugar tan generoso en lo que respecta a la realización de eventos cinematográficos que resulta fácil perder la cuenta de cuántos existen y de cuánto tiempo llevan ya en actividad. Y es por eso que nos sorprende la noticia de que esta popular y prestigiosa muestra celebra ahora su aniversario número 30.

Nos referimos a Recent Spanish Cinema, el aclamado mini festival enfocado en ofrecer obras procedentes de la Madre Patria que se desarrollará desde el 25 hasta el 27 de octubre en el Teatro Egipcio de Hollywood, y que en esta ocasión -debido justamente a su aniversario-, será completamente gratuito, aunque hay que conseguir los boletos previamente en línea.

Para abrir fuegos, el festín fílmico ha elegido a “La Virgen Roja”, la nueva película de Paula Ortiz (“Teresa”) en la que Najwa Nimri (“La casa de papel”) interpreta a Aurora Rodríguez Carballeira, una persona de la vida real cuya hija Hildegart Rodríguez Carballeira (Alba Planas) fue concebida como experimento científico, para representar supuestamente a “la mujer del futuro”.

La función será sucedida por un conversatorio con Ortiz y una recepción que se desarrollará en el patio del teatro, que como lo saben bien los cinéfilos locales, fue recientemente restaurado y mejorado.

También figura en el programa “Segundo premio”, el trabajo elegido por España para representar al país en la ceremonia del Oscar, que recrea un periodo en particular dentro de la historia de Los Planetas, una exitosa banda española de indie rock procedente de Granada. La cinta, que está protagonizada por Daniel Ibáñez, Stéphanie Magnin, Cristalino, Mario Fernández Olmedo, Javier “Chesco” Ruiz y Eduardo Rejón, será sucedida por un conversatorio con su director Isaki Lacuesta y con su productor Cristóbal García.

Destaca igualmente “Mariposas Negras”, un largometraje de animación para adultos que muestra las desventuras atravesadas por tres mujeres de lugares distintos del planeta a consecuencia de ese calentamiento global que muchos pretenden negar, pero que es una desoladora realidad.

Por su parte, “Casa en Flames” es una comedia dramática dirigida por Dani de la Orden (“Hasta que la boda nos separe”) que, tras su paso por salas españolas, se convirtió en la película hablada en catalán más exitosa de todos los tiempos. La trama tiene al frente a una acaudalada dama que se encuentra decidida a que nada -ni nadie- arruine el lujoso fin de semana familiar que ha planeado en su casa de la Costa Brava.

La agenda no deja de lado a “El 47”, un drama dirigido y coescrito por Marcel Barrena (“Mediterráneo”) y estelarizado por el triple ganador de los Goya Eduard Fernández, quien se pone en la piel de un conductor de autobús que desafía la falta de consideración de las autoridades hacia las poblaciones marginales de un sector de Barcelona. El director, que se ha hecho conocido por su interés en temáticas sociales, participará luego en un conversatorio.

Y no podemos dejar de lado a “Volveréis”, el filme más reciente de Jonás Trueba (“Tenéis que venir a verla”), que tuvimos la oportunidad de disfrutar en salas comerciales durante una reciente visita a Madrid y es que una simpatiquísima comedia dramática sobre una pareja (interpretada por Itsaso Arana y Vito Sanz) que ha decidido hacer una gran fiesta con motivo de su separación.

Este el programa completo:

-Viernes 25 de octubre, 7 p.m.LA VIRGEN ROJA (2024). 113 min. Dir. Paula Ortiz. Entradas aquí

Sábado 26 de octubre, 1 p.m. MARIPOSAS NEGRAS (2024). 83 min. Dir. David Baute.Entradas aquí

-Sábado 26 de octubre, 4 p.m.LA CASA EN FLAMES (2024). 110 min. Dir. Dani de la Orden.Entradas aquí

-Sábado 26 de octubre, 7:30 p.m.EL 47 (2024). 110 min. Dir. Marcel Barrena.Entradas aquí

-Domingo 27 de octubre, 6:30 p.m. / Doble función

SEGUNDO PREMIO (2024). 110 min. Dirs. Isaki Lacuesta, Pol Rodríguez.

VOLVERÉIS (2024). 113 min. Dir. Jonás Trueba.

Entradas aquí",Sergio Burstein,,2024-10-15,CONTROL_MeToo_Protests_2017_2024,single,True,1,"De, En, La"
https://www.latimes.com/california/story/2024-10-15/person-killed-standoff-el-segundo-link-santa-monica-college-shooting,Los Angeles Times,Person killed in SWAT standoff; incident reportedly connected to Santa Monica College shooting,"A suspect was killed during a standoff with police in El Segundo on Tuesday afternoon, a law enforcement source told The Times.

The source said the individual had a firearm and there was a confrontation. Afterward, a firearm was removed from the vehicle.

Officials from the El Segundo and Hawthorne police departments confirmed that officers responded to an incident on Aviation Boulevard between El Segundo Boulevard and 124th Street and directed all further questions to the Santa Monica Police Department, which did not immediately respond to questions.

Authorities told KTLA that the standoff was connected to a shooting at Santa Monica College that prompted the closure of all of the school’s campuses on Tuesday.

Aerial footage captured by ABC7 from the standoff showed Hawthorne SWAT officers surrounding a black sedan that was facing the wrong way on Aviation Boulevard. An apparently deceased person could be seen in the driver’s seat.

The Monday shooting took place around 10 p.m. at the Santa Monica College Center for Media and Design, a satellite campus on Stewart Street, according to a news release from Santa Monica College. An employee of the college was wounded in the shooting and taken to a hospital in critical condition.","Clara Harter, Richard Winton",,2024-10-16,CONTROL_MeToo_Protests_2017_2024,single,True,0,"In, The, To"
https://www.latimes.com/california/story/2024-10-15/riverside-sheriff-backs-off-trump-assassination-attempt-comments,Los Angeles Times,Sheriff who said deputies 'probably' stopped assassination attempt at Trump rally backs off a bit,"Riverside County Sheriff Chad Bianco is not the type of elected official who shies away from making controversial public statements.

The right-wing firebrand, who is rumored to be considering a 2026 gubernatorial run, put himself back into the political spotlight over the weekend when he said his deputies probably had thwarted a third assassination attempt on former President Trump.

Before a Trump rally in Coachella, Bianco’s deputies arrested Vem Miller, a Trump supporter from Los Angeles, who was caught trying to enter the rally carrying two loaded weapons, a fake ID, a phony license plate and a fake passport.

Miller said that he had no plans to kill the former president and that he carried the firearms for self-protection.

“I probably did have deputies that prevented the third assassination attempt,” Bianco told reporters after the arrest. “I truly do believe that we prevented another assassination attempt.”

But on Tuesday, Bianco backtracked slightly from his comments, which helped turn Miller’s arrest into a national story.

“Three days later, IF everything Mr. Miller has said is true, and I really hope it is, then he probably wasn’t there to hurt former President Trump,” Bianco said in a text message to The Times. “I definitely said it and can’t change that.”

Bianco said he made the comments at the time of the arrest based on finding a fake passport and fake IDs in Miller’s car, as well as Miller’s use of a fake license plate. Bianco said it is still not clear whether Miller intended to assassinate Trump.

“There is no way for us to know for sure. That is up to further investigation, if any, from the FBI,” he said.

Bianco’s comments incensed Miller, who told The Times that he had no plan to assassinate Trump, but that he now planned to file a “massive lawsuit” against Bianco and the Riverside County Sheriff’s Office over Bianco’s comments.

“Everything they said about me is untrue, provably so,” Miller told The Times. “Unfortunately, he appears to have committed career suicide.”

Critics of Bianco say the sheriff’s comments are indicative of his off-the-cuff nature, which sometimes gets him into trouble.

“I’m not surprised at these statements. I find him to be a very emotional response leader. He’s not speaking about the facts of the investigation, he expands that to what he believes to be the case,” said Michael Lujan, a former sheriff’s deputy who lost in an election against Bianco.

Lujan called Bianco’s statements irresponsible.

But other law enforcement officers disagreed.

Ed Obayashi, a law enforcement advisor to agencies throughout California, said that although he does not always approve of Bianco’s public statements, he found the sheriff’s comments on Miller’s arrest to be within the bounds of his duties as an elected law enforcement officer.

“He’s a public figure talking about a matter of public concern. He didn’t say the guy was planning an assassination attempt. He said he ‘probably’ was planning one. There’s a world of difference there.”

Obayashi said that Bianco was making comments based on his impressions of the case and that there could be evidence Bianco has that the public is unaware of.

When he spoke at the news conference after Miller’s arrest, Bianco said he could not share all the information he had about the case.

Whether or not the comments were inappropriate, Miller will have a tough time winning a defamation lawsuit, said Jean-Paul Jassy, a defamation attorney. Jassy said speculation like Bianco’s is usually not sufficient to prove defamation, which requires an inaccurate factual statement.

“I think that this individual would likely have a hard time showing defamation under the circumstances,” Jassy said.

It’s far from the first time Bianco has courted controversy from his perch in Riverside as the top law enforcement officer.

Riverside City Councilmember Clarissa Cervantes sued Bianco last year after the sheriff posted on social media accusing her of joining and supporting abortion rights activists who vandalized Riverside’s courthouse.

Eight protesters were arrested for the vandalism.

Cervantes denied joining the protest, saying she merely walked past the courthouse and inquired as to what was going on. When she heard law enforcement was handling the vandalism she thanked them and left, she said.

“Unfortunately, Bianco has a history of speaking to the public and making statements without evidence, as seen in my case. I was a victim of completely different allegations, which jeopardized the lives and safety of myself and my family. Any allegations made by the Sheriff without offering evidence are reckless, harmful, and dangerous,” Cervantes said in a statement to The Times.

In May, Bianco endorsed Trump for president in a tongue-in-cheek social media post.

“I think it’s time we put a felon in the White House. Trump 2024 baby,” he said in an Instagram video during which he excoriated what he sees as California’s soft-on-crime policies.

The incident comes only a month after an assassination attempt at Trump’s golf resort in Florida. In July, a would-be assassin shot Trump in the ear at a rally in Butler, Pa.

Cervantes also suggested Bianco made the comments about Miller for political purposes.

“What better way to capture the limelight than to be the hero in another ‘attempted assassination’?” she said.",Noah Goldberg,,2024-10-16,CONTROL_MeToo_Protests_2017_2024,single,True,0,"In, The, To"
https://www.latimes.com/sports/usc/story/2024-10-15/usc-anthony-lucas,Los Angeles Times,USC defensive end Anthony Lucas is out for the season,"An already thin USC defensive line will be without its most productive rusher the rest of the way, as defensive end Anthony Lucas suffered a season-ending injury in the loss to Penn State, Lincoln Riley said Tuesday.

Lucas underwent surgery Tuesday morning to repair what Riley deemed to be “a lower extremity” injury.

Lucas left last Saturday’s game early in the fourth quarter after slipping on a pass rush. Lucas rolled into Penn State quarterback Drew Allar on the play and was called for roughing the passer. But it was Lucas who remained sitting on the field, surrounded by trainers who appeared to be tending to his ankle.

The loss is a devastating blow to a USC defense that was already struggling to pressure opposing passers. Lucas led the Trojans with 12 pressures, four more than any other USC defender.

“Hate it for Anthony because he’s really improved and had a really strong impact on our defense,” Riley said. “But he’s in a good frame of mind, we’ll be excited to get him back next year and get him rolling and build on all the progress he made. And in the meantime, it’s gonna create an opportunity for some more guys to step up.”

The problem is very few of those options are proven. Sophomore Braylan Shelby is third on the team in pressures (seven) and the most experienced pass rusher whose role should presumably increase. But Riley also pointed to freshmen such as Kameryn Fountain and Lorenzo Cowan as potential beneficiaries of Lucas’ absence.

“You rely on the development that’s been going on behind the scenes and the guys that we’ve recruited,” Riley said. “Maybe there’s some guys you thought, well, maybe their role won’t be quite as much this year or maybe they redshirt, and now, all of a sudden they’re going to have that opportunity. All of us can point to our careers to guys who became phenomenal cornerstone type players of a program who got their first shot like this.”",Ryan Kartje,,2024-10-16,CONTROL_MeToo_Protests_2017_2024,single,True,0,"In, The, To"
https://www.latimes.com/espanol/deportes/articulo/2024-10-15/representantes-de-mbappe-desestiman-denuncias-suecas-por-violacion,Los Angeles Times,Representantes de Mbappé desestiman denuncias suecas por violación,"Los representantes del astro del fútbol francés Kylian Mbappé rechazaron como “falsos e irresponsables” los reportes de los medios suecos que dicen que el jugador es objeto de una investigación por violación en el país nórdico.

Sin citar fuentes, varios medios suecos, incluidos los tabloides Expressen y Aftonbladet y las emisoras SVT y TV4, informaron que el delantero del Real Madrid fue objeto de una denuncia de violación después de una visita a Estocolmo la semana pasada.

En respuesta a los informes, los fiscales suecos emitieron un breve comunicado el martes diciendo que se había denunciado una violación a la policía, pero no nombraron a ningún sospechoso.

“Según el informe, el incidente tuvo lugar el 10 de octubre de 2024 en un hotel del centro de Estocolmo”, dice el comunicado publicado por la Fiscalía sueca.

La fiscal Marina Chirakova, que dirige la investigación, se negó a dar más detalles.

“Por mi parte, no puedo confirmar si hay un sospechoso en el caso”, dijo a The Associated Press.

Por lo general, las autoridades suecas no hacen públicos los nombres de los sospechosos hasta que se presentan cargos o se ordena la detención preventiva de un sospechoso.

El equipo de comunicación de Mbappé acusó a los medios suecos de difundir rumores “difamatorios”.

“Estas acusaciones son totalmente falsas e irresponsables, y su propagación es inaceptable”, dijeron en un comunicado enviado a la AP y otros medios. “Kylian Mbappé no tolerará bajo ninguna circunstancia que su integridad, reputación y honor se vean manchados por insinuaciones infundadas”.

En una publicación el lunes por la noche en su cuenta oficial X, Mbappé escribió: “NOTICIAS FALSAS!!!” y enlazó a un artículo francés que recogía los informes suecos.

Los abogados de Mbappé no hicieron comentarios a su llegada y salida de la audiencia en París el martes.

Más tarde el martes, una abogada de Mbappé, Marie-Alix Canu-Bernard, dijo a la emisora francesa TF1 que su cliente estaba “desconcertado” por los informes.

Los medios suecos ya informaron la semana pasada sobre la breve estancia de Mbappé en Estocolmo, publicando fotos de él y su séquito.

El astro francés había recibido permiso para faltar a la selección debido a una lesión menor en el muslo cuando Francia venció a Israel y Bélgica en partidos de la Liga de Naciones el 10 y 14 de octubre, respectivamente.

Mbappé, quien ganó la Copa del Mundo con Francia en 2018, se unió al Real Madrid este verano después de siete años en el PSG.",KARL RITTER y SAMUEL PETREQUIN,,2024-10-15,CONTROL_MeToo_Protests_2017_2024,single,True,1,"De, En, La"
https://www.latimes.com/espanol/eeuu/articulo/2024-10-15/trump-dice-que-habria-sido-inteligente-si-hubiera-hablado-con-putin-aunque-no-lo-confirmo,Los Angeles Times,"Trump dice que habría sido “inteligente” si hubiera hablado con Putin, aunque no lo confirmó","El expresidente Donald Trump se rehusó el martes a decir si ha hablado con el presidente ruso Vladímir Putin desde que dejó el cargo, como se informa en el libro más reciente del periodista Bob Woodward. Pero si hubiéramos hablado, dijo Trump, habría sido algo “inteligente” para Estados Unidos.

El candidato presidencial republicano fue presionado sobre su comunicación con el presidente ruso durante una amplia —y en ocasiones, polémica— entrevista con el editor en jefe de Bloomberg, John Micklethwait, en el Club Económico de Chicago. Woodward reporta en su libro “War” (Guerra) que Trump habría sostenido hasta siete conversaciones telefónicas privadas con Putin desde que dejó la Casa Blanca, y que envió en secreto al presidente ruso máquinas para realizar pruebas de COVID-19 en el auge de la pandemia.

Un vocero de la campaña de Trump negó previamente el reporte. En la entrevista del martes, Micklethwait le planteó directamente la pregunta a Trump: “¿Puede decir si ha hablado con Vladímir Putin desde que dejó de ser presidente o no?”.

“Sin comentarios”, respondió Trump. “Pero le diré que, si lo hice, sería algo inteligente. Si soy amistoso con la gente, si puedo tener una relación con la gente, es algo bueno y no malo en términos de un país”.

Trump dijo que Putin, que invadió a la vecina Ucrania y que ha sido acusado de crímenes de guerra por la Corte Penal Internacional, es muy respetado en Rusia y presumió su relación con él, así como con los líderes autoritarios de Corea del Norte y China.

“Mire, tengo una muy buena relación con el presidente Xi y una muy buena relación con Putin, y una muy buena relación con Kim Jong Un”, dijo. Sobre Putin, añadió más adelante, “Rusia nunca ha tenido un presidente tan respetado”.

Woodward reportó que Trump le pidió a un asesor que saliera de su oficina de Mar-a-Lago para que el expresidente pudiera llamar en privado a Putin a principios de 2024. El asesor, a quien Woodward no identifica, dijo que se han producido varias llamadas entre Trump y Putin desde que el expresidente dejó el cargo, quizás hasta siete, según el libro, aunque no se detalla de lo que hablaron.

El portavoz de Trump, Steven Cheung, calificó los informes de falsos. El portavoz del Kremlin, Dmitry Peskov, dijo que los informes sobre las llamadas “no eran ciertos”.",JILL COLVIN y STEVE PEOPLES,,2024-10-15,CONTROL_MeToo_Protests_2017_2024,single,True,1,"De, En, La"
https://www.latimes.com/espanol/vida-y-estilo/articulo/2024-10-15/cientificos-preven-que-habra-mas-auroras-boreales-en-sitios-inusuales-a-causa-de-tormentas-solares,Los Angeles Times,Científicos prevén que habrá más auroras boreales en sitios inusuales a causa de tormentas solares,"Esperen ver más auroras boreales en sitios donde es poco común observar el espectáculo, ya que continuarán las tormentas solares, dijeron el martes meteorólogos espaciales.

Las fuertes tormentas solares de este año han desencadenado brillantes auroras mucho más al sur de lo habitual, llenando los cielos de tonalidades rosas, moradas, verdes y azules.

El Sol se encuentra actualmente en la fase máxima de su ciclo de 11 años, lo que hace más frecuentes las erupciones solares y las auroras boreales. Según la NASA y la Oficina Nacional de Administración Oceánica y Atmosférica de Estados Unidos (NOAA por sus siglas en inglés), se tiene previsto que este periodo de actividad dure al menos un año más, aunque no se sabrá cuándo alcanzará su punto máximo hasta meses después.

Este ciclo solar ha producido auroras coloridas más al sur y es probable que se produzcan más, dijo Kelly Korreck, de la NASA.

“Es posible que en los próximos meses se produzcan algunos buenos espectáculos”, añadió.

Estas tormentas también pueden interrumpir temporalmente el suministro eléctrico y las comunicaciones. Antes de una erupción solar, la NOAA alertará a los operadores de centrales eléctricas y naves espaciales en órbita.

En mayo, la NOAA emitió una inusual advertencia de tormenta geomagnética severa. La tormenta solar que azotó la Tierra fue la más grande en más de dos décadas, produciendo espectáculos de luz en todo el hemisferio norte. Ese mismo mes, los científicos registraron la mayor erupción del Sol, pero la Tierra estaba fuera de su camino.

En ciclos solares anteriores se produjeron tormentas más intensas que la de mayo, por lo que los meteorólogos espaciales vigilan de cerca el Sol para prepararse ante cualquier perturbación importante, señaló Bill Murtagh, de la NOAA.

La semana pasada, una potente tormenta solar deslumbró a los observadores del cielo lejos del Círculo Polar Ártico cuando aparecieron auroras en lugares inesperados como Alemania, Reino Unido, Nueva Inglaterra y Nueva York.

___

El Departamento de Salud y Ciencia de The Associated Press recibe apoyo del Grupo de Medios Educativos y de Ciencia del Instituto Médico Howard Hughes. La AP es la única responsable de todo el contenido.",ADITHI RAMAKRISHNAN,,2024-10-15,CONTROL_MeToo_Protests_2017_2024,single,True,1,"De, En, La"
https://www.latimes.com/socal/daily-pilot/news/story/2024-10-15/snowy-owl-and-stories-of-community-inspired-by-visit-to-orange-county-debut-newport-beach-film-festival,Los Angeles Times,"""SoCal Snowy Owl"" and stories of community inspired by its visit to Orange County debut at Film Fest","Uncertainty gripped Roy Rausch during the winter of 2022. He stood on the precipice of retirement from a decades-long career in the brewing industry while also coming to terms with the recent death of his father. And he had no idea what life might have to offer moving forward.

The lifelong birder couldn’t have predicted that a snowy owl would show up in Cypress that December day, practically on his doorstep and thousands of miles away from the vulnerable species’ arctic habitat. It was the first known appearance of the bird of prey in Southern California in at least 100 years of record, something Rausch and crowds of nature lovers, curious residents, photographers and news crews had to see for themselves.

“I was over there within five minutes,” Rausch said. “And from that moment on, my life changed. I was over there every morning looking for the owl, being involved in the community that formed around the owl.”

A Facebook group Rausch started to help people share updates about the raptor racked up thousands of followers in a few short weeks. He became a recognizable name in the local birding scene and grew closer to his own neighbors as a result, creating friendships that last to this day.

One of those connections was with filmmaker Walter Josten. Rausch was hesitant when he was first approached by Josten to make a documentary, but changed his mind after the two met and bonded as fellow birders.

“SoCal Snowy Owl” premieres Friday at the Newport Beach Film Festival. It aims to capture the excitement that swept over Cypress, educate people about the bird of prey’s cultural and ecological significance while telling the stories of Rausch and others whose lives were touched by its visit.

Friday’s premiere starts at 7 p.m. at the newly reopened Lido Theater, and is followed by a panel discussion with wildlife experts from the Owl Research Institute, Sea Sage and Audobon, Bolsa Chica Ecological Reserve and the Orange County Bird of Prey Center. A followup screening on Oct. 24 will include a Q&A session after credits roll with Josten and the documentary’s director, Christopher Angel.

Josten said the arctic predators have held a special place in his heart since he was a child. He recalled being 10 years old and out on a walk during a winter day about 60 years ago in Milwaukee when he spotted one perched on a rooftop near him. He stopped in his tracks, captivated by the snowy owl’s presence.

“It was about 4 feet away from where I was standing below her, sitting on a corner of a roof with those big yellow eyes,” Josten said. “When she took off there wasn’t a sound... She just turned her head and looked at me as she flew over me. And it’s an image that stayed with me my whole life.”

The snowy owl became his “spark bird,” inspiring a deep appreciation for nature and a lifelong birding hobby. They were a recurring subject of Josten’s paintings while he was an art student.

He never thought he’d get a chance to encounter a snowy owl out of captivity after moving to California and settling in Irvine. So when one inexplicably took up residence on a Cypress rooftop for about a month two winters ago, he and hundreds of other nature lovers had to see it.

“It took me about two minutes once I got to Cypress to see a crowd of people on the street,” Josten said. “And across the street, I swear there had to be 50 or more photographers with the longest lenses and the most sophisticated cameras I’ve seen in a long time. Y’know, it was like you were at the Academy Awards walking the gauntlet.”",Eric Licas,,2024-10-15,CONTROL_MeToo_Protests_2017_2024,single,True,0,"In, The, To"
https://www.latimes.com/socal/daily-pilot/opinion/story/2024-10-15/a-word-please,Los Angeles Times,"A Word, Please: The herd rushes to offer wrong answers to a decent grammar question","There are no stupid questions, only stupid answers. Whoever first said that did me a huge favor, considering how many times I’ve openly flaunted my ignorance rather than remain stuck in it.

And nowhere is this truer than in the realm of grammar. People with questions feel stupid for not already knowing the answer, but the people who answer them are often the ones who should have stayed mum.

Google searches for “dumb grammar question” and “stupid grammar question” prove the point. Here’s one of the first hits, a 2017 post in a writers’ community message board. “DUMB grammar question!” someone named Sherry began. “After being a writer for almost 40 years, I am aware this is a really silly question. I should know better. BUT … which is correct? ‘My family HAS seen me through’ … or ‘My family HAVE seen me through.’”

Raise your hand if you were taught in school that certain collective nouns can take either a singular or plural verb, depending on your meaning. Yeah, me neither. But that’s the case here. “Family” is usually singular, taking a singular verb like “has.” But sometimes it’s meant as a collective of individuals acting independently of each other: “Half my family are voting for candidate 1 and the other half are voting for candidate 2.” Another example: My family comes to the reunion every year, but my family come from all over the U.S.

In Sherry’s question, though, the singular interpretation, while not mandatory, is better: My family has seen me through. But that’s not the answer she got.

One person said Sherry’s real problem was passive voice and that she should make it active voice by changing “My family has seen me through” to “My family saw me through.”

Um, no. Both those sentences are in active voice. They’re just different verb tenses. “Has seen” is called the present perfect tense. “Saw” is the simple past tense.

Passive would be “I have been seen through by my family,” with the object of the action made into the subject of the sentence. But in both “My family saw” and “My family has seen,” the doer of the action, the family, is the subject.

Other posters tried to answer Sherry’s question by making up examples using “herd of cows.” “The herd of cows were chewing cud,” one poster wrote, concluding “herd was … cows were.”

This is exceptionally unhelpful. Sherry had asked whether a single word, “family,” took a singular or plural verb. But “herd of cows” is a more complicated noun phrase that contains both a singular and a plural. And it raises a far more complicated question: When you have a singular noun modified by a prepositional phrase like “of cows,” which one governs the verb: “a herd of cows is” or “a herd of cows are”?

In most cases, it’s up to the speaker. If you’re talking about the herd as a single unit, “The herd of cows is out to pasture,” it takes a singular verb. If you’re putting the emphasis on the cows acting not as a group but independently, you might prefer the plural verb: The herd of cows are crowding each other out.

Also at play in this sentence is the grammatical concept of attraction. It can sound weird to have a singular verb like “is” immediately after a plural noun like “cows”: cows is. So that strengthens the case for making the verb agree with the last word in the noun phrase.

A few told Sherry that “family” is singular. End of story. Also not exactly correct, since it’s usually but not always singular. But at least she can work with that.

Of course, some posters couldn’t resist the urge to tell Sherry to recast the sentence, for example, by saying “My family members have seen me through.”

Sherry’s been writing for 40 years. She knows she can change a sentence if she wants to. That’s not what she asked. She asked a smart question, but the answers she got … well, you know.

June Casagrande is the author of “The Joy of Syntax: A Simple Guide to All the Grammar You Know You Should Know.” She can be reached at JuneTCN@aol.com.",June Casagrande,,2024-10-15,CONTROL_MeToo_Protests_2017_2024,single,True,0,"In, The, To"
https://www.latimes.com/business/story/2024-10-15/stock-market-today-wall-street-falls-from-its-records-as-oil-prices-tumble-and-tech-stocks-drop,Los Angeles Times,Wall Street falls from its records as oil prices tumble and tech stocks drop,"Wall Street pulled back from its records Tuesday after the price of crude oil tumbled and technology stocks faltered.

The Standard & Poor’s 500 index fell 0.8%, a day after setting an all-time high for the 46th time this year. The Dow Jones industrial average dropped 0.8% and the Nasdaq composite sank 1%.

Exxon Mobil dropped 3%, and energy stocks fell to some of Wall Street’s sharpest losses after oil prices tumbled more than 4%. A barrel of Brent crude, the international standard, has fallen below $75 from more than $80 last week.

Crude prices have been weakening as China’s flagging economic growth raises concerns about the demand for oil. At the same time, worries have receded about Israel possibly attacking Iranian oil facilities as part of its retaliation against Iran’s missile attack early this month. Iran is a major producer of crude, and a strike could upend its exports to China and elsewhere.

Nvidia was the heaviest weight on the S&P 500 and fell 4.5%. It’s a cooldown for the chip company, whose stock is still up 166.2% for the year on euphoria about the profits created by the boom around artificial intelligence technology.

Stocks for companies across the chip industry fell after Dutch supplier ASML reported its latest quarterly results. Chief Executive Christophe Fouquet said AI continues to offer strong upside potential, but “other market segments are taking longer to recover,” and ASML’s stock trading in the United States fell 16.3%.

Also dragging on the U.S. stock market was UnitedHealth Group. The insurer dropped 8.1% despite reporting better results for the latest quarter than analysts expected. It lowered the top end of its forecast range for profit over the full year.

Helping to keep the S&P 500 and Dow close to their records set Monday were gains for several financial companies after better-than-expected profit reports for the summer.

Charles Schwab jumped 6.1%. More customers opened brokerage accounts at the company, helping to bring its total client assets to a record $9.92 trillion. Bank of America added 0.5%, and CEO Brian Moynihan said his company benefited from higher average loans and fees for investment banking and asset management.

Walgreens Boots Alliance was another winner, up 15.8%, after topping analysts’ forecasts. The drugstore chain also said it will close about 1,200 locations over the next three years as it tries to turn around its struggling U.S. business.

Chipmaker Wolfspeed jumped 21.3% to trim its loss for the year to 68.3% after the Biden administration announced plans to provide up to $750 million in direct funding to the company. The money will support its new silicon carbide factory in North Carolina that makes the wafers used in advanced computer chips.

In the bond market, the trading of Treasurys resumed after a holiday Monday, and yields sank after a weaker-than-expected report on manufacturing in New York state.

The yield on the 10-year Treasury fell to 4.03% from 4.10% late Friday. Manufacturing has been one of the areas of the U.S. economy hurt most by high interest rates caused by the Federal Reserve in its efforts to slow the economy enough to stamp out high inflation.

Now, though, the Fed has begun cutting interest rates as it’s widened its focus to include keeping the economy humming instead of just fighting high inflation. It looks set to continue cutting rates through next year, which would ease the brakes further off the economy.

Recent reports showing the U.S. economy remains stronger than expected have raised optimism that the Fed can pull off a perfect landing in which it gets inflation down to 2% without causing a recession that many had thought would be necessary.

Because of expectations for continued growth for the U.S. economy, as well as the boost that lower rates can give to corporate profits and prices for stocks, strategists at UBS raised their forecast for how high the S&P 500 could go this year and next.

Led by Jonathan Golub, they’re calling for the S&P 500 to rise to 5,850 by the end of the year, up from their prior forecast of 5,600.

The S&P 500 finished Tuesday at 5,815.26 after falling 44.59 points. The Dow dropped 324.80 points to 42,740.42 and the Nasdaq composite sank 187.10 points to 18,315.59.

In stock markets abroad, Chinese stocks fell sharply as doubts continue about whether the government will offer enough fiscal stimulus to prop up the world’s second-largest economy.

Stocks in Shanghai fell 2.5%, and Hong Kong’s Hang Seng index dropped 3.7%.

Indexes were mixed elsewhere in Asia and in Europe.

Choe writes for the Associated Press. AP writers Matt Ott and Elaine Kurtenbach contributed to this report.",Stan Choe,,2024-10-15,CONTROL_MeToo_Protests_2017_2024,single,True,0,"In, The, To"
https://www.latimes.com/business/story/2024-10-15/walgreens-sees-finances-stabilize-with-plan-to-close-1200-stores,Los Angeles Times,"Walgreens plans to close 1,200 stores; its stock price sees a double-digit jump","Walgreens plans to close about 1,200 stores over the next three years in an effort to improve earnings and increase cash flow, the struggling company announced Tuesday.

The downsizing plan by Walgreens Boots Alliance will target 500 stores during the current fiscal year, which began on Sept. 1, and comes months after Chief Executive Tim Wentworth acknowledged that about a quarter of the company’s 8,600 U.S. stores were underperforming.

The company did not specify which stores will close but said it will prioritize underperforming locations owned by the company or at which the lease is expiring. Only stores in the U.S. will be affected. Walgreens Boots Alliance also owns the Boots pharmacy chain in the United Kingdom.

Wentworth told analysts Tuesday that about 6,000 Walgreens locations remain profitable, according to the Associated Press. The company operates more than 580 stores in California, second only to Florida. The closures announced Tuesday include 300 already approved under a previous cost-cutting plan.

Walgreens is not alone in its woes — competitors Rite Aid and CVS have also been forced to reconsider their footprints and close locations amid challenging times for the industry. Rite Aid has closed more than 200 stores since filing for Chapter 11 bankruptcy in 2023.

On the retail side, chain pharmacies are facing heavy competition from giants such as Amazon and Walmart, while a drop in consumer spending and an increase in theft have continued to eat into profits, analysts said. On the pharmaceutical side, they’re seeing tighter margins because of lower reimbursement rates for the drugs they sell to customers.

Much of the pharmacy pinch is rooted in the companies’ dependence on intermediaries called pharmacy benefit managers, or PBMs, that have significant control over how much pharmacies get reimbursed for the drugs they sell to customers.

Two of the largest benefit management companies, OptumRX and Caremark, are owned by insurance companies that have been looking to cut costs by pushing down reimbursement rates, which has punished the pharmacies’ bottom lines.

Chain pharmacies are also operating in an overcrowded environment, said Raymond James healthcare analyst John Ransom. Partly because of a real estate binge in the 1990s, urban communities are dotted with an excess of pharmacies, he said.

“Like most retailers, we have been facing a challenging operating environment,” Walgreens external communications manager Samantha Stansberry said in August. “These factors have resulted in a growing number of store closures across the country as we invest in our other locations to deliver a consistent customer experience.”

The plan to close stores was announced as part of the company’s release of its fourth-quarter and end-of-year financial reports, which underscored its dire straits. For fiscal year 2024, which ended Aug. 31, Walgreens posted a net loss of $8.6 billion, up 180% from the previous year. Total revenue for the company rose about 6% for the year to $147.7 billion.

Investors reacted positively to Walgreens’ cost-saving strategy, driving up shares in the company nearly 16% on Tuesday to $10.42. The rise, however, still left the stock down more than 61% so far this year.

“Fiscal 2025 will be an important rebasing year as we advance our strategy to drive value creation,” Wentworth said in a news release detailing fourth-quarter and full-year financial results. “This turnaround will take time, but we are confident it will yield significant financial and consumer benefits over the long term.”",Caroline Petrow-Cohen,,2024-10-15,CONTROL_MeToo_Protests_2017_2024,single,True,0,"In, The, To"
https://www.latimes.com/entertainment-arts/music/story/2024-10-15/carly-pearce-hummingbird-interview,Los Angeles Times,Carly Pearce on country music's big year and that viral moment with a heckler,"Carly Pearce is fast becoming country music’s queen of the clapback.

In June, after social-media users speculated that she was into Satan because she’d posted a photo in which her tour bus appeared to be parked in a space marked 666, the Grammy-winning singer and songwriter took to X to proclaim, “I am a devout Christian who takes PRIDE in using my platform to point people toward JESUS.” (She also noted that the bus was in spot 668.)

Two months later, a video went viral showing her interaction with a heckler at a festival gig in Minnesota. “If you’re gonna be an a—, then you’re gonna have to say it to me and get the f— out of my show,” she told the guy — hardly the language expected from a denizen of nice-and-smiley Nashville.

Then she added a priceless kicker: “I do not have time for d—.”

Pearce, 34, is not unaccustomed to the kind of widespread tabloid chatter these incidents inspired. Her 2021 album, “29: Written in Stone,” chronicled her messy divorce from singer Michael Ray; “Never Wanted to Be That Girl,” a stirring duet with Ashley McBryde in which Pearce portrays a married woman and McBryde her husband’s mistress, brought Pearce her third No. 1 single on Billboard’s country airplay chart.

Yet among Nashville’s top stars, Pearce might be the least interested in reaching beyond country music’s borders — and at a moment when the genre has more crossover energy than it has in years.

“I’m a country music purist,” she says. “I look around and I see a lot of artists doing things outside the format. I don’t want to.”

Named female vocalist of the year at the Country Music Assn. Awards in 2021, Pearce makes the artistic case for her position on her latest album, “Hummingbird,” a thoroughly down-home affair full of fiddle-laced tunes about love, home and whiskey. The Kentucky-born singer, who’s on the bill for next year’s Stagecoach festival in Indio, Calif., spoke about her music, her public profile and that viral video during a recent visit to Los Angeles.

In terms of the charts, is now a good time to make a traditional country record?I feel like the pendulum is swinging back to authenticity. But I’ve always been the exception to the rule of what works. When I’ve tried to chase what’s working, it doesn’t.

What’s an example?I had a song called “Closer to You” [in 2018] that at the time was very pop-country radio-friendly. It didn’t connect. That’s not to say that fans don’t like it. But it’s not one I ever run to put in a set.

One of “Hummingbird’s” high points is “We Don’t Fight Anymore,” an old-fashioned duet with Chris Stapleton. In your mind, was he always the guy for that song?When I got the demo back, I just heard him singing on it. But I also was like, I’m sure everybody hears Chris Stapleton singing on their songs. He’s one of the greatest singers of all time — his voice is just so butter. I DM’d his wife, Morgane, on Instagram and said, “Hey, I know you get this all time, but I have this song, and I just feel like Chris is supposed to sing on it.” I sent it to her, and I’m pretty sure two months went by. Then, the night before I won my first Grammy [for “Never Wanted to Be That Girl”], she texted me and said, “He’d love to do it with you.”

Do you think you’re stronger in ballads or up-tempos?Ballads, for sure. I grew up loving sad songs: Patty Loveless, Lee Ann Womack, Trisha Yearwood, Tammy Wynette. All these women and the textures in their voices — I was fascinated by them.

You’ve said you knew at a very young age that you wanted to be a singer.When I was 5 years old, I told my parents, “I’m gonna sing on the Grand Ole Opry one day.” Later on, people thought we were crazy when my parents let me homeschool so I could take a job singing in the country show at Dollywood. I mean, country music was not cool at the time. I was like the small-town freak.

Now, of course, Beyoncé and Post Malone have both released country albums. Lana Del Rey has said she’s working on one. What’s your take on pop stars going country?What I think is cool about it — and I don’t know any of them at all — but I’d like to think that what they want is to go home. They want to feel connected to home and to authenticity. And that’s us — that’s country music. Who knows if they’ll make another country record.

We’ve also seen some established country stars — namely, Maren Morris — say they’re done with the genre.That’s hard to watch. People forget this is the hand that gave you what you have. I understand wanting to explore. I think Maren is an incredibly gifted artist — when you have a voice like that, you can sing anything. But country music made her who she is, and I hope she still remembers that.

Maren has suggested it’s less about music than about Nashville as a culture and a business.And that’s totally her prerogative. I get how she probably felt. I think you just didn’t need to burn down the genre that made you.

Given the scrutiny you faced during your divorce, I wonder if you’ve ever felt trapped in that storyline.Look, I came out of the scene with a heartbreak ballad [2017’s “Every Little Thing”]. My very first award that I ever won, I thanked the guy that broke my heart at the CMT Awards. But now, yeah, it does feel like: Can we turn the page and move past this? Every song that I wrote before that relationship wasn’t about [my ex-husband], and every song that I’ll write after is not about him.

Has that affected how you think about making relationships public?I’m a little bit more private with that stuff at this point. But I don’t have to live everything for everybody. I really admired Miranda [Lambert] for just saying, “Hey, I got married.” That’s awesome to me, to just go do it for you.

Think you’ll remarry?I’d like to. But more than marriage, I want to find what I know I deserved the first time. I wore the white dress. I had the party. I wore the ring. And it didn’t mean anything. I want it to mean something.

Artists love to talk about songwriting as a form of therapy. Is that true for you?Oh yeah. I’ve always processed things through writing songs. I’ve even written songs for people because I couldn’t explain how I felt any other way.

What about actual therapy?That’s a newer thing for me since my divorce. Having somebody that you can say anything to — getting to just kind of word-vomit it all out — that’s helped me tremendously. I think it’s made me a better writer too.

We should talk about “I do not have time for d—.”I really do not.

Walk me through that moment.I’ve been doing this for eight years, and I’ve had to keep my mouth shut on a lot of things — not just at a live show, but about my life, about things that are said to me or about me, what Reddit says about me. And I think that particular moment hit a nerve that had been wanting to speak out for a long time.

The guy didn’t just say something to me. I walked over to where he was, and he had a moment to go, “Hey, I’m sorry.” But he didn’t — he doubled down. He looked me right in the eye and he grinned and he raised his hand to show that he was the one who did it. And in that moment, I’d had enough. I saw red.

The boys get to do it all the time. They don’t take any s—, and they’re praised for it because they’re strong men. But if I do it: “How dare you do that when there are children in the crowd?” I wasn’t thinking about anybody’s opinion of me in that moment. I was thinking about the girl that has sat back and cried over the way people have spoken about me.

It’s an iconic quote.I obviously try to present myself in a way that holds class and integrity. But I’m also a human being who’s a straight shooter, who doesn’t lie, who speaks her mind. The next day I got texts from Lainey Wilson and Kelsea Ballerini within 30 seconds of each other, more or less saying, “Good for you.”

Lainey has found huge success over the last few years with a style not dissimilar to yours. You ever resent the speed of her ascent?Here’s why I don’t feel that way about her. I would feel that way about others. But Lainey moved to Nashville 13 years ago. She lived in a trailer and she busted her ass. I mean, sure, we haven’t seen a female star rise like this since maybe Carrie Underwood or Taylor Swift. I’ll be honest with you: When she won female vocalist of the year [at the 2022 CMA Awards], I didn’t win — that was hard. But I was able to step aside because I know what she’s done to get there, and she deserves it. If we’re gonna have a trailblazer of my generation, she’s the one to do it.

Last thing: You have an interesting number of tattoos — more than a few, yet not so many as, say, Ashley McBryde.Ashley’s a bad b—. She can stand in that. But it’s true — nobody really looks like me with the tattoos at the moment. I’m sure in country music it’s frowned upon. But I like wearing very pretty clothes while also having a little bit of edge.

What’s the ideal number of tattoos?I got two today. I’ve been a member of the Grand Ole Opry for three years, so I got this Grand Ole Opry stamp. And then I got these little wings. I’m very spontaneous with my tattoos. I’ll go a few years without any, then I think I’ve gotten five this year. That’s the fun of it. I overthink everything in my life except the tattoos.",Mikael Wood,,2024-10-15,CONTROL_MeToo_Protests_2017_2024,single,True,4,"Kate, Middleton, Photo"
https://www.latimes.com/sports/highschool/story/2024-10-15/jack-epstein-coached-qb-warren-moon-hamilton-high-dies-91,Los Angeles Times,"Jack Epstein, who coached QB Warren Moon at Hamilton High, dies at 91","Jack Epstein, who coached NFL stars Warren Moon and Rod Martin during their days at Hamilton High in the 1970s, died on Monday at his home in Redondo Beach. He was 91.

Epstein began a 21-year high school football coaching career at Hamilton in 1967. He helped develop Moon, a 2006 Pro Football Hall of Fame inductee at quarterback. Moon later joined Epstein for one year at West L.A. College in 1974. Martin, a linebacker and star for USC and the Raiders, was another player from Hamilton under Epstein a year behind Moon.

Epstein coached at Narbonne for six years beginning in 1977 and later at Palisades for seven years before retiring in 1992.

Last year, when Epstein turned 90, a group of his former players showed up to reminisce with him and offer thanks for helping “change their lives” through his influence as a coach, according to friend Joe Saltzman.

He is survived by his wife of 67 years, Barbara, three children, six grandchildren and two great-grandchildren.",Eric Sondheimer,,2024-10-15,CONTROL_MeToo_Protests_2017_2024,single,True,0,"In, The, To"
https://www.latimes.com/politics/story/2024-10-15/us-demands-israel-allow-humanitarian-aid-into-gaza,Los Angeles Times,U.S. demands Israel allow humanitarian aid into Gaza or risk losing military support,"In a rare, direct threat, the Biden administration has told Israel it must allow humanitarian aid into the besieged Gaza Strip or risk losing U.S. military armament, U.S. officials said Tuesday.

The demand comes as Israel launches another major offensive in northern Gaza, where airstrikes in recent days have hit a school, refugee camp and a food repository. Aid agencies say tens of thousands of civilians face hunger and starvation.

U.S. officials say badly needed food, medicine and other aid has been all but cut off for weeks. Although officials have repeatedly pressed Israel to allow more deliveries, only scant amounts have trickled in. Israeli officials have argued that any aid benefits Hamas.

The Biden administration is telling Israel it has 30 days to step up deliveries of aid, aiming for 350 truckloads a day. Only about 40 truckloads entered the coastal enclave on a single recent day.

The ultimatum is contained in a letter from Secretary of State Antony J. Blinken and Defense Secretary Lloyd J. Austin III sent to their Israeli counterparts over the weekend.

They called for “urgent and sustained actions” to reverse months of decline in aid shipments and general deterioration of conditions.

U.S. law prohibits military aid to countries that block the delivery of U.S. humanitarian assistance to a zone in need.

The warnings come amid Israeli media reports that Prime Minister Benjamin Netanyahu is considering a plan to order the complete evacuation of northern Gaza, followed by cutting off all food and water to the region in an attempt to root out all remaining Hamas militants. Civilians who did not flee would be considered militants. It was unclear if the government was seriously considering the plan.

Efforts in April by Biden administration officials to force Israel to step up aid were only marginally successful.

“What we have seen over the past few months is that the level of humanitarian assistance has not been sustained,” U.S. State Department spokesman Matthew Miller said Tuesday. “In fact, it has fallen by over 50% from where it was at its peak.”

There are numerous impediments to aid distribution, including raging combat and Israeli airstrikes. Israel only slowly and sparingly opens crossings into Gaza, an area sealed off from outside access. Hamas sometimes hijacks shipments or demands payments of protection money, and supplies are often looted. Agencies working in the field are also worried about their own safety.

“But the answer to [security concerns] is not to stop the flow of food and water that civilians depend on and that little babies and children need to survive,” Miller said. “That cannot be the answer to that problem.”

Ever since Hamas attacked southern Israel a year ago and set off the war in Gaza, President Biden has repeatedly urged Israel to limit civilian casualties, to agree to a cease-fire, to limit invasions of parts of Gaza and increasingly to facilitate aid deliveries. Most of Biden’s entreaties have been largely ignored by Israel’s right-wing government.

Earlier this year, when Biden briefly suspended the shipment of 2,000-pound bombs to Israel to avoid their use in crowded Gaza towns, he was met with a firestorm of protest from conservative Republicans. At the same time, many American progressives and others have been demanding the U.S. suspend arm shipments to Israel altogether because of the death toll among Palestinian civilians in Gaza. An estimated 42,000 have been killed, according to Gaza’s Health Ministry, which does not distinguish between civilians and combatants but says over half of the dead are women and children.

Israel receives around $3 billion annually in mostly military aid from the United States.",Tracy Wilkinson,,2024-10-15,CONTROL_MeToo_Protests_2017_2024,single,True,0,"In, The, To"
https://www.latimes.com/entertainment-arts/music/story/2024-10-15/ka-dead-kaseem-ryan-rapper-producer-firefighter,Los Angeles Times,"Kaseem 'Ka' Ryan, New York City rapper-producer and firefighter, dies at 52","Ka, the New York City rapper and producer who also served as a captain in the New York City Fire Department, has died. He was 52.

The artist, born Kaseem Ryan, died Saturday in New York City, his social media pages announced Monday. A cause of death was not revealed. “Ka lived a life of service — to his city, to his community, and to his music,” the statement said.

The rapper’s wife, film producer Mimi Valdés, confirmed the news of her husband’s death on her own Instagram. “My king, my hero, my best friend,” she wrote Monday.

“You will always be my everything because love like ours lasts forever,” Valdés added. “Rest my beautiful husband, see you on the other side.”

A Brooklyn native, Ka was best known for channeling his personal battles and feelings into conceptual songs, including “Conflicted,” “Mourn at Night” and “Sirens.” Throughout his music career, which he balanced with his fire department service, Ka self-released 11 solo albums, including the lauded 2016 recording “Honor Killed the Samurai,” according to his Instagram.

Music was therapeutic, Ka said during a 2016 Q&A for the Red Bull Music Academy.

“If I wasn’t doing it, then I’ll probably be crazy. Not saying I’m not crazy, but I’ll be more crazy if I wasn’t able to just vent and get all this stuff out,” he said. “Kinda purge — that’s what each album is.”

Ka was born Aug. 11, 1972, in the Brownsville area of Brooklyn and grew up amid the birth of hip-hop. He started taking his music seriously in the ’90s, around when he joined Natural Elements, a local underground group that also touted Mr. Voodoo among its members. Insecure about his contributions, Ka left the group and set music to the side, according to a 2013 interview with Complex.

Music became a private endeavor as Ka focused on his personal life, including his work as a firefighter. During his service, Ka had become a FDNY captain and was a first responder during the 9/11 terrorist attacks. At first, Ka kept his music career under wraps, but a 2016 report by the New York Post did away with that secrecy, sparking backlash from hip-hop artists, including Run the Jewels’ Killer Mike and El-P.

By then, Ka had self-released four albums, collaborated with “Shadowboxin’” rapper GZA, taught himself how to produce his own music, shot his own videos and connected with rapper-producer Roc Marciano.

Independence was a pillar of Ka’s career: He created his Iron Works record label and had taken it upon himself to promote his music and sell his own merchandise, even recently. Ka’s most recent album, “The Thief Next to Jesus,” came out in August.

“We kindly ask that the privacy of Ka’s family and loved ones be respected as they grieve this incalculable loss,” said the statement shared to his Instagram.

Shortly after news of his death broke Monday, artists including Marciano, Busta Rhymes Lena Waithe, Quinta Brunson and Octavia Spencer shared their condolences. FDNY spokesperson Jim Long also expressed well wishes for Ka’s loved ones in a statement shared Tuesday with The Times.

“Ryan was the strongest brother I knew, he was a giver and a big part of my development as man myself, and you did that for so many, but that’s just part of the package that comes with having ka as a friend,” Marciano said in his Instagram tribute. “I’ve learned so much from you and still am till this day. I wanna thank you again for everything you’ve done for me as a person brother. I love you and Im gonna miss us talking basketball and how u could make my son laugh he really loved you too.”",Alexandra Del Rosario,,2024-10-15,CONTROL_MeToo_Protests_2017_2024,single,True,0,"In, The, To"
https://www.latimes.com/politics/story/2024-10-15/2024-election-trump-putin-tariffs-jan-6,Los Angeles Times,"Trump won't confirm he talked with Putin, and says there was 'love and peace' on Jan. 6","Former President Trump said that any telephone conversations he may have had with Vladimir Putin since leaving office were a “smart thing,” though he declined to confirm the recently reported calls during an appearance at the Economic Club of Chicago on Tuesday.

“I don’t comment on that,” Trump said. “But I will tell you that if I did, it’s a smart thing. If I’m friendly with people, if I have a relationship with people, that’s a good thing, not a bad thing, in terms of a country. [Putin’s] got 2,000 nuclear weapons, and so do we.”

The comments were the latest in a long line of remarks in which Trump has praised the president of Russia, whom Democratic presidential candidate Kamala Harris recently called a “murderous dictator.”

Citing an unnamed source, a new book by veteran political journalist Bob Woodward reportedly says that Trump and Putin have spoken as many as seven times since Trump left office more than three years ago. Released Tuesday, the book, “War,” also reveals that Trump, while president, sent the Russian leader COVID-19 testing equipment for his own use.

When pressed on the topic by Q&A moderator John Micklethwait, editor-in-chief of Bloomberg News, Trump added, “I don’t talk about that. I don’t ever say it. But I can tell you what, Russia has never had a president that they respect so much.”

Speaking in front of a friendly audience over the course of roughly an hour, Trump shared his views on tariffs, monetary policy and the Federal Reserve. But he also went on meandering digressions, such as one that covered the safe return of a SpaceX Super Heavy-Starship rocket on Sunday (“I said, ‘What the hell ... !’”), and even tried out a French accent while relating a squabble he’d had with Emmanuel Macron, the president of France, over a threatened import tax on wine (“He’s a wise guy.”).

On the subject of tariffs, Trump championed his plan to put them on various imported items.

Tariffs, Trump said, are “for protection of the companies that we have here and the new companies that will move in, because we’re going to have thousands of companies coming into this country. ... We’re going to protect them when they come in, because we’re not going to have somebody undercut them.”

The nonpartisan Tax Foundation has reported that tariffs imposed by the Trump administration in 2018 and 2019 amounted to “nearly $80 billion worth of new taxes on Americans.”

“I’m a believer in tariffs,” Trump said. “To me, the most beautiful word in the dictionary is ‘tariff.’ It’s my favorite word. It needs a public relations firm.”

Later, Micklethwait invoked the insurrection at the U.S. Capitol on Jan. 6, 2021, to ask Trump if he would commit to a peaceful transfer of power after the November election.

But Trump never directly answered the question, and falsely said there had been a peaceful transfer after the 2020 election, despite the storming of the Capitol, which saw more than 100 people injured and one attendee, Ashli Babbitt, fatally shot by a law enforcement officer. “It was love and peace. And some people went to the Capitol, and a lot of strange things happened there,” said Trump, who shared other falsehoods about Jan. 6.

When Micklethwait asked the question again, Trump said of the journalist, “This is a man that has not been a big Trump fan over the years.”

Trump’s discursive appearance also saw him squabble with Micklethwait over a pejorative nickname for Gov. Gavin Newsom, and ridicule the moderator for his fiscal views. “You’ve been wrong all your life on this stuff,” Trump said, eliciting laughter from the crowd.

A Harris-Walz spokesperson said the interview “was yet another reminder that a second Trump term is a risk Americans simply cannot take.”

“An angry, rambling Donald Trump couldn’t focus, had to be repeatedly reminded of the topic at hand, and whenever he did stake out a position, it was so extreme that no Americans would want it,” Harris-Walz campaign spokesperson Joseph Costello said in a statement.

The former president’s campaign moved quickly to position the appearance in Chicago as a win, sending out an email that said the former president “was in his element as he spoke passionately about restoring economic growth, prosperity, and opportunity for all Americans.”

“Kamala could NEVER,” the message said.

Micklethwait said that the Chicago club had invited Harris — whom Trump mentioned only fleetingly — to participate in a similar conversation, but she had “declined so far.”",Daniel Miller,,2024-10-15,CONTROL_MeToo_Protests_2017_2024,single,True,1,"De, En, La"
https://www.latimes.com/california/story/2024-10-15/sean-diddy-combs-allegedly-strangled-intern-and-put-staffer-in-headlock-during-brawl-at-ucla-document-alleges,Los Angeles Times,"Sean 'Diddy' Combs choked intern, put UCLA staffer in headlock during brawl, document alleges","Sean “Diddy” Combs was so upset about the way his son was being disciplined by a UCLA football coach in 2015 that he went to the coach’s office and fought with him, briefly choked an intern and put another member of the coaching staff in a headlock, according to a document newly obtained from Los Angeles County prosecutors.

But while Combs was arrested on suspicion of assault with a deadly weapon, making criminal threats and battery in the incident, he was not ultimately charged with any crime.

A charge evaluation worksheet from the L.A. County District Attorney’s Office includes new details about what allegedly unfolded that June afternoon nearly ten years ago inside the weight training facility at UCLA.

The new details about the confrontation come as Combs faces a barrage of lawsuits and criminal charges that allege he led a years-long criminal enterprise that preyed on victims, plied them with drugs and forced them to participate in sex performances called “freak-offs.”

After the incident, UCLA strength and conditioning coach Sal Alosi, who had been the focus of Combs dissatisfaction, walked away from the argument with scratches and a ripped shirt, the worksheet says. The intern whom Combs briefly strangled was left with minor scratches on his neck, according to the document.

Representatives for Combs at the time said any actions he took “were solely defensive in nature to protect himself and his son.” Some of them also alleged that the younger Combs had been bullied by the coach the entire time he was on the team.

“Two different prosecutorial agencies looked at it and both declined to prosecute,” said Mark Geragos, who represented Combs following his arrest. “I understand the interest now, but clearly, this did not rise to the level of criminal prosecution.”

University and law enforcement sources told The Times in 2015 that the confrontation happened after Alosi, dissatisfied with Justin Combs’ effort during a voluntary summer workout, told the junior defensive back to get off the field — not just for the rest of the day, but for the rest of the summer. Justin Combs had enrolled at UCLA on a full athletic scholarship in 2012.

Later that afternoon, the younger Combs and his father walked into Alosi’s office, adjacent to the 15,000-square-foot weight room in the basement of the Acosta Athletic Complex. Alosi was on the phone and motioned for them to wait, according to the document.

“After a short time, [Combs] and his son entered the office and words were exchanged,” the document states. “[Combs] approached the coach and physically assaulted him causing some minor scratches and tearing his shirt.”

Several members of the training staff moved in to remove Combs from the office, the document says.

Combs then turned to the intern, strangling him and scratching his neck, and put another member of the coach’s staff in a headlock, according to the charge evaluation worksheet. After that, Combs allegedly grabbed a small kettlebell and swung it in the direction of the staff members, the document alleges.

Alosi, who is no longer working at UCLA, could not be reached for comment.

The Los Angeles County District Attorney’s office noted in the document that because no one was seriously injured or struck with the kettlebell, they were referring the case to the Los Angeles City Attorney’s office for possible misdemeanor filing. No misdemeanor charges were ever filed.

A spokesperson for the City Attorney’s office told The Times in an email that the case was handled by a city attorney hearing, an informal proceeding that’s conducted as an alternative to prosecution, in 2015.

The purpose of city attorney hearings, according to the agency, is to “develop alternative resolution in cases where a crime has been committed but prosecution may be inappropriate.” This includes advising the person about the potential serious criminal consequences if the behavior is repeated.

No further information about Combs’ hearing was available.

Combs, who has been in jail since Sept. 16, is charged with racketeering, transporting for prostitution and sex trafficking. He has pleaded not guilty and denied any wrongdoing. Prosecutors said last week that Combs could face additional charges and that their investigation is ongoing.

Attorney Tony Buzbee, who says he represents at least 120 victims of Combs and his employees, filed six lawsuits in U.S. District Court in New York this week, including one that alleges a 16-year-old boy was molested in a private room after being invited to Diddy’s 1998 White Party in the Hamptons.

The allegations mark a stunning fall from grace for the hip-hop music mogul whose career catapulted him to global stardom in the 1990s. Combs has faced criminal charges in the past, but has come out largely unscathed.

In 1999, five months after he was arrested on suspicion of assaulting a record executive in New York, Combs pleaded guilty to a harassment violation and was ordered to complete a one-day anger management class. Combs, who had faced up to seven years in prison, was not required to pay a fine, serve any jail time or do any community service. The violation left him with no criminal record under New York law.

Months later, Combs was arrested again following a shooting at a Times Square nightclub. Combs was charged with carrying a gun illegally into a club and trying to bribe his driver to claim ownership of the weapon after police found the 9-millimeter pistol in the SUV that Combs and his then-girlfriend, pop star Jennifer Lopez, were riding in following the shooting.

Combs insisted he was not involved in the shooting and was acquitted of criminal charges in 2001. A jury convicted a Combs protégé, Jamaal “Shyne” Barrow, of assault, reckless endangerment and criminal possession of a pistol. Prosecutors had alleged that Combs and Barrow both opened fire in the club. Three people were wounded.

Combs shook with relief when his not guilty verdict was read.

“I am just so grateful today,” he told a crowd of fans outside the courthouse. “I feel blessed.”","Richard Winton, Hannah Fry",,2024-10-15,CONTROL_MeToo_Protests_2017_2024,single,True,0,"In, The, To"
https://www.latimes.com/entertainment-arts/business/story/2024-10-15/dolby-theatre-sale-jeff-sagansky-jebs-hollywood-entertainment,Los Angeles Times,"The Dolby Theatre, home of the Oscars, has a new owner","And the home of the Oscars goes to ...

... Jebs Hollywood Entertainment, an investment group that just purchased the famed Dolby Theatre for roughly $50 million, according to a source with knowledge of the transaction who was not authorized to comment.

The group, which acquired the Academy Awards venue on Tuesday, includes movie producer Elie Samaha and former Sony Pictures Entertainment President Jeff Sagansky. Jebs Hollywood Entertainment also operates the legendary TCL Chinese Theatre.

The Dolby Theatre is part of the Ovation Hollywood shopping and dining complex, formerly known as Hollywood & Highland. The deal package also included a pair of surface parking lots spanning 1.45 acres, per Avison Young, the real estate company representing the buyer.

Since 2001, the Oscars ceremony has been staged at the 3,400-seat Dolby Theatre. The new owners intend to continue that tradition while showcasing other live acts as well, said Chris Bonbright, principal and managing director of Avison Young, in a statement.

Times staff writer Roger Vincent contributed to this report.",Christi Carras,,2024-10-15,CONTROL_MeToo_Protests_2017_2024,single,True,0,"In, The, To"
https://www.latimes.com/espanol/california/articulo/2024-10-15/problema-de-2-000-millones-de-ca-se-pueden-evitar-los-extremos-aumentos-al-precio-de-gasolina,Los Angeles Times,"Problema de $2,000 millones de CA: ¿Se pueden evitar los extremos aumentos al precio de gasolina?","¿Los altos precios de la gasolina en California se deben a los injustos aumentos de precios por parte de la industria o están impulsados por los altos impuestos y tasas que impone el estado?

Es probable que ambas afirmaciones sean ciertas, dijeron los expertos a los legisladores estatales durante las dos primeras audiencias de una sesión legislativa especial centrada en el tema esta semana.

El Gobernador Gavin Newsom convocó a una sesión especial el 31 de agosto para que los legisladores consideraran una propuesta que exigiría a las refinerías tener un inventario mínimo de gasolina, lo que según Newsom evitaría los dolorosos aumentos de precios impulsados por la oferta limitada que se observan regularmente en las gasolineras de California.

El contexto de la sesión especial es otro aumento más en los precios de la gasolina en California, el tercer año consecutivo de aumentos de precios a fines del verano para los conductores del estado.

Los precios promedio de la gasolina en el resto de los Estados Unidos han bajado desde fines de agosto, pero en el norte de California han aumentado más de 25 centavos durante el mismo período, lo que ha llevado a los observadores del mercado estatal a advertir sobre un “aumento significativo”.

La nueva División de Supervisión del Mercado del Petróleo del estado estima que los aumentos de precios de los últimos dos años costaron a los californianos entre $525 millones y $2,100 millones.

“Cuando se producen estos aumentos, se disparan las ganancias. Es la verdad”, afirmó Siva Gunda, vicepresidenta de la Comisión de Energía de California (CEC).

Neale Mahoney, profesor de economía de Stanford, dijo que no tenía “pruebas irrefutables” de que las compañías petroleras estuvieran jugando con el mercado, aunque dijo que la propuesta sobre la mesa probablemente impediría que las refinerías expriman el dinero de los consumidores.

Los expertos que representan a la industria petrolera rechazaron firmemente la propuesta, argumentando que agregaría más regulaciones y costos a su negocio.

El complejo mercado del gas en California

Los miembros de la Asamblea pasaron su primera audiencia informativa recibiendo un curso intensivo sobre el mercado único de combustibles derivados del petróleo de California y cómo afecta los precios.

La gasolina que se bombea a los autos de los californianos se refina casi exclusivamente en el estado, con petróleo crudo mayoritariamente importado. El refinamiento en el estado se debe en gran parte a las estrictas normas de combustible limpio del California, que requieren una mezcla que es más cara de producir que la gasolina que se usa en otros estados y, por lo tanto, no se produce en otros estados.

Nueve refinerías, ubicadas principalmente en el este de la bahía de San Francisco y el sur de Los Ángeles, procesan 1.6 millones de barriles de crudo por día para su uso en California o para exportar a estados como Nevada o Arizona.

El mercado de refinación de California, que alguna vez fue una industria más diversificada con docenas de refinerías de distintos tamaños, se ha consolidado y es cada vez más vulnerable a las interrupciones.

Sólo cuatro empresas refinadoras controlan el 90% del suministro en California. Cuando las refinerías sufren un mantenimiento inesperado o prolongado, esto suele provocar picos de precios.

El estado también está planeando separarse de la industria petrolera en los próximos 20 años, con el objetivo de reducir las emisiones de gases de efecto invernadero en un 85% de los niveles de 1990 para 2045. Pero el análisis del personal legislativo reconoce que la demanda de gasolina, “aunque está disminuyendo, no va a desaparecer”.

¿Pueden entonces los legisladores solucionar el problema de los aumentos de precios que regularmente hacen que el galón de gasolina cueste entre $5 y $6 o más?

“No creo que se pueda”, dijo a los miembros del comité Tom Robinson, presidente de la empresa propietaria de las gasolineras Rotten Robbie. Se hizo eco de las críticas de que el mercado de California está sobrerregulado y dijo a los legisladores que “lo único que se puede hacer es empeorarlo”.

Otros expertos, entre ellos un analista del mercado energético y Mahoney, el profesor de Stanford, hablaron de un fenómeno de “disparos y plumas” en las gasolineras: los precios suelen dispararse hacia arriba cuando hay una interrupción. Los precios bajan lentamente –como una pluma– y pueden tardar semanas en volver a los niveles normales.

¿Una ley de inventario mínimo ayudaría?

El análisis de la propuesta por parte de la comisión de energía concluyó que, mientras podría mitigar los dramaticos aumentos de precios a corto plazo, también “podría aumentar los precios promedio para que las refinerías mantengan almacenamiento adicional”.

Tai Milder, director de la agencia de control del petróleo que se creó como resultado de la última sesión especial centrada en la gasolina, argumentó que sería un acuerdo justo.

“Si podemos eliminar los picos de precios, el costo promedio bajará significativamente”, dijo a los legisladores. “Porque, desafortunadamente, estamos experimentando picos de precios prácticamente todos los años”.

Otros países, incluidos Australia, Alemania y Suiza, tienen requisitos similares, dijo Milder.

“La economía de California es más grande que la de otras naciones”, afirmó. “Tener más oferta es bueno para los consumidores y para evitar los picos de precios. También es bueno para las empresas tener más estabilidad, planificación y resiliencia ante los desastres naturales”.

Los representantes de la industria petrolera descartaron la propuesta como otro intento del Estado de insertarse en un mercado complicado.

“Creemos fundamentalmente que nos están preparando para el fracaso”, dijo Eloy García, un cabildero de la Asociación del Petróleo de los Estados del Oeste, quien acusó a los legisladores de “microgestión”.

También hubo cierto desacuerdo sobre si ya existe el almacenamiento adecuado para satisfacer la propuesta. Milder y Gunda, ambos designados por Newsom, creen que sí lo hay, pero los expertos de la industria dijeron que muchas refinerías probablemente necesitarían invertir en almacenamiento adicional para satisfacer las demandas del estado.

Algunos legisladores demócratas manifestaron su apoyo a la propuesta mientras que otros se mostraron escépticos.

“Todavía no veo cómo el almacenamiento puede solucionar la falta de competencia o la opacidad” del mercado, dijo el Asambleísta Al Muratsuchi, demócrata de Torrance, cuyo distrito incluye tres refinerías.

La propuesta careció del apoyo de algunos grupos laborales, incluido el Consejo de Sindicatos de la Construcción.

La audiencia se centró en la propuesta de inventario mínimo, pero algunos legisladores expresaron interés en otras posibilidades, incluido el cambio de los requisitos para la mezcla de combustible única del estado.

¿Qué tal unas vacaciones del impuesto a la gasolina?

Los legisladores republicanos presentaron su propia lista de proyectos de ley para reducir los precios de la gasolina, incluida la suspensión del impuesto a la gasolina y la concesión de un reembolso de $100 a los conductores.

Una propuesta del Asambleísta Joe Patterson, republicano por Rocklin, retrasaría los cambios propuestos a los estándares de combustible del estado para ayudar al estado a alinearse con sus objetivos climáticos. La Junta de Recursos del Aire de California (CARB) estima que el cambio podría aumentar el costo del combustible regular en 37 centavos por galón durante el próximo año. El diésel podría subir en 47 centavos.

“La Legislatura debería considerar una variedad de propuestas para reducir los precios durante esta sesión especial, no solo aprobar automáticamente el plan del gobernador”, dijo Patterson en una declaración. “Mi propuesta representa una manera sencilla de evitar aún más problemas en la gasolinera”.

Newsom ha descartado repetidamente la idea de suspender el impuesto a la gasolina, argumentando que no garantizaría que los ahorros se transmitan a los consumidores. Su oficina citó un informe que concluyó que la mayoría de los ahorros de una exención del impuesto a la gasolina en 2022 en Florida “se los embolsaron las compañías de combustible”.

Drama de sesión especial

Más de una docena de miembros de la Asamblea asistieron a dos días de audiencias informativas esta semana y tienen una primera votación programada para el 26 de septiembre. La completa Asamblea planea votar sobre la propuesta el 1 de octubre.

Pero el líder del Senado, Mike McGuire, demócrata de Healdsburg, todavía no se ha comprometido a convocar nuevamente a su cámara para votar en una sesión especial, al menos no hasta que la Asamblea actúe.

La oficina de McGuire dijo en un comunicado que los demócratas del Senado están “unidos”.

“Valoramos el trabajo de la Asamblea en este tema crítico y si finalmente toman medidas y tienen los votos para avanzar con la reforma, el Senado estará listo para reunirse, establecer nuestro proceso y actuar rápidamente para brindar el alivio que todos los californianos merecen”.

___

(c)2024 the Merced Sun-Star (Merced, Calif.)Distributed by Tribune Content Agency, LLC.",Nicole Nixon (TNS),,2024-10-15,CONTROL_MeToo_Protests_2017_2024,single,True,1,"De, En, La"
https://www.latimes.com/espanol/entretenimiento/articulo/2024-10-15/la-semana-billboard-cumple-35-anos-como-un-punto-de-encuentro-para-la-industria-musical,Los Angeles Times,La Semana Billboard cumple 35 años como un punto de encuentro para la industria musical,"La Semana Billboard de la Música Latina llega a su edición 35 como un punto de encuentro para la industria musical y el público.

Este año contará con la participación de Alejandro Sanz, Mau y Ricky, Pepe Aguilar, Peso Pluma, Feid, Álvaro Díaz, Bad Gyal, Belinda, Danna, Mon Laferte, J Balvin y Gloria Estefan, entre muchos artistas más.

“Hay gente de todos los géneros y de todas partes y eso es a propósito porque queríamos que reflejara lo que es Billboard pasado y presente”, dijo Leila Cobo, jefa de contenido en español y latino de la revista Billboard.

La semana de presentaciones exclusivas, conversaciones, talleres y experiencias para fans, que incluye los Premios Billboard de la Música Latina, arrancó el lunes y concluirá el viernes con un concierto en The Fillmore Miami Beach con Ana Mena, Belinda, Elvis Crespo, FloyyMenor, Tito Double P y Young Miko.

También habrá un showcase curado por J Balvin con nuevos artistas de reggaetón y otro con Grupo Frontera y Majo Aguilar. Para Cobo, ésta es una oportunidad única para que los artistas intercambien ideas y se expresen en sus propias palabras.

La directora destacó anécdotas como cuando el año pasado, gracias a un panel de mujeres de la Semana Billboard, Young Miko conoció a Kany García y tras este encuentro hicieron la canción “En esta boca” incluida en el más reciente álbum de García.

“Eso pasa mucho en el Lain Music Week (Semana Billboard), yo creo que es una oportunidad diferente para juntar a los artistas más allá de una alfombra roja o de una cosa así, aquí nacen cosas”, dijo. “Esto es un ecosistema y ellos son parte del ecosistema”.

Lo más especial es que la comunicación es directa, sin filtros y en un ambiente relajado.

“Poder sentarte a ver a Alejandro Sanz, ahí, a un metro de distancia, me parece una cosa muy linda y muy única”, destacó Cobo.

Sanz recibirá este año el galardón a la trayectoria en los Premios Billboard de la Música Latina que se realizarán el jueves y se podrán ver el domingo por Telemundo. El astro español regresa después de años de su participación anterior.

“Finalmente va a volver y me encanta; me encanta porque va a estar anunciando nueva música y va a estar anunciando una gira”, señaló Cobo.

Cuando la semana comenzó, era un evento completamente diferente, dedicado a la industria y sin tantos artistas participantes. Fue iniciada por Gene Smith, ex gerente de ventas de Billboard, fallecido en 2021. Smith no hablaba español, pero comprendía el poder de la música latina.

“Fue algo muy visionario porque en ese momento no había nadie latino en Billboard”, dijo Cobo.

A su vez, Cobo, quien es colombiana, comenzó su labor en Billboard gracias a la semana, primero cubriéndola como reportera experta en música pop para el diario The Miami Herald y luego como integrante de Billboard.

Uno de los primeros cambios que implementó Cobo a la semana fue sumar, junto a los paneles de expertos, sesiones de preguntas y respuestas con artistas muy populares como Marc Anthony y Ricky Martin. Esto hizo que más artistas se interesaran, así que pronto tenían muchas solicitudes.

“Nos gusta pensar que somos el corazón del evento”, dijo.

La semana es también un semillero para nuevos talentos y para acercar a los jóvenes interesados en la música con verdaderos actores de la industria.

En total, la semana contará con una treintena de paneles. Aquellos que no vayan a viajar a Miami podrán verlos de forma gratuita en la página de Billboard.com y en el canal de YouTube de Billboard después de que concluya la semana.

“La idea es que cada quien busque lo que le interesa”, señaló Cobo.

Los Premios Billboard de la Música Latina 2024 se transmitirán el domingo las 9 pm de Nueva York (0100 GMT) por Telemundo, la aplicación de Telemundo, el servicio de streaming Peacock y en Telemundo Internacional para Latinoamérica y el Caribe.",Associated Press,,2024-10-15,CONTROL_MeToo_Protests_2017_2024,single,True,1,"De, En, La"
https://www.latimes.com/espanol/internacional/articulo/2024-10-15/legisladores-britanicos-aprueban-en-principio-medida-para-quitar-escano-a-aristocratas-por-herencia,Los Angeles Times,Legisladores británicos aprueban en principio medida para quitar escaño a aristócratas por herencia,"Al igual que lo hicieron sus ancestros durante siglos, el conde de Devon ocupa un escaño en el Parlamento británico, contribuyendo a formular las leyes del territorio. Pero es posible que esto se acabe.

Los legisladores británicos aprobaron en principio el martes un proyecto de ley para despojar a los aristócratas por herencia de su derecho a ocupar un escaño y a votar en la Cámara de los Lores, después de más de 700 años. El gobierno laborista señaló que la decisión completará una reforma, largamente estancada, de la cámara alta del Parlamento y eliminará una reliquia “obsoleta e indefendible”.

“En el siglo XXI, no debería haber lugares en nuestro Parlamento, formulando nuestras leyes, reservados para quienes nacen en ciertas familias”, dijo el martes el ministro constitucional, Nick Thomas-Symonds, al abrir el debate sobre el proyecto de ley en la Cámara de los Comunes.

Señaló que Reino Unido es uno de los dos únicos países —el otro es Lesoto— con un elemento hereditario en su Parlamento.

Pero lord Devon piensa que es arriesgado manipular la Constitución no escrita de Reino Unido, que “ha sobrevivido a una cantidad terrible de adversidades e infortunios durante todo un milenio”.

“El hecho de que yo realice un trabajo que le fue concedido por la emperatriz Matilda a mis ancestros en 1142, y que siga en curso y funcionando, es un ejemplo notable de constancia y continuidad”, dijo el conde, un abogado de 49 años cuyo nombre de pila es Charles Peregrine Courtenay.

El Parlamento británico tiene dos cámaras: la Cámara de los Comunes, cuyos miembros son elegidos directamente por los votantes de 650 distritos electorales de todo Reino Unido, y la de los Lores, que no son elegidos. Durante siglos, ésta estuvo compuesta por nobles varones —las mujeres no fueron admitidas hasta 1963— cuyos derechos de voto eran heredados a sus hijos, junto con sus títulos aristocráticos. En la década de 1950, a ellos se unieron personas con “títulos vitalicios” —políticos retirados, líderes cívicos y otros notables— nombrados por el gobierno.

En 1999, el gobierno laborista del entonces primer ministro Tony Blair retiró a la mayoría de las más de 750 personas con títulos hereditarios de la Cámara de los Lores, aunque, para evitar una rebelión de aristócratas, se permitió la permanencia temporal de 92 de ellos.

Un cuarto de siglo después, 88 herederos siguen allí, un grupo exclusivamente masculino con un promedio de edad de casi 70 años. Cuando uno muere o se jubila, sus compañeros de sangre azul celebran elecciones para sustituirlo. Courtenay se incorporó a la Cámara de los Lores en 2018 tras ganar unas elecciones en las que había 19 candidatos y 31 votantes con derecho a voto.

Los compañeros que se sientan en la ornamentada y dorada Cámara de los Lores no reciben un salario, pero pueden reclamar 361 libras (472 dólares) al día en gastos y pueden disfrutar de los bares, salones de té y restaurantes subvencionados del Parlamento. Es un trabajo para toda la vida, a menos que los miembros decidan jubilarse o —en un cambio reciente— sean expulsados por inasistencia.",JILL LAWLESS,,2024-10-15,CONTROL_MeToo_Protests_2017_2024,single,True,1,"De, En, La"
https://www.latimes.com/sports/dodgers/story/2024-10-15/dodgers-shohei-ohtani-postseason-struggles,Los Angeles Times,'He's going to reset.' Shohei Ohtani trying to rectify 'bad habits' amid playoff struggles,"Sometimes, Dodgers manager Dave Roberts said, all it takes one bad matchup, or one crafty pitcher, for a hitter to “trigger bad habits” in their swing.

In the case of Shohei Ohtani, and his struggles over the last several games of the Dodgers’ postseason, the culprit appears to have been San Diego Padres starter Yu Darvish.

In six at-bats against Darvish during last week’s National League Division Series, Ohtani went hitless, striking out three times while looking atypically mortal after his superhuman regular season.

In Game 5 of the NLDS, Ohtani seemed particularly uncomfortable against Darvish in the box. He went down on strikes chasing a slider out of the zone. He hit a lazy pop-up on a cutter down the middle. He struck out again chasing a curveball off the plate.

Before that game, Ohtani was off to a decent — though only occasionally dominant — first career postseason, collecting four hits and four RBIs over his first four games.

Starting with that 0-for-4 performance in Game 5, however, Ohtani hasn’t looked like himself.

He bashed one ball off the wall in Game 1 of the NL Championship Series against the New York Mets. But his only other hit over the past three games came on a slow roller Pete Alonso misread at first base.

Overall, Ohtani is just two for his last 12 with six strikeouts and only one RBI. On the whole this October, he also remains hitless when the bases have been empty, going 0 for 19 in such situations compared to a six-for-eight mark when the pitcher had a runner to worry about.

Asked about all this Tuesday, during an off-day ahead of the New York swing of the best-of-seven championship series, Roberts pointed back to Ohtani’s struggles against Darvish — and the bad habits, like chasing pitches out of the zone and failing to use the “big part of the field,” that have not-so-coincidentally followed.

“I was surprised with [his at-bats against] Darvish,” Roberts said. “I was surprised that he expanded [the strike zone] versus Darvish.”

And going into Game 3 on Wednesday night, Ohtani and the Dodgers are still trying to rectify his slumping form ever since, hoping the soon-to-be three-time MVP can improve upon his .222 batting average and .677 OPS so far this postseason.

“I think my feel isn’t bad,” Ohtani said in Japanese. “Rather than make big changes, I [want to] continue the good points from the regular season.”

One thing that certainly isn’t changing for now is Ohtani’s role as the Dodgers’ leadoff hitter.

After Roberts said Monday he hadn’t given much thought to dropping Ohtani in the batting order, despite his struggles with the bases empty, the manager doubled down on that point during his Tuesday news conference, explaining he still wants his $700-million superstar getting as many at-bats as possible.

“It’s just funny how things change,” Roberts said, recalling early-season concern over Ohtani’s ability to hit with runners in scoring position; a split in which Ohtani has thrived lately, going four-for-five in such spots in the playoffs.

“There was a lot of concern [early in the season] about Shohei not being able to get hits with the runners in scoring position,” Roberts added. “And now we’re all trying to find ways that — [we] have to get guys on base so he can hit, right? I kind of find that comical, a little bit.”

The tone of Roberts’ answer reflected his unwavering confidence in the 30-year-old slugger.

In his eyes, the keys to Ohtani’s success are the same as they have been all year.

“He’s got to continue to manage his hitting zone, regardless of who’s pitching,” Roberts said, noting that while Ohtani went quiet against Darvish, Padres left-handed reliever Tanner Scott (four strikeouts in the NLDS) and Mets Game 2 starter Sean Manaea (another lefty that held him hitless in three at-bats), he has looked fine against everyone else he’s faced.

Mets veteran Luis Severino will offer a new test in Game 3.

While discussing the matchups with Darvish on Tuesday, Ohtani noted that “there was a gap” between his memories of facing Darvish in the past, and the way his fellow Japanese countryman attacked him in the NLDS.

Those differences, Ohtani said, resulted in foul balls on pitches he felt like he could have done damage.

“Right now, I think there’s more of that,” Ohtani said. “My approach to swinging when the ball comes in the strike zone.”

Facing Severino could present a similar dynamic.

While Ohtnai is three-for-six with a home run and double in his career against Severino, he has faced him in just one game since 2018, recording two hits against the pitchers last year while Ohtani was with the Angels and Severino pitched for the Yankees.

Because of that, Ohtani said he wanted to “get a solid impression” of Severino in his first plate appearance Wednesday, one he could use for subsequent trips to the plate.

Of course, it would be nice for the Dodgers if Ohtani snapped his empty-bases drought in that leadoff at-bat too — and started to regain his historic regular-season form.

“My expectation,” Roberts said, “is that he’s going to reset today, get to the big part of the field [tomorrow] and take some good at-bats off Severino.”",Jack Harris,,2024-10-15,CONTROL_MeToo_Protests_2017_2024,single,True,0,"In, The, To"
https://www.latimes.com/entertainment-arts/music/story/2024-10-15/darius-rucker-fall-hootie-blowfish-old,Los Angeles Times,"Darius Rucker falls during a Hootie & the Blowfish show, then blames all 58 of his years","It’s not always beers and sunshine — but even when it’s not, Darius Rucker will have a laugh.

The Grammy-winning country artist, 58, took a tumble Saturday while performing with Hootie & the Blowfish at the Riverfront Revival in North Charleston, S.C. It was the band’s first time playing the music festival, which Rucker founded in 2022 and has headlined each year since.

As caught on fan video, Rucker was well into the first verse of his 2009 solo hit “Alright” when he appeared to trip on an onstage monitor, falling first on his hands and then rolling onto his back. With the help of a camera operator, he swiftly recovered, joking, “I’m old as f—.” His band played through the whole ordeal.

“We’ve been doing this all summer,” Rucker said later, alluding to the 43-city Hootie & the Blowfish tour that kicked off in April and made its last stop in North Charleston. “I hadn’t fallen once. But I busted my a— in my hometown.”

Upon seeing the footage, some fans speculated online that the “Wagon Wheel” singer’s age wasn’t the only factor in the fall, instead blaming possible intoxication. Earlier this year, Rucker pleaded no contest and accepted almost a year’s probation for a 2023 arrest on minor drug possession charges in Tennessee.

“You mean drunk af. Thats not how Darius Rucker normally sings,” TikTok user @htownkat claimed.

A representative for Rucker did not respond immediately Tuesday to The Times’ request for comment.

While Rucker hasn’t offered any explanation for the tumble, he did reshare the clip Tuesday on Instagram, saying he “kept singing though.”

“Hope those new boots I got you weren’t the cause?” Lady A member Charles Kelley jested in the comment section. “U gotta scrap up the bottom bud. Pro move.”",Malia Mendez,,2024-10-15,CONTROL_MeToo_Protests_2017_2024,single,True,0,"In, The, To"
https://www.latimes.com/sports/dodgers/story/2024-10-15/charter-cuts-jobs-programs-on-dodgers-and-lakers-channels,Los Angeles Times,"Charter cuts jobs, programs on Dodgers and Lakers channels","Charter Communications, the company that runs the SportsNet channels for the Dodgers and Lakers, is cutting back programming on those channels.

Live coverage of the Dodgers and Lakers games is not expected to be affected. Instead, Charter is canceling “Behind the Sport” and reducing new episodes of “Backstage: Dodgers” and “Backstage: Lakers” to one per month, according to company spokeswoman Maureen Huff.

The Dodgers and Lakers are among many teams to launch channels so fans could get 24/7 access to their favorite team. However, viewership data in Los Angeles and elsewhere has shown that most fans are primarily interested in watching the game.

Huff said “a few positions” have been eliminated.

“These programming adjustments are routine and do not signal any broader operational changes,” Huff said.

The changes come amid turmoil in the regional sports network industry. As consumers increasingly abandon cable and satellite broadcasts in favor of streaming, broadcast rights deals that pay teams based on an economic model of subscribers paying for a regional sports network, whether they watch it or not, have become outdated and often unprofitable.

The Bally Sports channels have been in bankruptcy court for 19 months. Warner Bros. Discovery last year dumped its four regional sports networks.

Charter runs no other regional sports network besides the SportsNet channels, which it inherited when it bought Time Warner Cable in 2016.

As a profitable company that generated $55 billion in revenue last year by providing broadband, cable, streaming and telephone services, Charter could not escape its $8.35-billion contract with the Dodgers or its $3-billion contract with the Lakers by filing for bankruptcy.

Lon Rosen, the Dodgers’ executive vice president, said Dodgers fans should not be concerned about SportsNet LA, which Charter markets under the Spectrum brand.

“We continue to have a good working relationship with Spectrum,” Rosen said.

The Dodgers own SportsNet LA. However, Charter owns SportsNet and has registered it as a separate entity. So, in theory, Charter could essentially tell the Lakers what Bally Sports has told the Angels: Renegotiate at a discount, or risk SportsNet filing for bankruptcy, which could mean even less money for the team in a streaming-first future.

“Nothing like that has occurred,” said Tim Harris, the Lakers’ president of business operations. “Spectrum is an amazing partner and we look forward to working with them for years to come.”","Bill Shaikin, Jack Harris",,2024-10-15,CONTROL_MeToo_Protests_2017_2024,single,True,0,"In, The, To"
https://www.latimes.com/environment/story/2024-10-15/state-republicans-urge-carb-to-hold-off-on-vote-that-could-increase-gasoline-prices,Los Angeles Times,Republicans urge air board to delay vote on new policies that could lead to gasoline price hikes,"Republican lawmakers are urging California environmental regulators to delay action on new policies that could push gasoline prices up by nearly 50 cents a gallon.

The California Air Resources Board is scheduled to vote Nov. 8 on amendments to a longstanding carbon-market program that penalizes high-carbon fuel producers, while offering credits to providers of lower-carbon alternatives.

The new policies would bring carbon emissions down faster, but at greater cost to refineries, most of which is passed through to retail gasoline buyers.

The scheduled vote in November would not directly hike gasoline prices. But the Air Resources Board itself last year estimated the measures could lead to a spike in prices at the pump of up to 47 cents a gallon. The air board’s staff now says that estimate is out of date, but that it has no plans to release a new figure.

Republican state legislators on Tuesday sent a letter to CARB’s chair urging the board to delay the Nov. 8 vote until it addresses in detail the potential cost to gasoline buyers.

“If CARB wants the public, through their elected representatives, to be supportive of new initiatives to protect the environment, CARB should be forthcoming with all information — so the public can consider costs and benefits,” the letter said. It deemed “absurd” CARB’s refusal to address in detail large increases in at-the-pump gasoline prices.

The 47-cent figure that CARB came up with last year was an “upper bound” pass-through estimate. Some forecasters think it will be higher. Climate analyst Danny Cullenward pegs the cost at 65 cents per gallon, and says that figure will rise as state regulations grow more stringent.

CARB drew consumer opposition when the numbers came out last fall. Its executive officer, Steven Cliff, said recently CARB has no plans to revisit the issue.

Republicans who signed Tuesday’s letter said cutting greenhouse gases is important, but the economic impact on gasoline car drivers must be considered.

“Right now Californians are paying $1.50 more per gallon than the average across the other continental states,” said state Sen. Rosilicie Ochoa Bogh (R-Yucaipa). “This aggressive pursuit of green environmental goals will increase inflation and fall on the back of many Californians, especially those of lower economic means.”

CARB has said that if gasoline prices are folded into the positive effects of its policies on jobs, health and reduction in global warming, the net result will be positive for Californians.

But gasoline prices directly affect consumers, said Janet Nguyen (R-Santa Ana). “It’ll be unaffordable,” she said. “People need their cars to go to work, go to school, go to the grocery store, and go to the doctor’s office.”

Global warming “should be considered, but we should be transparent about what the cost is,” she said. “Right now, they’re operating in secret.”

Even Gov. Gavin Newsom has come out in favor of transparency, though he didn’t aim his comments directly at CARB. Asked about regulatory costs at a news conference last week after signing a bill intended to prevent gasoline price spikes, he said, “I’ve been very supportive of being as transparent as possible with taxpayers.”

Republicans are a minority in the statehouse, but Nguyen said this shouldn’t be a partisan issue.

“We’ve been successful in the past forcing transparency,” she said. “That’s our job. We’re going to continue to force them to be transparent.”",Russ Mitchell,,2024-10-15,CONTROL_MeToo_Protests_2017_2024,single,True,0,"In, The, To"
https://www.latimes.com/world-nation/story/2024-10-15/maui-wildfire-survivors-will-get-an-additional-year-of-housing-help-from-fema,Los Angeles Times,Maui wildfire survivors will get an additional year of housing help from FEMA,"Survivors of last year’s deadly wildfire that decimated a historic Maui town will receive an additional year of housing assistance from the Federal Emergency Management Agency.

Housing has been a major challenge in recovering from the Aug. 8, 2023, Lahaina wildfire that killed at least 102 people and displaced 12,000.

FEMA has focused on providing rentals for survivors who did not have insurance coverage for fire losses. The agency is directly leasing homes for more than 1,200 households and giving subsidies to 500 others to use on their own. Many of the rentals are in Kihei, 25 miles from Lahaina.

The deadliest U.S. wildfire in a century created uncertainty for many survivors forced to move multiple times, often from one hotel room to another.

The housing assistance was set to end next February, but FEMA approved a one-year extension that will end Feb. 10, 2026, according to a statement distributed Monday by Hawaii officials.

A report published this month by the University of Hawaii Economic Research Organization said that unemployment and poverty are up and incomes are down among Maui wildfire survivors. The report, based on 402 survey responses reflective of the communities affected by last year’s fires, found that 9 out of 10 respondents lost their homes.

“On behalf of our state, I want to express my gratitude to FEMA for this favorable response to my administration’s request. The ongoing support FEMA and our other federal partners have provided has been crucial for the recovery of our people,” Hawaii Gov. Josh Green said in a statement.

“I am reminded that when he visited Lahaina, President Joe Biden said he and his administration would be with our people for as long as it takes and we are humbly appreciative of that steadfast commitment,” Green said.",,,2024-10-15,CONTROL_MeToo_Protests_2017_2024,single,True,2,"February, Inflation, Rates"
https://www.latimes.com/entertainment-arts/music/story/2024-10-15/jake-e-lee-shot-las-vegas-ozzy-osbourne-guitarist,Los Angeles Times,"Rocker Jake E. Lee shot multiple times in Las Vegas, expected to fully recover, rep says","Guitarist Jake E. Lee, who has played with Ozzy Osbourne, Badlands, Cinderella and Red Dragon Cartel, was shot multiple times Tuesday in a Las Vegas street shooting, his spokesperson said Tuesday.

The 67-year-old was shot early Tuesday morning but is “fully conscious and doing well in an intensive care unit at a Las Vegas hospital,” spokesperson Amanda Cagan said in a statement to The Times. “He is expected to fully recover.”

Cagan said Las Vegas authorities believe the shooting was “completely random” and occurred while Lee was walking his dog in the early morning.

“As the incident is under police investigation, no further comments will be forthcoming. Lee and his family appreciate respecting their privacy at this time,” Cagan said.

The Las Vegas Metropolitan Police Department did not immediately comment on the shooting when reached Tuesday by The Times.

This story is developing.",Nardine Saad,,2024-10-15,CONTROL_MeToo_Protests_2017_2024,single,True,0,"In, The, To"
https://www.latimes.com/sports/story/2024-10-15/dwight-howard-jeanie-buss-2020-free-agency-contract-lakers,Los Angeles Times,Why didn't Dwight Howard return to Lakers after 2020 title? He and Jeanie Buss clear the air,"Dwight Howard was confused.

On a team led by LeBron James and Anthony Davis, Howard had been viewed as a key role player during the Lakers’ 2020 NBA championship season. But he wasn’t brought back the following season.

“I was so sad. I wanted to come back,” Howard said on this week’s episode of his “Above the Rim with DH12” podcast. “And I don’t know what had happened.”

His guest, Lakers controlling owner Jeanie Buss, was also confused — by Howard’s comment.

“You took an offer from the Philadelphia 76ers,” Buss told him.

During a conversation that seemed genuinely warm and caring, Howard and Buss cleared the air about the end to the second — and most successful — of Howard’s three second stints with the Lakers. The eight-time All-Star indicated he had been led to believe by his agent at the time that the team had no interest in re-signing him as a free agent.

“So, like, I don’t even know what the truth was because what I was told was that you guys didn’t have an offer for me,” Howard said.

Buss responded: “Oh, no, that’s not true. We made an offer. We did.”

Howard replied: “I never even knew that. He told me — well, actually, he said that you guys had an offer, and then he said you guys took the offer back and said, ‘No.’”

Later in the conversation, Howard double-checked.

“So y’all did have an offer for me?” he asked.

“Yes!” Buss answered.

She explained that with the NBA’s salary cap, sometimes it can be tricky to get the timing right in making contract offers to build a roster.

“I think for a player, if a team is saying, like, we have a contract but you have to wait to sign it or we gotta sign other players first, it’d just seem like you’re not a priority,” Howard said.

Buss responded: “I can see why you would feel that way and [that’s] probably what another team trying to sign you would say to you to put us down. But that’s not who we are. And you know that.”

Both Howard and Buss agreed that the Lakers could have won additional championships had the 2020 team stayed together. Instead, several players, including Rajon Rondo, left as free agents, while the team traded away players like Danny Green and JaVale McGee.

“Do you feel like if we would’ve kept the team together we would’ve won a couple of championships?” Howard asked Buss.

Buss replied: “I think so. I feel like when you win a championship, that’s when you give the guys a chance to defend their title. … But once there was, like, three or four guys not coming back, then it wasn’t the same anyway.”

Howard ended up signing a one-year deal with the 76ers but returned to the Lakers for 2021-22, the last of his 18 seasons in the NBA.

“It’s so good to have the conversation because now it doesn’t leave room for miscommunication. We have an understanding,” Howard said. “Because for years I was so hurt by that. ... It just seemed like we had something, but it’s just like we didn’t pursue it like we should have on both ends.”

Buss added later: “We would have been better off staying together. But it was, like, a misdirection or a misunderstanding.”",Chuck Schilken,,2024-10-15,CONTROL_MeToo_Protests_2017_2024,single,True,0,"In, The, To"
https://www.latimes.com/entertainment-arts/tv/story/2024-10-15/francesca-eastwood-arrested-beverly-hills-domestic-violence,Los Angeles Times,Francesca Eastwood arrested in Beverly Hills on suspicion of felony domestic violence,"Francesca Eastwood, the daughter of screen legend Clint Eastwood, was arrested in Beverly Hills over the weekend on suspicion of felony domestic violence.

The “Old” and “Twin Peaks” actor was arrested on Saturday after Beverly Hills Police responded to a call of a possible domestic violence incident at a safety zone at their North Rexford Drive headquarters, BHPD Lt. Andrew Myers said Tuesday in a statement to The Times.

“Officers conducted an investigation, and based on statements and injuries, Francesca Ruth Fisher Eastwood of Los Angeles was arrested for a felony, PC 273.5 – Domestic Violence, and was booked at BHPD Jail,” Myers said.

L.A. County Sheriff’s jail records confirmed that the 31-year-old was booked at 11:13 p.m. and her bail was set at $50,000. No information on her release date was immediately available but she was due in court Tuesday morning.

Representatives for Eastwood did not immediately respond Tuesday to The Times’ requests for comment.

The “Mrs. Eastwood & Company” reality star is the daughter of the Oscar-winning “Million Dollar Baby” star and his ex-girlfriend, “Titanic” actor Frances Fisher. Eastwood was previously arrested in August 2015 but pleaded no contest to a DUI charge and her case was dismissed, according to Los Angeles County Superior Court records.

Times staff writer Nathan Solis contributed to this report.",Nardine Saad,,2024-10-15,CONTROL_MeToo_Protests_2017_2024,single,True,0,"In, The, To"
https://www.latimes.com/entertainment-arts/tv/story/2024-10-15/jeremy-strong-succession-kendall-roy,Los Angeles Times,"Jeremy Strong says playing Kendall Roy on 'Succession' messed with his head, big time","As if playing Kendall Roy during the award-winning run of “Succession” didn’t mess with Jeremy Strong enough, the character is still taking a toll on the self-described “identity diffusion” actor.

The part “f— me up,” Strong, 45, recently told the U.K.’s Sunday Times, describing how he was overwhelmed by the tortured eldest son he embodied from 2018 to 2023 — onscreen and off. Strong’s notorious acting methods also landed him in the crosshairs of his co-star and onscreen patriarch, Brian Cox, and “terrified” the show’s creator, Jesse Armstrong.

Fresh off a silent retreat to reset, the Tony Award winner said he would imagine terrible things happening to him to mentally prepare to play Kendall. He “sometimes lost touch with joy” while working on the series and only recently “rediscovered play.”

His character, who schemed to succeed his ailing father as chief executive of the fictional Waystar Royco media and entertainment conglomerate, earned Strong his first Emmy Award in 2020, as well as two additional nominations. (The series earned 19 Primetime Emmys, six of them earlier this year for its fourth and final season.)

“That show was an incalculable gift. The material a banquet. So I miss that. But Kendall’s struggle was difficult to carry for seven years. And there’s just so much more I want to do,” said Strong, who has also let go of the idea of a Kendall spinoff.

“I’m aware it is one of the main chapters of my life, but I don’t miss it,” he said.

In an interview with the Los Angeles Times earlier this month, Strong spoke about his role as Trump mentor Roy Cohn in the controversial film “The Apprentice” and also denied being “gun shy” about doing press since the 2021 publication of a viral New Yorker profile. In that profile, several of his “Succession” collaborators described the unconventional lengths he would go to to play Kendall, garnering a raft of criticism for the actor.

“I think I’m a fairly earnest person, and that’s gotten me in trouble,” Strong said, “but I’m not interested in camouflaging or disguising myself. Life is too short.”",Nardine Saad,,2024-10-15,CONTROL_MeToo_Protests_2017_2024,single,True,0,"In, The, To"
https://www.latimes.com/b2b/industries/story/2024-10-15/cymbiotikas-durana-elmi-named-female-entrepreneur-of-the-year-at-2024-titan-women-in-business-awards,Los Angeles Times,"Cymbiotika's Durana Elmi Named ""Female Entrepreneur of the Year"" at 2024 TITAN Women in Business Awards","Durana Elmi, co-founder and COO of Cymbiotika, a company that supports customers’ wellness journeys with intentionally sourced nutrition products that are traceable, vegan, non-GMO, gluten-free and toxin-free, has been recognized for her outstanding global business achievements at the 2024 TITAN ‘Women In Business Awards.’ Elmi received the Platinum Award in the “Female Entrepreneur of the Year” category, celebrating her visionary leadership in the health and wellness industry.

The prestigious awards recognize women excelling across multiple industries with Elmi standing out among thousands of women from countries, such as the United States, Canada and Germany. Her trailblazing efforts in sustainability and innovation through Cymbiotika have earned her accolades within the global business community.

Elmi expressed her gratitude, stating, “I am honored to be recognized by the TITAN Women In Business Awards. This award is a reflection of my passion for creating products that empower people to live healthier, more sustainable lives.”

The awards, organized by the International Awards Associate (IAA), are dedicated to recognizing female entrepreneurs and leaders whose accomplishments extend beyond their industries. With a diverse panel of international judges, including professionals from the United States, Greece and Portugal, the competition focuses on the achievements, influence and impact of its winners.

The TITAN Awards continue to elevate and celebrate the role of women in business, serving as an inspiration for future generations of female leaders.",,,2024-10-15,CONTROL_MeToo_Protests_2017_2024,single,True,0,"In, The, To"
https://www.latimes.com/world-nation/story/2024-10-15/50-well-preserved-viking-age-skeletons-unearthed-in-denmark,Los Angeles Times,50 well-preserved Viking Age skeletons unearthed in Denmark,"In a village in central Denmark, archaeologists made a landmark discovery that could hold important clues to the Viking era: a burial ground, containing some 50 “exceptionally well-preserved” skeletons.

“This is such an exciting find because we found these skeletons that are so very, very well preserved,” said archaeologist Michael Borre Lundø, who led the six-month dig. “Normally, we would be lucky to find a few teeth in the graves, but here we have entire skeletons.”

The skeletons were preserved thanks to favorable soil chemistry, particularly chalk and high water levels, experts from Museum Odense said. The site was discovered last year during a routine survey, ahead of power line renovation work on the outskirts of the village of Aasum, 3 miles northeast of Odense, Denmark’s third-largest city.

Experts hope to conduct DNA analyses and possibly reconstruct detailed life histories, as well as looking into social patterns in Viking Age, such as kinship, migration patterns and more.

“This opens a whole new toolbox for scientific discovery,” said Borre Lundø as he stood on the muddy, wind-swept excavation site. “Hopefully we can make a DNA analysis on all the skeletons and see if they are related to each other and even where they come from.”

During the Viking Age, considered to run from 793 to 1066 A.D., Norsemen known as Vikings undertook large-scale raids, colonizing, conquering and trading throughout Europe, even reaching North America.

The Vikings unearthed at Aasum likely weren’t warriors. Borre Lundø believes the site was probably a “standard settlement,” perhaps a farming community, located 5 kilometers from a ring fortress in what’s now central Odense.

The 21,500-square foot burial ground holds the remains of men, women and children. Besides the skeletons, there are a few cremated bodies.

In one grave, a woman is buried in a wagon — the higher part of a Viking cart was used as a coffin — suggesting she was from the “upper part of society,” Borre Lundø told the Associated Press.

Archaeologists also unearthed brooches, necklace beads, knives, and even a small shard of glass that may have served as an amulet.

Borre Lundø said the brooch designs suggest the dead were buried between 850 and 900 A.D.

“There’s different levels of burials,” he explained. “Some have nothing with them, others have brooches and pearl necklaces.”

Archaeologists say many of the artifacts came from far beyond Denmark’s borders, shedding light on extensive Viking trade routes during the 10th century.

“There’s a lot of trade and commerce going on,” said Borre Lundø. “We also found a brooch that comes from the island of Gotland, on the eastern side of Sweden, but also whetstones for honing your knife … all sorts of things point to Norway and Sweden.”

The burial site was discovered last year, and the dig, which started in April, ended Friday. Boxes of artifacts have shipped to Museum Odense’s preservation labs for cleaning and analysis.

Conservator Jannie Amsgaard Ebsen hopes the soil may also hold other preserved organic material on the backs of brooches or knife handles.

“We’re really hoping to gain the larger picture. Who were the people that were living out there? Who did they interact with?” she said. “It’s a little bit like a jigsaw puzzle: all the various puzzle parts will be placed together.”

Brooks writes for the Associated Press.",James Brooks,,2024-10-15,CONTROL_MeToo_Protests_2017_2024,single,True,1,"De, En, La"
https://www.latimes.com/entertainment-arts/story/2024-10-15/review-i-daniel-blake-theater-ken-loach-adaptation,Los Angeles Times,"Review: 'I, Daniel Blake,' the play, stumbles in its U.S. premiere at the Fountain","Don’t make the mistake of seeing the film “I, Daniel Blake” right before attending the stage version. You might leave the Fountain Theatre, as I did, wondering what the point could be of an inferior knockoff when the original is available to rent online.

An air of karaoke hangs over the U.S. premiere of “I, Daniel Blake,” the dramatic adaptation by Dave Johns from the film directed by Ken Loach and written by Paul Laverty. Jones, a stand-up comedian, was justly celebrated for his portrayal of the movie’s title character. In finding the craggy humanity in the carpenter from Newcastle upon Tyne, who is treated like a bothersome statistic by the British bureaucracy after suffering a serious heart attack that prevents him from going back to work, Jones’ performance sent a strong political message to the powers-that-be about the state of public assistance.

In the Fountain production directed by Simon Levy, the role of Daniel Blake is played by JD Cullum, an accomplished local stage veteran with a twinkling amiability. Unfortunately, Cullum softens the character’s gruff charm. The harsh Northern England accent eludes him. “I, Daniel Blake” is built on local reality, which is completely missing here.

Philicia Saunders plays Katie, another victim of Britain’s welfare system, who has moved from a London homeless shelter with her daughter, Daisy (Makara Gamble), to a barely livable council flat up north. (Katie’s son has been cut from the stage version.) Daniel and Katie meet at a job center, where they’re both banging their heads against an antagonistic bureaucracy.

Handy with tools, Daniel offers to help Katie fix up her new home. He knows what it’s like to grow up poor and wants to feel useful again. The play, like the film, chronicles what happens to them — the desperation they’re brought to, their helpless outrage at a system that doesn’t seem to care whether they live or die and the care they come to accept from each other in the face of vast public indifference.

Americans who have had their run-ins with the health insurance industry, never mind our own inadequate welfare state, won’t have trouble feeling indignation. The play dramatizes the modern Kafkaesque hell of automated phone systems that make callers wait ungodly amounts of time, to numbing hold music, before speaking to a scripted agent. Digitally innocent Daniel is forced to beg for help to apply for benefit programs that can only be accessed online. Petty bureaucratic rules are enforced with a cruel callousness.

A skilled laborer, Daniel is a hardworking, tax-paying citizen whose only crime is that he hasn’t recovered from a heart attack. Katie wants to be self-sufficient, but the only job that she’s offered that will pay for necessities is prostitution. In the film, which won the Palme d’Or at Cannes in 2016, this sociopolitical portrait is made all the more damning by simple acts of kindness from characters with the least to give.

The production projects social media posts about the heartlessness of Britain’s unemployment services and benefits system. But good intentions can’t hide the derivative nature of the project. The stage version at the Fountain feels like the CliffsNotes version of the film.

There’s no way the play can duplicate the authenticity of the movie. The plot is hurried, leaving the actors insufficient time to find their footing. Joel Daavid‘s resourceful scenic design does its best to find solutions to the rapidly shifting locales, but the theatrical shorthand starts to feel like a blur.

Saunders and Gamble dig into the domestic privations of poverty — the lack of food and heat, the shame of wearing the same old clothes every day, the constant worry about what’s next. It’s almost a pity that they have to maintain the shaky pretense of being British.

Wesley Guimarães gives a lively portrayal of China, Daniel’s sketchy, good-hearted neighbor. Janet Greaves (a Brit whose accent is far and away the most convincing) and Adam Segaller (whose volume is the most thunderous) do their best to flesh out the figures obstructing and occasionally helping beleaguered Daniel and Katie.

“I, Daniel Blake,” the film, makes a powerful human case for social services. The play echoes this ever-important sentiment but with far less cogency on an American stage.",Charles McNulty,,2024-10-15,CONTROL_MeToo_Protests_2017_2024,single,True,0,"In, The, To"
https://www.latimes.com/espanol/entretenimiento/articulo/2024-10-15/seis-personas-acusan-a-diddy-de-agresion-sexual-en-nuevas-demandas,Los Angeles Times,Seis personas acusan a Diddy de agresión sexual en nuevas demandas,"Sean “Diddy” Combs enfrenta una nueva ola de demandas que lo acusan de violar a mujeres, agredir sexualmente a hombres y abusar sexualmente de un adolescente de 16 años.

Al menos seis demandas fueron presentadas el lunes contra Combs en un tribunal federal en Manhattan, sumándose a una creciente lista de demandas legales contra el magnate del hip hop. Combs niega todas las acusaciones. Las demandas fueron presentadas de forma anónima para proteger las identidades de las supuestas víctimas, dos son mujeres identificadas como Jane Doe y cuatro son hombres identificados como John Doe.

Algunos de los denunciantes, haciéndose eco de otros que han acusado a Combs en los últimos meses, alegan que usó su fama y la promesa del estrellato para atraer a las víctimas a fiestas lujosas o lugares de reunión llenos de drogas donde luego los agredió. Algunos alegan que los golpeó o los drogó. Otros dicen que los amenazó con matarlos si no hacían lo que él quería o si hablaban en su contra.

Las demandas describen presuntas agresiones que datan de mediados de la década de 1990, incluyendo en las fiestas blancas de Combs repletas de celebridades en los Hamptons de Long Island, en una fiesta en Brooklyn para celebrar al entonces colaborador de Combs, Biggie Smalls, e incluso en el almacén de la tienda departamental insignia de Macy’s en el centro de Manhattan.

Los demandantes en los casos anunciados el lunes son parte de lo que sus abogados dicen es un grupo de más de 100 acusadoras que están en el proceso de emprender acciones legales contra Combs luego de su arresto federal por tráfico sexual el 16 de septiembre. El abogado de los demandantes, Tony Buzbee, anunció el litigio planeado en una conferencia de prensa el 1 de octubre y publicó un número telefónico para que los acusadores llamen.

En un comunicado, los abogados de Combs criticaron esas tácticas como “claros intentos de obtener publicidad”, y dijeron que el rapero y su equipo legal “tienen plena confianza en los hechos, sus defensas legales y la integridad del proceso judicial. En la corte, prevalecerá la verdad: que el Sr. Combs nunca ha agredido sexualmente a nadie, adulto o menor, hombre o mujer”.

Combs, de 54 años, se ha declarado inocente en su caso penal, que involucra acusaciones de que coaccionó y abusó de mujeres durante años con la ayuda de una red de asociados y empleados mientras silenciaba a las víctimas a través del chantaje y la violencia, incluyendo secuestro, incendio provocado y golpizas.

Su libertad bajo fianza ha sido denegada dos veces, por lo que el fundador de Bad Boy Records permanece encerrado en una cárcel federal de Brooklyn mientras espera el juicio que será en mayo de 2025. Dos jueces han concluido que Combs sería un peligro para la comunidad si es liberado. El viernes, un juez de la corte de apelaciones negó la liberación inmediata de Combs de la cárcel mientras un panel de tres jueces de la Corte Federal de Apelaciones del 2do Circuito sopesa su solicitud de libertad bajo fianza.

Hasta el lunes, los casos presentados contra Coms eran por abusos contra personas adultas, aunque un productor discográfico de Chicago había afirmado en una demanda de febrero que tenía “pruebas irrefutables” de que Combs abusó sexualmente de menores.

En una demanda presentada el lunes, John Doe alegó que Combs acarició sus genitales cuando tenía 16 años en una de las fiestas blancas de Combs en 1998. El hombre, que ahora vive en Carolina del Norte, alega que Combs le dijo que tenía “el aspecto” de una estrella y luego le ordenó abruptamente al entonces adolescente que se bajara los pantalones.

Según la demanda, Combs le explicó que era un rito de iniciación para convertirse en una estrella de la música, y en un momento le preguntó: ”¿No quieres entrar en el negocio?” El hombre dijo que obedeció por miedo, ansiedad y un desequilibrio de poder que sentía con Combs, sólo se dio cuenta más tarde de que lo que dice que sucedió fue una agresión sexual.

Otras demandas presentadas el lunes en el Tribunal de Distrito de Estados Unidos en Manhattan incluyen acusaciones de violación, sexo oral forzado y drogas para incapacitar a las víctimas.

Una de las mujeres alega que Combs la violó en una habitación de hotel cerrada con llave en 2004 después de que la invitó a ella y a una amiga a una fiesta, les dio bebidas y les dijo que inhalaran cocaína. La mujer, entonces estudiante de primer año de la universidad, alega que Combs también obligó a su amiga a practicarle sexo oral y amenazó con matarlas si no obedecían.

Otra afirma que Combs la atacó violentamente y la violó en un baño en 1995 en una fiesta en Brooklyn para el video musical de Smalls, “One More Chance”. Smalls, también conocido como Notorious B.I.G., fue asesinado dos años después en un tiroteo desde un vehículo en Los Ángeles.

Según la mujer, Combs la llevó al baño para hablar en privado y comenzó a besarla inesperadamente. Cuando ella trató de alejarse, alega, él golpeó su cabeza contra la pared, lo que la hizo caer al suelo. Dijo que trató de escapar, pero Combs la golpeó de nuevo y la violó.

Después, según la mujer, Combs se ajustó la ropa con indiferencia y le dijo: “Será mejor que no le cuentes a nadie sobre esto, o desaparecerás”.

Las otras demandas presentadas por hombres alegan que Combs agredió sexualmente a un guardia de seguridad en una fiesta blanca en 2006 después de darle una bebida con droga; obligó a un hombre que trabajaba para una marca de moda rival a practicarle sexo oral en el almacén de Macy’s en 2008; y agredió sexualmente a un hombre en una fiesta en octubre de 2021.

Este último hombre, quien sospecha que una bebida con droga lo dejó incapacitado para de defenderse, recuerda que varios hombres lo agredieron y recuerda claramente haber visto a Combs encima de él, desnudo, en un momento durante el asalto, según su demanda.

___

Los periodistas de The Associated Press Andrew Dalton y Jonathan Landrum Jr. en Los Ángeles contribuyeron a este despacho.",MICHAEL R. SISAK,,2024-10-15,CONTROL_MeToo_Protests_2017_2024,single,True,1,"De, En, La"
https://www.latimes.com/travel/story/2024-10-15/new-york-city-guide-for-dodgers-fans-los-angeles,Los Angeles Times, A New York City guide for L.A. people (Dodgers’ version),"Any Dodgers fan visiting New York is bound to have questions.

Why is the Statue of Liberty calling for a right-handed relief pitcher? Why does the wait for trains along the High Line seem like forever? Can I trust these tacos? When the game is over, are we going to hear Randy Newman?

We have no answers. But we do have this travel advisory for any Dodgers fan considering a quick trip east.

Broadway: This is the Manhattan street where the Mets had a grand ticker-tape parade after winning the 1969 World Series in Shea Stadium. Soon after, ticker tape, Shea Stadium and winning Mets seasons all fell out of style.

The Bronx: This is the site of the original Yankee Stadium, where the Dodgers’ Don Larsen pitched a perfect game in 1956 and where the Dodgers beat the Yankees, 9-2, to win the 1981 World Series. In a later bid to blot out those memories, the Yankees leveled that stadium and built another one across the street.

Carnegie Hall: Picture the Hollywood Bowl without the hills, the stars, the breeze or bring-your-own alcohol.

Central Park: This is what you’d get if you flattened Griffith Park, razed its observatory, shrunk its zoo, obliterated its golf courses and let the drum circle pound away all weekend. Nice fountain, though.

The East River: A shorter, wider L.A. River, equally suitable for swimming.

Katz’s Delicatessen: This Lower East Side eatery is the setting for the famous scene in “When Harry Met Sally” when Meg Ryan, dining with Billy Crystal, pretends she’s actually eating at Langer’s Deli in Los Angeles.

Little Italy: Eataly, The Prequel.

Metropolitan Museum of Art: An unnecessary museum, with minimal baseball content and art that’s either older than what LACMA has or younger than what the Getty Villa has. In its favor, the museum does stage the Met Gala, an annual spectacle in which celebrities dress like Mets out of uniform.

Patience and Fortitude: These are the names of the stone lions that preside over the steps to the main New York Public Library. You may find examples of the latter around town. The former, not so much.

That low rumble you keep hearing: Don’t worry. It’s not Pete Alonso rounding third. It’s the subway.

Times Square: New Yorkers gather here each New Year’s Eve to shiver, hear Anderson Cooper filibuster and distract themselves from the fact that the Yankees haven’t won a World Series in 15 years and the Mets haven’t won one in this century.

U.N. Headquarters: These are the people responsible for bringing peace to the world. After that they’re going to sort out the Dodgers’ starting rotation.

Brooklyn: Well, this is awkward. Jackie Robinson is buried here. Pee Wee Reese spent 94% of his career here. Sandy Koufax grew up and made his first major league start here in 1955. Notable locations include Ebbets Field Apartments, a 1,300-unit complex built in 1962 on Bedford Avenue, where a ballpark used to be.",Christopher Reynolds,,2024-10-15,CONTROL_MeToo_Protests_2017_2024,single,True,1,"De, En, La"
https://www.latimes.com/b2b/industries/story/2024-10-15/hawke-media-acquires-super-top-secret,Los Angeles Times,Hawke Media Acquires Super Top Secret,"Southwest-based creative agency to bring high-demand projects to West Coast agency’s expanding portfolio

Hawke Media, a leading performance marketing agency, has announced its acquisition of Super Top Secret (STS), a creative agency based in Salt Lake City, Utah. This deal, which is expected to enhance both parties’ capabilities, is designed to enable them to deliver end-to-end services to clients across all industries, uniting STS’ strengths in brand strategy, web development and creative campaigns with Hawke Media’s innovative marketing solutions.

“Bringing Super Top Secret under the Hawke Media banner is more than just expanding our capabilities – it’s about combining creative storytelling with data-driven marketing to solve real business challenges”, said Erik Huberman, founder and CEO, Hawke Media. “STS has a unique ability to reach niche audiences, and together, we’ll push the boundaries of how brands connect with their customers in impactful, lasting ways.”

Specializing in lifestyle brands and the outdoor industry, STS has grown to become a full-service creative agency with a core focus on brand strategy and identity, web development and UX/UI design, creative campaigns, packaging design and authentic audience engagement. Since its inception in 2009, STS has worked with some of the world’s largest and most recognized brands, including Nike, Adidas, Ubisoft, Riot Games and PRIME. The agency has built a reputation for its ability to connect with hard-to-reach audiences, delivering authentic visual communication that deeply resonates with these niche markets.

“Joining forces with Hawke Media fills the gap we’ve had in supporting our clients beyond the initial brand launch,” said Jared Strain, founder and creative director of Super Top Secret. “We’ve always excelled in building brands from the ground up, but now we can continue that partnership through ongoing marketing efforts, ensuring our clients see sustained success.”_______________Celebrating its 15th anniversary this week, STS enters a new chapter with its acquisition by Hawke Media. The agency’s team will remain intact ensuring that STS’ core values and commitment to clients remain unchanged.

“We’ve made beautiful things for our clients over the past 15 years, and each one holds a special place in our journey,” said Joey Yorba, managing director, Super Top Secret. “With Hawke, we can now combine our creative work with the strategic execution needed for long-term growth, allowing clients to scale in new ways.”

Scaling to a commendable valuation of over $150 million, Hawke Media has thoughtfully dilated its influence through purposeful acquisitions. The company features an impressive clientele, including globally recognized brands, such as Barstool Sports, Funko, Getty Museum, Red Bull and more.###

About Hawke MediaHawke Media is one of the country’s most rapidly expanding marketing agencies dedicated to delivering bespoke, data-driven and performance-centric solutions to help launch, scale and revitalize businesses. Its success can be attributed to its commitment to creating customized strategies that align perfectly with the unique needs of each client.

Hawke Media firmly believes that every contemporary business necessitates a Chief Marketing Officer (CMO)-caliber professional to spearhead its marketing initiatives. The company has facilitated the growth of over 5,000 brands through individually tailored strategies to suit businesses of all sizes, sectors and revenue models.

With a decade of experience, Hawke Media founded by Erik Huberman, distinguishes itself in the digital landscape. By harnessing the power of its proprietary AI-driven system, HawkeAI, the company effectively solidifies its reputation as both unique and forward-thinking. For more information, visit www.hawkemedia.com.

About Super Top SecretFounded in 2009, Super Top Secret (STS) is a creative agency driven by authenticity and a relentless pursuit of uncovering the “why” behind every brand. Specializing in brand strategy, messaging, web development, UX/UI design and content creation, STS helps brands connect with hard-to-reach audiences through deeply engaging, authentic storytelling. With a focus on the outdoor industry and lifestyle brands, STS has built a reputation for delivering powerful brand experiences for some of the world’s leading names, including Nike, Adidas, Ubisoft and Ghost Energy.

Combining innovative imagination with educated research, STS crafts unique visual identities and creative expressions that resonate across digital, web and experiential platforms. From polished brand messaging to full-scale content creation, including ad copy, video, packaging design and custom websites, STS delivers end-to-end solutions that drive growth and brand loyalty. For more information, visit www.wearetopsecret.com.",,,2024-10-15,CONTROL_MeToo_Protests_2017_2024,single,True,0,"In, The, To"
https://www.latimes.com/entertainment-arts/music/story/2024-10-15/olivia-rodrigo-trap-door-fall-australia,Los Angeles Times,It's brutal out here: Olivia Rodrigo bounces back after falling through an open trap door,"It seems that Olivia Rodrigo took too many steps forward and not enough steps back before she fell through a trap door during a recent concert down under.

The Grammy-winning singer, 21, sparked concern among fans after video of the shocking moment from her final show in Melbourne made the rounds on social media. During her Monday concert, the “deja vu” and “vampire” pop star can be seen hyping up her fans. After riling up one side of the arena, Rodrigo attempts to run to the other side of the stage — but instead drops straight down through the stage.

Some fans cried out. Video taken from another angle seems to show the singer hanging onto the stage before she bounces back up and reassures fans. “Oh, my God. That was fun,” she says.

“I’m OK,” she continues. “Sometimes there’s just a hole in the stage. That’s all right. OK, where was I?”

Despite Rodrigo’s tumble, the singer’s first round of shows in Australia were something to behold, the Rod Laver Arena said on Instagram. “A magical week in Melbourne,” the venue said ahead of Monday’s show. After Melbourne, Rodrigo heads to Sydney for another set of shows, this time at the Qudos Bank Arena.

Rodrigo left Melbourne with a bandaged thumb post-fall, according to 7News Australia. A representative for Rodrigo did not immediately respond to The Times’ request for comment.

The “High School Musical: The Musical: The Series” alumna carries on with her Guts world tour weeks after she made her debut in the Philippines. Rodrigo, whose mom is white and dad is Filipino American, told Billboard earlier this month about her Oct. 5 stop at the Philippine Arena in Bulacan.

“I’m so proud of my Filipino heritage, so being able to bring this experience to the Philippines means the world to me,” she said.

More than just a long-awaited homecoming of some sorts, Rodrigo’s Philippines show was also a fundraiser for the women’s health charity Jhpiego, in partnership with her Fund 4 Good. “It was the most special show and the most meaningful trip. to say I’m grateful doesn’t even cut it,” she wrote on Instagram.

“Mahal kita,” she said. For those hoping to brush up on their Tagalog during Filipino History Month, that means “I love you.”",Alexandra Del Rosario,,2024-10-15,CONTROL_MeToo_Protests_2017_2024,single,True,0,"In, The, To"
https://www.latimes.com/world-nation/story/2024-10-15/albania-has-turned-down-many-requests-from-eu-countries-to-take-in-asylum-seekers-pm-says,Los Angeles Times,"Albania will intake Italy's asylum seekers, as a gesture of gratitude, but not other EU countries, PM says","Albania’s prime minister on Tuesday said his government had turned down many requests from other European Union countries to take in thousands of asylum seekers but made an exception for Italy.

An Italian navy ship was expected to dock at the Albanian port of Shengjin with the first group of 16 migrants who were intercepted in international waters and whose asylum applications will be processed in two centers in Albania instead of in Italy, under a five-year agreement between the two countries.

Prime Minister Edi Rama, speaking in Luxembourg at an EU conference, repeated that no other country will be able to operate asylum centers in Albania.

He said Albania felt an expression of gratitude for the tens of thousands of Albanians who were welcomed by Italy when communism fell in 1991, or support extended by Rome during the economic turmoil in 1997 and in the aftermath of the 2019 earthquake.

The Italian naval ship Libra left the port of Lampedusa in southern Italy on Monday with 16 men — 10 from Bangladesh and six from Egypt — who were rescued at sea after departing from Libya, according to the Italian government.

The number of migrants reaching Italy along the central Mediterranean route from North Africa has fallen by 61% in 2024 from 2023. According to the Italian Interior Ministry, as of Tuesday, 54,129 migrants have arrived in Italy by sea this year, compared to 138,947 in the same period last year.

Under a five-year deal signed last November by Italian Premier Giorgia Meloni and Rama, up to 3,000 migrants picked up by the Italian coast guard in international waters each month will be sheltered in Albania. They will be screened initially on board the ships that rescue them before being sent to Albania for further screening.

The first center in Shengjin, 40 miles northwest of the capital, Tirana, will be used for screening newcomers and the other facility, about 14 miles to the east near the former military airport in Gjader, will accommodate migrants during the processing of their asylum requests.

Italy has agreed to welcome those who are granted asylum. Those whose applications are rejected face deportation directly from Albania.

The controversial agreement to outsource the housing of asylum seekers to a non-EU member country has been hailed by some countries that, like Italy, are suffering a heavy burden of refugees.

The agreement was endorsed by European Commission President Ursula von der Leyen as an example of “out-of-box thinking” in tackling migration into the EU, but has been slammed by human rights groups.

“This dangerous model is not a sustainable solution, and must never become a blueprint for the EU’s approach to asylum and migration,” the International Rescue Committee said in a statement.

Susanna Zanfrini of the group’s office in Italy said the asylum centers are “costly, cruel and counterproductive, and have no place in a humane and sustainable asylum system.”

Meloni and her right-wing allies have long demanded that European countries share more of the migration burden. She has held up the Albania agreement as an innovative solution to a problem that has vexed the EU for years.

Semini writes for the Associated Press. AP writer Patricia Thomas in Rome contributed to this report.",Llazar Semini,,2024-10-15,CONTROL_MeToo_Protests_2017_2024,single,True,0,"In, The, To"
https://www.latimes.com/world-nation/story/2024-10-15/hereditary-nobles-have-sat-in-britains-parliament-for-centuries-their-time-may-be-up,Los Angeles Times,Hereditary nobles have sat in Britain's Parliament for centuries. Their time may be up,"Like his ancestors for centuries, the Earl of Devon serves in Parliament, helping to make the laws of the land. But not for much longer.

British lawmakers will vote Tuesday on a bill to strip hereditary aristocrats of the right to sit and vote in House of Lords after more than 700 years. The Labor Party government says the decision will complete a long-stalled reform of Parliament’s upper chamber and remove an “outdated and indefensible” relic of the past.

“In the 21st century, there should not be places in our Parliament, making our laws, reserved for those who are born into certain families,” Constitution Minister Nick Thomas-Symonds said Tuesday as he opened debate on the bill in the House of Commons.

He noted that Britain is one of only two countries — the other is Lesotho — with a hereditary element to its parliament.

But Lord Devon thinks it’s risky to tinker with the U.K.’s unwritten constitution, which “has survived an awful lot of slings and arrows of misfortune over a thousand years.”

“The fact that I am doing a job that was granted by the Empress Matilda to my forebear in 1142, and is still ongoing and is still functioning, is a remarkable example of consistency and continuity,” said the earl, a 49-year-old lawyer whose given name is Charles Peregrine Courtenay.

Britain’s Parliament has two chambers: the House of Commons, whose members are directly elected by voters in 650 constituencies across the U.K.; and the unelected Lords. For centuries it was made up of noblemen — women were not allowed until 1963 — whose voting rights were passed down to their children along with their titles. In the 1950s these were joined by “life peers” — retired politicians, civic leaders and other notables appointed by the government.

In 1999 the Labor government of then-Prime Minister Tony Blair evicted most of the more than 750 hereditary peers from the Lords, though to avoid an aristocrats’ rebellion, 92 were allowed to remain temporarily.

A quarter-century on, 88 hereditaries are still there, an all-male group with an average age of almost 70. When one dies or retires, their fellow bluebloods hold elections to replace them. Courtenay joined the House of Lords in 2018 after winning an election in which there were 19 candidates and 31 eligible voters.

Peers who sit in the ornate, gilded Lords chamber do not get a salary but can claim 361 pounds ($472) a day in expenses and can enjoy Parliament’s subsidized bars, tea rooms and restaurants. It’s a job for life, unless members choose to retire or — in a recent change — are expelled for non-attendance.

The appointment of peers by successive governments means the Lords is overstuffed, with about 800 members — the second-largest legislative chamber in the world after China’s National People’s Congress.

The opposition Scottish National Party has filed a motion to abolish the House of Lords altogether, though that stands little chance of passing. Labor remains committed eventually to replacing the Lords with “an alternative second chamber that is more representative of the U.K.”

While more Lords support the Conservatives than any other party — others, like Courtenay, are nonaligned — some on the left of British politics have come to value the upper house for its role in helping to moderate controversial plans by the previous Conservative government over Brexit and immigration.

Labor’s large House of Commons majority means lawmakers will almost certainly vote Tuesday to send the bill on for further scrutiny, despite Conservative misgivings.

“The checks and balances of the Lords — its tried and tested conventions — work,” said Conservative lawmaker Oliver Dowden, a former deputy prime minister. “We should only fix what is broken and be cautious about rushing into change.”

To become law, the bill also has to get through the House of Lords, which has the power to delay and amend legislation approved by the Commons, but ultimately can’t block it. It is likely to become law in the coming year.

Courtenay, who owns Powderham Castle and its 3,500-acre estate in the southwest England county of Devon, is sanguine about becoming the last in his storied family to sit in Parliament.

“We were responsible for crowning Henry VII. We fought alongside the Black Prince at the Battle of Crécy, and we financed the Agincourt campaign in 1415. And we were first cousins of Henry VIII until he chopped our head off,” he said. “So we’ve been somewhat involved in the workings of government over a long, long time.

“And outside of those moments in the spotlight, there’s been an awful lot of plodding along, trying to support Devon and help the community … a long and satisfying service, which will continue.”

Lawless writes for the Associated Press.",Jill Lawless,,2024-10-15,CONTROL_MeToo_Protests_2017_2024,single,True,0,"In, The, To"
https://www.latimes.com/california/story/2024-10-15/photojournalist-mt-baldy-identified,Los Angeles Times,Renowned photojournalist allegedly killed by his son near Mt. Baldy,"A man who authorities say was killed by his son near Mt. Baldy over the weekend has been identified as a renowned photojournalist, according to posts on social media.

“It is with deep sorrow that we share the news of the passing of our dear friend and colleague Paul Lowe, whose brilliant life was cut short in Los Angeles, California on Saturday,” according to a social media post from VII Photo Agency, an international photo agency. “Paul was a courageous and beloved comrade, and a deeply devoted father and husband. The loss is shocking and overwhelming, and our hearts go out to his wife and family.”

Los Angeles County sheriff’s deputies responded around 3:30 p.m. Saturday to an assault on Mt. Baldy Road in the San Gabriel Mountains, according to a Sheriff’s Department news release.

Deputies found a man with trauma to his chest; he was pronounced dead at the scene, officials said.

About a mile away from the crime scene, a man later identified as Emir Abadzic-Lowe had crashed his car while driving away; he was detained by deputies in connection with the homicide investigation, according to authorities. Abadzic-Lowe was identified as the 19-year-old son of the victim.

Abadzic-Lowe was arrested on suspicion of killing his father based on “evidence at the scene” and statements from the son and other witnesses, authorities said.

Lara Jo Regan, a fellow photojournalist and Lowe’s colleague, told KTLA that Lowe was in Southern California to take care of family matters. They were supposed to meet up but Regan never heard from him.

“I went on Facebook, and I was going to DM him to see what was up,” she said. “Then, the first thing that came up was news of his passing posted on his agency’s website in New York. I was beyond shocked. I’m still kind of shocked.”",Summer Lin,,2024-10-15,CONTROL_MeToo_Protests_2017_2024,single,True,0,"In, The, To"
https://www.latimes.com/entertainment-arts/story/2024-10-15/diane-von-furstenberg-skirball-cultural-center-exhibition,Los Angeles Times,It's far from a wrap for Diane von Furstenberg: Skirball exhibition captures a 'badass' at 77,"Diane von Fursternberg stands next to a timeline of her accomplishments on a bright pink wall at the Skirball Cultural Center in L.A. “When you get old, you get lots of awards,” she says, brushing off her inclusion as one of Time’s 100 most influential people in 2015 and receiving France’s highest distinction, the Chevalier de la Légion D’Honneur in Paris 2020.

It’s the fashion designer’s first time touring an exhibition about her life and work, titled “Diane von Furstenberg: Woman Before Fashion,” opening at the Skirball on Thursday. Curated by Nicolas Lor, the head of exhibitions and publications at the Brussels Fashion & Lace Museum (where it originated), the show pays homage to, among other things, Von Furstenberg’s signature creation, the knitted jersey wrap dress. Introduced to the public in 1974, the design became synonymous with women’s liberation and launched a young Von Furstenberg’s career.

By 1976, she had sold a million of the dresses and appeared on the cover of Newsweek. Young, fierce and beautiful, Von Furstenberg became the face of her own brand, and by the late 1970s, it was hard to turn around without spotting someone in a wrap dress. At the end of that decade, her company’s annual retail sales were more than $150 million (or about $617 million in inflation-adjusted dollars).

Now 77, Von Furstenberg says she has entered the winter of her life and is focused on what she calls “operation legacy,” but she doesn’t act like a person who is winding down. Dressed in a stunning wash of brightly colored patterns with a thick string of peals, large hoop earrings and white fishnet stockings, Von Furstenberg radiates an effortless glamour. When she sits anywhere — on a couch or the ledge of a wooden stand for her dresses — she crosses her long legs with practiced perfection. The effect is of a woman always ready for a camera to snap, which makes sense since Von Furstenberg has lived her life in the spotlight.

Attention arrived early, when at 22 she married Egon von Fürstenberg, a Swiss-born prince of German descent whom she met at boarding school. Within 18 months of their marriage, Von Furstenberg had two children. It was around this time that she became determined to become an independent woman, a “badass,” she says. She didn’t know exactly what she wanted to do with her life, but after a friend’s father showed her around a fabric printing factory near Como, Italy, she began making “little T-shirt dresses.” The way she tells it, these designs came easily to her, eventually leading to T-shirt dresses with pants underneath, then tops with wrap skirts and finally to the wrap dress itself.

“I call myself a designer,” says Von Furstenberg, who switches effortlessly between French, Spanish and English depending on with whom in her entourage she is speaking. “But I’m definitely a manifester.”

Von Furstenberg’s life does indeed seem to be guided by an invisible thread of destiny. Take, for example, the first time she met the legendary Vogue editor Diana Vreeland in the late 1960s. Von Furstenberg’s husband (who, being a prince, “knew everybody”) helped to arrange the meeting, and Von Furstenberg arrived with a big suitcase full of designs, which she put on hangers on a large rack. She recalls the office as being “super glamorous, with colors and jewelry and scented candles,” and then “all of a sudden this dragon lady comes in, hair black, black, black, and red lipstick and red nails and a big cigarette holder.”

The first thing Vreeland did, Von Furstenberg says, was push her chin up.

“Chin up!” she commanded, before bringing in two skinny models about Von Furstenberg’s age to try the clothes.

“Wonderful, wonderful, wonderful,” Vreeland said.

“Before I knew it, I was out the door with my suitcase,” says Von Furstenberg, and Vreeland’s assistant was telling her that she thought Vreeland liked the work and would do something with it. She told Von Furstenberg that it was almost Market Week, when the buyers come to town, and she should get a room at the Gotham Hotel, because that’s where all the California people stayed. She also told Von Furstenberg to list herself in the fashion calendar and take out a small ad in Women’s Wear Daily. Von Fustenberg did just as she was told.

She also called a photographer friend who took the now famous picture of her sitting on a white cube in a dress with a chain-link pattern. “Feel like a woman, wear a dress” was written on the cube. Von Furstenberg says she wrote the words on a print of the photograph on a whim because she thought the box looked too bare.

The words are as famous as her, although she now muses, “Today I’m not even sure that it’s politically correct to say that.”

“Why?” asks Lor, sitting nearby. He loves this early story about Von Furstenberg and is fascinated with the way she blends the professional with the personal and vice versa — and how she managed to create a dress in the 1970s that is still relevant today.

“Because, ‘feel like a woman, wear a dress,’ I’m sure that there’s plenty of reason for it not to be correct,” she says with a smile.

But she loves wearing dresses — even today. And the wrap dress continues to fascinate new generations of women.

“It’s always the young who rediscover it,” says Von Furstenberg.

Von Furstenberg grew up in awe of women like Gloria Steinem and Angela Davis and has long been an advocate for women’s causes. Her DVF Awards, now in their 15th year, were established with her husband, media mogul Barry Diller, in support of women committed to women’s causes globally, often in the face of great adversity.

This strength and dedication comes from her mother, a Holocaust survivor who was captured as part of the Resistance in World War II. She was imprisoned in Auschwitz and later at Ravensbrück in Germany. She gave birth to Von Furstenberg 18 months after being liberated, and Von Furstenberg says she taught her to be fearless, and also to never be a victim.

When you have a strong mother, she says, you might try to push her away, “but then you end up being completely like her.”

Von Furstenberg’s advice to young women getting started is as simple as she makes everything else in her complicated life sound:

“You own your imperfections. They become your assets. You own your vulnerability, you turn it into strength.”",Jessica Gelt,,2024-10-15,CONTROL_MeToo_Protests_2017_2024,single,True,0,"In, The, To"
