url,publisher,title,body,authors,topics,publishing_date,event_label,event_type,is_control,topic_id,topic_label
https://www.tagesschau.de/ausland/amerika/usa-wahlen-georgia-rekord-100.html,Tagesschau,Vorzeitige Stimmabgabe zur US-Wahl in Georgia mit Rekordbeteiligung,"In mehreren US-Bundesstaaten dürfen Wähler bereits für die Präsidentschaftswahl abstimmen, mehr als fünf Millionen Menschen haben dies bereits getan. In Georgia zeichnet sich eine Rekordbeteiligung ab.

Im besonders umkämpften US-Bundesstaat Georgia hat am Dienstag die vorzeitige Stimmabgabe für die Präsidentschaftswahl am 5. November begonnen - und sogleich eine Rekordbeteiligung verzeichnet.

Nach der Öffnung der Wahllokale am Morgen wurden bereits bis 16.00 Uhr (Ortszeit, 22.00 Uhr MESZ) 251.899 Stimmen abgegeben, wie einer der Verantwortlichen, Gabriel Sterling, mitteilte. Dies sei eine Rekordzahl für den ersten Tag - und fast doppelt so viel, wie bei der US-Wahl im Jahr 2020. Damals wurden am ersten Tag in Georgia 136.000 Stimmen abgegeben.

Mehr als fünf Millionen Stimmen bereits abgegeben

Auch in anderen US-Bundesstaaten hat die vorzeitige Stimmabgabe begonnen - etwa per Briefwahl oder durch persönliches Erscheinen in bereits geöffneten Wahllokalen. Nach einer Zählung der Universität Florida haben bereits mehr als fünf Millionen US-Wähler von dieser Möglichkeit Gebrauch gemacht.

Die Umfragen sehen ein extrem knappes Ergebnis der Präsidentschaftswahl voraus, bei der die demokratische Vizepräsidentin Kamala Harris und der republikanische Ex-Präsident Donald Trump gegeneinander antreten. Zugleich wird in der Wahl eine Richtungsentscheidung für die Zukunft der US-Demokratie gesehen.

Das US-Wahlsystem sieht vor, dass der Präsident oder die Präsidentin indirekt von 538 Wahlleuten gewählt wird, die von den einzelnen Bundesstaaten in ein Wahlkollegium entsandt werden. Wer mindestens 270 dieser Wahlleute auf sich vereint, hat die Wahl gewonnen.

Aufgrund dieser Besonderheit wird die Präsidentschaftswahl voraussichtlich in nur einigen wenigen Bundesstaaten entschieden, in denen der Wahlausgang besonders knapp ist. Zu den sieben besonders umkämpften Bundesstaaten - den sogenannten Swing States - zählt Georgia mit seinen 16 Wahlleuten.

Streit um Regeln bei Stimmauszählung

Trump hatte bei der Wahl 2020 in Georgia knapp gegen den aktuellen Amtsinhaber Joe Biden verloren. Der Republikaner behauptete danach, die Wahlergebnisse seien gefälscht worden. Wegen des Versuchs, das Wahlergebnis zu kippen, wurde Trump in Georgia und auch auf Bundesebene angeklagt. In Georgia wird derzeit noch um die Regeln der Stimmauszählung gestritten.

Zum einen wird die von der pro-republikanischen Wahlkommission beschlossene Regelung angefochten, dass die Stimmzettel nicht nur von den Maschinen, sondern danach auch von Hand ausgezählt werden müssen. Auch ist noch nicht geklärt, ob Wahlleiter in einzelnen Bezirken bei Bedenken gegen das Auszählungsergebnis die Kompetenz haben, dieses anzufechten oder nicht.",,"USA, Wahlen, US-Wahl, Georgia",2024-10-15,CONTROL_MeToo_Protests_2017_2024,single,True,1,"De, En, La"
https://www.tagesschau.de/ausland/amerika/usa-wahlkampf-performance-100.html,Tagesschau,Aktionskunst zur US-Wahl: Postkarten an den nächsten US-Präsidenten ,"""Write a postcard to the next president"" steht auf einem Schild hinter Sheryl Oring. Und der Andrang ist groß: Mit ihrer Performance entlockt die Aktionskünstlerin Passanten spannende Details zum politischen Klima in den USA.

Sheryl Oring sitzt im knallroten Kleid mit streng hochgesteckten Haaren in der Fußgängerzone von Alexandria im Bundesstaat Virginia. Ein Rennradfahrer, der gerade Pause macht, hat sich zu ihr an den Tisch gesetzt, den Fahrradhelm noch auf dem Kopf. Und schon geht es los, mit seiner Postkarte an den nächsten Präsidenten - oder wie er hofft: an die erste Präsidentin. ""Dear Madam President…"" diktiert er seine Anrede.

Allein schon das Klappern einer alten Schreibmaschine macht viele Passanten neugierig. Die Studentin Arusa hat so ein Ding, wie sie sagt, noch nie gesehen. ""Ich bin 21 und kann zum ersten Mal wählen"", so Arusa. ""Ich will mich bei Kamala Harris bedanken, dass sie so viele junge Frauen wie mich inspiriert.""

Viele Wünsche an die Politik

Nicholas, 35, hat viele Freunde, die drogenabhängig sind. Sein Postkarten-Wunsch lautet: ""…zu helfen, um Armut und Drogensucht zu bekämpfen.""

Peggy, 69, ist begeistert von dieser Performance und liest ihre Postkarte gleich vor: ""Verehrter Präsident, hören Sie auf unsere Stimmen, respektieren Sie unsere Stimmen - und bitte sagen Sie uns die Wahrheit."" Dies sei eine Botschaft an denjenigen, wer auch immer gewählt werde, meint sie - und ergänzt lächelnd: aber vielleicht dringender, falls Herr Trump gewinnt. Schickt sie die Postkarte denn tatsächlich ab? ""Zum Teufel, ja!"", lacht Peggy.

Jeder, der mitmacht, erhält seine Postkarte ans Weiße Haus am Ende samt Adresse und Briefmarke fertig zum Abschicken. Es bleibt allen selbst überlassen, ob sie es wirklich tun. Einen Durchschlag jeder Karte, mit Kohlepapier in der Schreibmaschine mitgetippt, behält die Künstlerin für ihr Archiv.

Neutralität als oberstes Gebot

Sheryl Oring will die Aktion bis 100 Tage nach Amtseinführung von Trump oder Harris am 20. Januar fortsetzen, bis Ende April kreuz und quer durchs Land reisen. Wichtig ist ihr dabei, sich selbst neutral zu verhalten: ""Ich habe Botschaften von Trump-Unterstützern und von Harris-Unterstützern geschrieben - da bin ich völlig offen"", sagt sie. Der Kern der Aktion sei, die Leute zum Nachdenken zu bringen, was für sie persönlich wichtig ist.

""Wenn ich ihnen dann förmlich ansehe, wie es im Kopf arbeitet, ihre Gedanken kreisen - diesen Moment liebe ich"", sagt Oring. Neulich hatte sie in Chicago eine College-Absolventin, die am Ende den Tränen nahe sagte, sie habe bisher noch nie das Gefühl gehabt, dass ihr wirklich jemand zuhört. ""Das ist es, was das Projekt für mich ausmacht"", betont die Künstlerin. ""Menschen eine Stimme geben, die sich sonst nicht gehört fühlen.""

Störfaktor Smartphone

Das erste Mal hat Oring die Performance mit dem Titel ""I wish to say"" vor 20 Jahren gemacht, im Jahr der Wiederwahl von George W. Bush. Der größte Unterschied zu damals? Das Handy. ""Es ist schon viel schwieriger heutzutage, für eine Pop up-Show dieser Art Beteiligte zu finden, weil so viele Leute, die vorbeigehen, nur mit ihrem Smartphone beschäftigt sind."" Meist übernimmt ein Assistent oder eine Assistentin die Rolle, Passanten anzusprechen.

Auf der anderen Seite zieht das Sekretärinnen-Outfit aus den 1960 Jahren gerade junge Leute an: ""Sie fragen sich, wer ist diese verrückte Frau mit diesem komischen Schreibgerät"", sagt Oring. ""Und schon fangen sie an, sich zu öffnen.""

Ein enges Rennen

Die Performance ist auch ein Stück Erinnerung an ihre Großmutter, die selbst Sekretärin war und ""alle möglichen bunten, schicken Kleider im Schrank hatte"", die ihr schon als Kind gefallen haben.

Oring spricht auch deutsch, sie hat länger in Berlin gelebt und 2005 in fünf deutschen Städten für die Aktion ""Wenn ich Kanzler wäre…"" Botschaften getippt. Sie überlegt, es im nächsten Jahr vor der Bundestagswahl wieder zu tun.

Aber erstmal geht es um die USA. Und wer gewinnt die Wahl am 5. November? Was glaubt sie? ""Wenn ich jetzt schätzen muss, dann würde ich sagen Kamala Harris. Aber das wissen wir nicht. Es ist ziemlich eng.""",Ralf Borchard Washington,"USA, US-Wahl",2024-10-16,CONTROL_MeToo_Protests_2017_2024,single,True,1,"De, En, La"
https://www.tagesschau.de/newsticker/liveblog-nahost-mittwoch-190.html,Tagesschau,Nahost-Liveblog: ++ Weltbank beziffert Milliardenschäden in Gaza ++,"Die Weltbank hat die Kriegsschäden durch die israelischen Angriffe auf den Gazastreifen auf 14 bis 20 Milliarden Dollar beziffert. Israel setzt sich mit einem kritischen Schrieben der US-Regierung auseinander. Alle Entwicklungen im Liveblog.

Israel hat seine Luftangriffe im Süden des Libanons und auf die Bekaa-Ebene intensiviert. Die staatliche libanesische Nachrichtenagentur berichtete, bei einem Luftangriff auf den Ort Kana in der Provinz Tyrus sei am Dienstag mindestens ein Mensch ums Leben gekommen. Mindestens 30 weitere seien verletzt worden. Es wurde vermutet, dass sich noch viele Menschen unter Trümmern befanden.

In derselben Provinz gab es dem Bericht zufolge unter anderem auch Angriffe auf die Dörfer Al-Kasimija, Ain Baal, Aita al-Dschabal, Madschalson und Al-Mansuri. Das libanesische Gesundheitsministerium teilte mit, bei einem israelischen Luftangriff auf den Ort Rijak in der Bekaa-Ebene seien fünf Menschen getötet worden, darunter drei Kinder. 16 weitere Menschen seien verletzt worden.

Die israelische Armee hat rund 50 Geschosse gemeldet, die in der Nacht auf Mittwoch aus dem Libanon auf Nordisrael abgeschossen worden seien. ""Einige Geschosse wurden abgefangen und heruntergefallene Geschosse wurden in der Gegend identifiziert"", erklärte das Militär. Opfer meldete die Armee nicht. Die Hisbollah-Miliz im Libanon erklärte ihrerseits, sie habe ""eine große Raketensalve"" auf die nordisraelische Stadt Safed abgefeuert.

Ein Brief hochrangiger US-Beamter, in dem sie Israel aufforderten, die humanitäre Lage im Gazastreifen zu verbessern, werde von Israel geprüft, sagte ein israelischer Beamter in Washington der Nachrichtenagentur Reuters. ""Israel nimmt diese Angelegenheit ernst und beabsichtigt, die in diesem Brief geäußerten Bedenken mit unseren amerikanischen Kollegen zu besprechen"", sagte er demzufolge.

Die Vereinigten Staaten hätten Israel mitgeteilt, dass sie im nächsten Monat Maßnahmen ergreifen müssen, um die humanitäre Lage in Gaza zu verbessern, andernfalls drohten mögliche Beschränkungen der US-Militärhilfe, heißt es in dem Brief.

Der israelische Oppositionsführer Jair Lapid spricht sich dafür aus, bei dem geplanten Vergeltungsschlag gegen den Iran die Ölfelder des Landes ins Visier zu nehmen. ""Wir sollten mit den Ölfeldern beginnen"", sagte er der Jerusalem Post. Das würde der Wirtschaft der Islamischen Republik schaden, begründete er seine Forderung.

Am Dienstag war bekannt geworden, dass sich Israel bei einem Schlag gegen den Iran auf militärische Einrichtungen konzentrieren und Atom- und Ölanlagen verschonen will. Vor zwei Wochen hatten Irans Revolutionsgarden rund 200 ballistische Raketen auf den jüdischen Staat gefeuert. Israel kündigte daraufhin Vergeltung an.

Der Präsident der Weltbank, Ajay Banga, hat die Kriegsschäden durch die israelischen Angriffe auf den Gazastreifen auf 14 bis 20 Milliarden Dollar beziffert. Die Zerstörungen durch Israels Bombardierung des Südlibanon dürften diese regionale Summe noch erhöhen, sagte Banga auf einer Veranstaltung in Washington. Der Krieg habe bisher nur relativ geringe Auswirkungen auf die Weltwirtschaft gehabt, aber eine erhebliche Ausweitung des Konflikts würde andere Länder, die einen größeren Beitrag zum globalen Wachstum leisten, einschließlich Rohstoffexporteure, mit hineinziehen.

Im Libanon stehen laut UN-Flüchtlingshilfswerk etwa ein Viertel des Landes unter israelischem Evakuierungsaufruf. Bei einem Anschlag in Israel wurde nach Behördenangaben ein Polizist getötet. Der Liveblog vom Dienstag zum Nachlesen.",,"Israel, Nahost, Liveblog",2024-10-16,CONTROL_MeToo_Protests_2017_2024,single,True,0,"In, The, To"
https://www.tagesschau.de/ausland/europa/polen-asylrecht-tusk-102.html,Tagesschau,Regierungsstreit über Aussetzung des Asylrechts in Polen,"Polens Ministerpräsident Tusk hat die vorübergehende Aussetzung des Asylrechts angekündigt. Allerdings regt sich in seiner Regierungskoalition Widerstand gegen das Vorhaben.

Die polnische Regierung hat eine neue ""Migrationsstrategie"" gebilligt. Sie heiße ""Kontrolle zurückgewinnen. Sicherheit gewährleisten"", schrieb Ministerpräsident Donald Tusk am Abend nach einer Kabinettssitzung auf der Online-Plattform X.

""Das Gesetz besagt: Wenn jemand illegal die polnische Grenze überquert, der von belarusischen Diensten dorthin gebracht wurde, wenn es sich um ein Element der hybriden Kriegsführung handelt, dann ist der polnische Grenzschutz nicht verpflichtet, Asylanträge dieser Personen anzunehmen"", so Tusk.

Linke Minister wollen gegen Vorhaben stimmen

Der linke Vizeregierungschef Krzysztof Gawkowski gab allerdings bekannt, dass alle Minister seiner Partei gegen die Aussetzung des Asylrechts gestimmt hätten. Damit ist offen, ob für die geplante Änderung der Migrationspolitik im Parlament eine Mehrheit zustande kommt.

Gawkowski sagte im TV-Sender Polsat News: ""Sicherheit ja, aber auch Menschlichkeit."" Man werde nicht dazu beitragen, das Gesetz zu brechen. Tusk erklärte, die Entscheidung sei schwierig gewesen, aber ""dringend notwendig"".

Die liberale Partei Polen 2050 setzte nach eigenen Angaben durch, ""dass die vorübergehende Aussetzung der Bearbeitung von Asylanträgen in einer Situation ernsthafter Bedrohung nur unter parlamentarischer Kontrolle erfolgt"". Es gehe um Sicherheit für Kinder, schwangere Frauen und andere schutzbedürftige Personen, schrieb Regionalministerin Katarzyna Pelczynska-Nalecz auf X.

Russland nutzt Migration zur Destabilisierung

Polen und die EU beschuldigen den russischen Präsidenten Wladimir Putin und seinen Verbündeten, den belarusischen Machthaber Alexander Lukaschenko, in organisierter Form Migranten aus Krisenregionen an die EU-Außengrenze zu bringen, um Druck auf den Westen auszuüben. Das Asylrecht werde in ""diesem Krieg instrumentalisiert"" und habe nichts mit Menschenrechten zu tun, hatte Tusk dazu erklärt.

Trotz des Baus eines mehr als fünf Meter hohen Zauns und eines elektronischen Überwachungssystems versuchen Migranten täglich, irregulär die Grenze zu überqueren. Seit Beginn des Jahres hat der Grenzschutz knapp 28.000 solcher Versuche registriert.

Tusk hatte bei seinem Vorstoß auf Finnland verwiesen, das seine Grenze zu Russland für Migranten geschlossen habe. Das Parlament in Helsinki hatte im Juli ein Gesetz angenommen, wonach Sicherheitskräfte an der Grenze zum östlichen Nachbarland alle Asylsuchenden zurückweisen sollen. Dieses gilt vorerst für ein Jahr.",,"Polen, Asylrecht, Tusk",2024-10-15,CONTROL_MeToo_Protests_2017_2024,single,True,1,"De, En, La"
https://www.tagesschau.de/ausland/europa/eu-asylverfahren-ausland-100.html,Tagesschau,Von der Leyen offen für Melonis Asylmodell,"Vor dem EU-Gipfel wird die Debatte über die Asylpolitik in der Europäischen Union noch einmal intensiver. Nun hat Kommissionspräsidentin von der Leyen an die EU-Staaten geschrieben und sich offen für ein italienisches Modell gezeigt.

Am morgigen Mittwoch kommt es zu einer Premiere: Die ersten Migranten, die eigentlich nach Italien wollten, werden in einem Aufnahmelager in Albanien erwartet. Im Adria-Hafen Shengjin sei alles bereit, wie Hafendirektor Sander Marashi internationalen Reportern erzählt: ""Alles hier ist gut organisiert, das Ankunftszentrum ist bereit.""

Die erwarteten 16 Männer aus Ägypten und Bangladesch wurden von der italienischen Küstenwache auf offener See aufgenommen. In Albanien sollen sie nun auf die Antwort auf ihren Asylantrag warten. Ist der negativ, werden die Männer direkt abgeschoben.

Die Idee, Asylverfahren in sogenannten Drittstaaten durchzuführen, wird in der EU offenbar immer populärer - in Albanien geht sie erstmals in den Praxistest.

Ein Signal von der Leyens

Vor dem EU-Gipfel am Donnerstag in Brüssel hat nun auch Kommissionschefin Ursula von der Leyen in einem Brief an die 27 Mitgliedstaaten erstmals ihre Bereitschaft signalisiert, Asylverfahren ins Ausland zu verlagern. ""Wir sollten auch weiterhin nach Möglichkeiten suchen, was die Idee der Entwicklung von Rückführungszentren außerhalb der EU betrifft"", schreibt die Kommissionspräsidentin. ""Mit der Inbetriebnahme des Italien-Albanien-Protokolls werden wir auch in der Lage sein, Lehren aus diesen Erfahrungen in der Praxis zu ziehen.""

Eine solche Auslagerung könnte also ein Baustein für das große Ziel sein, die Zahl der Asylanträge in der EU von aktuell weit mehr als einer Million pro Jahr deutlich einzudämmen.

Ein konkreter Vorschlag in ihrem Brief lautet: ""Sichere Drittstaaten"" sollten künftig auf EU-Ebene benannt werden, um Meinungsverschiedenheiten zwischen den Mitgliedstaaten zu vermeiden. Bislang entscheiden die EU-Staaten darüber weitgehend alleine.

Wie zu mehr Abschiebung kommen?

Die 27 EU-Länder sind vor allem in einem Punkt recht einhelliger Meinung: Europas Abschieberate soll erhöht werden. Derzeit liegt sie bei europaweit gut 18 Prozent. Das heißt: Nur rund jeder fünfte Ausreisepflichtige verlässt auch wirklich europäischen Boden.

Abschiebehaft, Sanktionen, Leistungskürzungen und Schluss mit ""Bett, Bad und Brot""-Regelungen - viele EU-Staaten überbieten sich deshalb derzeit mit Vorschlägen, wie die Rückführungsquote erhöht werden soll.

Beispielhaft ist eine Äußerung von Österreichs Innenminister Gerhard Karner von der vergangenen Woche: ""Wir alle müssen da noch kompromissloser werden. Wir haben jetzt alle Vorschläge auf dem Tisch, um die Abschiebehaft zu erleichtern und die Sozialleistungen deutlich früher zu streichen.""

17 EU-Staaten wollen Kriterien

In der vergangenen Woche hatten 17 EU-Staaten - darunter auch Deutschland - die EU-Kommission in einem Brief unter anderem aufgefordert, eine Liste mit eindeutigen Gründen zu erstellen, die EU-weit eine Abschiebehaft ermöglichen würden.

Darauf scheint von der Leyen zu reagieren. Sie kündigt einen Gesetzesentwurf an, der ""klare Kooperationsverpflichtungen für rückzuführende Personen"" enthält, um den ""Prozess zu straffen"", damit ""Migranten, gegen die in einem Land eine Rückführungsentscheidung ergangen ist, keine Lücken im System ""ausnutzen können, um eine Rückführung in einem anderen Land zu vermeiden"".

Dazu gehört laut der EU-Kommissionschefin auch die Inhaftierung und Ausweisung von Personen, die als Bedrohung für die öffentliche Ordnung und Sicherheit angesehen werden. Zweitens will sie die Visa- und Handelspolitik als Hebel nutzen, um Nicht-EU-Länder davon zu überzeugen, ihre Bürger zurückzunehmen, nachdem ihre Asylanträge abgelehnt wurden.

Eine Reaktion auch auf Tusk

Indirekt ist der Brief der EU-Kommissionschefin nun auch eine Replik auf die Pläne Polens. Regierungschef Donald Tusk hatte angekündigt, in seinem Land das Asylrecht teilweise aussetzen zu wollen.

Die Begeisterung in Brüssel hält sich einerseits in Grenzen. Die zuständige Kommissionssprecherin erinnert an die Ausgangslage: ""Die Mitgliedstaaten haben internationale und auch EU-interne Verpflichtungen, darunter auch die Verpflichtung, Zugang zum Asylverfahren zu gewähren.""

Aber in einem Punkt springt EU-Kommissionschefin von der Leyen dem polnischen Regierungschef in ihrem Brief bei: Die EU müsse sich noch stärker gegen ""hybride Angriffe"" aus Russland und Belarus wehren, die gezielt Migranten über die polnischen Grenze schleusen, um die EU zu destabilisieren. Es sei nicht Russlands Präsident Wladimir Putin, der darüber entscheidet, wer in die EU kommt.",Kathrin Schmid Brüssel,"EU, Asylverfahren, Italien, Albanien, Von der Leyen",2024-10-15,CONTROL_MeToo_Protests_2017_2024,single,True,1,"De, En, La"
https://www.tagesschau.de/ausland/nahost-usa-gaza-israel-libanon-100.html,Tagesschau,USA warnen Israel wegen humanitärer Lage in Gaza,"Die US-Regierung ist besorgt wegen der immer schlechter werdenden humanitären Lage im Gazastreifen. Zwei Minister sollen Israel nach Medienberichten ein Ultimatum gestellt haben. Sollte nichts geschehen, könnten Militärhilfen wegfallen.

Die US-Regierung hat Israel laut Medienberichten aufgefordert, die humanitäre Lage im Gazastreifen innerhalb von 30 Tagen spürbar zu verbessern. Andernfalls drohe ein Verstoß gegen US-Gesetze zur militärischen Unterstützung - was möglicherweise auch die amerikanische Militärhilfe für Israel gefährden könnte.

Wie unter anderem der Sender CNN und die ""Washington Post"" unter Berufung auf amerikanische und israelische Beamte berichten, wurde das am Sonntag versandte Schreiben gemeinsam von US-Außenminister Antony Blinken und Verteidigungsminister Lloyd Austin verfasst. Es richtet sich an den israelischen Verteidigungsminister Yoav Galant sowie den Minister für strategische Angelegenheiten, Ron Dermer.

In dem Brief äußern Blinken und Austin demnach ""tiefe Besorgnis"" über die Lage in Gaza. Sie fordern ""dringende und nachhaltige Maßnahmen"" seitens der israelischen Regierung, um die Situation zu verbessern. Die Zivilbevölkerung müsse Zugang zu Lebensmitteln und anderen lebensnotwendigen Gütern haben, heißt es demnach weiter. Die israelische Regierung trage die Schuld an der Verschlechterung der Bedingungen in Gaza. Laut dem Schreiben sei die Menge der Hilfslieferungen seit dem Frühjahr um mehr als 50 Prozent zurückgegangen, mit dem niedrigsten Stand im September seit Jahresbeginn.

Das US-Außenministerium bestätigte inzwischen, dass sich Blinken und Austin in einem Brief an Israel gewandt haben. ""Es sei notwendig, dass die israelische Regierung weitere Maßnahmen ergreife"", sagte ein Sprecher.

USA liefert Teile für Raketenabwehrsystem

Gleichzeitig verstärken die USA ihre militärische Unterstützung. Das Verteidigungsministerium teilte mit, dass erste Komponenten des Raketenabwehrsystems THAAD sowie US-Militärpersonal in Israel eingetroffen seien. Das System soll die Verteidigungsfähigkeit des Landes stärken.

Diese Doppelstrategie verdeutlicht den Balanceakt der US-Regierung: Einerseits betont Washington immer wieder sein sicherheitspolitisches Engagement und Israels Recht auf Selbstverteidigung. Andererseits steht die US-Regierung unter innenpolitischem Druck. Kriegsgegner kritisieren das militärische Vorgehen Israels im Gazastreifen scharf und fordern einen Stopp von US-Waffenlieferungen an das Land.

Kritiker zweifeln an Einhaltung der Menschenrechte

Das sogenannte ""Leahy""-Gesetz spielt dabei eine zentrale Rolle. Es untersagt den USA, Militärhilfen an Länder zu leisten, deren Streitkräfte in schwere Menschenrechtsverletzungen verwickelt sind. Die Kritikerinenn und Kritiker verweisen auf Zweifel, dass Israel diese Vorgabe einhält. Laut Menschenrechtsorganisationen würden demnach etwa durch die Blockade von Hilfslieferungen, Luftangriffe auf Wohngebiete und den Mangel an Schutz für Zivilisten im Gazastreifen grundlegende Menschenrechtsstandards verletzt.

Israel weist diese Vorwürfe zurück und betont, dass seine Operationen den internationalen Gesetzen entsprechen. Die Debatte über den Kurs der USA gegenüber Israel gewinnt auch im Vorfeld der Präsidentenwahl am 5. November an Bedeutung. Die Frist, die Blinken und Austin in ihrem Schreiben gesetzt haben, endet nach dem Wahltag.

UN fordern Hilfe für libanesische Bevölkerung

Nicht nur in Gaza, auch im Libanon - wo Israel ebenfalls kämpft - hat sich die humanitäre Lage verschlechtert. Die Kinderhilfsorganisation und das Welternährungsprogramm der Vereinten Nationen forderten deshalb eine Ausweitung der Hilfen. Familien lebten unter gefährlichen Bedingungen, erklärten die stellvertretenden Exekutivdirektoren von UNICEF, Ted Chaiban, und des Welternährungsprogramms, Carl Skau, in Köln nach einem Besuch im Libanon.

Viele Kinder seien Opfer von Angriffen geworden, hätten Angehörige und ihr Zuhause verloren und könnten nicht mehr zur Schule gehen, heißt es in der gemeinsamen Stellungnahme. Zudem suchten nahezu 190.000 Vertriebene derzeit in über 1.000 Einrichtungen Zuflucht. Weitere Hunderttausende würden bei Familie und Freunden Schutz suchen. Insgesamt seien rund 1,2 Millionen Menschen betroffen.

Angriffe im Libanon gehen weiter

Unterdessen gehen die israelischen Angriffe im Libanon weiter. In mehreren Regionen wurden am Montag insgesamt 41 Menschen getötet, wie das Gesundheitsministerium mitteilte. 124 weitere seien verletzt worden. Die meisten Menschen wurden demnach bei einem Luftangriff im Norden des Landes getötet. Der Angriff im überwiegend von Christen bewohnten Ort Aito traf nach Angaben von Sicherheitskreisen ein Gebäude, in dem Binnenflüchtlinge Zuflucht gesucht hatten.

Nach Darstellung des israelischen Militärs wurde ein Ziel mit Verbindung zur Terrormiliz Hisbollah angegriffen. Der Fall werde untersucht. Alle Angaben konnten nicht unabhängig überprüft werden.

Die Hisbollah-Miliz hat nach eigenen Angaben einen israelischen Panzer und drei Bulldozer im Südlibanon angegriffen. Die Fahrzeuge seien bei dem Raketenangriff nahe dem Grenzort Ramia in Brand geraten, teilte die Miliz mit.

Die israelische Armee und die Hisbollah liefern sich seit dem Überfall der radikalislamischen Palästinenserorganisation Hamas auf Israel vor gut einem Jahr ständige gegenseitige Luftangriffe. In den vergangenen Wochen weiteten die israelischen Streitkräfte ihre Luftangriffe auf die Hisbollah massiv aus. Zudem starteten sie vor rund zwei Wochen Bodeneinsätze im südlichen Libanon gegen Stellungen der Miliz.",,"Nahost, USA, Israel, Gaza, Libanon",2024-10-15,CONTROL_MeToo_Protests_2017_2024,single,True,0,"In, The, To"
https://www.tagesschau.de/inland/innenpolitik/afd-spaniel-100.html,Tagesschau,Dirk Spaniel verlässt die AfD: Austritt mit schweren Vorwürfen,"Der Verkehrspolitiker Dirk Spaniel will die AfD verlassen. Seine Austrittserklärung liegt dem ARD-Hauptstadtstudio vor. Als Begründung führt er unter anderem an, sein Landesverband habe Unwahrheiten über ihn verbreitet.

In einem kleinen Raum im Paul-Löbe-Haus im Berliner Regierungsviertel sitzt Dirk Spaniel vor wenigen Journalisten. Der ehemalige verkehrspolitische Sprecher der AfD-Fraktion will erklären, warum er nicht mehr in der AfD bleiben kann. ""Mit sofortiger Wirkung trete ich aus der Alternative für Deutschland und der zugehörigen Bundestagsfraktion aus"", so der erste Satz in seiner Austrittserklärung. Das liege aber nicht an einer ""verlorenen demokratischen Wahl"".

Gemeint ist der Landesparteitag der AfD Baden-Württemberg Anfang Oktober in Ulm, bei dem Spaniel die Kampfkandidatur um den fünften Listenplatz gegen den Landtagsabgeordneten Ruben Rupp verlor.

""Unwahrheiten und Stimmungsmache""

Es sind ziemlich schwere Vorwürfe, die Spaniel in seiner Erklärung erhebt. Sie fügen sich ein in eine jahrelange Auseinandersetzung zweier Lager in Baden-Württemberg - dem Weidel-Lager und dem Spaniel-Lager - das immer wieder einer Schlammschlacht ähnelte. Der Landesvorstand, so Spaniel jetzt, habe zum Beispiel Unwahrheiten über ihn verbreitet. Und die Parteiressourcen ausgenutzt, um im Vorfeld der Aufstellungsversammlung gezielt Stimmung gegen ihn zu machen. Jetzt wolle er die Partei verlassen, weil es Versuche gegeben habe, die ""nicht vorstandgenehme"" parteiinterne Meinungsbildung zu unterbinden.

Ein weiteres Zitat klingt wie ein Beitrag zur aktuellen Diskussion um ein AfD-Verbotsverfahren: ""Jeder kann sich vorstellen, was passiert, wenn Menschen in Deutschland an die Macht gelangen, die freie Meinungsbildung und demokratische Prozesse bereits innerparteilich unterlaufen und praktisch bedingungslose persönliche Loyalität zu Parteiführern einfordern.""

Sprecher von Weidel weist Vorwürfe zurück

Das Büro von Alice Weidel reagiert schnell, als es um eine Stellungnahme gebeten wird. Ganz so, als habe man irgendwie schon mit einem solchen Abgang und solchen Aussagen gerechnet. Die Vorwürfe ""von Herrn Spaniel"", so der Sprecher der Partei- und Fraktionschefin, ""entbehren jeglicher Grundlage."" Und weiter: Die Aufstellungsversammlung sei ein basisdemokratischer Akt gewesen, jedes Mitglied des Landesverbandes Baden-Württemberg habe die Möglichkeit gehabt, seine Stimme abzugeben.

Auf die Nachfrage der Versammlungsleiter am Ende des Parteitages, ob es Zweifel an der Rechtmäßigkeit der Aufstellung gebe, habe es keine Wortmeldung und keinen Widerspruch gegeben.

Spaniel kommt Parteiausschlussverfahren zuvor

Tatsächlich kommt der Verkehrspolitiker einem Parteiausschlussverfahren zuvor, das der Landesvorstand Baden-Württemberg schon gegen ihn angestrebt hat. Der Landesvorsitzende Markus Frohnmaier hatte dem SWR als Begründung gesagt, Spaniel habe in internen Chatgruppen angekündigt, eine eigene Partei gründen zu wollen. Zudem habe er in der Vergangenheit bereits vier Abmahnungen erhalten. Spaniel seien mit sofortiger Wirkung die Mitgliederrechte entzogen.

Langjähriger Prozess der Entfremdung

Dem Austritt ist ein jahrelanger Prozess der Entfremdung vorausgegangen. Schon Alexander Gauland, heute Ehrenvorsitzender der Partei, hatte vor Jahren festgestellt, die AfD sei ein ""gäriger Haufen - und besonders gärig in Baden-Württemberg.""

Den Ausspruch wies der Verkehrspolitiker allerdings heute noch einmal zurück: Das sei despektierlich. ""Die AfD hätte die Meinungsbildung in Baden-Württemberg gestalten, nicht unterdrücken sollen."" Als Machtkampf will Spaniel die Auseinandersetzung mit Weidel auch nicht verstanden wissen, das sei ein ""Ringen um die Ideale einer innerparteilichen Demokratie gewesen.""

Keine Selbstkritik, kühle Reaktion

Selbstkritik mag der enorm selbstbewusste Abgeordnete am heutigen Tage nur in homöopathischen Dosen üben. Im Überschwang hätten seine Unterstützer oder Mitarbeiter vielleicht mal unanständige Sachen gesagt, er selbst aber nicht, so Spaniel.

Weidels Sprecher sagte, niemand sei von dem Austritt überrascht gewesen, denn Spaniel habe das bereits unmittelbar nach seiner Nichtwahl auf der Aufstellungsversammlung in Ulm angekündigt. Und weiter: ""Die Fraktion wartet nun ab, ob er auch sein Mandat konsequenterweise zur Verfügung stellt.""

Das allerdings wird nicht der Fall sein, das hat Spaniel der Presse am Nachmittag eindringlich versichert. Er will sein Bundestagsmandat behalten. In der Austrittserklärung heißt es: ""Ich sehe es als meine Aufgabe an, weiterhin auf Fehlentwicklungen in der Politik hinzuweisen."" Wie seine genaue Zukunft aussieht, ob er möglicherweise einem anderen Projekt beitreten oder am Ende eine eigene Partei gründen will - dazu wollte er sich nicht äußern.","Kilian Pfeffer, Julie Kurz",AfD,2024-10-15,CONTROL_MeToo_Protests_2017_2024,single,True,1,"De, En, La"
https://www.tagesschau.de/inland/regional/saarland/zug-saarland-entgleist-100.html,Tagesschau,Regionalzug im Saarland wegen Hindernis auf der Strecke entgleist,"In der Nähe des saarländischen Ortes Namborn ist ein Regionalzug entgleist. Der Zugführer wurde nach Angaben der Polizei leicht verletzt. Den Passagieren sei nichts passiert. Unfallursache war Geröll auf der Strecke.

Ein Regionalexpress, der vom Saarbrücker Hauptbahnhof nach Frankfurt am Main unterwegs war, ist am Dienstagabend gegen 17.30 Uhr in Höhe Namborn im Landkreis St. Wendel entgleist. Grund dafür war nach Angaben der Bundespolizei Geröll auf der Strecke.

""Glück im Unglück""

Der Zugführer sei dabei leicht verletzt worden. Er erlitt Schürfwunden. Im Zug befanden sich nach Angaben von Vlexx rund 200 Fahrgäste. Sie blieben unverletzt und wurden von den Rettungskräften vor Ort evakuiert. Am Dienstagabend konnten die Fahrgäste mit einem Zug auf dem Gegengleis nach Türkismühle gebracht werden.

Die Passagiere hätten Glück im Unglück gehabt, sagte eine Bahnsprecherin der Deutschen Presseagentur. Der Zug sei nach der Entgleisung nach links in Richtung Nachbargleis und nicht nach rechts in Richtung Abhang weggerutscht.

Strecke derzeit gesperrt, Ersatzbusse im Einsatz

Die Bahnstrecke zwischen Türkismühle und St. Wendel sei bis auf Weiteres gesperrt. Es kommt deshalb zu Ausfällen bei den Linien RE 3 und RB 73. Nach Angaben von Vlexx fahren zwischen St. Wendel und Neubrücke (Nahe) Ersatzbusse.

Die Züge der Linie RE 3 aus Richtung Frankfurt und Mainz fahren nur bis Türkismühle. Züge der Linie RB 73 fahren nur zwischen Saarbrücken und St. Wendel.

Die Sperrung könnte noch mehrere Stunden andauern. Der Zug wurde stark beschädigt und muss laut Vlexx von einem Kran aus dem Gleis gehoben werden.

Wie es zu dem Unfall kam, soll nun die Bundespolizei Saarbrücken klären.

Mehr zur Bahn und Saarbahn im Saarland",,"Saarland, Zugunfall",2024-10-15,CONTROL_MeToo_Protests_2017_2024,single,True,1,"De, En, La"
https://www.tagesschau.de/inland/innenpolitik/egmr-urteil-asylpolitik-100.html,Tagesschau,EGMR-Urteil lässt wenig Raum für Zurückweisungen,"Der Europäische Gerichtshof für Menschenrechte hat die schnelle Abschiebung eines Syrers nach Griechenland für rechtswidrig befunden. Das Urteil ist auch für die aktuelle Asyldebatte in Deutschland relevant.

Als Haitham T. im September 2018 an die österreichisch-deutsche Grenze kam, wurde er von der Bundespolizei gestoppt. Der Syrer wollte nach Deutschland, wo sein Bruder schon seit einigen Jahren lebte. Die Beamten hätten ihn befragt sowie ihm einen Anwalt und ein Telefonat angeboten. Den Anwalt lehnte er zunächst ab, bei seinem Anruf ging niemand dran. Das waren quasi seine einzigen Erlebnisse in Deutschland. Denn nur wenige Stunden später war der Aufenthalt von Haitham T. schon vorbei. Die Behörden setzten ihn in ein Flugzeug nach Griechenland, wo er zuerst EU-Boden betreten hatte. ""Ich war schockiert"", sagt der heute 31-Jährige.

Hinter diesem Rückflug binnen weniger Stunden steckte der sogenannte ""Seehofer-Deal"". Bereits 2018 hatte der damalige Bundesinnenminister Horst Seehofer (CSU) das Thema Zurückweisungen von Geflüchteten auf die Agenda gesetzt. Der Inhalt des Abkommens: Geflüchtete, die von der Bundespolizei aufgegriffen wurden, sollten innerhalb von 48 Stunden ohne ein Asylverfahren nach Griechenland zurückgeschickt werden.

Seehofer wollte Dublin-Regeln umgehen

Eigentlich sehen die Dublin-Regeln der Europäischen Union zumindest eine Prüfung in Deutschland vor, wenn der Geflüchtete an der deutschen Grenze Asyl beantragt. Das wollte Seehofer umgehen. In verwaltungsgerichtlichen Verfahren wurden in den Folgejahren Abschiebungen nach Griechenland auf der Grundlage dieses Deals jedoch für rechtswidrig befunden. Sie wurden wieder rückgängig gemacht, die Menschen wieder nach Deutschland geholt.

Der Syrer Haitham T., der im September 2018 aufgrund des Deals nach Griechenland geflogen worden war, hatte dieses Glück nicht. Er kam auf der Insel Leros in Haft, zeitweise drohte ihm sogar, in die Türkei gebracht zu werden. Erst später und mit Unterstützung griechischer Flüchtlingshelfer bekam er wegen einer psychischen Erkrankung einen Flüchtlingsstatus zuerkannt. Mit diesem Status konnte er dann wieder nach Deutschland reisen. Heute lebt er im Raum Dortmund, zusammen mit seinem Bruder.

EGMR sieht Menschenrechtsverletzung

Trotzdem klagte Haitham T. gegen seine Abschiebung im Jahr 2018 vor dem Europäischen Gerichtshof für Menschenrechte (EGMR). Der Gerichtshof in Straßburg gab ihm nun recht. Die Abschiebung nach Griechenland habe gegen die Europäische Menschenrechtskonvention verstoßen, so das Urteil. Die deutschen und griechischen Behörden hätten im Fall von Haitham T. gegen das Verbot unmenschlicher oder erniedrigender Behandlung verstoßen.

Deutschland hätte Haitham T. nicht einfach abschieben dürfen. Es habe damals die Gefahr bestanden, dass er in Griechenland kein angemessenes Asylverfahren bekommt. Und das Seehofer-Abkommen habe auch keine Garantien für wirksame Asylverfahren in Griechenland enthalten. Es habe die Gefahr bestanden, dass der Syrer zu Unrecht aus Griechenland in andere Länder weitergeschoben wird. Am Ende hätte er womöglich wieder in Syrien landen können. Das verstoße gegen die Europäische Menschenrechtskonvention.

Deutschland habe außerdem nicht garantieren können, dass der Mann in Griechenland nicht unter Bedingungen inhaftiert wird, die seine Menschenrechte verletzen. Die Bedingungen in der griechischen Abschiebehaft wurden vom EGMR schon oft kritisiert.

Urteil relevant für aktuelle Asyldebatte

Das Urteil bewertet zwar nur den konkreten Einzelfall aus dem Jahr 2018, ist aber auch für die aktuelle Asyldebatte relevant. Die Entscheidung sei so zu verstehen, dass einseitige Zurückweisungen an der Grenze ebenfalls gegen die Europäische Menschenrechtskonvention verstoßen, sagt Constantin Hruschka, Rechtsprofessor an der Evangelischen Hochschule Freiburg.

Genau solche Zurückweisungen werden aber seit Wochen immer wieder diskutiert und wurden etwa von der CDU schon gefordert. Dem steht zwar nach Ansicht von Experten auch das Europarecht entgegen, nach dem nun getroffenen Urteil sei die Menschenrechtskonvention aber ein weiteres, rechtliches Gegenargument, so Hruschka. ""Eine Zurückweisung ist nur möglich, wenn ein Geflüchteter an Behörden übergeben wird"", sagt der Asylrechtsexperte. Ein einfaches Wegschicken sei also unzulässig.

Doch so eine Zurückweisung mit Übergabe gehe nicht immer. Die Europäische Menschenrechtskonvention erlaube sie nur, wenn in dem Zielland der Zurückweisung ein ordentliches Asylverfahren garantiert sei. Das könne durch Abkommen sichergestellt werden, wie sie schon mit vielen Nachbar- und Mitgliedsstaaten bestehen.

Kettenabschiebung muss ausgeschlossen sein

Doch es gibt einen Haken: Selbst wenn ein Abkommen ein geordnetes Verfahren zusichere, müsse das auch der Praxis entsprechen, erklärt Hruschka. Wenn die Bundespolizei jemanden zurückweisen möchte, darf sie also keine Anhaltspunkte haben, dass der Geflüchtete etwa in eine Kettenabschiebung gerät und letztlich im Heimatland landet. Alles andere wäre mit dem EGMR-Urteil nicht vereinbar.

Auch die aktuellen Pläne der polnischen und niederländischen Regierung, das Asylrecht jeweils vorübergehend auszusetzen, machen nach Hruschkas Auffassung Zurückweisungen in diese Länder unmöglich. Ein geordnetes Asylverfahren sei da nicht mehr gewährleistet.

Menschenrechtsorganisationen begrüßen Urteil

Die Nichtregierungsorganisation PRO ASYL begrüßt das Urteil aus Straßburg. ""Deutschland ist verpflichtet, menschenrechtliche Standards zu wahren und den Zugang zu rechtsstaatlichen Asylverfahren auch an deutschen Grenzen zu gewährleisten”, sagte Tareq Alawos von PRO ASYL. Die Organisation hatte sich gemeinsam mit Partnerverbänden, wie dem European Center for Constitutional and Human Rights (ECCHR), mit einer Stellungnahme in das Gerichtsverfahren eingebracht.

Kläger steht Entschädigung zu

Im Fall von Haitham T. hätten die deutschen Behörden vorher prüfen müssen, ob in Griechenland ein Asylverfahren gewährleistet war. Nach Auffassung des EGMR war es das 2018 nicht.

Für den 31-jährigen ist das Urteil eine späte Genugtuung. ""Es gibt doch noch Gerechtigkeit"", sagte er der ARD-Rechtsredaktion. Die Verletzungen seiner Rechte wiegten damals so schwer, dass Haitham T. nun Entschädigung bekommt. Die Straßburger Richterinnen und Richter haben Deutschland zu einer Zahlung von 8.000 Euro verurteilt, Griechenland zu 6.500 Euro.","Max Bauer, Philip Raillon","Asylpolitik, Abschiebungen",2024-10-15,CONTROL_MeToo_Protests_2017_2024,single,True,1,"De, En, La"
https://www.tagesschau.de/kommentar/syrien-egmr-zurueckweisungen-100.html,Tagesschau,Kommentar zu EGMR: Klare Grenzen für deutsche Politiker,"Durch das EGMR-Urteil werden schnelle Zurückweisungen an der Grenze nahezu unmöglich. Deutsche Politiker können ihre Zurückweisungsfantasien daher eigentlich begraben.

Kaum ein Tag vergeht ohne eine aktuelle Nachricht in Sachen Asyl in Europa. Da fällt es immer schwerer, diese ganzen Informationen zusammenzudenken. Doch zwei solcher Nachrichten machen hellhörig und gehören unbedingt zusammen: Gerade hat die neue polnische Regierung angekündigt, das individuelle Asylrecht in Polen zeitweise aussetzen zu wollen, ganz egal was die europäischen Partner dazu sagen.

Und hinzu kommt nun ein Urteil des Europäischen Gerichtshofs für Menschenrechte. Der hat Deutschland verurteilt, weil es einen Syrer ohne Prüfung der Umstände einfach wieder nach Griechenland abgeschoben hat. Hintergrund ist ein Deal des ehemaligen Innenministers Horst Seehofer von 2018, der schnelle Abschiebungen innerhalb von 48 Stunden nach Griechenland möglich machen sollte.

Verstoß gegen das Dublin-System

Die Klage gegen eine solche schnelle Abschiebung war jetzt erfolgreich, weil Deutschland nicht garantieren konnte, dass Griechenland rechtsstaatlich saubere Asylverfahren durchführt. Und weil die Bedingungen in griechischen Abschiebungshaft-Zellen seit Jahren unmenschlich und erniedrigend sind.

Der EGMR setzt auch den aktuellen Zurückweisungsfantasien deutscher Politiker klare Grenzen. Solche Zurückweisungen verstoßen in der Regel klar gegen das Dublin-System. Und jetzt kommt hinzu: Nach dem heutigen Urteil sind Zurückweisungen nur denkbar, wenn es Abkommen mit anderen Staaten gibt und die auf jeden Fall ein menschenrechtsgemäßes Asylverfahren garantieren können. Es braucht also mehr Zusammenarbeit, um Zurückweisungen rechtlich denkbar zu machen.

Alleingang in Sachen Asyl

Womit wir wieder zu Polen kommen, das das Asylrecht aussetzen will. Auch in den Niederlanden hat die rechtspopulistische Regierung angekündigt, sich nicht mehr an das geltende EU-Asylrecht halten zu wollen. Das scheint ein Trend zu sein: Viele Rechtsaußenpolitiker setzen derzeit auf einen Alleingang in Sachen Asyl.

Deutsche Politiker können ihre Zurückweisungsfantasien daher eigentlich begraben. Denn wie will eine deutsche Regierung die vom EGMR geforderten Mindeststandards bei Asylverfahren im EU-Ausland garantieren, wenn niemand sich mehr an diese Standards hält, von den Polen über die Niederländer bis zu den Griechen?

Eine solidarische Verteilung von Geflüchteten ist nötig

Doch die deutsche Politik ist an dieser Lage selbst schuld. Seit Deutschland Wortlaut und Geist des Schengen-Abkommens verletzt und Grenzkontrollen durchführt, ist der europäische Gedanke in Sachen Asyl in großer Gefahr. Das ist Wasser auf die Mühlen der europäischen Rechtspopulisten, die von einem Europa der Vaterländer träumen, das nationalistisch-egoistisch die eigenen Grenzen kontrolliert.

Das Urteil des Europäischen Menschenrechtsgerichtshofs erinnert daran, dass die Idee von Europa eigentlich auf einem anderen Boden steht. In Sachen Asyl hieße das: endlich eine solidarische Verteilung von Geflüchteten auf alle Länder Europas.

Und das offensive Bekenntnis dazu, dass Menschen, die Schutz suchen, ein Recht darauf haben, diesen Schutz in Europa zu finden. Er ist ihr Menschenrecht, ein Menschenrecht, das zum Fundament Europas gehört. Eines Europas, das eigentlich dazu da ist, den kleingeistigen Nationalismus und die Menschenfeindlichkeit zu überwinden.",Ein Kommentar von Max Bauer,"Kommentar, Asyl, EGMR",2024-10-15,CONTROL_MeToo_Protests_2017_2024,single,True,1,"De, En, La"
https://www.tagesschau.de/wirtschaft/unternehmen/gewinne-bei-thalia-100.html,Tagesschau,Deutsche lesen weniger - Umsätze der Buchbranche trotzdem stabil,"Der deutsche Buchhandel ist mit seinem Geschäft zufrieden. Die Branche freut sich vor allem über Zuwächse bei jungen Leserinnen und Leser. Das hilft vor allem dem Marktführer Thalia.

Der Börsenverein des Deutschen Buchhandels hat sich angesichts der aktuelle Marktlage in der Branche zufrieden gezeigt. In den ersten drei Quartalen dieses Jahres bewege sich der Umsatz der Buchbranche leicht über Vorjahr und damit auf einem stabilen Niveau: ""Das müssen uns andere Branchen erst mal nachmachen"", sagte die Börsenverein-Vorsteherin Karin Schmidt-Friderichs heute zum Start der Frankfurter Buchmesse.

""Bücher begeistern Menschen unverändert."" Besonders hob sie ein ""Lesefieber"" bei jungen Leserinnen und Leser hervor. Dafür verantwortlich seien vor allem die Bereiche ""New Adult"" und ""Young Adult"". Bei dem meist eher leichten Lesestoff geht es häufig um Herzschmerz-Geschichten. Ein Drittel der unter 30-Jährigen erhalte Anregungen zur Lektüre über die Sozialen Medien. Noch häufiger jedoch springe ""der Funke der Begeisterung"" in den Buchhandlungen vor Ort über.

Damit stehen die Umsatzzahlen im Kontrast zum Lesetrend in Deutschland - wenngleich die individuelle Begeisterung für Bücher immer noch hoch sein mag, lesen die Deutschen viel weniger als noch vor zehn Jahren, wie das Statistische Bundesamt zuletzt mitteilte. Im Jahr 2022 verbrachten sie im Schnitt nur noch zwölf Minuten am Tag mit der Lektüre von Büchern.

Thalia überflügelt die Branche

Dennoch läuft das Geschäft bei manchen Unternehmen der Branche weiterhin gut. Deutschlands größter Buchhändler Thalia etwa berichtet, der Umsatz sei in dem Ende September abgeschlossenen Geschäftsjahr 2023/24 um acht Prozent auf rund 1,9 Milliarden Euro gestiegen. Die Zahlen beziehen sich auf das Geschäft in Deutschland, Österreich und der Schweiz. Angaben zum Gewinn machte das Unternehmen wie üblich nicht. Gut ein Drittel seines Geschäfts macht Thalia inzwischen mit Online-Verkäufen.

Thalia-Chef Ingo Kretzschmar spricht von einem starken Geschäftsjahr. ""Wir beobachten bei jungen Menschen zwischen 12 und 29 Jahren, und besonders bei weiblichen Jugendlichen, die stärksten Wachstumsraten."" Er teilte die Beobachtung, dass sich Bücher aus der ""Young"" oder ""New Adult""-Sparte besonders stark verkauft hätten.

Neben den Büchern legten auch ganz andere Produkte deutlich zu, vor allem Spielwaren. Diese Produktkategorie gewinne für Thalia an Bedeutung, auch weil sich der klassische Fachhandel vielerorts aus den Innenstädten zurückgezogen habe, sagte der Manager.

Mehr als 4.000 Aussteller in Frankfurt

Die Frankfurter Buchmesse öffnet an diesem Mittwoch ihre Tore für Fachbesucher. Das Programm umfasst über 1.000 Autoren und Sprecher bei 650 Veranstaltungen auf 15 Bühnen. Mehr als 4.000 Aussteller präsentieren ihre Neuerscheinungen.

Seit 1988 stellt jeweils ein Gastland die eigene Literatur vor, begleitet von einem kulturellen Programm. 2024 ist dies Italien. Der jungen Leserschaft und ihren Büchern ist diesmal eine ganze eigene Halle gewidmet.",,"Buchhandel, Verlage",2024-10-15,CONTROL_MeToo_Protests_2017_2024,single,True,1,"De, En, La"
https://www.tagesschau.de/wissen/forschung/esa-euclid-karte-100.html,Tagesschau,14 Millionen Galaxien - ESA-Mission Euclid liefert sensationelle Sternenkarte,"Seit mehr als einem Jahr sammelt ""Euclid"" Bilder unseres Universums. 14 Millionen Galaxien und mehrere zehn Millionen Sterne hat das Teleskop aufgenommen - und daraus die bisher wohl größte kosmische 3D-Karte erstellt.

Ein riesiges Mosaik aus 208 Gigapixeln zeigt Millionen von Sternen und Galaxien: Die europäische Raumfahrt Agentur ESA hat im Rahmen ihrer ""Euclid""-Mission ein erstes Stück ihrer Karte des Universums veröffentlicht.

""Die Projektbeteiligten freuen sich, die Früchte von 15 Jahren Vorbereitung ernten zu können"", sagte Frank Grupp, deutscher ""Euclid""-Projektleiter von der Ludwig-Maximilians-Universität (LMU) in München und dem Max-Planck-Institut für extraterrestrische Physik (MPE) in Garching, laut Mitteilung.

14 Millionen Galaxien, mehrere zehn Millionen Sterne

Nach Angaben der ESA-Mission enthält dieser erste Teil der Karte bereits etwa 14 Millionen Galaxien. Diese könnten zur Untersuchung des verborgenen Einflusses von dunkler Materie und dunkler Energie auf das Universum verwendet werden, hieß es. Außerdem seien mehrere zehn Millionen Sterne in unserer eigenen Milchstraße zu sehen.

Das Mosaik enthält demnach 260 Beobachtungen, die zwischen dem 25. März und dem 8. April 2024 gemacht wurden. Das Teleskop beobachte die Formen, Entfernungen und Bewegungen von Milliarden von Galaxien in bis zu zehn Milliarden Lichtjahren Entfernung. Dadurch sei die nach eigenen Angaben größte kosmische 3D-Karte erstellt worden, die je angefertigt wurde. Zoomt man in die Karte hinein, ließen sich immer weitere Details erkennen.

""Neue Wege zur Beschreibung des Universums""

""Dieses atemberaubende Bild ist der erste Teil einer Karte, die in sechs Jahren mehr als ein Drittel des Himmels abdecken wird"", sagte Valeria Pettorino, ""Euclid""-Projektwissenschaftlerin bei der ESA. ""Zwar handelt es sich nur um einen Prozent der Karte, und doch ist sie voller verschiedener Quellen, die Wissenschaftlerinnen und Wissenschaftlern helfen werden, neue Wege zur Beschreibung des Universums zu finden.""

Die schwachen Wolken - die in hellem blau vor dem schwarzen Hintergrund zu sehen sind - sind laut der Mission eine Besonderheit. Dabei handele es sich um eine Mischung aus Gas und Staub, die auch als ""galaktischer Cirrus"" bezeichnet werde, weil sie Cirrus-Wolken, den Federwolken, ähnelten. Auf der Erde sind das Wolken, die aus feinen Eiskristallen bestehen.

Riesige Datenmengen

Seit dem Beginn der Mission im Februar 2023 sind eigenen Angaben zufolge zwölf Prozent der Untersuchungen abgeschlossen. Die Datenmenge sei enorm - und so groß wie noch nie bei einer astronomischen Weltraummission: Täglich würden etwa 100 Gigabyte an Bildern und Spektren zur Erde gesendet.

Um diese Masse an Daten zu verarbeiten, wurde ein europäisches Netzwerk von mehreren Datenzentren aufgebaut, darunter das Deutsche Wissenschaftsdatenzentrum (SDC-DE). Dieses umfasse 7.000 Prozessoren und verarbeite zehn Prozent der Daten. Im März kommenden Jahres sollen weitere Daten der Mission veröffentlicht werden.

Mehr als 2.000 Wissenschaftler aus 15 Ländern

Die ""Euclid""-Mission ist im Juli 2023 gestartet und lieferte im November des gleichen Jahres erste Bilder. An der europäischen Mission, die von der ESA mit Unterstützung der NASA gebaut und betrieben wird, sind mehr als 2.000 Wissenschaftler aus 300 Instituten in 15 europäischen Ländern beteiligt.",,"ESA, Weltraum",2024-10-15,CONTROL_MeToo_Protests_2017_2024,single,True,1,"De, En, La"
https://www.tagesschau.de/ausland/afrika/un-hungerkrise-afrika-100.html,Tagesschau,Vereinte Nationen warnen vor Hungerkatastrophe im südlichen Afrika,"Millionen Menschen im südlichen Afrika hungern bereits. In mehreren Ländern führen Dürren zu Ernteausfällen. Das Welternährungsprogramm der Vereinten Nationen warnt nun vor einer dramatischen Hungerkatastrophe.

Die monatelange Dürre im südlichen Afrika hat nach Angaben der Vereinten Nationen die schlimmste Hungerkrise in der Region seit Jahrzehnten ausgelöst. Das UN-Welternährungsprogramm (WFP) warnt davor, dass sich die Lage zu einer humanitären Katastrophe entwickeln könnte. 27 Millionen Menschen seien betroffen, berichtete das WFP in Genf, 21 Millionen davon seien Kinder. Ernten seien ausgefallen und Vieh verendet. Viele müssten bereits jetzt mit nur einer Mahlzeit am Tag auskommen.

Fünf Länder haben demnach die Hungerkrise bereits zur nationalen Notlage erklärt und die Weltgemeinschaft um humanitäre Hilfe gebeten: Lesotho, Malawi, Namibia, Sambia und Simbabwe. Auch in Angola und Mosambik sei die Lage derzeit schwierig, sagte Tomson Phiri, WFP-Sprecher für die Region südliches Afrika. ""Dies ist die schlimmste Ernährungskrise seit Jahrzehnten.""

Die Dürre wurde durch laut WFP durch das Wetterphänomen El Niño ausgelöst. Im Oktober beginne in südlichen Afrika eine karge Zeit, und bis zur Ernte im kommenden Jahr im März und April werde jeder Monat schlimmer als der vorherige sein, sagte Phiri.

Dem WFP fehlen Spenden

Das Welternährungsprogramm benötige rund 369 Millionen Dollar, um sofortige Hilfe zu leisten, habe aber aufgrund fehlender Spenden nur ein Fünftel dieser Summe erhalten. Das WFP habe auf Ersuchen von Regierungen in der Region begonnen, den Behörden mit Nahrungsmitteln und anderer ""kritischer Unterstützung"" zu helfen, erklärte Phiri weiter. Gleichzeitig werde Hilfe auch im Gazastreifen, im Sudan und anderswo dringend benötigt.

Mit am stärksten vom Klimawandel betroffen

El Niño, ein natürliches Wetterphänomen, das Teile des Zentralpazifiks erwärmt, hat unterschiedliche Auswirkungen auf das Wetter in den Teilen der Welt. El Niño trat das letzte Mal Mitte des vergangenen Jahres auf und endete im Juni. Das Phänomen wurde zusammen mit dem vom Menschen verursachten Klimawandel und der allgemeinen Erwärmung der Ozeane für zwölf Monate voller Hitzewellen und Extremwetterereignissen verantwortlich gemacht.

Forschenden zufolge ist das südliche Afrika einer der am stärksten vom Klimawandel betroffenen Regionen der Welt, weil die Menschen in hohem Maße von Landwirtschaft und natürlichen Ressourcen abhängig sind.",,"Hunger, Afrika, Vereinte Nationen, UN",2024-10-15,CONTROL_MeToo_Protests_2017_2024,single,True,1,"De, En, La"
https://www.tagesschau.de/ausland/asien/seerettung-russland-pazifik-100.html,Tagesschau,Seenotrettung: Mann überlebt 67 Tage auf dem Schlauchboot ,"Was als Ausflug zum Wale beobachten begann, geriet für eine Gruppe Männer in einem Schlauchboot zur tödlichen Irrfahrt. Nach zwei Monaten konnte einer der Männer im Ochotskischen Meer gerettet werden.

Mehr als zwei Monate hat ein russischer Mann auf einem Schlauchboot im Pazifik überlebt - nun ist er gerettet werden. Laut ostrussischer Staatsanwaltschaft ist der Mann am Montag vor der Halbinsel Kamtschatka im Ochotskischen Meer, einem Randmeer im ostasiatischen Pazifik, von einem Fischerboot aufgenommen worden. Die Behörden nannten keine weiteren Details zu der Identität des Überlebenden.

Russischen Medien zufolge handele es sich um einen 46-Jährigen, der Anfang August zusammen mit seinem 49-Jährigen Bruder und seinem 15 Jahre alten Neffen Wale beobachten wollte. Der Bruder und der Neffe überlebten die Fahrt nicht. Die Leichen befanden sich laut Medienberichten bei der Rettung immer noch im Boot.

Von der Strömung getrieben

Die drei Personen waren Anfang August zu den Schantar-Inseln im Südwesten des Ochotskischen Meeres gefahren, dem kältesten Meer Ostasiens. Es ist bekannt für seine Stürme. Der Mann und seine Begleiter verschwanden auf der Rückfahrt am 9. August zur Insel Sachalin.

Russische Medien berichteten, dass der Motor des Schlauchboots ausgefallen sei. Einsatzkräfte vermuteten, das Boot sei von der Strömung zur Halbinsel Kamtschatka getrieben worden.

""Ich habe keine Kraft mehr""

Am 14. Oktober entdeckte schließlich die Besatzung eines Fischerboots das Schlauchboot. Die Staatsanwaltschaft veröffentlichte ein Video, das den abgemagerten Überlebenden in einer Schwimmweste zeigt. Auf dem Video ist erkenntlich, dass die Besatzung versucht, ihn mit einem Seil in Sicherheit zu bringen. ""Ich habe keine Kraft mehr"", sagt der Schiffbrüchige in dem Video. Die Fischer brachten den Überlebenden in der russischen Hafenstadt Magadan am Ochotskischen Meer an Land.

Unklarheiten bleiben

Pitschugins Frau, Jekaterina, sagte RIA Nowosti, die Rettung ihres Mannes grenze an ein Wunder. Denn die Verpflegung reichte eigentlich nur für zwei Wochen. Wie der Mann so lange überleben konnte, bleibt unklar. Laut der Frau habe ihr Man wohl nur wegen seines Übergewichts überlebt. ""Er wog etwa 100 Kilogramm."" Das russische Fernsehen berichtete, er habe 50 Kilogramm abgenommen.

Wie sein Bruder und Neffe gestorben sind, ist weiterhin unklar. Die Staatsanwaltschaft ermittelt nun wegen mutmaßlicher Verstöße gegen Sicherheitsvorschriften mit Todesfolge.",,Seenotrettung,2024-10-15,CONTROL_MeToo_Protests_2017_2024,single,True,1,"De, En, La"
https://www.tagesschau.de/inland/gesellschaft/shell-jugendstudie-interview-100.html,Tagesschau,"Interview zu Shell-Jugendstudie: ""Ein gewisses Grundvertrauen in die Gesellschaft""","Wie kann es sein, dass Jugendliche voller Sorgen sind - und trotzdem zuversichtlich in die Zukunft schauen? Studienautor Mathias Albrecht erklärt, woher das Grundvertrauen in die Institutionen kommt.

tagesschau24: 81 Prozent der jungen Leute haben Angst vor einem Krieg in Europa. Woher kommt diese Angst der Zwölf- bis 25-Jährigen?

Mathias Albert: Für die Angst vor dem Krieg in Europa, das ist ganz klar, ist der Krieg in der Ukraine ursächlich. Das ist selbstverständlich sehr stark angestiegen. Die Jugendlichen haben insgesamt viele Ängste und Sorgen, die sie ausdrücken, und es gibt hier kein Zeichen für Entwarnung. Das positive Signal ist, dass sie trotz dieser Ängste und Sorgen zunehmend positiv in die Zukunft der Gesellschaft schauen.

tagesschau24: Es gibt das Vorurteil, junge Menschen würden sich nicht für Politik interessieren. Ihre Studie sagt da etwas anderes.

Albert: Wir sehen eine breite Politisierung. Es ist ein langfristiger Trend, dass das politische Interesse der Jugendlichen zunimmt. Was neu ist, ist, dass erstmals genauso viele weibliche Jugendliche politisch interessiert sind wie männliche Jugendliche. Die Jugendlichen sagen, dass sie sich mehr als noch vor einigen Jahren über Politik informieren, also insgesamt auf breiter Front ein Politisierungstrend.

AfD kann Potenzial bei Jugendlichen abrufen

tagesschau24: Bei den Wahlen im Osten hat sich gezeigt, dass es unter den AfD-Wählern viele junge Menschen gibt. Spiegelt sich das in der Studie wieder?

Albert: Wir sehen durchaus, dass sich insbesondere männliche Jugendliche in den letzten Jahren etwas nach rechts bewegt haben. Das wird zum Teil im Schnitt kompensiert dadurch, dass sich junge Mädchen eher nach links bewegt haben. Es ist aber so, dass der Anteil derjenigen, die sich als rechts oder eher rechts bezeichnen, gerade bei den jungen Männern zwar deutlich höher ist als noch vor wenigen Jahren, aber nicht höher ist als vor etwa zehn oder 15 Jahren.

Das heißt, es gibt schon seit geraumer Zeit dieses Potenzial, das jetzt gerade, wie man an den Wahlen sieht, auf fruchtbarem Boden fällt. Es gibt eine Partei, die macht ihnen Angebote, und die wird zunehmend als etabliert angesehen. Es ist akzeptabel, die zu wählen. Das heißt, jetzt kann diese Partei ein Potenzial abrufen, das allerdings schon länger vorhanden ist.

Kritik, aber keine Systemkritik

tagesschau24: Wie sieht es mit dem Vertrauen junger Menschen in die Demokratie aus? Wie groß ist das?

Albert: Junge Menschen haben viel zu kritisieren und auch zurecht zu kritisieren, was die Problemlösungen anbelangt, die die Politik anbietet und wie ernst die Politik sie nimmt. Aber diese ganze Kritik von vielen Dingen, die schlägt nicht in Systemkritik um. Das Vertrauen in staatliche Institutionen ist sehr hoch und auch das Vertrauen in die Demokratie. Die Zustimmung zur Demokratie als Staatsform bleibt auch hoch, da geht eigentlich nichts zurück.

Klimawandel bleibt wichtiges Thema

tagesschau24: Vor einigen Jahren war jungen Menschen vor allem ein Thema sehr wichtig: Da kam mit Greta Thunberg und Fridays for Future das Bild einer jungen Generation auf, die laut zum Handeln gegen den Klimawandel aufruft. Wie hoch ist dieses Thema mittlerweile bei Jugendlichen im Kurs?

Albert: Klimawandel und Umweltverschmutzung bleiben für Jugendliche wichtige Themen. Es ist ein bisschen weniger geworden in den letzten Jahren, aber immer noch auf sehr hohem Niveau. Es wurde allerdings verdrängt durch die übergroßen Sorgen in Bezug auf einen möglichen Krieg, durch die großen Sorgen in Bezug auf Ungleichheit zwischen den Menschen und auf die wirtschaftliche Entwicklung. Aber es bleibt ein ganz, ganz wichtiges Thema.

""Das gibt ein gewisses Grundvertrauen""

tagesschau24: Bei allen Problemen momentan weltweit heißt es in der Studie, die Zwölf- bis 25-Jährigen blicken trotzdem positiv in die Zukunft. Was genau macht sie denn optimistisch?

Albert: Es gibt verschiedene Faktoren, warum Jugendliche optimistisch in die Zukunft schauen. Aber man muss sich eines vielleicht vergegenwärtigen: Diese Jugendlichen sind in den letzten paar Jahren aufgewachsen in einer Zeit ihres Lebens, die prägt, und sie haben eine große Krise - die Corona-Krise - mitbekommen mit vielen, vielen persönlichen Einschränkungen.

Aber sie haben eben auch erfahren, dass die Gesellschaft als solche durchgekommen ist. Das heißt, es ist eine Erfahrung, dass der Staat, dass die Gesellschaft, dass die staatlichen Institutionen trotz aller Widrigkeiten, trotz aller Kritik, die man an einzelnen Maßnahmen üben kann, da durchgekommen sind. Und das gibt ein gewisses Grundvertrauen, dass man auf Grundlage der bestehenden Institutionen, dass man in diesem demokratischen System auch mit solchen Großkrisen fertig werden kann.",,Interview,2024-10-15,CONTROL_MeToo_Protests_2017_2024,single,True,1,"De, En, La"
https://www.tagesschau.de/inland/gesellschaft/terrorverdacht-hannover-flughafen-100.html,Tagesschau,Mutmaßlicher IS-Unterstützer am Flughafen Hannover festgenommen,"Beamte haben nach Informationen von SWR und ARD am Flughafen Hannover einen 26-Jährigen wegen Terrorverdachts festgenommen. Er soll auf dem Weg zur Terrormiliz IS nach Syrien gewesen sein. Auch Wohnungen wurden durchsucht.

Die Polizei hat nach Informationen des SWR und des ARD-Hauptstadtstudios einen 26-jährigen Mann unter Terrorverdacht am Flughafen Hannover festgenommen. Der Mann soll aus Paderborn stammen und geplant haben, über die Türkei zur Terrororganisation IS zu reisen.

Er war demnach schon zuvor im Blick der deutschen Ermittlungsbehörden. Der Generalbundesanwalt ermittelt demnach schon seit einiger Zeit gegen ihn und zwei weitere Personen wegen des Verdachts der Unterstützung der Terrororganisation IS.

Vier Wohnungen durchsucht

Im Laufe des Dienstags wurden insgesamt vier Wohnungen in Paderborn durchsucht, darunter auch eine Wohnung einer unbeteiligten Person.

Gegen den 26-jährigen Mann, der auf dem Weg nach Syrien gewesen sein soll, beantragte Generalbundesanwalt Jens Rommel einen Haftbefehl. Der Beschuldigte wurde nach Karlsruhe zum Ermittlungsrichter am Bundesgerichtshof gebracht, der im Laufe des Dienstags über eine mögliche Untersuchungshaft entscheidet.

Die Bundesanwaltschaft in Karlsruhe bestätigte dem SWR die Festnahme und teilte mit, am Mittwoch Einzelheiten zu dem Fall mitzuteilen.","Holger Schmidt, SWR","Terrorverdacht, Festnahmen, Hannover",2024-10-15,CONTROL_MeToo_Protests_2017_2024,single,True,1,"De, En, La"
https://www.tagesschau.de/inland/innenpolitik/klimaschutz-industrie-habeck-100.html,Tagesschau,Erste Unternehmen erhalten neue Förderung für Klimaschutz,"Treibhausgase sparen ist für energieintensive Firmen teuer. Bei einigen springt nun der Staat bei der Finanzierung ein. Wirtschaftsminister Habeck sieht Deutschland dabei als Vorreiter. Der Plan birgt aber Risiken.

Die Firma Wienerberger ist einer der großen Hersteller von Ziegeln und Klinker in Deutschland. Mehr als 20 Standorte und etwa 1.700 Mitarbeiter hat das Unternehmen. Eines der Ziegelwerke, in Kirchkimmen in der Nähe von Oldenburg, soll nun klimafreundlich umgerüstet werden. Bislang werden die Ziegel mit Gas bei 1.100 Grad Celsius gebrannt, sagt Jörg Boldt von Wienerberger. ""Das wird voll elektrifiziert. Das heißt Gas wird abgestellt. Es wird ein komplett neuer Ofen aufgebaut, der dann mit Elektroelementen beheizt wird.""

Das erfordert nicht nur hohe Investitionen. Die klimafreundlich hergestellten Ziegel dürften absehbar auch teurer sein als herkömmliche, sagt Boldt. Denn es brauche sehr viel Strom, der Einsatz von Gas sei günstiger.

Mit einem Klimaschutzvertrag wird das Bundeswirtschaftsministerium nun die Firma Wienerberger fördern - 15 Jahre lang mit bis zu 72 Millionen Euro. Der Staat gleicht die Mehrkosten für die klimafreundliche Produktion aus - vorausgesetzt, Wienerberger spart tatsächlich wie vereinbart Treibhausgase ein.

Investitionen haben auch Risiken

Wirtschaftsminister Robert Habeck hat heute die ersten dieser Klimaschutzverträge an 15 Unternehmen übergeben - Gesamtförderung bis zu 2,8 Milliarden Euro. ""Wir senken die Emissionen im hochenergieintensiven Bereich um 17 Millionen Tonnen. Und wir machen den Standort über ihre Unternehmen attraktiv für Produktion gerade in diesem so schwierigen und umkämpften Bereich in Deutschland"", so der Wirtschaftsminister bei der heutigen Veranstaltung in seinem Haus.

Auch Papierfabriken und Unternehmen der Metall- und Chemiebranche erhalten die Förderung. Habeck lobt die Planungssicherheit durch die Klimaschutzverträge. Allerdings ist derzeit kaum kalkulierbar, ob sich die Investitionen nach 15 Jahren tatsächlich rechnen werden. Das ist auch abhängig davon, wie sich die Strom- und die CO2-Preise entwickeln, sagt Jörg Boldt von Wienerberger. ""Das Risiko besteht darin, werden wir es schaffen, so ein Werk, so ein riesiges Projekt in die Vollauslastung zu bringen, damit es sich dann auch rechnet und funktioniert.""

Wenn es gut läuft, so die Hoffnung des Wirtschaftsministeriums, setzen sich klimafreundliche Technologien in vielen Branchen schnell durch - und es muss sogar weniger Förderung als bislang kalkuliert fließen. Wenn das Konzept allerdings nicht aufgeht, muss Deutschland über viele Jahre Unternehmen subventionieren, deren Produkte eigentlich nicht wettbewerbsfähig sind.

""Die Gelder stehen bereit""

Das Wirtschaftsministerium spricht bei den ersten Verträgen von einer Pilotrunde, um Erfahrungen zu sammeln. Eine zweite Bewerbungsrunde für Klimaschutzverträge läuft aber bereits. Dafür plant das Wirtschaftsministerium eine deutlich größere Fördersumme von mindestens zehn Milliarden Euro ein.

""Die Gelder stehen bereit"", so Habeck. ""Und deswegen freuen sich, denk ich, alle darüber, dass jetzt die zweite Runde startet. Und wir werden noch mal gucken, ob wir eine dritte und eine vierte Runde schaffen, solange bis das Geld alle ist.""

Allerdings stößt Habecks Subventionskonzept nicht nur auf Freude. Der Verband die Chemieindustrie VCI glaubt zwar, dass die Klimaschutzverträge eine sinnvolle Anschubfinanzierung leisten können. Aber der Standort müsse insgesamt attraktiver werden - durch niedrigere Energiekosten und Steuern. Habecks Konzept der Einzelförderung mit Milliardensummen stehen Forderungen nach breiter Kostenentlastung und besseren Rahmenbedingungen für die ganze Wirtschaft gegenüber, um aus der Rezession herauszukommen.

Habeck sieht Deutschland als Vorreiter

Dabei steht auch die Frage im Raum, ob der Staat gut darin ist zu erkennen, welches Unternehmen zukunftsfähig ist und Förderung verdient. Einige Leuchtturmprojekte des Wirtschaftsministeriums wie der klimafreundliche Umbau eines Stahlwerks von Thyssenkrupp in Duisburg oder die Ansiedlung der Northvolt Batteriefabrik in Heide wackeln derzeit, weil die Unternehmen in wirtschaftliche Schwierigkeiten geraten sind.

Habeck verweist auf Positivbeispiele - etwa auf andere Stahlwerke, die mit Milliardenförderung beim Klimaumbau vorankommen. Aus Sicht des Grünen-Wirtschaftsministers ist Deutschland mit den Klimaschutzverträgen Vorreiter in Europa - andere Länder würden bald dem deutschen Beispiel folgen, so Habeck. ""Das Interesse ist wirklich groß. Ja, ich rechne mit zügiger Nachahmung, ohne den Kollegen jetzt vorgreifen zu wollen.""

Eins ist deutlich: Habeck schlägt mit den zügigen Ausschreibungsrunden für die Klimaschutzverträge Pflöcke ein, an die auch kommende Bundesregierungen gebunden sein werden. Es geht nicht um einmalige Subventionen, sondern um Förderverträge für die nächsten 15 Jahre.",Martin Polansky,"Klimaschutz, Industrie, Habeck",2024-10-15,CONTROL_MeToo_Protests_2017_2024,single,True,1,"De, En, La"
https://www.tagesschau.de/inland/innenpolitik/sicherheitspaket-spd-union-100.html,Tagesschau,"Wachsender Widerstand gegen ""Sicherheitspaket"" der Ampel","Am Freitag wird im Bundestag über das ""Sicherheitspaket"" der Ampelkoalition abgestimmt. CDU-Chef Merz kündigte an, dass die Union dagegen stimmen wird - und auch aus der SPD gibt es Kritik an den geplanten Maßnahmen.

Mehrere SPD-Politiker haben gefordert, das ""Sicherheitspaket"" der Ampel-Regierung im Bundestag ablehnen. Dieses würde ""rassistische und ausgrenzende Narrative"" stärken, hieß es in einem Brief an ihre Fraktionskollegen, der dem ARD-Hauptstadtstudio vorliegt. Zuerst hatte der ""Spiegel"" berichtet.

""Anstatt die Bekämpfung des Islamismus in den Fokus zu stellen, wird Sicherheit in Verbindung mit der Entrechtung von Schutzsuchenden gebracht"", heißt es weiter. Vor allem die weiterhin vorgesehenen Kürzungen von Sozialleistungen unter dem Existenzminimum für bestimmte Schutzsuchende seien weiterhin abzulehnen. ""Eine Brot, Bett und Seife-Politik ist eine Politik gegen die Menschenwürde und darf nicht durch Sozialdemokrat*innen beschlossen werden.""

Zu den Unterzeichnern gehören Vorsitzende der Grundwertekommission der SPD, Gesine Schwan und der Juso-Chef Philipp Türmer.

Union stimmt gegen ""Sicherheitspaket""

Die Union wird die Maßnahmen bei der Abstimmung am Freitag ablehnen. ""Die Ampelfraktionen haben im Laufe der Beratung der letzten Wochen das ohnehin nicht ausreichende Paket der Bundesregierung noch weiter aufgeweicht und verwässert"", sagte CDU/CSU-Fraktionschef Friedrich Merz. ""Wir werden diesem Paket deshalb nicht zustimmen.""

Merz kritisierte ebenso wie CSU-Landesgruppenchef Alexander Dobrindt, dass Zurückweisungen an deutschen Grenzen fehlten und der Austausch biometrischer Daten zwischen den Behörden nicht mehr schon bei schweren Straftaten vorgenommen werden darf, sondern nur bei besonders schweren Straftaten möglich sein soll. Er verstehe vor allem die FDP nicht, die immer noch die Speicherung von IP-Adressen zur späteren Strafverfolgung ablehne. Ihm sei nicht klar, wen die Liberalen damit schützen wollen.

Reform des Asyl-, Daten- und Waffenrechts geplant

Die Koalition aus SPD, FDP und Grüne hatten am vergangenen Freitag das Paket geschnürt, das nach den tödlichen Messerangriffen von Mannheim und Solingen auf den Weg gebracht wurde. SPD-Fraktionschef Rolf Mützenich sprach von einem sehr guten Paket.

Vorgesehen darin sind erhebliche Leistungskürzungen für ausreisepflichtige Migranten, mehr Möglichkeiten der Sicherheitskräfte im Kampf gegen den radikalen Islamismus - etwa biometrische Gesichtserkennung oder automatisierte Datenanalyse - und eine Verschärfung des Waffenrechts, vor allem mit Blick auf Messer.

Union fordert weitergehende Maßnahmen

Der Parlamentarische Geschäftsführer der CDU/CSU-Bundestagsfraktion, Thorsten Frei, kritisierte, dass damit Flüchtlinge, deren Asylverfahren eigentlich in den EU-Staaten Italien oder Griechenland stattfinden müssten, gar nicht mehr erfasst würden. Die Verschärfung des Waffenrechts sei zudem eine reine Placebo-Maßnahme. Die Union wolle nicht für ein schlechtes Gesetzespaket in Mithaftung genommen werden.

Ursprünglich hatte es die Hoffnung gegeben, dass die Ampel und die größte Oppositionspartei die Gesetzesverschärfungen gemeinsam beschließen würden.",,"Sicherheit, Asylrecht, Union",2024-10-15,CONTROL_MeToo_Protests_2017_2024,single,True,1,"De, En, La"
https://www.tagesschau.de/inland/organspende-230.html,Tagesschau,Wie realistisch ist der Organspendeplan der FDP?,"Die FDP will für mehr Organspenden sorgen und die Entnahme schon nach einem Herz-Kreislauf-Stillstand ermöglichen. Doch ist der Patient dann auch wirklich tot? Was sagen Ärzte und Verbände zu dem Vorstoß?

Wie ist die Organspende bislang geregelt?

Die wichtigsten Voraussetzungen für eine Organspende sind die Zustimmung des Spenders vor seinem Tod und die Feststellung, dass bei der verstorbenen Person der unumkehrbare Ausfall der gesamten Hirnfunktionen vorliegt - der sogenannte Hirntod. Die Bundeszentrale für gesundheitliche Aufklärung betont weiter: ""Sind diese Voraussetzungen erfüllt, prüfen Ärztinnen und Ärzte im Einzelfall, ob der Gesundheitszustand eine Organspende zulässt.""

Was schlägt die FDP vor?

Die FDP im Bundestag spricht sich dafür aus, die Todesdefinition als Voraussetzung für eine Organspende zu erweitern. Künftig soll auch der Herz-Kreislauf-Stillstand Grundlage für eine vorher selbstbestimmte Entnahme von Organen sein. Ein entsprechendes Positionspapier von Rechts- und Gesundheitspolitikern wurde in der Fraktion besprochen. Potenzielle Spender sollen ihren Willen über ein dafür vorgesehenes zusätzliches Feld im Organspenderegister oder auf Organspendeausweisen festhalten können.

Was ist der Hirntod?

Der Hirntod bezeichnet den Zustand, dass der Tod eines Menschen nach neurologischen Kriterien eindeutig eingetreten ist, das Gehirn seine Steuerungsfunktion nicht mehr ausübt: Wichtige Teile des Gehirns arbeiten nicht mehr und seine Funktionsfähigkeit ist für immer verloren.

Nur mithilfe intensivmedizinischer Maßnahmen kann das Herz-Kreislauf-System künstlich aufrechterhalten werden. Ohne künstliche Beatmung würde auf den Hirntod zeitnah der Herz-Kreislauf-Stillstand folgen. Der Hirntod ist ein seltenes Phänomen und kann nur auf einer Intensivstation festgestellt werden.

Ist die Feststellung eines Herz-Kreislauf-Stillstands genauso sicher?

Der Hirntod ist irreversibel, also wirklich unumkehrbar. Menschen mit einem Herz-Kreislauf-Stillstand können hingegen in bestimmten Fällen wiederbelebt werden. Aber wenn das Herz nicht schlägt, wird das Gehirn nicht mit Sauerstoff versorgt, und nach drei bis fünf Minuten beginnen Gehirnzellen abzusterben. Irgendwann tritt dadurch der Hirntod ein - wie lange das dauert, hängt von vielen Faktoren ab, etwa dem Alter.

Eine wichtige Frage also lautet: Wie lange muss der Herz-Kreislauf-Stillstand angehalten haben, bevor Organe entnommen werden können? Dazu macht die FDP keinen Vorschlag.

Deswegen erklärt die Gesellschaft für Kardiologie: ""Zum jetzigen Zeitpunkt wissen wir leider zu wenig über den Vorschlag der FDP, um uns dazu fundiert äußern zu können."" Sobald mehr über das Positionspapier bekannt wird, wollen sich die Herz-Fachleute intensiv damit beschäftigen.

Wie könnte auch bei Herz-Kreislauf-Stillstand der Tod sicher festgestellt werden?

Die Deutsche Interdisziplinäre Vereinigung für Intensiv- und Notfallmedizin (DIVI) erklärte im vergangenen Jahr in einem Positionspapier, wie eine Organspende nach kontrolliertem Herz-Kreislauf-Stillstand ablaufen könnte: Ein aussichtslos kranker Patient muss zuvor erklärt haben, dass er nicht reanimiert werden will. Die Therapie erfolgt nicht mehr kurativ, sondern palliativ, es geht also nicht mehr um Heilung, sondern um Linderung der Schmerzen. Die intensivmedizinischen Maßnahmen werden eingestellt.

Wenn der Herz-Kreislauf-Stillstand festgestellt wurde, schließt sich eine Beobachtungszeit an, die sogenannte No-Touch-Time, in welcher der Patient nicht berührt wird. Die DIVI spricht von fünf Minuten, in anderen Ländern wird länger gewartet. Dann wird der Tod festgestellt, oft mit zusätzlichen Tests, und die Organentnahme beginnt.

Wie begründet die FDP ihren Vorstoß?

Mit der vorgeschlagenen Änderung könnten die Spenderzahlen erhöht werden, sagte die FDP-Rechtspolitikerin Katrin Helling-Plahr der Zeitung Die Welt. Der gesundheitspolitische Sprecher der Fraktion und Mediziner Andrew Ullmann sagte der Zeitung, der Tod nach einem anhaltenden Kreislaufstillstand sei mit dem Hirntod gleichzusetzen. ""Ein wesentlicher Unterschied ist allerdings, dass der Herztod einfacher, aber dennoch sicher festzustellen ist"", so Ullmann. Der Aufwand zur Feststellung des Hirntods sei immens hoch und schränke so die Zahl der potenziellen Spender von vornherein ein.

Mehr Organe wie Nieren, Lebern oder Herzen für schwer kranke Patienten werden seit Jahren dringend benötigt. Im vergangenen Jahr gaben 965 Menschen nach ihrem Tod ein Organ oder mehrere Organe für andere frei, wie die koordinierende Deutsche Stiftung Organtransplantation ermittelte. Zugleich standen aber 8.400 Menschen auf Wartelisten. Damit Spenden überhaupt infrage kommen, müssen zwei Fachärzte unabhängig voneinander den Hirntod eines Verstorbenen feststellen.

Was sagen Kritiker?

Die Deutsche Stiftung Patientenschutz wirft der FDP vor, mit dem Thema Hirntod auf Stimmenfang zu gehen. Dafür sei das Thema aber viel zu differenziert, sagte Vorstand Eugen Brysch der Nachrichtenagentur dpa. ""Der Hirntod und der Herztod nach einem nicht behandelten Herzstillstand sind nicht das Gleiche. Doch genau das suggeriert der FDP-Vorstoß."" Die Unumkehrbarkeit wie beim Hirntod gebe es beim Herzstillstand nicht.

Auch Bundesgesundheitsminister Karl Lauterbach (SPD) will die bestehende Regelung beibehalten. ""Als Arzt und klarer Befürworter einer Widerspruchslösung halte ich doch den Hirntod für das sichere Verfahren für das Feststellen des Todes. Mit dem Hirntod sind Fehler ausgeschlossen. In Kombination mit der Widerspruchslösung würden wir viele Leben retten.""

Bei der Widerspruchslösung gilt eine Zustimmung zu einer Entscheidung als getroffen, wenn der Betroffene nicht explizit widerspricht. Heute gilt die Entscheidungslösung: Eine Organ- oder Gewebeentnahme darf nur erfolgen, wenn die oder der Verstorbene dem zu Lebzeiten zugestimmt hat oder stellvertretend die nächsten Angehörigen nach dem Tod ihre Zustimmung erteilen.

Was sagen Unterstützer?

Die Deutsche Transplantationsgesellschaft betont, die Spende nach Tod durch Herz-Kreislauf-Stillstand und folgendem Hirntod sei in vielen Nachbarländern bereits etabliert und habe dort zu ""einer deutlichen Zunahme des Spenderpools geführt"". ""In kaum einem anderen europäischen Land ist das Missverhältnis zwischen Spenderorganen und Patientinnen und Patienten, die dringend ein neues Organ benötigen, so groß wie in Deutschland"", so Präsident Utz Settmacher.

Längst erprobte Alternativen sollten eingeführt werden - etwa die sogenannte DCD-Spende (Donation after circulatory death), die Organspende nach einem primären Herz-Kreislauf-Stillstand und folgendem Hirntod. Fast alle Nachbarländer ermöglichten bereits solche Spenden.",,"Organspende, FDP",2024-10-15,CONTROL_MeToo_Protests_2017_2024,single,True,1,"De, En, La"
https://www.tagesschau.de/investigativ/report-mainz/banken-extremisten-100.html,Tagesschau,Viele Extremisten sind Kunden bei Sparkassen und Volksbanken,"Umstrittene Organisationen erhalten in Deutschland zu leicht ein Bankkonto, kritisieren Experten. Recherchen von Report Mainz zeigen, dass längst nicht jedes Kreditinstitut seine Kunden vorab genau prüft.

Für den Verfassungsschutz in Baden-Württemberg ist Neil Bin Radhan alles andere als ein Unbekannter. Der Gelehrte sei ein salafistischer Multifunktionär, der bereits vor Jahren durch verfassungsfeindliche Aussagen zum bewaffneten Dschihad aufgefallen sei. Auch in seinen Büchern finden sich grundgesetzwidrige Inhalte, schreibt die Sicherheitsbehörde auf Anfrage. In Heidelberg leitet Bin Radhan einen Moscheeverein, für den er regelmäßig Spenden sammelt. Dafür unterhält der Verein, der Fragen von Report Mainz unbeantwortet ließ, mehrere Konten bei der Volksbank Kurpfalz.

Auf Anfrage schreibt die Volksbank, dass man insgesamt das Thema ernst nehme, wegen des Bankgeheimnisses aber keine Details nennen könne. Immerhin bestätigt das Geldhaus die Kundenbeziehung zu dem Heidelberger Moscheeverein. Man prüfe den Fall seit Juni dieses Jahres. Dabei taucht der Prediger Neil Bin Radhan und sein salafistisch geprägter Verein schon seit vielen Jahren in den öffentlichen Berichten des Verfassungsschutzes auf.

Experte sieht Banken in der Pflicht

Genau hier liegt für Thomas Seidel ein grundsätzliches Problem. Die Banken in Deutschland täten zu wenig, um extremistischen Organisationen den Zugang zum Zahlungsverkehr zu verweigern. ""In der heutigen Zeit würde ich mir von den Banken ein deutlich konsequenteres Handeln wünschen"", sagt der 50-Jährige. Seidel hat früher beim Bundeskriminalamt gearbeitet und leitet heute ehrenamtlich die private Initiative ""Anti Financial Crime"", die sich dem Kampf gegen Finanzkriminalität widmet.

""Das Mindeste, das man verlangen kann, ist, dass die Häuser die Verfassungsschutzberichte lesen und im Rahmen ihrer Sorgfaltspflichten auch als Informationsgrundlage nutzen"", sagt Seidel. ""Und das würde bedeuten, sich von diesen Kunden und Konten zu trennen.""

Auswertung der Verfassungsschutzberichte

Doch viele Organisationen, die von den Sicherheitsbehörden in Deutschland als extremistisch eingestuft sind, haben Konten bei deutschen Banken. Das zeigt eine Analyse von Report Mainz. Dafür hat das ARD-Politikmagazin die Verfassungsschutzberichte des Jahres 2023 ausgewertet und stichprobenartig mit Bankdaten der erwähnten Organisationen abgeglichen.

Von Rechtsradikalen über Islamisten bis hin zu Linksextremisten finden sich viele Beispiele. So hat die vom Verfassungsschutz als neonazistisch eingestufte Partei ""Der III. Weg"" ein Spendenkonto bei der Sparkasse, genauso wie die ""Identitäre Bewegung"" oder auch türkische Extremisten, die der Verfassungsschutz den ""Grauen Wölfen"" zuordnet. Ein Verein, der zu Scientology gehört, ist Kunde bei einer bekannten Privatbank. Andere als extremistisch eingestufte Organisationen wiederum haben Konten bei Volks- und Raiffeisenbanken. In allen Fällen wollten sich die Kreditinstitute wegen des Bankgeheimnisses nicht zu ihren Kunden äußern.

Sparkassen mit rechtlicher Sonderstellung

Auffällig ist, dass Extremisten und Verfassungsfeinde häufig Konten bei Sparkassen unterhalten. Der Deutsche Sparkassen- und Giroverband (DSGV) erklärt sich das in einer schriftlichen Stellungnahme gegenüber Report Mainz so: ""Sparkassen unterliegen als öffentlich-rechtliche Kreditinstitute in der Frage der Kontoführung stärkeren rechtlichen Bindungen als genossenschaftliche Institute und Privatbanken, die in ihren Vertragsbeziehungen weitgehend frei sind.""

Diesen Unterschied bestätigt Sebastian Omlor, der Rechtswissenschaften mit dem Schwerpunkt Banken- und Kapitalmarktrecht an der Philipps-Universität in Marburg lehrt. Demnach seien Sparkassen mehr oder weniger die Hände gebunden. ""Sie haben nicht die Freiheit gegenüber Kunden zu sagen: 'Mit dir will ich, mit dir nicht'"", erklärt Omlor. ""Die Sparkassen haben einen Versorgungsauftrag, sie müssen im Regelfall ein Girokonto eröffnen, zumindest für die, die in ihrem zuständigen Gebiet ansässig sind."" Anders sei es hingegen bei privaten Instituten sowie Volks- und Raiffeisenbanken. ""Die dürfen auch sagen: 'Wegen der politischen Weltanschauung des Kunden K kündige ich das Konto des Kunden K'"", so Omlor.

Petition gegen Volksbank-Konto der AfD Leipzig

Doch diese Freiheit nutzen längst nicht alle privaten und genossenschaftlichen Banken. Beispiel Leipzig: Hier fordert die Initiative ""Omas gegen rechts"" derzeit die örtliche Volksbank auf, das Konto des AfD-Kreisverbandes Leipzig zu kündigen. In einer Online-Petition haben sie dafür mehr als 32.000 Unterschriften gesammelt. Der Landesverband der AfD wird vom Verfassungsschutz Sachsen als gesichert rechtsextremistisch eingestuft.

""Es gibt bereits Vorstände, die sich ganz klar für Vielfalt und Toleranz ausgesprochen haben und wir wünschen uns, dass die Leipziger Volksbank dem auch entspricht"", fordert Meta Mukasa, die die Konto-Aktion der ""Omas gegen rechts"" mitinitiiert hat. Mit dem Vorstand der Leipziger Volksbank hat es dazu in der vergangenen Woche ein Gespräch gegeben. Die Bank teilt auf Anfrage mit, dass sie Sorge vor einer Spaltung der Gesellschaft habe und sie Extremismus jeder Art konsequent ablehne. Die AfD sei eine demokratisch gewählte Partei. Das Konto will sie deshalb offenbar nicht kündigen.","Daniel Hoh, Philipp Reichert, SWR","Banken, Extremismus",2024-10-15,CONTROL_MeToo_Protests_2017_2024,single,True,1,"De, En, La"
https://www.tagesschau.de/wirtschaft/unternehmen/boeing-kapitalerhoehung-100.html,Tagesschau,Boeing will sich bis zu 35 Milliarden Dollar frisches Geld beschaffen,"Beim US-Flugzeughersteller Boeing wird das Geld knapp. Die Ausgabe neuer Aktien soll nun viele Milliarden einbringen. Außerdem hat sich der Konzern bei Banken umfangreiche Kredite gesichert.

Der krisengeschüttelte Flugzeugbauer Boeing will sich bis zu 35 Milliarden Dollar an frischem Geld sichern. Der US-Konzern teilte heute in einer Pflichtmitteilung an die Börsenaufsicht SEC mit, bis zu 25 Milliarden Dollar über die Ausgabe neuer Aktien und Schuldverschreibungen erlösen zu wollen.

Mit einem Bankenkonsortium sei zudem ein Kreditrahmen von zehn Milliarden Dollar vereinbart worden, wie Boeing mitteilte. ""Dies sind zwei umsichtige Schritte, um den Zugang des Unternehmens zu Liquidität zu unterstützen"", erklärte der Flugzeugbauer.

Arbeitskampf verstärkt Liquiditätsprobleme

Damit versucht sich das Unternehmen finanziellen Spielraum zu verschaffen angesichts einer Schuldenlast von 11,5 Milliarden Dollar, die bis zum 1. Februar 2026 fällig werden. Ende Juni hatte der Airbus-Konkurrent noch knapp elf Milliarden Dollar an Barmitteln.

Boeings Liquiditätsprobleme haben sich verschärft, seit Mitte September rund 33.000 von der Gewerkschaft vertretene Mitarbeitende ihre Arbeit niederlegten und damit die Produktion des meistverkauften Flugzeugs 737 MAX lahmlegen. Schätzungen zufolge kostet der Streik Boeing mehr als eine Milliarde Dollar pro Monat.

Höhe der Kapitalerhöhung noch offen

Bei einer sogenannten Kapitalerhöhung verstärkt ein Unternehmen sein Eigenkapital, indem es neue Anteilsscheine ausgibt - in der Regel zu Lasten der Altaktionäre, deren Anteile verwässert werden.

Wann und in welchem Umfang Boeing diesen Schritt jetzt gehen wird, ist noch offen. Nach Schätzung von Analysten braucht der Konzern zehn bis 15 Milliarden Dollar, um sein Kreditrating aufrechtzuerhalten, also seine Bonitätsnote, die Auskunft über die Ausfallwahrscheinlichkeit der Kredite gibt. Die Bewertung liegt nur eine Stufe über dem ""Ramschniveau"", ab dem frisches Geld wegen des höheren Ausfallrisikos teurer wird.

Qualitätsprobleme und Flugzeugabstürze

Boeing steckt wegen zahlreicher technischer Qualitätsprobleme in der Krise. Anfang des Jahres fiel bei einer Boeing 737 MAX, der meistverkauften Baureihe, während eines Fluges eine Tür heraus. Das war für Boeing ein erneuter Rückschlag nach den beiden Flugzeugabstürzen dieses Typs mit fast 350 Toten in den Jahren 2018 und 2019.

Im September lieferte Boeing 33 Jets aus, im August waren es noch 40. Damit ist das Unternehmen im Auslieferungsrennen mit dem Rivalen Airbus weiter zurückgefallen.",,"Luftfahrt, Boeing, Kapitalerhöhung",2024-10-15,CONTROL_MeToo_Protests_2017_2024,single,True,2,"February, Inflation, Rates"
https://www.tagesschau.de/ausland/europa/russland-kadyrow-blutrache-100.html,Tagesschau,Russland: Vom Ehestreit zur politischen Blutfehde,"Tschetscheniens Machthaber droht russischen Abgeordneten mit Blutrache. Am Anfang stand ein Ehestreit einer Geschäftsfrau um ein höchst erfolgreiches Unternehmen. Am Ende geht es um die Stabilität in Russland.

Es geht um ein hochprofitables Unternehmen, dessen Erfolg so nur im 21. Jahrhundert möglich war - und um einen Konflikt, den Tschetscheniens Machthaber mit mittelalterlichen Methoden austrägt.

Es begann mit einem Ehestreit, der zunächst nichts mit Ramsan Kadyrow zu tun hatte. Allerdings handelt es sich dabei nicht um irgendwelche Eheleute, sondern um die reichste Geschäftsfrau Russlands und ihren Mann, Tatjana und Wladislaw Bakaltschuk. Sie streiten um die Anteile am Online-Versandhändler Wildberries.

Tatjana hatte die Firma 2004 gegründet, um über das Internet Kleidung für Mütter und Kinder aus dem Otto- und dem Quelle-Katalog zu vertreiben. Wladislaw steuerte als IT-Fachmann sein Know-how und Vermögen bei, hielt aber nur ein Prozent Anteile.

Über die Jahre wuchs Wildberries mit einer breiten Produktpalette zum größten russischen Online-Händler mit Zehntausenden Mitarbeitern und Lizenznehmern im ganzen Land heran. Die Firma expandierte ins Ausland. Bis zur russischen Invasion in der Ukraine 2022 war sie auch in der EU und den USA präsent. Wie schon in früheren Krisen arrangierte sich Wildberries mit den Umständen und erweiterte das Geschäft in Russland, zum Portfolio zählt inzwischen auch eine Bank.

Von strategischer Bedeutung

Der Erfolg verlieh Wildberries eine wirtschaftsstrategische Bedeutung, die offensichtlich Begehrlichkeiten weckte in einem Land, das durch Sanktionen und Kriegswirtschaft geprägt ist.

Zunächst geriet im Januar ein Warenlager nahe St. Petersburg in Brand. Schätzungen zufolge betrug der Schaden mehr als 170 Millionen Euro. Wildberries soll das Lager dem Investigativmedium Agenstvo zufolge zwei Jahre lang ohne die notwendigen Genehmigungen betrieben haben, weil es Unklarheiten mit Aufsichtsbescheinigungen gab. Nach dem Feuer durchsuchten Strafverfolgungsbehörden die Firmenzentrale in Moskau.

Fragwürdige Fusion

Im Juni kündigte Wildberries dann überraschend eine Fusion mit Russ Group an, der größten russischen Agentur für Außenwerbung. Diese wurde nach Angaben Tatjana Bakaltschuks am 1. Oktober auch vollzogen.

Vieles daran erscheint fragwürdig: Marktexperten bezweifelten den wirtschaftlichen Sinn des Zusammenschlusses. Sie beschrieben ihn als nachteilig für Wildberries, da Bakaltschuk nur etwa 65 Prozent des fusionierten Unternehmens erhalten haben soll, obwohl Wildberries mit 2,6 Milliarden Euro einen weit größeren Umsatz aufwies als Russ Group mit etwas mehr als 270 Millionen Euro.

Das war offenbar der Preis, den Bakaltschuk zahlen musste, um den korrupten Strafverfolgungsbehörden zu entkommen. Die richtigen Geschäftspartner hatte sie dafür gewählt: Laut renommierten russischen Medien sind sie bis in höchste Kreise vernetzt. Kontrolliert wird Russ Group von den Brüdern Robert und Lewan Mirsojan, die in enger Verbindung zum Geschäftsmann und Abgeordneten des Föderationsrats aus Dagestan, Süleyman Kerimow, stehen sollen. Dieser wiederum soll Kontakt zum Chef der Präsidialverwaltung, Anton Wajno, haben.

Mit Zustimmung Putins

Bei Russlands Machthaber Wladimir Putin sollen sie den Deal angepriesen haben: Man könne dann mit den weltgrößten Online-Händlern wie Amazon konkurrieren. Außerdem werde ein auf dem Rubel basierendes Zahlungssystem und Bankennetzwerk errichtet, mit dem man SWIFT umgehen könne.

Putin soll seinen Minister für wirtschaftliche Entwicklung, Maxim Oreschkin, angewiesen haben, die Fusion zu begleiten, ohne direkt einzugreifen. Jedenfalls teilte der Kreml mit, Putin unterstütze die Fusion.

Machtvolle Unterstützung für Bakaltschuk

Außenvor blieb jedoch Ehemann Wladislaw Bakaltschuk. Er sprach von einer feindlichen Übernahme und erklärte, seine Frau werde manipuliert. Sie reichte im Juli die Scheidung ein und tritt wieder mit ihrem Mädchennamen Tatjana Kim auf.

Bakaltschuk will sich sein Lebenswerk jedoch nicht zerstören lassen, suchte ebenbürtige Unterstützung - und fand sie in Ramsan Kadyrow. Tschetscheniens Machthaber traf sich mit ihm und wiederholte Bakaltschuks Vorwürfe öffentlich. Er bezeichnete die Eigentümer der Russ Group als Betrüger, die Tatjana Kommunikation mit ihrer Familie verwehrten.

Schießerei nahe des Kreml

Der Konflikt eskalierte schließlich Mitte September. Bakaltschuk kam mit einer Gruppe Männer - viele von ihnen Tschetschenen - zum Firmensitz von Wildberries, der sich unweit des Kreml befindet. Es kam zu einer Schießerei mit Sicherheitsleuten der Firma.

Zwei Männer wurden getötet, sie stammten aus Inguschetien, einer Teilrepublik im Nordkaukasus. An der Beerdigung in ihrer Heimat nahmen Tausende Einwohner teil. Alte Spannungen zwischen Inguschen und Tschetschenen fanden neue Nahrung.

Kadyrow warnt

Kadyrow erhöhte den Einsatz, als am 9. Oktober ein Video in seinem Telegram-Kanal veröffentlicht wurde. Darin droht er Kerimow sowie Duma-Abgeordneten aus Dagestan und Inguschetien mit Blutrache. Er warf ihnen vor, ein Mordkomplett gegen ihn geplant zu haben. Zugleich warnte Kadyrow davor, aus dem Konflikt eine ethnische Auseinandersetzung zu konstruieren und die Lage ""aufzuwiegeln"".

Vieles spricht dafür, dass es ihm in der Tat um handfeste wirtschaftliche Interessen geht, wie das Beispiel der russischen Danone-Tochter zeigt, die im Juli 2023 ein Neffe Kadyrows übernahm.

Zwar ist Kadyrow Herrscher von Putins Gnaden und zeigt immer wieder Gesten der Ergebenheit. Doch erkennt er nur Putin als Führer an, während er sich mit anderen im Machtapparat einen harten Konkurrenzkampf liefert. Im Nordkaukasus tritt er mit dem Anspruch auf, in der gesamten Region für Ordnung sorgen zu wollen - dies zum Missfallen der Führer der anderen Teilrepubliken.

Die Schießerei und die Rede von der Blutfehde lässt nun bei vielen ungute Erinnerungen an die 1990er-Jahre aufkommen, als sich Geschäftsleute und Kriminelle mit Gewalt Ressourcen aneigneten. Bisher scheint es, dass Putin den Entwicklungen seinen Lauf lässt, so wie er Wagner-Chef Jewgeni Prigoschin lange gewähren ließ. So könnte, was mit einem Streit unter Eheleuten begann, ein weiteres Mal die Stabilität in Russland gefährden.",Silvia Stöber,"Russland, Kadyrow",2024-10-15,CONTROL_MeToo_Protests_2017_2024,single,True,1,"De, En, La"
https://www.tagesschau.de/wirtschaft/verbraucher/adac-tanken-benzin-kosten-100.html,Tagesschau,ADAC-Auswertung zum Spritpreis: Saarländer tanken am günstigsten,"Das Tanken ist für Autofahrer im Südwesten Deutschlands derzeit am billigsten. Teurer wird es in den nördlichen Bundesländern, wie eine aktuelle Auswertung des ADAC zeigt.

Im Südwesten Deutschlands ist Tanken derzeit am günstigsten. Vergleichsweise teuer wird es im Norden und Nordosten, wie eine aktuelle Auswertung des ADAC zu den Kraftstoffpreisen in den 16 Bundesländern ergab.

Ein Liter Superbenzin E10 kostete demnach am Dienstagvormittag im Saarland zuletzt durchschnittlich 1,636 Euro und damit acht Cent weniger als in den teuersten Bundesländern Schleswig-Holstein und Hamburg. Auch in Rheinland-Pfalz und Baden-Württemberg waren die Kraftstoffpreise vergleichsweise günstig. Neben Schleswig-Holstein und Hamburg wiesen Brandenburg, Sachsen, Mecklenburg-Vorpommern, Thüringen und Sachsen-Anhalt vergleichsweise hohe Preise auf.

Auch beim Diesel hat das kleinste Flächenland für Autofahrer Vorteile: Der Liter kostete im Saarland 1,550 Euro, 6,5 Cent weniger als im teuersten Diesel-Land Mecklenburg-Vorpommern.

Preise zuletzt wieder gestiegen

Die Auswertung des ADAC zeigt auch, dass die Preise in den vergangenen beiden Wochen insgesamt wieder etwas anzogen. Das sei vor allem eine Folge des Anstiegs beim Ölpreis, erklärte der Automobilclub. Zuletzt haben aber eine zurückhaltende Nachfrageprognose des Ölkartells OPEC und schwindende Sorgen vor Engpässen infolge des Nahostkonflikts wieder für fallende Ölnotierungen gesorgt.

Der ADAC empfiehlt den Autofahrern, sich vor dem Tanken zu informieren, wo die Kraftstoffpreise gerade am niedrigsten sind. Dabei kann eine Spritpreis-App helfen.

Für die aktuelle Untersuchung hat der ADAC die Preisdaten von mehr als 14.000 bei der Markttransparenzstelle für Kraftstoffe erfassten Tankstellen ausgewertet und den 16 Bundesländern zugeordnet.",,"ADAC, Tankstellen, Benzinpreis",2024-10-15,CONTROL_MeToo_Protests_2017_2024,single,True,1,"De, En, La"
https://www.tagesschau.de/ausland/asien/polio-impfkampagne-gaza-100.html,Tagesschau,Zwischenbilanz der WHO: Zweite Polio-Impfrunde in Gaza kommt voran,"Die zweite Runde der Polio-Impfungen im Gazastreifen ist nach Angaben der WHO erfolgreich angelaufen. Israel hatte dafür humanitären Feuerpausen zugestimmt. Doch noch kurz vor Beginn der Impfaktion gab es Angriffe.

Mehr als 92.000 Kinder haben im Gazastreifen die zweite Dosis ihrer Polio-Impfung erhalten. Die zweite Runde der Impfkampagne sei gestern ohne Zwischenfälle gestartet, berichtete die Weltgesundheitsorganisation (WHO) in Genf.

Die WHO ist mit Partnerorganisationen zunächst im zentralen Gazastreifen aktiv. Danach gehen die Impfteams in den Süden, dann in den Norden des Gazastreifens.

Impfstelle bei Angriff zerstört

Israel hatte wie in der ersten Impfrunde im September stundenweisen Feuerpausen zugestimmt, damit Familien sicher zu den Impfstationen gehen können. Wenige Stunden vor dem Beginn der Impfkampagne am Montag meldete das UN-Büro für humanitäre Angelegenheiten jedoch, dass israelische Streitkräfte Zelte in der Nähe des Al-Aksa-Krankenhauses in Zentral-Gaza angegriffen hätten, wo vier Menschen verbrannt seien.

Das palästinensische UN-Flüchtlingshilfswerk UNRWA teilte mit, dass eine seiner Schulen in der Stadt Nuseirat im Zentrum des Gazastreifens, die als Impfstelle vorgesehen war, in der Nacht auf Montag angegriffen wurde. Dabei seien bis zu 22 Menschen ums Leben gekommen.

Mehr als 590.000 Kinder sollen Polio-Schutz erhalten

Die Impfungen selbst seien bisher ohne Schwierigkeiten verlaufen, so WHO-Sprecher Tarik Jašarević auf einer Pressekonferenz in Genf. ""Was wir von unseren Kollegen erfahren haben, ist, dass die Impfung gestern ohne größere Probleme verlaufen ist, und wir hoffen, dass dies auch weiterhin so sein wird"", sagte er.

Insgesamt sollen mehr als 590.000 Kinder unter zehn Jahren die zweite Dosis für einen vollständigen Schutz vor der Infektionskrankheit erhalten.

Erster Polio-Fall seit 25 Jahren

Im Sommer war der erste Polio-Fall - auch Kinderlähmung genannt - seit 25 Jahren in dem abgeriegelten Palästinensergebiet entdeckt worden. Die Krankheit kann zu dauerhaften Lähmungen und zum Tod führen.

Das Virus breitet sich aus, wenn unhygienische Zustände herrschen. Im Gazastreifen sind seit Beginn der israelischen Militäraktionen im vergangenen Herbst Hunderttausende Menschen ständig auf der Flucht. Israel reagierte mit dem Einsatz auf die verheerenden Terroranschläge der Hamas vom 7. Oktober 2023.",,Gazastreifen,2024-10-15,CONTROL_MeToo_Protests_2017_2024,single,True,0,"In, The, To"
https://www.tagesschau.de/ausland/europa/fluechtlingszahlen-eu-frontex-100.html,Tagesschau,Frontex meldet deutlichen Rückgang der irregulären Migration,"Die Grenzschutzagentur Frontex überwacht die Außengrenzen der EU. Ihre neusten Zahlen zeigen: Die irreguläre Migration geht deutlich zurück. Sorgen bereiten aber die östlichen Außengrenzen.

Die EU-Grenzschutzagentur Frontex hat neue Flüchtlingszahlen präsentiert - und meldet insgesamt eine deutliche Abnahme der irregulären Grenzübertritte. In den ersten neun Monaten des Jahres ging die Zahl Frontex zufolge um 42 Prozent zurück. Sie liegt jetzt bei 166.000.

Am deutlichsten war der Rückgang mit 79 Prozent auf der Westbalkanroute. Grund dafür ist das Ende der Visafreiheit beispielsweise für indische und tunesische Staatsbürger in Serbien. Rumänien und Bulgarien rüsteten außerdem an ihren EU-Außengrenzen stark auf.

Frontex bezieht sich mit seinen Zahlen auf aufgedeckte irreguläre Grenzübertritte an den EU-Außengrenzen. Das bedeutet, dieselbe Person kann die Grenzen auch mehrmals an unterschiedlichen Orten überquert haben.

Starker Rückgang durch harte Politik gegen Schleuser

Überdurchschnittlich hoch war mit 64 Prozent auch der Rückgang auf der zentralen Mittelmeerroute. Das liegt vor allem an der harten Politik, mit der Länder wie Tunesien und Libyen gegen Schleuser-Netzwerke vorgehen und Migranten auf dem Weg nach Europa stoppen. Im Gegenzug erhalten sie von der EU Hunderte Millionen Euro.

Mehr irregulär eingereiste Flüchtlinge kamen dagegen über die Westafrikaroute auf die Kanarischen Inseln. Und auch an den östlichen EU-Außengrenzen zu Polen und den baltischen Republiken wurden mit rund 13.000 Fällen deutlich mehr irreguläre Grenzübertritte als im Vorjahreszeitraum registriert.

Flüchtlinge vor allem aus Syrien, Mali und der Ukraine

Die Mehrzahl der Menschen stammte dem Bericht zufolge aus Syrien, Mali und der Ukraine. Dazu kommt, dass Moskau angeblich Migranten über Belarus an die polnische Grenze bringt, um dort die Situation zu destabilisieren, weshalb Warschau das Recht auf Asyl vorübergehend aussetzen will.

Angesichts der insgesamt aber deutlich zurückgehenden Flüchtlingszahlen rückt für die EU nun das Thema der Rückführungen von Migranten ohne Bleiberecht in den Blickpunkt. So hat EU-Kommissionspräsidentin Ursula von der Leyen in einem Brief an die 27 EU-Mitgliedsstaaten angekündigt, einen neuen Anlauf für ein funktionierendes Rückführungsmanagement zu nehmen. Bisher waren alle Versuche an den unterschiedlichen Positionen im EU-Parlament gescheitert.",Matthias Reiche Brüssel,"Migration, Frontex, EU",2024-10-15,CONTROL_MeToo_Protests_2017_2024,single,True,1,"De, En, La"
https://www.tagesschau.de/ausland/unifil-112.html,Tagesschau,Was machen die UN-Soldaten im Libanon?,"Eigentlich soll die UNIFIL-Mission im Libanon den Frieden wahren - doch die Blauhelme geraten zunehmend zwischen die Fronten. Wie stark ist die Truppe? Wer ist daran beteiligt? Und was dürfen und können die Soldaten tun?

Die Abkürzung UNIFIL steht für: United Nations Interim Force in Lebanon. Seit 1978 sind Blauhelmsoldaten im Südlibanon stationiert - also bereits eine sehr lange ""Interimszeit"". Damals war Israel kurzzeitig in die Region einmarschiert, um palästinensische Terroristen zu vertreiben, die zuvor mehrere Anschläge mit Dutzenden Toten verübt hatten.

Um den Rückzug der Israelis zu bestätigen - die Armee zog sich noch im selben Jahr zurück - und der libanesischen Regierung zu helfen, die Kontrolle über die Region zu erlangen, wurde UNIFIL eingerichtet. Die Mission ist damit einer der ältesten UN-Einsätze und wird jedes Jahr vom UN-Sicherheitsrat erneuert.

Seit der nach dem Libanon-Krieg von 2006 vom UN-Sicherheitsrat verabschiedeten Resolution 1701 wurden die Aufgaben der Blauhelmtruppe deutlich erweitert. Sie soll laut UN-Website ""die Aufrechterhaltung von Sicherheit und Stabilität im gesamten Südlibanon durch umfassende Verbindungs- und Koordinierungsvereinbarungen"" gewährleisten. Es geht also darum, die Einhaltung der Waffenruhe nach dem Libanon-Krieg 2006 zu überwachen.

In der Resolution ist auch das Einsatzgebiet der Friedenstruppen festgelegt: Es wird im Norden durch den Fluss Litani und im Süden durch die Blaue Linie begrenzt. Dies ist eine im Jahr 2000 von den UN festgezogene Demarkationslinie und die de-facto-Grenze zwischen den Ländern.

Die UN-Truppe unterstützt die politisch eher schwache libanesische Regierung dabei, ihre Autorität im Süden des Landes durchzusetzen. Die Region soll als Pufferzone zwischen Israel und der Hisbollah dienen - es soll also keine Kämpfer außer denen der libanesischen Armee und der Blauhelmen dort geben. Außerdem soll UNIFIL helfen, die Seegrenzen zu sichern und den Waffenschmuggel zu verhindern.

Dennoch konnte die Terrormiliz Hisbollah in den vergangenen Jahren ein enormes Arsenal von bis zu 150.000 Raketen anhäufen. Ein Großteil dieser Waffen kommt mutmaßlich aus dem Iran, der die Miliz nach Kräften unterstützt. Auch soll die Hisbollah ein großes Tunnelsystem aufgebaut haben, ähnlich dem der Hamas im Gazastreifen. Kritiker monieren daher, dass die UN-Truppe trotz ihrer großen Zahl das Erstarken der Terrororganisation nicht verhindern konnte.

Laut UNIFIL-Website sind mehr als 10.000 Soldaten und etwa 800 zivile Mitarbeiter aus 50 Ländern im Einsatz. Unter den europäischen Truppenstellern stellten Italien (1.068), Spanien (676) und Frankreich (673) die meisten Soldaten. Mehr Personal stellte Indonesien (1.231). Auch die Bundeswehr beteiligt sich mit etwa 150 Personen. Gut 40 halten sich im Hauptquartier in Nakura auf, weitere in Jounieh und auf Zypern, so das Einsatzführungskommando Bundeswehr.

Vor allem aber beteiligt sich Deutschland am Marineeinsatz der Mission. Diese umfasst laut Bundeswehr etwa fünf bis acht Kriegsschiffe, unter anderem aus Bangladesch, Griechenland, der Türkei oder Indonesien. Für Deutschland ist die Korvette ""Ludwigshafen am Rhein"" mit etwa 60 Besatzungsmitgliedern vor Ort. Der gesamte Verband wird von einem deutschen Admiral geführt.

Das Hauptquartier von UNIFIL befindet sich in der Stadt Nakura. Daneben gibt es mehr als 50 Außenposten zwischen dem Litani-Fluss und der Blauen Linie. Oft befinden sich diese Posten strategisch günstig auf Anhöhen mit guter Sicht - und sind damit interessant für alle kriegführenden Parteien.

Die Truppe ist bewaffnet, kann ihre Waffen im Wesentlichen aber nur zur Selbstverteidigung einsetzen. Das Mandat erlaubt es, in dem Operationsgebiet Patrouillen durchzuführen, sowohl unabhängig als auch gemeinsam mit den libanesischen Streitkräften.

Zudem dürfen die Soldaten auf ""Gewalt zurückgreifen, um sicherzustellen, dass ihr Operationsgebiet nicht für feindliche Aktivitäten genutzt wird"" - so steht auf der UN-Homepage.

Allerdings kontrollierte die Hisbollah bis vor Kurzem de facto den Süden des Libanons - trotz der Anwesenheit der libanesischen Armee und der UN-Truppen. Auch meldet Israel seit Monaten Raketenbeschuss aus dem Gebiet. Bereits 2022 hieß es in einem Bericht an den Sicherheitsrat, dass die Hisbollah und andere bewaffnete Gruppen fortgesetzt nicht genehmigte Waffen außerhalb der staatlichen Kontrolle behalten haben. Dies wurde als anhaltender, schwerer Verstoß gegen die Resolution gewertet.

Israel hatte zuletzt mehrfach UNIFIL-Stellungen beschossen. Dabei wurden auch Blauhelmsoldaten verletzt. Das sorgte international für Empörung. Auch die Bundesregierung kritisierte den Beschuss der UN-Friedenstruppe am Montag scharf und forderte Israel auf, die Hintergründe solcher Vorgänge aufzuklären.

Das israelische Militär erklärte, es habe die UNIFIL-Soldaten in der Gegend von Nakura angewiesen, sich an sichere Orte zu begeben. Dann habe man das Feuer eröffnet, denn Hisbollah-Kämpfer agierten auch von Gebieten, die bei UNIFIL-Stützpunkten lägen. ""Unsere Empfehlung lautet, dass die UNIFIL sich fünf Kilometer nach Norden verlegt"", erklärte Israels UN-Botschafter Danny Danon am Donnerstag. Damit könnten angesichts der sich intensivierenden Kämpfe ""Gefahren vermieden werden"". Ministerpräsident Benjamin Netanyahu forderte die UN-Truppe auf, das Gebiet vorübergehend zu verlassen.

Der israelische Ministerpräsident Netanyahu kritisiert, die Terrororganisation Hisbollah nutze die die UN-Truppen als Deckung. Das Militär veröffentlichte zahlreiche Videos und Karten, die belegen sollen, dass die Miliz Raketen nur wenige Meter von UN-Posten entfernt auf Israel abfeuere. Auch seien Waffenlager und Tunnel in der Nähe der UN-Truppen entdeckt worden. Offenbar sei UNIFIL entweder nicht in der Lage oder nicht willens, gegen die terroristische Infrastruktur vorzugehen, hieß es.

Auch Experten gehen davon aus, dass die Hisbollah eigene militärische Infrastruktur in räumlicher Nähe zu UNIFIL-Einrichtungen positioniert - und die UN-Mission keine Handhabe dagegen gefunden hat. Weil die UN-Truppen ihrem Auftrag nicht nachkommen, die Hisbollah in dem Gebiet zu entwaffnen und Angriffe von dort zu verhindern, nimmt Israel das Heft nun selber in die Hand - so sieht es die Netanyahu-Regierung.",,"Nahost, Libanon, Israel, UNIFIL",2024-10-15,CONTROL_MeToo_Protests_2017_2024,single,True,1,"De, En, La"
https://www.tagesschau.de/inland/regional/hessen/frankfurter-buchmesse-eroeffnung-100.html,Tagesschau,Frankfurter Buchmesse: Gastland Italien sorgt für Irritationen,"Die Frankfurter Buchmesse legt in diesem Jahr einen Schwerpunkt auf Liebesromane für junge Erwachsene. Für Irritationen sorgt das Gastland Italien: Regierungskritische Autoren sind nicht Teil der offiziellen Delegation.

Wenn an diesem Mittwoch die Buchmesse in Frankfurt (16. bis 20. Oktober) startet, strömen wieder täglich zehntausende Besucher und Besucherinnen auf das Messegelände. Zunächst ist die weltweit größte Bücherschau nur für das Fachpublikum geöffnet, am Freitag um 14 Uhr öffnet die Buchmesse für alle Interessierten.

Kulturstaatsministerin Claudia Roth (Grüne), Ministerpräsident Boris Rhein (CDU) und Italiens Kulturminister Alessandro Giuli eröffnen die 76. Buchmesse mit dem Motto ""Read. Reflect. Relate."" am Dienstagnachmittag.

Das diesjährige Buchmesse-Gastland Italien hatte bereits im Vorfeld für einen Eklat in der Heimat gesorgt: Der Ehrengast bringt in den kommenden Tagen rund 100 Autoren und Autorinnen mit nach Frankfurt – doch einige bekannte regierungskritische Literaten sind nicht darunter.

Sie waren von italienischer Seite nicht für die Autoren-Delegation ausgewählt worden. Verantwortlich für den Ehrengast-Auftritt ist der Buchmesse-Sonderbeauftragte der italienischen Regierung Mauro Mazza.

Regierungskritische Autoren reisen separat an

Nachdem der regierungskritische Mafia-Enthüllungsautor Roberto Saviano nicht eingeladen worden war, hatten sich dutzende Autoren und Autorinnen aus Italien mit einem offenen Brief gegen den Gastland-Auftritt gewandt und aus Solidarität ihre Teilnahme abgesagt.

In dem Brief warfen sie der ultrarechten Regierung unter Giorgia Meloni vor, nicht genehme und regierungskritische Stimmen von der Buchmesse auszuschließen und sich zunehmend in den Kulturbetrieb einzumischen.

So treten Saviano und Schriftsteller Antonio Scurati, der die Ministerpräsidentin Meloni schon mal als Erbin Mussolinis bezeichnete, nicht im Pavillon des Ehrengastes auf. Sie reisen auf Einladung ihrer Verlage an und sind zu Gesprächen bei der Schriftstellervereinigung PEN Berlin und auf der Literaturbühne von ARD, ZDF und 3sat (Forum, Ebene 0) geladen.

Auch der Physiker und Autor Carlo Rovelli war zwischenzeitlich von Italiens Delegation ausgeladen worden. Er hatte bei einer Kundgebung in Italien Melonis Verteidigungsminister kritisiert. Am Dienstag spricht er als Gastredner bei der Eröffnungsfeier – nun wieder als Teil des Ehrengast-Auftritts.

""Frankfurt Calling"" für weltpolitische Themen

An den fünf Messetagen erwarten die Besuchenden laut Veranstalter rund 1.000 Autoren und Sprecherinnen bei 650 Veranstaltungen auf 15 Bühnen. Für die politischen Debatten hat sich die Messe eine neue Dachmarke ausgedacht: ""Frankfurt Calling"".

Der israelische Historiker Yuval Noah Harari (""Nexus"") diskutiert zum Beispiel mit dem japanischen Philosophen Kohei Saito (""Systemsturz"") über unsere Optionen für die Zukunft. Bundesinnenministerin Nancy Faeser (SPD) und Philosoph Michel Friedman, der die AfD zuletzt bei einer Gedenkfeier im Landtag scharf attackierte, reden über das Spannungsfeld von Freiheit und innerer Sicherheit – und die Folgen für unsere Demokratie.

Bekannte Gesichter sind in diesem Jahr Moderatorin Judith Rakers, Peter Maffay, Thomas Gottschalk, Max Mutzke, Tierschützer und Influencer Malte Zierden, Astronaut Matthias Maurer, Mai Thi Nguyen-Kim sowie Autoren wie Sebastian Fitzek, Caroline Wahl, Elif Shafak und Saša Stanišić.

Eine riesige Bühne für ""New Adult""

In den ersten drei Quartalen dieses Jahres bewege sich der Umsatz der Buchbranche leicht über dem Vorjahr und damit auf einem stabilen Niveau, sagte Karin Schmidt-Friderichs, Vorsteherin des Börsenvereins des Deutschen Buchhandels, bei der Eröffnungs-Pressekonferenz am Dienstagvormittag. Gerade viele junge Leserinnen und Leser seien ""im Lesefieber"".

Auch deshalb setzt die Buchmesse in diesem Jahr einen Schwerpunkt auf das Trend-Genre ""New Adult"". Das sind romantische Romane für junge Erwachsene, wahlweise erotisch oder mit Fantasy vermischt.

Auf 8.000 Quadratmetern finden in Halle 1.2 in diesem Jahr Lesungen, Signierstunden, Vorträge zum Selfpublishing und Treffen von ""New Adult""-Fans statt. Gefeierte Autorinnen wie Jane S. Wonda, D.C. Odesza und Yasmin Shakarami treten dort auf.

Die Buchmesse habe auf dieser Ebene ""eher den Charakter einer Convention als einer Messe"", sagte Direktor Juergen Boos. Das Genre New Adult sei eine Art ""selbstbestimmte Realitätsflucht"", die Leser wahre Fans.

Netflix als Aussteller, neue ""Asia Stage""

Auch andere Trendthemen werden bedient: Zum ersten Mal gibt es eine ""Asia Stage"". Ein ""Games Business Center"" will Verlage und Spielehersteller zusammenbringen. Das ""Audio""-Areal für Hörbücher und Podcasts ist doppelt so groß wie bisher.

Streaming-Anbieter Netflix ist in diesem Jahr erstmals mit einem eigenen Stand auf der Messe vertreten. Die Plattform Tiktok vergibt wieder ihre TikTok BookTok Awards, für die auf der Videoplattform selbst abgestimmt wird.

Debatte aus 2023 endete mit Stillstand

Traditionell endet die Buchmesse am Sonntag mit der Verleihung des Friedenspreises des Deutschen Buchhandels. Die Historikerin Anne Applebaum erhält den Preis in diesem Jahr bei der Feier in der Frankfurter Paulskirche. Begonnen hatte die Woche mit der Verleihung des Deutschen Buchpreises an Martina Hefter für ihren Roman ""Hey guten Morgen, wie geht es dir?"".

Nicht verliehen wird in diesem Jahr der LiBeraturpreis vom Verein Litprom, der 2023 in Zentrum einer Debatte stand. Wegen einer Antisemitismus-Kontroverse über den Roman der Preisträgerin hatte Litprom die Preisvergabe an die palästinenische Autorin Adania Shibli zunächst auf einen ungenannten Zeitpunkt nach der Buchmesse verschoben.

Weil man sich mit Shibli nicht auf ein nachträgliches Format einigen konnte, wolle man in diesem Jahr das Vergabeverfahren überdenken und aussetzen, teilte Litprom auf Anfrage mit.

Rekord-Besucherzahl weit entfernt

Ein neuer Besucher-Rekord dürfte für die Buchmesse auch in diesem Jahr schwer werden: 2023 lag die Besucherzahl mit rund 215.000 Besucher und Besucherinnen noch weit unter dem Vor-Corona-Rekordjahr 2019. Damals waren rund 300.000 Menschen zur Messe gekommen.

Die Vorverkaufszahlen stimmten Buchmesse-Chef Boos Ende September zumindest hoffnungsvoll auf steigende Besucherzahlen: Sie hatten zu dem Zeitpunkt 30 bis 40 Prozent über dem Vorjahr gelegen.

Privatbesucherinnen und Privatbesucher können die Tickets in diesem Jahr erstmals nur online kaufen. Was die Tickets kosten und wie Sie am besten zum Messegelände kommen – hier haben wir Service-Informationen für Ihren Besuch zusammengestellt.",,"Frankfurter Buchmesse, Italien",2024-10-15,CONTROL_MeToo_Protests_2017_2024,single,True,1,"De, En, La"
https://www.tagesschau.de/wirtschaft/weltwirtschaft/iwf-staatsverschuldung-usa-china-100.html,Tagesschau,IWF: Globale Staatsverschuldung steigt über 100 Billionen Dollar,"Die weltweite Staatsverschuldung dürfte laut dem Internationalen Währungsfonds in diesem Jahr erstmals die Marke von 100 Billionen Dollar übertreffen. Vor allem die USA und China nehmen immer mehr Kredite auf.

Die globale Verschuldung dürfte nach Einschätzung des Internationalen Währungsfonds (IWF) bis zum Jahresende die Marke von 100 Billionen Dollar übertreffen. Mittelfristig werde die Verschuldung steigen, heißt es in einer heute veröffentlichten Analyse des IWF zur Entwicklung der öffentlichen Verbindlichkeiten.

Schuldenquote bald bei 100 Prozent?

Gemessen an der Wirtschaftsleistung dürfte die Schuldenquote Ende 2024 voraussichtlich bei 93 Prozent liegen. Bis 2030 dürfte sie sich dann 100 Prozent annähern. Während der Pandemie war der Wert auf den bisherigen Rekordstand von 99 Prozent gesprungen. Zum Vergleich: 2019 und damit vor der Pandemie waren es noch 90 Prozent gewesen.

So drastisch diese neuen Zahlen auch anmuten: Sie könnten sogar noch zu niedrig gegriffen sein. Der IWF selbst betonte, die Schätzungen zur Verschuldung hätten zuletzt oft deutlich zu niedrig gelegen. IWF und Weltbank haben für die nächste Woche zur traditionellen Herbsttagung nach Washington geladen. In den kommenden Tagen werden daher auch Projektionen für die globale Wirtschaftsleistung erwartet.

Diese Länder machen mehr Schulden

Doch welche Länder sind eigentlich die größten Schuldenmacher? Dem IWF zufolge wird die globale Staatsverschuldung vor allem durch die Kreditaufnahme in den beiden größten Volkswirtschaften USA und China getrieben. Aber auch in Brasilien, Frankreich, Italien, Südafrika und Großbritannien rechnet der IWF mit einem Anstieg der Schulden.

Angesichts des Drucks, sauberere Energie zu finanzieren, die alternde Bevölkerung zu unterstützen und die Sicherheit zu stärken, bestehe wenig politische Bereitschaft, die Ausgaben zu kürzen. Daher ""sind die Risiken für die Schuldenaussichten stark nach oben gerichtet"", so der IWF.

Steigende Verschuldung in den USA und China

In den USA wird in drei Wochen ein neuer Präsident gewählt. Experten rechnen unabhängig vom Ausgang mit einer stark steigenden Verschuldung der weltgrößten Volkswirtschaft.

Zuletzt hatte China Maßnahmen zur Wiederbelebung seiner angeschlagenen Wirtschaft angekündigt und dabei eine massive Ausgabe von Staatsanleihen ins Spiel gebracht. Nach Informationen der chinesischen Wirtschaftszeitung Caixin unter Berufung auf informierte Kreise will sich Peking für die geplanten Konjunkturmaßnahmen insgesamt sechs Billionen Yuan (etwa 774 Milliarden Euro) durch die Ausgaben von Staatsanleihen mit einer langen Laufzeit beschaffen.

Hohe Einsparungen sind nötig

Der Währungsfonds mahnte die globalen Regierungen derweil zu harten Entscheidungen, um die Kreditaufnahme zu stabilisieren, denn: ""Abwarten ist riskant. Die Erfahrungen der Länder zeigen, dass hohe Schulden negative Marktreaktionen auslösen und den Spielraum für Haushaltsmanöver angesichts negativer Schocks einschränken können"", warnen die IWF-Experten.

Um der ausufernden Verschuldung Herr zu werden, bedarf es allerdings drastischer Maßnahmen. Um die Schulden zu stabilisieren oder zu reduzieren, müssten die Staatsausgaben im Schnitt um 3,0 bis 4,5 Prozent des Bruttoinlandsprodukts (BIP) sinken, rechnet der IWF vor. Dabei sollten die Regierungen bei der Gestaltung der Kürzungen ""sorgfältig"" vorgehen, um zu verhindern, dass ihre Länder in eine längere Phase ""blutleeren Wachstums"" geraten.",,"IWF, Schulden, Staaten, China, USA, Trump",2024-10-15,CONTROL_MeToo_Protests_2017_2024,single,True,2,"February, Inflation, Rates"
https://www.tagesschau.de/ausland/europa/egmr-abschiebung-syrer-100.html,Tagesschau,Deutschland wegen Abschiebung eines Syrers verurteilt,"2018 griffen die deutschen Behörden einen syrischen Flüchtling an der Grenze zu Österreich auf - und schoben ihn am selben Tag wieder ab. Nun hat ein europäisches Gericht geurteilt: Die Abschiebung hat seine Menschenrechte verletzt.

Der Europäische Gerichtshof für Menschenrechte hat Deutschland wegen der Abschiebung eines Syrers nach Griechenland verurteilt. Die Abschiebung stelle eine Verletzung des Verbots unmenschlicher oder erniedrigender Behandlung dar, teilten die Straßburger Richterinnen und Richter mit.

Die deutschen Behörden hätten vor der Abschiebung nicht geprüft, ob der Mann in Griechenland Zugang zu einem Asylverfahren habe, ""das verhindert, dass er nach Syrien abgeschoben wird"".

Die deutschen Behörden hätten zudem nicht geprüft, ""ob er in Griechenland Haftbedingungen ausgesetzt sein würde, die gegen Artikel 3 verstoßen könnten"", hieß es in der Urteilsbegründung mit Blick auf das Verbot unmenschlicher Behandlung.

Syrer an deutsch-österreichischer Grenze aufgegriffen

Der 1993 in Syrien geborene Mann war im September 2018 in der Nähe der deutsch-österreichischen Grenze aufgegriffen worden. Er hatte versucht, per Bus mit einem in Griechenland für 2.000 Euro gekauften bulgarischen Pass einzureisen. Er wurde auf eine Polizeiwache in Passau gebracht und noch am selben Tag in ein Flugzeug nach Athen gesetzt.

Der Antragsteller warf den deutschen Behörden vor, seinen Wunsch nach einem Asylverfahren in Deutschland nicht registriert zu haben. Er habe außerdem keinen Zugang zu einem Anwalt gehabt und daher keine Rechtsmittel gegen die Abschiebung nach Griechenland einlegen können.

Mann inzwischen in Griechenland anerkannt

Der Menschenrechtsgerichtshof verurteilte Deutschland, dem Mann eine Entschädigung in Höhe von 8.000 Euro zu zahlen. Außerdem verurteilte das Gericht Griechenland wegen der Haftbedingungen auf einer Polizeiwache in Leros zu einer Entschädigung in Höhe von 6.500 Euro.

Der Kläger wurde letztlich in Griechenland als Flüchtling anerkannt. ""Diese Wendung war jedoch nicht absehbar, als die deutschen Behörden den Mann nach Griechenland zurückgeführt hatten"", heißt es in der Urteilsbegründung.",,"EGMR, Abschiebung, Syrer",2024-10-15,CONTROL_MeToo_Protests_2017_2024,single,True,1,"De, En, La"
https://www.tagesschau.de/inland/gesellschaft/shell-jugendstudie-102.html,Tagesschau,Angst vor Krieg nimmt unter jungen Menschen zu,"Die Angst vor einem Krieg in Europa ist unter jungen Menschen in Deutschland deutlich gewachsen. Das zeigt die neue Shell-Jugendstudie. In ihre persönliche Zukunft blickt eine Mehrheit der Befragten aber mit Zuversicht.

Eine deutliche Mehrheit der Jugendlichen in Deutschland hat Angst vor einem Krieg in Europa. Das geht aus der der neuen Shell-Jugendstudie hervor. Für rund 81 Prozent der Befragten ist dies die größte Sorge - im Jahr 2019 waren es noch 46 Prozent.

Auf Platz zwei liegt mit 67 Prozent die Angst vor Armut (2019: 52 Prozent). Platz drei teilen sich mit jeweils 64 Prozent die Sorge vor Umweltverschmutzung (zuvor 71 Prozent) sowie die Angst vor einer wachsenden Feindseligkeit zwischen den Menschen (zuvor 56 Prozent).

Befragt wurden nach Angaben des Energieunternehmens Shell, das die Studie in Auftrag gegeben hat, 2.509 junge Menschen zwischen zwölf und 25 Jahren nach ihren Einstellungen zu diversen Themen - unter anderem zu Familie, Freunden, Politik und aktuellen Konflikten in der Welt.

Mehrheit verurteilt russischen Angriffskrieg

Eine deutliche Mehrheit der Befragten verurteilt den russischen Angriffskrieg (60 Prozent). Der Meinung, dass Deutschland die Ukraine weiter auch militärisch unterstützen sollte, ist rund die Hälfte - ein Viertel spricht sich dagegen aus. Jugendliche in den östlichen Bundesländern stimmen weniger zu als in den westlichen.

Knapp ein Drittel der Jugendlichen findet es gut, dass sich Deutschland im Nahost-Krieg eindeutig an die Seite Israels gestellt hat, genauso viele lehnen dies ab. Rund ein Viertel ist unentschieden. Ob Deutschland eine besondere Verantwortung gegenüber Israel trägt, beantwortet ein Drittel mit ja, ein Drittel sagt nein, ein Viertel teils-teils.

Interesse an Politik nimmt zu

Trotz globaler Krisen und erheblicher Zukunftsängste bleiben die jungen Menschen in Deutschland mehrheitlich (55 Prozent) zuversichtlich. 75 Prozent sind mit der Demokratie eher oder sogar sehr zufrieden. Auch sind sie laut Umfrage politisch engagierter als noch vor fünf Jahren. 51 Prozent informieren sich demnach aktiv über politisches Geschehen (2019: 36 Prozent).

Dies zeige, dass sich ein Großteil der Jugendlichen differenziert mit Krisen und deren Konsequenzen auseinandersetze, sich aber nicht entmutigen lasse. Die Ressourcen, ""die sie in sich selbst und in ihrem sozialen Nahbereich finden, geben vielen von ihnen Zuversicht, ihre Zukunft meistern zu können"", betonen die Studienautoren.

Sorge vor Arbeitslosigkeit auf Tiefstand

So zeigt sich etwa eine Mehrheit davon überzeugt, ihre beruflichen Ziele zu erreichen. Die Sorge vor Arbeitslosigkeit oder fehlenden Ausbildungsplätzen ist auf einem historischen Tiefstand. Nur noch etwa ein Drittel der Jugendlichen nennt dies als eine wesentliche Angst.

Im Vergleich zur Shell Jugendstudie 2019 sind den Jugendlichen vor allem ein hohes Einkommen (83 Prozent, zuvor 76 Prozent) und gute Aufstiegsmöglichkeiten (80 Prozent, zuvor 74 Prozent) wichtiger geworden.",,"Jugendliche, Studie",2024-10-15,CONTROL_MeToo_Protests_2017_2024,single,True,1,"De, En, La"
https://www.tagesschau.de/wirtschaft/unternehmen/rheinmetall-leonardo-panzer-100.html,Tagesschau,Rheinmetall und Leonardo gründen Gemeinschaftsfirma zum Bau von Panzern,"In Europas Rüstungsbranche entsteht ein neues Schwergewicht. Das Joint Venture von Rheinmetall und dem italienischen Konzern Leonardo soll unter anderem Kampfpanzer bauen. Der milliardenschwere erste Auftrag winkt bereits.

Rheinmetall und der italienische Rüstungskonzern Leonardo haben ihr Gemeinschaftsunternehmen zum Bau von Panzern auf den Weg gebracht. Die beiden Partner sollen je 50 Prozent der Anteile an dem neuen Unternehmen Leonardo Rheinmetall Military Vehicles (LRMV) mit Hauptsitz in Rom halten, wie sie gemeinsam mitteilten. Das operative Zentrum soll im norditalienischen La Spezia liegen, wo Leonardo bereits ein Werk hat.

Mit der formellen Genehmigung durch die Behörden rechnen die Partner bis Anfang 2025. Das bereits im Juli angekündigte Gemeinschaftsunternehmen dürfte auf zweistellige Milliardenumsätze kommen. Den Schwerpunkt werden zunächst Panzer-Aufträge der italienischen Armee bilden.

Milliardenaufträge in Sicht

""Das Hauptziel des Joint Ventures ist die industrielle Entwicklung und anschließende Vermarktung des neuen italienischen Kampfpanzers (MBT) und der neuen Lynx-Plattform"", teilten die Konzerne mit. Die Basis für die neuen Systeme sollen der Kampfpanzer Panther und der Schützenpanzer Lynx von Rheinmetall legen, die Leonardo mit eigenen Techniken ergänzen wird.

Neben dem klassischen Schützenpanzer seien auch Flugabwehr-, Aufklärungs- und Panzerabwehrversionen geplant. ""Beide Partner erwarten zudem umfangreiche Absatzchancen für ihre gemeinsamen Produkte auf internationalen Märkten"", hieß es weiter. ""Der erste Auftrag für das Joint Venture sollte entweder noch Ende des Jahres oder im ersten Quartal 2025 vergeben werden"", hatte Rheinmetall-Chef Armin Papperger im August erklärt. ""Wir reden dabei über 20 bis 25 Milliarden Euro.""

Erster Schritt zu europäischem Konzern?

Papperger sieht das Gemeinschaftsunternehmen als einen ersten Schritt hin zu einer Konsolidierung der Branche. Beide Unternehmen schafften gemeinsam ein neues Schwergewicht im europäischen Panzerbau, sagte er. ""Dies ist ein bedeutender Schritt in Richtung der Schaffung eines europäischen Verteidigungssystems"", erkläre Leonardo-Chef Roberto Cingolani.

Der russische Überfall auf die Ukraine hatte für westliche Rüstungskonzerne wie Rheinmetall eine Wende gebracht. Die Branche wird für die Stärkung der Bundeswehr und der Truppen der NATO-Staaten sowie der Ukraine gebraucht. In der europäischen Rüstungsindustrie werden auch deshalb neue Allianzen gebildet. Leonardo ist auch mit 22,8 Prozent am deutschen Rüstungselektronik-Konzern Hensoldt beteiligt.

Leonardo hat im vergangenen Jahr mit über 53.000 Mitarbeitern einen Umsatz von 15,3 Milliarden Euro erzielt und zählt damit zu den größten Rüstungskonzernen Europas. Rheinmetall setzte in diesem Zeitraum knapp 7,2 Milliarden Euro um. Beide Unternehmen hatten Ende 2023 einen Auftragsbestand von knapp 40 Milliarden Euro in den Büchern. An Leonardo hält der italienische Staat rund 30 Prozent der Anteile. Rheinmetall ist seinerseits bereits in Italien vertreten und erwirtschaftet mit drei Tochtergesellschaften und insgesamt rund 1.500 Mitarbeitern an fünf Standorten einen Umsatz von etwa einer Milliarde Euro.",,"Rüstung, Panzer",2024-10-15,CONTROL_MeToo_Protests_2017_2024,single,True,3,"За, На, Рф"
https://www.tagesschau.de/wirtschaft/arbeitsmarkt/auslaendische-pflegekraefte-studie-100.html,Tagesschau,Ohne ausländische Pflegekräfte geht nichts mehr,"Ohne ausländische Beschäftige würde das Pflegesystem wohl zusammenbrechen, das geht aus einer aktuellen Studie hervor. Der Zuwachs des Fachpersonals durch ausländische Kräfte steigt dabei deutlich an.

Viele Länder in Europa haben aufgrund einer zunehmend älter werdenden Bevölkerung einen wachsenden Bedarf an Pflegekräften - Deutschland ist da keine Ausnahme. Die Pflegebranche in Deutschland leidet schon sei Jahren unter dem Personalmangel.

Eine Studie des Instituts für Arbeitsmarkt- und Berufsforschung (IAB) zeigt nun, dass das Pflegesystem in Deutschland ohne ausländische Beschäftige wohl zusammenbrechen würde. Denn zum einen kommt bereits jede sechste Pflegekraft aus dem Ausland.

Zum anderen wird seit 2022 das Beschäftigungswachstum in der Pflege nur noch von ausländischen Beschäftigten getragen. Die Zahl deutscher Pflegekräfte sinkt hingegen. Unter diesen befänden sich mittlerweile deutlich mehr ältere als jüngere Beschäftige, sagte IAB-Forscher Holger Seibert. ""Viele von ihnen erreichen in den nächsten Jahren das Rentenalter.""

Hoher Bedarf an Pflegekräften

Dabei ist der Bedarf riesig: Die Gesamtbeschäftigung in den Pflegeberufen stieg von 2013 bis 2023 um 26 Prozent. Ausländische Beschäftigte erzielten in diesem Zeitraum ein stark überproportionales Beschäftigungswachstum: in der Altenpflege um 273 Prozent auf fast 87.000 Personen.

Auch in der Krankenpflege war ein Plus von 109.000 Ausländern zu beobachten - damit steigerte sich ihr Beschäftigungsstand um 256 Prozent. In der Krankenpflege erhöhte sich der Anteil ausländischer an allen Pflegekräften in den zehn Jahren von 4,9 auf 14,5 Prozent. In den Altenpflegeberufen lag der Anteil 2023 mit 18,9 Prozent zwölf Prozentpunkte höher als noch 2013.

""Ausländische Pflegekräfte federn den demografisch bedingten Rückgang der deutschen Beschäftigten damit maßgeblich ab"", sagte IAB-Forscher Seibert. Zugleich trügen sie dazu bei, dass der Arbeitskräftemangel in der Pflege nicht noch größer ausfalle und der Pflegebetrieb so aufrechterhalten werde.

Mehrheit aus Nicht-EU-Ländern

2023 waren mehr ausländische Pflegekräfte aus Nicht-EU-Ländern als aus der EU in Deutschland tätig. Innerhalb der EU kommen sie oft aus Polen, Kroatien und Rumänien. Türken und Serben bilden eine große Gruppe unter den Pflegekräften aus Drittstaaten. Aus Ländern mit Anwerbevereinbarungen kommen besonders viele Kräfte aus Bosnien-Herzegowina, den Philippinen, Indien, Tunesien und Vietnam.

Konkurrenzkampf um Pflegekräfte

Bedingt durch den demografischen Wandel stehen bereits heute viele Pflegeeinrichtung in Konkurrenz um ausländische Mitarbeitende. Denn viele Länder Europas stehen vor den Herausforderungen einer alternden Bevölkerung. Deutschland werde auch weiterhin auf starken Zuzug von Pflegekräften aus dem Ausland angewiesen sein, zumal viele der deutschen Beschäftigten in den kommenden Jahren in Rente gehen dürften, urteilt das IAB.

""Neben erleichterten Zuwanderungsregeln für Arbeitskräfte, wird es auch um eine zügigere berufliche Anerkennung und höhere Wertschätzung der mitgebrachten Qualifikationen und Kompetenzen der Pflegekräfte aus dem Ausland gehen"", betonte IAB-Forscherin Doris Wiethölter. ""Generell brauchen wir eine verbesserte Willkommenskultur, um neue Beschäftigte auch langfristig in Deutschland halten zu können""",,"Pflege, Ausländer, Pflegekräfte",2024-10-15,CONTROL_MeToo_Protests_2017_2024,single,True,1,"De, En, La"
https://www.tagesschau.de/inland/gesellschaft/buchmesse-lesezeit-reduzierung-100.html,Tagesschau,Menschen in Deutschland lesen 27 Minuten am Tag,"Die Menschen in Deutschland lesen weniger als vor zehn Jahren. Im Schnitt sind es 27 Minuten. Viermal so viel Zeit wird vor dem Fernseher verbracht. Aber: Je älter man ist, desto länger schaut man auch in ein Buch.

Menschen in Deutschland lesen im Durchschnitt nur noch 27 Minuten am Tag gedruckte oder digitale Medien, wie etwa ein Buch, eine Zeitung oder ein E-Book. Das teilte das Statistische Bundesamt anlässlich der Frankfurter Buchmesse mit. Die Zahlen stammen aus dem Jahr 2022. In ihrer Erhebung geht es um Menschen ab zehn Jahren, die außerhalb der Schule oder dem Beruf lesen.

Daten von vor zehn Jahren zeigen, dass die Menschen früher 32 Minuten am Tag mit Lesen verbrachten - also fünf Minuten mehr als 2022.

Mehr als zwei Stunden vorm Fernseher

Deutlich mehr Zeit verbringen die Menschen vor dem Fernseher: Mit durchschnittlich zwei Stunden und acht Minuten wurde 2022 mehr als viermal so viel Zeit für Fernsehen wie für Lesen aufgewendet. Die mit Fernsehen verbrachte tägliche Durchschnittszeit stieg im Zehnjahresvergleich um vier Minuten.

Je älter, desto mehr Zeit fürs Lesen

Wenn die Menschen lesen, dann am ehesten Bücher. Durchschnittlich wurden dafür zwölf Minuten am Tag aufgewendet. Bei Zeitungen lag der Durchschnitt bei neun Minuten täglich.

Laut den Daten des Statistischen Bundesamts verbringen Erwachsene mit zunehmenden Alter deutlich mehr Zeit mit dem Lesen: Mit durchschnittlich 54 Minuten nutzten Menschen über 65 Jahren mit Abstand die meiste Zeit dafür. Menschen der Altersgruppe der 45- bis 64-Jährigen verbrachte dagegen nur etwa halb so viel Zeit mit lesen - und zwar 26 Minuten täglich. Bei den 30- bis 44-Jährigen war es mit 13 Minuten noch weniger.

Junge Erwachsene im Alter zwischen 18 und 29 Jahren haben zwei Minuten weniger am Tag mit Lesen verbracht als die über 30-Jährigen. Dagegen haben Kinder und Jugendlich im Alter von zehn bis 17 Jahren 19 Minuten am Tag gelesen und lagen somit im Mittelfeld, was die Lesezeit angeht.

Mädchen und Frauen lesen mehr

Auch haben Mädchen und Frauen die Nase vorn beim Lesen: Ihre durchschnittliche Lesezeit lag bei 30 Minuten, bei Jungen und Männern dagegen bei 24 Minuten.",,Buchmesse,2024-10-15,CONTROL_MeToo_Protests_2017_2024,single,True,1,"De, En, La"
https://www.tagesschau.de/wirtschaft/technologie/faq-google-atomkraft-energie-ki-boom-100.html,Tagesschau,KI-Boom: Warum kauft Google jetzt Mini-Atomkraftwerke?,"Um seinen rasant steigenden Energiebedarf zu decken, setzt Google auf Mini-Atomkraftwerke. Der hohe Stromverbrauch ist eine Schattenseite des KI-Booms - doch ist Atomenergie die einzige Lösung?

Was ist die Ausgangslage?

Die Alphabet-Tochter Google hat gestern nach eigenen Angaben als erstes Unternehmen weltweit einen Vertrag mit dem Unternehmen Kairos Power über den Kauf von kleinen modularen Atom-Reaktoren unterzeichnet. Das erste Mini-Atomkraftwerk soll 2030 in Betrieb genommen werden, weitere sollen bis 2035 folgen. Insgesamt gehe es um sechs oder sieben Kraftwerke, sagte Google-Manager Michael Terrell der Financial Times.

Warum macht Google das?

Wie andere große Tech-Konzerne hat sich auch Google zur Klimaneutralität verpflichtet: Bis 2030 soll der CO2-Ausstoß unterm Strich bei null liegen. Dessen ungeachtet waren die CO2-Emissionen des Konzerns zuletzt jedoch wieder gestiegen - allein im vergangenen Jahr um 13 Prozent. ""Wir sind der Meinung, dass Kernenergie eine wichtige Rolle spielen kann, um unseren Bedarf rund um die Uhr auf saubere Weise zu decken"", erklärte Michael Terrell, Senior Director für Energie und Klima bei Google.

Welche Rolle spielt dabei der KI-Boom?

Der Hype um Künstliche Intelligenz (KI) hat den Strombedarf der Technologiekonzerne drastisch in die Höhe getrieben. Der Betrieb der dafür nötigen Rechenzentren frisst Energie in bislang unbekannten Ausmaßen. Das zeigt allein schon das Beispiel ChatGPT: Eine Anfrage bei der KI-Maschine verbraucht 0,003 Kilowattstunden Strom - und damit rund zehn Mal so viel Energie wie eine Google-Suche.

Dem Electric Power Research Institute zufolge könnten Datenzentren bis zum Ende des Jahrzehnts bis zu neun Prozent der gesamten Stromerzeugung der USA verbrauchen. Damit würde sich ihr Verbrauch mehr als verdoppeln. Schätzungen von Goldman Sachs fallen noch krasser aus: Laut Berechnungen der US-Investmentbank wird sich der Stromverbrauch von US-Rechenzentren zwischen 2023 und 2030 in etwa verdreifachen.

Wer ist Kairos Power?

Kairos Power ist ein US-Start-up mit Sitz in Alameda, Kalifornien. In Albuquerque, New Mexiko, betreibt Kairos zudem ein Forschungszentrum. Das 2016 gegründete Unternehmen entwickelt nach eigenen Angaben fortschrittliche Kernkrafttechnologien, um kostengünstige, sichere und saubere Energie im Kampf gegen den Klimawandel bereitzustellen.

Bislang hat Kairos allerdings noch keinen einzigen Reaktor in Betrieb genommen. Das Google-Mini-Atomkraftwerk, das 2030 an den Start gehen soll, wäre das erste seiner Art. Erst im vergangenen Jahr hatte Kairos die Genehmigung zum Bau eines ersten Testreaktors im US-Bundesstaat Tennessee bekommen.

Was ist das Besondere an den Kairos-Reaktoren?

Zum Kühlen seiner Mini-Reaktoren setzt Kairos Power nicht wie herkömmlicherweise auf Wasser, sondern auf flüssige Fluorid-Salze. Solche Flüssigsalzreaktoren (Liquid Fluoride Thorium Reactor, LFTR) werden auch als Kernreaktoren der ""vierten Generation"" bezeichnet; weltweit forschen daran zahlreiche Unternehmen.

Flüssigsalzreaktoren sollen nicht nur effizienter, sondern auch sicherer sein, argumentieren Befürworter. Das Salz würde nämlich bei einem Unfall verhärten - dadurch würde eine Kernschmelze unwahrscheinlicher. Zudem würde bei einem GAU der Druck im Inneren des Reaktors verhältnismäßig gering bleiben, wodurch das Sicherheitsrisiko deutlich verringert werden könne. Denn es ist die schlagartige Freisetzung des kontaminierten Wassers, die bei einem GAU in einem Druck- oder Siedewasserreaktor für die höchste Strahlenbelastung der Umgebung sorgt.

Ziel von Kairos Power ist es, mit seinen Kernreaktoren der ""vierten Generation"" auf dem US-amerikanischen Strommarkt preislich mit Erdgas konkurrenzfähig zu sein und eine langfristige Kostensenkung zu ermöglichen.

Ist Kernenergie wirklich ""sauber""?

Ein Problem ist weltweit ungelöst: das der Atommüll-Entsorgung. Das Bundesamt für die Sicherheit der nuklearen Entsorgung weist darauf hin, dass zwar bei der Stromerzeugung durch Kernspaltung keine direkten CO2-Emissionen entstehen. Allerdings entstehen beim Betrieb langlebige und hochradioaktive Abfälle, zudem werden ""entlang der kompletten Wertschöpfungskette (Uranabbau, Anreicherung, Transporte, Zwischen- und Endlagerung) sowie dem Bau und Rückbau des Kraftwerkes selbst CO2 emittiert"".

Was machen die anderen Tech-Konzerne?

Auch andere Tech-Giganten wie Amazon und Microsoft setzen auf Kernenergie, um den wachsenden Energiebedarf ihrer KI-Rechenzentren zu decken und gleichzeitig ihre hochgesteckten Klimaziele zu erfüllen.

Erst Ende September war bekannt geworden, dass ein vor fünf Jahren stillgelegter Atomreaktor im US-Kraftwerk Three Mile Island wieder hochgefahren werden soll, um Rechenzentren des OpenAI-Partners Microsoft zu versorgen. Der Software-Riese sagte zu, die produzierte Energie 20 Jahre lang abzunehmen. Der Reaktor hat eine jährliche Leistung von gut 800 Megawatt und gehört dem US-Energiekonzern Constellation.

Gibt es Alternativen zur Kernenergie?

Tatsächlich sehen einige Branchenkenner und auch die Technologiekonzerne selbst in Atomenergie nicht die einzige Lösung, um den hohen Energiebedarf der KI-Rechenzentren zu decken. So investierte etwa jüngst Microsoft zusammen mit dem KI-Unternehmen G24 aus Dubai eine Milliarde Dollar in ein Azure-Rechenzentrum für Ostafrika in Kenia, das vollständig mit sauberer Energie aus Geothermie betrieben werden soll.

Und das grüne Energie-Start-up Exowatt zählt auch OpenAI-Chef Sam Altman zu seinen Investoren. Das Unternehmen verspricht, KI-Unternehmen mit modularen Solarsystemen zu beliefern, die nahezu kostenlos Energie bereitstellen. Dazu hat Exowatt Solarmodule in der Größe von Schiffscontainern entwickelt, die Sonnenenergie in Wärme umwandeln, welche wiederum bis zu 24 Stunden gespeichert werden kann.",Angela Göpfert,"FAQ, Google, Atomkraft, Energie, Strom, KI, Boom, Microsoft, OpenAI",2024-10-15,CONTROL_MeToo_Protests_2017_2024,single,True,1,"De, En, La"
https://www.tagesschau.de/ausland/asien/china-militaeruebung-taiwan-102.html,Tagesschau,Eine Militärübung als Signal an Taiwan und die Welt,"China sendet fast täglich chinesische Militärflugzeuge in Richtung Taiwan. Während eines großen Manövers waren es nach taiwanischen Angaben aber so viele wie noch nie.

Startende Kampfjets, patrouillierende Schiffe und marschierende Soldaten im chinesischen Staatsfernsehen. 13 Stunden lang waren Boote von Marine und chinesischer Küstenwache rund um Taiwan unterwegs, auch ein Flugzeugträger war nach Angaben der kommunistischen Staats- und Parteiführung im Einsatz bei dem Manöver.

Das taiwanische Verteidigungsministerium zählte 125 chinesische Kampfflugzeuge in der Nähe der Insel - so viele wie noch nie an einem Tag.

Peking sieht ""Feinde"" in Taiwan

Ein chinesischer Kampfjetpilot erklärte im Staatsfernsehen CCTV im Befehlston, bei der Übung habe man trainiert, das Alarmsystem des ""Feindes"" zu durchbrechen und regionale Lufthoheit herzustellen.

Die Feinde sind aus Sicht der Führung in Peking Kräfte rund um Taiwans Präsidenten Lai Ching-te, der als Separatist betrachtet wird. Chinas Führung beansprucht die demokratisch regierte Insel als eigenen Landesteil, obwohl Taiwan nie Teil der Volksrepublik war. Und droht regelmäßig mit Krieg, sollte es nicht zu einem friedlichen Anschluss kommen.

Taiwan besteht auf Unabhängigkeit

Die Militärübung fand wenige Tage nach den Feierlichkeiten zum taiwanischen Nationalfeiertag statt. Dabei hatte Taiwans Präsident Lai Ching-te erneut die Eigenständigkeit der Insel unterstrichen: ""Die Freiheit unseres Volkes ist größer und stärker geworden. Die Volksrepublik China hat kein Recht, Taiwan zu repräsentieren.""

Auch wenn Taiwan wegen Drucks aus China von kaum einem Land als unabhängiger Staat anerkannt wird: Unterstützung und Sympathien für die Insel gibt es von vielen demokratisch regierten Ländern.

Ein Signal Chinas an die USA

Die US-Regierung liefert unter anderem Waffen nach Taiwan, damit sich die Insel verteidigen kann - zum großen Ärger der kommunistischen Führung in Peking. Das Manöver ist deswegen wohl auch ein Signal an die USA, so Lin Ying-yu vom Institute of International and Strategic Studies in Taiwan im Gespräch mit der ARD in China.

""In nicht ganz einem Monat wird in den USA gewählt. Und was China jetzt zeigen will, ist: Mir ist egal, wer dann ins Präsidentenamt kommt. Ich werde auf meine Art und in meiner Zeit gegen Unabhängigkeitsbestrebungen auf Taiwan militärisch vorgehen.""

Sorge vor einer unbeabsichtigten Eskalation

Zwar erwarten die meisten internationalen Beobachter nicht, dass Chinas Militär Taiwan in den nächsten Jahren mit einer Invasion überfällt. Allerdings wächst die Sorge, dass bei einer Militärübung wie gestern ein Unfall passiert und die Lage dann eskaliert.

Der Sprecher des Bundesaußenministeriums, Sebastian Fischer, sagte in Berlin, die militärischen Maßnahmen Chinas erhöhten das Risiko unbeabsichtigter militärischer Zusammenstöße und in diesem Sinne auch die Spannungen.

""Wir erwarten von der Volksrepublik China als verantwortungsvollen internationalen Akteur, dass sie mit ihrem Verhalten zu Stabilität und Frieden in der Region beiträgt und dass das völkerrechtlich verbürgte Recht der Freiheit der Schifffahrt und der Luftfahrt unbedingt respektiert wird"" so Fischer.

Deutschland in der Taiwanstraße

Zuletzt sind Kriegsschiffe mehrerer Länder durch die Meerenge zwischen der Volksrepublik und Taiwan gefahren: Auch die Marine der Bundeswehr fuhr durch die Taiwanstraße. Deutschland und seine Verbündeten wollen damit in der Region Präsenz zeigen.

Außerdem geht es darum, Chinas Ansprüche zurückzuweisen. Neben der Insel Taiwan und der Taiwan-Straße, die nach internationalem Seerecht internationales Gewässer ist, beansprucht Chinas Führung fast das gesamte Südchinesische Meer für sich.",Benjamin Eyssel Peking,"Taiwan, China",2024-10-15,CONTROL_MeToo_Protests_2017_2024,single,True,1,"De, En, La"
https://www.tagesschau.de/ausland/uswahl/wahlkampf-pennsylvania-100.html,Tagesschau,US-Wahlkampf in Pennsylvania: Unentschlossen in den Swing States,"Das Kopf-an-Kopf-Rennen zwischen den US-Präsidentschaftskandidaten Harris und Trump wird sich in den Swing States entscheiden. Kurz vor der Wahl ist hier noch alles offen, denn einige Wähler haben sich noch nicht entschieden.

Es ist ""Family Fall Fest"", Herbstfest in West Bradford, einer Kleinstadt im Speckgürtel von Philadelphia. Die Band der örtlichen Musikschule School of Rock sorgt für Stimmung - es gibt Hotdogs, Kürbisse zum Bemalen und kurze Touren mit dem traktorgezogenen Heuwagen. Politik spielt kurz mal keine Rolle - und Grace und Libby sind froh drüber.

Als Erstwählerinnen werden sie von den Kandidaten besonders intensiv umworben: ""Die Textnachrichten, die ich bekomme - unzählbar"", sagt Grace. Sie zieht ihr Handy raus und liest vor: ""Grace, wen willst Du wählen? Grace, hast Du eine Plan für die Wahl? Grace, wenn Du nicht Schlange stehen willst, melde Dich hier an! - Es werden immer mehr!""

Dabei haben sich die beiden 20-Jährigen längst entschieden. Sie werden die Kandidatin der Demokraten, Kamala Harris, wählen - weil die für die Rechte von Frauen und die LGBTQ+-Community, zu denen sie sich zählen, eintrete.

Aber die meisten in ihrer Familie sähen das ganz anders, erzählt Libby: ""Meine Eltern, sogar mein Bruder leider, viele Tanten und Onkel - sie werden alle Donald Trump wählen"", sagt die Studentin mit dem Nasenpiercing. ""Das ist zwar enttäuschend, aber dieses Recht hat man eben.""

Gespaltenes Land, gespaltene Familien

Die School of Rock ist beim Lieblingslied von Rob angekommen: ""You can do magic"" von der 80er-Jahre-Folk-Band ""America"". Der 18-Jährige, das kinnlange braune Haar wie ein Vorhang vor dem Gesicht, zupft den Bass. Sein Vater Chris steht weit rechts von der Bühne, seine Mutter Leah links. Die politische Spaltung in Pennsylvania trennt auch ihre Familie. Leah, Rob und seine Schwestern wollen Harris wählen. Der Vater nicht.

""Wir sind seit 25 Jahren zusammen"", sagt Leah Fox. ""Und wir reden einfach nicht über Politik. Weil wir verheiratet bleiben wollen."" Die Mitfünfzigerin ist zwar im Wählerverzeichnis als Republikanerin registriert. Aber Trump wählen, das könne sie nicht: ""Ich wusste schon ziemlich von Anfang an sicher, dass er ein Problem ist"", sagt Leah Fox über den Kandidaten der Republikaner.

Sie habe lange in einem Tech-Konzern gearbeitet. Deshalb kenne sie Männer wie Trump: ""Sie mögen kurzfristig Erfolg haben. Aber um sich herum machen sie alles kaputt. Das kann ich nicht unterstützen.""

Republikaner, die für Harris werben

Die Wahl 2016 gewann Trump in Pennsylvania mit nur 1,2 Prozentpunkten Vorsprung; 2020 gewann der demokratische US-Präsident Joe Biden dann genauso knapp.

Besonders eng war es für die Demokraten beide Male in Bucks County, nördlich von Philadelphia, wo an den Bauernhöfen am Straßenrand vor allem Trump-Schilder stehen - und in den Vorgärten der Kreisstadt Doylestown primär Schilder für Harris. Auch diesmal wird es wohl ein Kopf-an-Kopf-Rennen. Die Wechselwählerin Leah Fox will nichts dem Zufall überlassen.

Am Tag nach dem Herbstfest steht sie deshalb mit Greg Page in einem weitläufigen Mittelschichtsviertel mit sehr großen Gärten und sehr hohen Bäumen. Die beiden Republikaner machen hier Haustürwahlkampf für Harris. Fox ist zum ersten Mal dabei. Page, der knapp drei Autostunden entfernt im US-Bundesstaat Virginia lebt und als junger Jurist in der Reagan-Regierung gearbeitet hatte, verbringt schon das achte Wochenende hier.

Trump ist für den 67-Jährigen kein richtiger Republikaner: ""Das waren für mich Leute wie Reagan, Lincoln oder Theodore Roosevelt."" Die wichtigsten Themen seien für ihn Respekt für Demokratie und Unterstützung für die Ukraine: ""Und wenn einem das wichtig ist, kann man nur Harris wählen"", sagt Page und marschiert zur ersten Haustür. Erst tut sich nichts außer Hundegebell, dann kommt ein etwas ungehaltener Mittfünfziger raus und ruft: ""Was wollen Sie? Kann ich Ihnen helfen?"" Die Haustürwahlkämpfer haben ihn beim Gucken des Football-Spiels gestört, er schickt sie weg.

""Auf deine Stimme kommt es an!""

Ein paar hundert Meter weiter haben die beiden ""Republicans for Harris"" mehr Glück: Scott kommt mit seinen beiden kleinen Kindern raus. Der 40-jährige Lehrer ist nicht nur ein sogenannter ""independent"", also parteilos. Er hat gehört auch zu den drei Prozent der Wähler in Pennsylvania, die sich laut Demoskopen immer noch nicht entschieden haben. ""Auf deine Stimme kommt es an!"", erklärt ihm Fox an der Tür.

Und Page informiert ihn darüber, wie viele von Trumps Regierungsmitglieder sich inzwischen vom Ex-Präsidenten abgewandt hätten, darunter auch ehemalige Militärangehörige. ""Und denen droht Trump jetzt mit einem Prozess vor einem Militärgericht"", sagt Page. ""Können sie das glauben?"" ""Ich weiß nicht, was ich glauben soll"", sagt Scott. Festlegen, ob und wen er nun wählt, will er immer sich noch nicht.

Page lässt sich dadurch nicht entmutigen. Bis zur Wahl wird der Anwalt weiter jedes Wochenende hier an Türen klopfen. In Umfragen liegt Harris momentan zwar immer noch minimal vor Trump, aber ihr Vorsprung ist zuletzt eher geschrumpft. Umso wichtiger findet Greg Page seinen Einsatz: ""Wenn man nur 1.000 bis 2.000 Leute erreicht, dann kann man die Wahl noch beeinflussen. Das ist schon aufregend!""",Julia Kastein Washington,"US-Wahl 2024, Pennsylvania, USA",2024-10-15,CONTROL_MeToo_Protests_2017_2024,single,True,0,"In, The, To"
https://www.tagesschau.de/ausland/asien/nordkorea-sprengung-100.html,Tagesschau,Explosionen und Warnschüsse an koreanischer Grenze,"Die Spannungen auf der koreanischen Halbinsel wachsen. Nordkorea will die Grenzverbindungen nach Südkorea dauerhaft kappen. Nach Angaben aus Südkorea hat der Norden jetzt mit der Sprengung von Straßen begonnen.

Nordkorea hat nach südkoreanischen Militärangaben Teile der innerkoreanischen Straßenverbindungen gesprengt. Wie der Generalstab in Seoul bekanntgab, seien auf der nördlichen Seite der Demarkationslinie Teile von zwei ungenutzten Straßen zerstört worden. Das südkoreanische Militär habe daraufhin Warnschüsse abgegeben.

Nordkorea will alle Verbindungen kappen

Auf einem vom südkoreanischen Militär zur Verfügung gestellten Video ist zu sehen, wie eine Rauchwolke an einer Straße in der Nähe der Grenzstadt Kaesong aufsteigt. Es zeigt auch nordkoreanische Lastwagen und Bagger, die die Trümmer beseitigen.

Nordkorea hatte vor einigen Tagen angekündigt, sämtliche Straßen- und Eisenbahnverbindungen zu Südkorea dauerhaft unterbrechen zu wollen. Begründet wurde dies mit dem Schutz der nationalen Sicherheit sowie zur Verhinderung eines Krieges.

Die Drohgebärden nehmen zu

Erst am Wochenende beschuldigte Nordkorea den Süden, mehrfach Drohnen mit anti-nordkoreanischen Flugblättern nach Pjöngjang entsandt zu haben. Laut Nordkoreas Staatsmedien wurden Beobachtungsposten zur Luftverteidigung verstärkt.

Südkorea bestätigte das nicht. Als Reaktion auf die Sprengungen heute verstärke das Militär seine Bereitschaft, hieß es aus Seoul.

Verbindungsstraßen als diplomatisches Symbol

In einer Phase der Entspannung in den 2000er-Jahren hatten die beiden koreanischen Staaten zwei Straßenverbindungen sowie zwei Bahnverbindungen über die stark bewachte Grenze vorübergehend wieder geöffnet. Im Konflikt über das nordkoreanische Nuklearprogramm und andere Themen wurde der Betrieb der Strecken später schrittweise wieder ausgesetzt.

Die beiden Koreas befinden sich technisch gesehen immer noch im Krieg, da der Konflikt von 1950 bis 1953 mit einem Waffenstillstand und nicht mit einem Friedensvertrag endete. Derzeit ist das Verhältnis äußerst angespannt. Der nordkoreanische Machthaber Kim warnte jüngst, sein Land werde ""ohne zu zögern"" Atomwaffen einsetzen, sollte es vom Süden angegriffen werden.",,"Nordkorea, Südkorea",2024-10-15,CONTROL_MeToo_Protests_2017_2024,single,True,1,"De, En, La"
https://www.tagesschau.de/ausland/uswahl/harris-kritisiert-trump-100.html,Tagesschau,"Harris nennt Trump ""zunehmend instabil""","Um ""linksradikale Irre"" müsse sich notfalls das Militär kümmern. Mit dieser Aussage sorgte US-Präsidentschaftskandidat Trump am Wochenende für Wirbel. Seine demokratische Rivalin Harris reagierte nun mit einer Warnung.

Die demokratische US-Präsidentschaftskandidatin Kamala Harris hat ihren republikanischen Rivalen Donald Trump wegen dessen Drohungen mit militärischem Vorgehen gegen politische Gegner als ""zunehmend instabil"" bezeichnet. Bei einer Wahlkampfkundgebung in Erie im umkämpften Bundesstaat Pennsylvania zeigte die US-Vizepräsidentin am Montag eine Videomontage von Trump, in der dieser zur Inhaftierung politischer Gegner aufruft und wiederholt vom ""Feind im Inneren"" spricht.

""Donald Trump ist zunehmend instabil und aus dem Gleichgewicht geraten, und er ist auf unkontrollierte Macht aus"", sagte Harris. Der frühere US-Präsident werde Menschengruppen verfolgen, die er schon früher ins Visier genommen habe, etwa Journalisten, Wahlhelfer und Richter, die ""darauf bestehen, das Gesetz zu befolgen, anstatt sich seinem Willen zu beugen"", fuhr Harris fort.

Trumps Äußerungen in der Sendung ""Sunday Morning Futures"" des konservativen Senders Fox News seien das jüngste Beispiel einer gefährlichen Rhetorik, die den Amerikanern Sorge darüber bereiten sollte, wie eine zweite Amtszeit Trumps aussehen könnte, so die 59-Jährige.

Trump: ""Haben linksradikale Irre""

Trump hatte auf die Frage, ob ""Agitatoren"" von außen am Wahltag Störungen verursachen könnten, geantwortet: ""Ich denke, das größere Problem ist der Feind im Inneren."" Er fügte hinzu: ""Wir haben einige sehr schlechte Leute. Wir haben einige kranke Leute, linksradikale Irre."" Um sie solle sich wenn nötig die Nationalgarde oder das Militär kümmern.

Trumps Vize-Kandidat J.D. Vance verteidigte die Äußerungen des 78-Jährigen am Montag bei einem Wahlkampfauftritt in Minneapolis. ""Ist es ein gerechtfertigter Einsatz dieser Mittel, wenn sie randalieren und plündern und Städte niederbrennen? Natürlich ist es das"", sagte er zu Journalisten. Ob der Einsatz von Nationalgarde und Militär gerechtfertigt sei, hänge von dem ab, was passiere.

Pennsylvania zählt zu den sogenannten Swing States, die bei den Präsidentschaftswahlen mal für den republikanischen und mal für den demokratischen Kandidaten stimmen und deshalb für den Ausgang der Wahl am 5. November als entscheidend gelten. Der Bundesstaat gilt als Bastion der Arbeiterklasse - sowohl Trump als auch Harris haben dort mehrere Wahlkampftermine absolviert.

Trump-Veranstaltung abgebrochen

Neben Harris war auch Trump in Pennsylvania unterwegs. Bei seinem Bürgerdialog (""Townhall"") kam es zu zwei medizinischen Zwischenfällen, die Veranstaltung musste schließlich abgebrochen werden.

Nach einer guten halben Stunde und einer Reihe von Fragen aus dem Publikum kam es zu einem ersten medizinischen Notfall im Zuschauerraum. Trump bat die Regie darum, das Lied ""Ave Maria"" über Lautsprecher abzuspielen, während sich Sanitäter um die betroffene Person kümmerten.

Nur kurze Zeit später folgte ein zweiter medizinischer Notfall. Trump forderte das Sicherheitspersonal auf, die Türen zu öffnen. Anschließend fragte er scherzhaft: ""Möchte noch jemand in Ohnmacht fallen?"" und forderte die Regie auf, nochmals ""Ave Maria"" zu spielen und wünschte sich danach noch eine ganze Reihe weiterer Songs, zu denen er sich tanzend bewegte.",,"Kamala Harris, Trump, US-Wahl",2024-10-15,CONTROL_MeToo_Protests_2017_2024,single,True,1,"De, En, La"
https://www.tagesschau.de/inland/innenpolitik/fdp-organspende-100.html,Tagesschau,FDP will Organspende auch bei Herz-Kreislauf-Stillstand ermöglichen,"Bevor eine Organspende möglich ist, muss der Hirntod festgestellt werden - zumindest bislang. Geht es nach der FDP im Bundestag, soll künftig auch ein Herz-Kreislauf-Stillstand ausreichen. Das soll zu mehr Organspenden führen.

Die FDP im Bundestag spricht sich dafür aus, die Todesdefinition als Voraussetzung für eine Organspende zu erweitern. So soll künftig auch der Herz-Kreislauf-Stillstand Grundlage für eine vorher selbstbestimmte Entnahme von Organen sein - bisher musste zwingend der Hirntod nachgewiesen werden.

Das geht aus dem Entwurf eines Positionspapiers hervor, das heute von der FDP-Fraktion beschlossen werden soll und über das die Zeitung Welt vorab berichtet.

Die Rechtspolitikerin Katrin Helling-Plahr sagte dem Blatt, damit könnten die Spenderzahlen weiter erhöht werden. Gleichzeitig trage man ""dem individuellen Selbstbestimmungsrecht auch im Zusammenhang mit dem eigenen Tod Rechnung"".

Hirntod schwierig festzustellen

Potenzielle Spender sollen ihren Willen dem Positionspapier zufolge über ein explizit dafür vorgesehenes zusätzliches optionales Feld im Organspende-Register oder auf Organspendeausweisen festhalten können.

""Aus medizinischer Sicht gibt es keinen Goldstandard bei der Erklärung des Todes"", sagte Andrew Ullmann, gesundheitspolitischer Sprecher der FDP-Fraktion und Universitätsprofessor in Würzburg der Welt. Der Tod nach einem anhaltenden Kreislaufstillstand sei mit dem Hirntod gleichzusetzen. ""Ein wesentlicher Unterschied ist allerdings, dass der Herztod einfacher, aber dennoch sicher festzustellen ist."" Der Aufwand zur Feststellung des Hirntods sei immens hoch und schränke so die Zahl der potenziellen Spender von vornherein ein.

Seit Jahren werden mehr Organe wie Nieren, Lebern oder Herzen für schwer kranke Patienten dringend benötigt. Im vergangenen Jahr gaben 965 Menschen nach ihrem Tod ein Organ oder mehrere Organe für andere frei, wie die koordinierende Deutsche Stiftung Organtransplantation ermittelte. Zugleich standen aber 8.400 Menschen auf Wartelisten für ein neues Organ. Damit Spenden überhaupt infrage kommen, müssen zwei Fachärzte unabhängig voneinander den Hirntod eines Verstorbenen feststellen.",,"FDP, Organspende",2024-10-15,CONTROL_MeToo_Protests_2017_2024,single,True,1,"De, En, La"
https://www.tagesschau.de/inland/innenpolitik/klimaschutz-aufmerksamkeit-100.html,Tagesschau,Wie wichtig ist das Thema Klimaschutz noch?,"Wirtschaftsminister Habeck ist heute auf gleich drei Terminen in Sachen Klimaschutz unterwegs. Zuletzt schien das Thema an Aufmerksamkeit verloren zu haben. Dabei gäbe es durchaus Positives zu berichten.

Welche Rolle ein Thema gerade in der Gesellschaft spielt, zeigt sich auch daran, wie präsent es in den Medien ist. Fragt man die Klimapolitikerin Nina Scheer (SPD), ob sie zuletzt weniger für Interviews zum Klimaschutz angefragt wurde, lautet ihre Antwort: ""Ja, eindeutig."" In Zeiten der Energiekrise habe das Thema viel stärker im Vordergrund gestanden. Gefragt seien eben oft Aufreger-Themen, die zwischenzeitlich in den Mittelpunkt gerückt würden, beklagt Scheer. Andere Themen, bei denen dringend Handlungsbedarf besteht, gehen da unter.

Der Klimaforscher Mojib Latif vom Geomar Helmholtz-Zentrum für Ozeanforschung in Kiel sieht darin ein altes Phänomen. ""Es war immer so, dass die Aufmerksamkeit für das Thema Klimaschutz in Wellen kam. Es gab Phasen, da war sie extrem hoch."" Latif nennt als Beispiel das Jahr 2007, kurz nachdem ""Eine unbequeme Wahrheit"" in die Kinos kam, ein Dokumentarfilm des ehemaligen US-Vizepräsidenten Al Gore. Dann kam die weltweite Finanzkrise, das Thema war weg, erinnert sich Latif.

Fridays for Future habe es wieder in den Vordergrund gerückt - bis zur Corona-Krise. Neuen Aufschwung für das Thema habe 2021 die frisch gebildete Ampelkoalition und damit die Regierungsbeteiligung der Grünen gegeben. ""Und dann kam ziemlich schnell der Krieg Russlands gegen die Ukraine. Damit war das Thema wieder komplett weg.""

Klimaschutz ist mittlerweile Mainstream

Dabei gibt es Erfolge in Sachen Klimaschutz, über die man sprechen könnte, sagt Christiane Averbeck, Chefin der Klima-Allianz, ein Bündnis von 150 Organisationen in Deutschland, die sich für Klimaschutz einsetzen. Den Erfolg misst Averbeck auch an der Breite ihres Bündnisses. Mittlerweile gehörten dazu nicht mehr nur Umwelt- und Klimaverbände, sondern auch Gewerkschaften, Sozialverbände, Verbraucher- und Gesundheitsorganisationen.

""Wir haben das Gefühl, dass das Thema im Mainstream angekommen ist"", sagt Averbeck. Soll heißen: Klimaschutz ist kein Randthema mehr von einigen wenigen Gruppen. Was auch dazu führt, dass es nicht mehr ständig extra erwähnt wird.

Ähnlich ist es auch in der Politik, sagt der FDP-Bundestagsabgeordnete Lukas Köhler. Er sitzt im Ausschuss für Klimaschutz und Energie. ""Heute ist Klimapolitik in ganz vielen Dingen schon mit drin und wird mitgedacht. Wenn wir über Wirtschaftspolitik sprechen, sprechen wir immer auch darüber: Wie sehr belastet Klimapolitik die Wirtschaft, wie sehr belasten Klimaschäden die Wirtschaft?""

Zivilgesellschaft und Industrie ziehen an einem Strang

Wie sehr Wirtschaft, Industrie und Klimaschutz mittlerweile miteinander verwoben sind, zeigt sich heute bei gleich drei Terminen von Wirtschaftsminister Robert Habeck: Der Grünen-Politiker übergibt die ersten Klimaschutzverträge. Damit werden Firmen aus industrieintensiven Branchen wie Stahl, Chemie und Papier dabei unterstützt, sich klimafreundlicher aufzustellen.

Außerdem lädt der Bundesverband der Industrie heute zu einem Klimakongress - auch dort wird Habeck sprechen. Kurz danach noch beim Klima-Tag der Klima-Allianz, der parallel stattfindet.

Die Chefin der Allianz, Averbeck, betont: Es handele sich nicht um Konkurrenzveranstaltungen. Genau deshalb wolle man sich auch digital zusammenschalten. ""Nicht nur wir als Zivilgesellschaft sondern auch die Industrie hat erkannt, dass wir Transformation unterstützen und voranbringen müssen"", sagt Averbeck. Ein Hoffnungsschimmer also in Zeiten, in denen der Klimaschutz nicht mehr so stark im Vordergrund zu stehen scheint.

Latif: Handlungsbedarf ist enorm

Klimaforscher Latif sieht dennoch enormen zusätzlichen Handlungsbedarf: ""Was mir große Sorgen bereitet, ist die Tatsache, dass sich viele Politikerinnen und Politiker innerlich damit abgefunden haben, dass sie die Pariser Klimaziele nicht erreichen werden.""

Die Staatengemeinschaft hatte sich 2015 auf der Weltklimakonferenz in Paris darauf verständigt, den Anstieg der Temperaturen auf 1,5 Grad zu begrenzen. Laut Latif ist das kaum mehr zu erreichen. Man müsse mehr über Klimaschutz sprechen - aber auch konkret handeln. Ein Aufruf, der für die Politik genauso gilt wie für die Gesellschaft.",Lissy Kaufmann,Klimaschutz,2024-10-15,CONTROL_MeToo_Protests_2017_2024,single,True,1,"De, En, La"
https://www.tagesschau.de/wissen/forschung/biomuell-insektenlarven-100.html,Tagesschau,Forschungsteam recycelt Biomüll mithilfe von Insektenlarven,"Erst mit Biomüll gefüttert, dann weiterverarbeitet: Ein Stuttgarter Forschungsteam gewinnt aus Insektenlarven Stoffe, die sonst aus Erdöl bestehen - etwa für Seife oder Kosmetik.

Über zehn Millionen Tonnen Lebensmittelabfälle entstehen pro Jahr allein in Deutschland. Der größte Teil stammt aus Privathaushalten sowie aus der Gastronomie und Kantinen. Bioabfälle lassen sich unter anderem zu Komposterde verarbeiten oder zur Erzeugung von Biogas nutzen. Doch Essensreste bereiten Probleme, wenn sie auch Fleischreste enthalten.

Ein Forschungsteam aus Stuttgart hat nun ein neues Verfahren entwickelt, mit dem sich innerhalb von nur einer Woche aus diesen Abfällen hochwertige Rohstoffe gewinnen lassen: Der Biomüll wird an gefräßige Insektenlarven verfüttert, die später selbst weiterverarbeitet werden können - zu Medizinprodukten, Textilien, Seife oder Klebstoffen.

""Die Natur kennt keinen Abfall""

Zehntausende kleine Larven tummeln sich in einem Turm aus blauen Plastikboxen in der Bioraffinerie am Fraunhofer Institut für Grenzflächen und Bioverfahrenstechnik in Stuttgart.

Im Zentrum steht das Insekt Hermetia illucens. Das ist die Schwarze Soldatenfliege, deren Larve relativ viel Bioabfall verwerten kann. Gefüttert werden die Larven etwa mit Kantinenabfällen, die normalerweise in einer Biogasanlage landen würden.

Das Potenzial dieser Abfälle ist groß, erklärt der Insektenzüchter Konstantin Katz gegenüber dem SWR: ""Die Natur kennt ja keinen Abfall. Und da gibt es in jeder Nische irgendein Tier, das sich auf irgendeine Nahrung spezialisiert hat.""

Insektenlarven verarbeiten auch Fleisch

Die Larven fressen den Biomüll und werden anschließend weiterverarbeitet. Es ist eine nachhaltige Methode, um Rohstoffe zu gewinnen, die sonst aus Erdöl bestehen.

Dabei werden verschiedene Abfälle verwendet, erklärt Susanne Zibek, wissenschaftliche Leiterin des Projekts. Verarbeitet werden laut Zibek die Biotonnen aus den Haushalten, Abfälle aus der Gastronomie und aus Kantinen, die nicht verwertet werden können, und im Prinzip auch verdorbene Lebensmittelrückläufe aus dem Einzelhandel.

Das Besondere: Die Larven bekommen auch Fleisch zu fressen. Eigentlich ist das in der EU verboten, da die Larven als Nutztiere gelten. Bei Abfällen ist das jedoch ein Problem, denn Kantinenabfälle können nicht gut separiert werden. Daher hat das Forschungsteam eine Ausnahmegenehmigung zum Füttern tierischer Nebenprodukte bekommen.

Aus Larven werden Fett und Protein

Zusammen mit den Bioabfällen werden die Insektenlarven in Boxen auf dem Dach des Instituts untergebracht. Nach einer Woche haben sich die Larven durch die Kantinenabfälle gefressen. Von den Essensresten ist kaum etwas übrig. Dafür hat sich aber das Gewicht der Larven verzehnfacht.

Anschließend werden die Larven abgetötet, getrocknet und weiterverarbeitet. Dabei entsteht Fett, ähnlich wie bei einer Ölpresse. Aus der Restmasse wird Protein gewonnen, aus dem später Klebstoffe entstehen können.

Von Larven zu Seife und Shampoo

Das Fett verwendet das Forschungsteam weiter, um Reinigungsmittel und Seifen herzustellen - dafür braucht es sogenannte Tenside, erklärt Zibek: ""Für herkömmliche Tenside werden fossile Rohstoffe verwendet oder auch nachwachsende Rohstoffe wie Palmöl oder Kokosöl. Wir erforschen nachhaltige Alternativen zu diesen Tensiden.""

Manche Tenside haben eine eher schäumende Wirkung, was sie sehr geeignet für zum Beispiel Shampoos macht. Wieder andere haben eine besonders gute Wirkung als Emulgator und können daher gut in Nahrungsmitteln oder Kosmetika eingesetzt werden. Emulgatoren sind Zusatzstoffe, die es ermöglichen, eigentlich nicht miteinander mischbare Substanzen zu vermischen - etwa Öl und Wasser.

Chitin der Insekten hat Nutzen für die Medizin

Die Vision der Forschenden ist es, alles aus der Larvenzucht zu verwerten, selbst die Ausscheidungen und den Insektenpanzer, der aus sogenanntem Chitin besteht.

""Das Chitin hat sehr vielfältige Eigenschaften"", sagt Zibek. Es werde zum Beispiel in der Lebensmittelindustrie als Fettbinder eingesetzt. Und es komme auch in der Textilindustrie und der Medizin zum Einsatz.

Puzzleteil für eine nachhaltige Zukunft?

Noch funktioniert das Ganze aber nur im Pilotmaßstab von einigen Hundert Kilogramm. Doch wenn der Plan des Forschungsteams aufgeht, könnte in Zukunft deutlich mehr ungenutzter Biomüll von Larven gefressen werden - und weniger nachhaltige Rohstoffe ersetzen.

Die Hoffnung sei, mehr Nachhaltigkeit in den Bereich der Tenside, Schmierstoffe, Kraftstoffe und auch Klebstoffe zu bringen, erläutert Zibek. So könnten Insektenlarven zu einem möglichen Puzzleteil auf dem Weg in eine nachhaltigere Zukunft werden.","Nina Kunze, Emily Burkhart, Ralf Kölbel, SWR","Müll, Insekten, Forschung, Recycling, Nachhaltigkeit",2024-10-15,CONTROL_MeToo_Protests_2017_2024,single,True,1,"De, En, La"
https://www.tagesschau.de/inland/innenpolitik/fdp-ampelkoalition-100.html,Tagesschau,Wahlniederlagen und Umfragetief: Der Herbst der FDP?,"Die FDP-Führung sieht einen ""Herbst der Entscheidungen"" gekommen. Die Umfragen für die Partei zeigen jedoch weiter nach unten. Die Kritik der Parteibasis ist deutlich. Aus der Regierung aussteigen oder weitermachen?

Ulf Kasimir ist der Ortsvorsitzende der FDP in Neu-Isenburg. Der Diplom-Ingenieur und seine Frau versuchen in ihrer Partei einen Mitgliederentscheid anzustoßen. Das Ziel dabei: Die FDP soll die Ampelkoalition verlassen, sagt Kasimir. ""Ich möchte gerne, dass wir uns innerhalb der Partei noch mal ganz deutlich die Karten legen vor dem Hintergrund der aktuellen Ereignisse: Wollen wir ein Weiter so oder wollen wir Profil schärfen.""

Laut Kasimir hat die FDP in Neu-Isenburg südlich von Frankfurt am Main gut 50 Mitglieder. Auch bei einigen von ihnen sei der Unmut über die Ampel-Politik groß. Aber für einen erfolgreichen Mitgliederentschied braucht es etwa 3.500 Unterschriften - also von fünf Prozent aller FDP-Mitglieder. Ob diese Zahl zusammenkommt, ist ungewiss. Die Unterschriftensammlung hat gerade erst begonnen.

Vor einem knappen Jahr wurde an der FDP-Basis schon mal eine nicht bindende Mitgliederbefragung zur Ampel angestoßen. Gerade mal 52 Prozent der Teilnehmer waren für den Verbleib in der Koalition. Kein überzeugendes Votum. FDP-Generalsekretär Bijan Djir-Sarai spürt die Unruhe. ""Das ist kein Geheimnis, es gibt sehr viele Mitglieder aber auch sehr viele in der Anhängerschaft, die nach wie vor ein großes Problem haben mit der Ampel als Konstellation, als Farbenlehre, als Koalition.""

Der Trend zeigt nach unten

Die Lage für die FDP hat sich in den letzten Monaten noch mal verschlechtert. Während die Partei bei der Europawahl im Juni mit 5,2 Prozent noch glimpflich davon kam, verliefen die drei ostdeutschen Landtagswahlen im September desaströs. Der Tiefpunkt: Nur 0,8 Prozent in Brandenburg. Im ARD-DeutschlandTrend liegt die FDP derzeit bundesweit nur bei drei Prozent. Den Liberalen droht das parlamentarische Aus. FDP-Chef Christian Lindner ist unter Druck. Die Regierungsbeteiligung zahlt sich immer weniger aus für seine Partei. Und Lindner versucht den Druck auf die Ampel-Partner zu erhöhen, spricht von einem ""Herbst der Entscheidungen"" für die Bundesregierung.

An den Themen Migration, Wirtschaft und Haushaltspolitik lasse sich festmachen, ob die Bundesregierung den Erwartungen der Bürgerinnen und Bürger genüge, so Lindner nach der Landtagswahl in Brandenburg vor drei Wochen. Es gehe darum, gemeinsam dem Land eine Richtung zu geben und insbesondere bei den brennenden Themen die richtige Antwort zu finden. ""An diesen Fragen wird die Koalition gemessen. Und an diesen Fragen messen auch wir als FDP die Regierung.""

Der Einsatz wird höher

Mit solchen Sätzen lässt Lindner die Zukunft des Regierungsbündnisses bewusst in der Schwebe. Der Pokereinsatz wird höher. Obwohl die bisherigen Profilierungsversuche innerhalb des ungeliebten Bündnisses nicht dazu geführt haben, potenzielle FDP-Wähler an die Partei zu binden.

Das strategische Dilemma der FDP wird immer deutlicher. Die Liberalen haben sich auf ein Bündnis mit zwei Partnern eingelassen, deren Vorstellungen gerade in der Wirtschafts- und Finanzpolitik - den FDP-Kernthemen - fundamental andere sind. Aber die ungeliebte Koalition zu verlassen wäre riskant - und könnte angesichts der sowieso schon miesen Umfragewerte die Partei erst recht ins politische Abseits befördern.

Der Politikwissenschafter Uwe Jun von der Universität Trier spricht von einer schwierigen Abwägung: Vor allem Parteichef Lindner müsse nun die entscheidende Frage beantworten. ""Nützt es ihm noch bis September nächsten Jahres durchzuhalten oder könnte es ein Befreiungsschlag auch für die Partei sein, jetzt aus der Koalition auszusteigen?"" Aus Juns Sicht bieten sich dafür genug Anlässe im Herbst der Entscheidung. ""Sie haben die Haushaltsberatungen, sie haben das Rentenpaket, wo die FDP unterschiedliche Auffassungen im Vergleich gerade zur SPD hat, aber auch zu den Grünen.""

Streitpunkt Rente

Insbesondere das Rentenpaket könnte zum Sprengsatz werden. Das sieht zur Stabilisierung der Renten deutliche Beitragssteigerungen für die Beschäftigten vor - also für die jüngeren Generationen. Finanzminister Lindner hatte den Plan zwar im Grundsatz mit SPD-Arbeitsminister Heil verabredet, weil mit dem Paket auch ein sogenanntes Generationenkapital am Aktienmarkt aufgebaut werden soll. Damit sollen die Beitragserhöhungen etwas abgedämpft werden. Aber die FDP-Fraktion stellt sich quer, sieht deutlichen Nachbesserungsbedarf im Rentenpaket.

Die Vorsitzende der FDP-Jugendorganisation Junge Liberale, Franziska Brandmann, fordert bei dem Thema hart zu bleiben. ""Das Rentenpaket kann nur kommen, wenn es generationengerecht finanziert wird. Und das ist bei dem aktuellen Entwurf, so wie ihn Hubertus Heil vorgelegt hat, nicht der Fall. Und deshalb erwarte ich, dass die FDP-Bundestagsfraktion da auch so nicht mitmacht.""

Aussteigen oder weitermachen? Die FDP hat den ""Herbst der Entscheidungen"" ausgerufen. Und muss angesichts der schwindenden Zustimmung befürchten, dass der Herbst der FDP anbrechen könnte, wenn es nicht bald gelingt, Vertrauen zurückzugewinnen - ob innerhalb oder außerhalb der Ampelkoalition.

Ulf Kasimir, der FDP-Vorsitzende in Neu-Isenburg wartet jetzt darauf, ob ausreichend viele Unterschriften für einen Mitgliederentscheid eingehen. ""Wenn schon Herbst der Entscheidung"", sagt Kasimir, ""dann kann so ein Mitgliederentscheid helfen, tatsächlich eine Entscheidung zu treffen.""",Eine Analyse von Martin Polansky,"FDP, Ampelkoalition",2024-10-15,CONTROL_MeToo_Protests_2017_2024,single,True,1,"De, En, La"
https://www.tagesschau.de/wirtschaft/amnesty-kritisiert-e-autohersteller-100.html,Tagesschau,Amnesty kritisiert E-Auto-Hersteller,"Die Hersteller von Elektroautos schützen Arbeiter und Gemeinden offenbar nicht ausreichend vor Ausbeutung. Zu diesem Ergebnis kommt ein Bericht von Amnesty International. Am schlechtesten schneidet ein chinesischer Konzern ab.

Bei der Produktion von Elektroautos achten große Hersteller laut Amnesty International zu wenig auf mögliche Menschenrechtsverletzungen in ihren Lieferketten. Keines der führenden Unternehmen der Branche könne ausreichend darlegen, wie es mit Risiken in Rohstofflieferketten umgehe, erklärte die Menschenrechtsorganisation zur Veröffentlichung eines entsprechenden Berichts. Die deutschen Autobauer Mercedes, BMW und VW schneiden laut Amnesty allerdings vergleichsweise gut ab.

In einer Rangliste bewertet die Menschenrechtsorganisation auf der Grundlage öffentlicher Dokumente die menschenrechtlichen Sorgfaltspflichten und Richtlinien von 13 großen Elektroautoherstellern. Dabei geht es insbesondere um die Lieferketten der für die E-Mobilität wichtigen Rohstoffe Kobalt, Kupfer, Lithium und Nickel.

BYD auf dem letzten Platz

Am schlechtesten schneidet der chinesische Hersteller BYD ab. Von 90 möglichen Punkten erreichte das Unternehmen lediglich elf. Auf den hintersten Plätzen landeten zudem Mitsubishi aus Japan (13 Punkte) sowie das südkoreanische Unternehmen Hyundai (21 Punkte), dicht gefolgt von Geely Auto und Nissan mit jeweils 22 Punkten.

Angeführt wird das Ranking von Mercedes Benz mit 51 Punkten. Den zweiten Platz belegt der von US-Milliardär Elon Musk geleitete Tesla-Konzern (49 Punkte), gefolgt von Stellantis (42 Punkte). BMW und die VW Group teilen sich gemeinsam mit Ford mit jeweils 41 Punkten den vierten Platz.

Dass die deutschen Unternehmen sich im internationalen Vergleich stärker zu menschenrechtlichen Sorgfaltspflichten bekannt haben, führt Amnesty auch auf das seit Anfang 2023 gültige Lieferkettengesetz zurück. Nachholbedarf bestehe jedoch weiter bei der Offenlegung von Entschädigungsmaßnahmen und in der Transparenz von Lieferketten für die Batterieproduktion, hieß es.

Elektroautos gelten im Vergleich zu Verbrennern als klimafreundlicher. Allerdings kommt es laut Amnesty insbesondere beim Abbau der für die Batterien benötigten Metalle und seltenen Erden zu Ausbeutung, Gesundheits- und Umweltschäden. Die Menschenrechtsorganisation verwies unter anderem auf Zwangsräumungen im Zusammenhang mit dem Abbau von Kobalt in der Demokratischen Republik Kongo.

HUK: Nur Minderheit kauft E-Autos

Geht es nach dem Willen der Bundesregierung, sollen bis 2030 15 Millionen reine E-Autos auf Deutschlands Straßen fahren. Eine aktuelle Kfz-Versicherungsauswertung der HUK Coburg zeigt jedoch: Private Autobesitzer steigen nur sehr zögerlich um.

Im dritten Quartal dieses Jahres haben sich danach nur 3,9 Prozent der privaten Autobesitzer bei der Anschaffung eines Wagens - neu oder gebraucht - für ein Elektroauto entschieden, wie das Unternehmen für sein erstmals veröffentlichtes ""E-Barometer"" berechnete. Der Anteil von Batterieautos am privaten Fahrzeugbestand ist demnach von Juli bis September nur um 0,1 Prozent gestiegen und lag bei insgesamt 2,9 Prozent.

Darüber hinaus gibt es der Auswertung zufolge zumindest eine teilweise Rückwärtsbewegung: In diesem Jahr hat sich danach gut ein Drittel bisheriger E-Auto-Fahrer bei der Anschaffung eines anderen Wagens wieder für den Verbrennungsmotor entschieden. Das Unternehmen wirft daher die Frage auf, ob es sich um ein ""grundlegendes Akzeptanzproblem"" handeln könnte.

Die HUK ist mit knapp 14 Millionen versicherten Fahrzeugen Marktführer bei den Kfz-Versicherungen in Deutschland, jährlich meldet eine sechsstellige Zahl von Autofahrern ein anderes Fahrzeug an. Dieser unternehmenseigene Datenbestand war Grundlage der Berechnungen.",,"Amnesty, E-Autos",2024-10-15,CONTROL_MeToo_Protests_2017_2024,single,True,1,"De, En, La"
https://www.tagesschau.de/wirtschaft/finanzen/marktberichte/marktbericht-aktien-boerse-dax-dow-jones-100.html,Tagesschau,Marktbericht: Keine Ermüdungserscheinungen erkennbar,"An den New Yorker Börsen hat sich die Rekordjagd fortgesetzt. Das dürfte heute auch den DAX weiter beflügeln. Bereits gestern hatte der deutsche Leitindex so hoch geschlossen wie noch nie.

Nach seinem starken Wochenstart sind beim DAX auch heute wohl keine Ermüdungserscheinungen erkennbar. Die Rekordjagd scheint weiterzugehen: So taxierte der Broker IG den deutschen Leitindex gut zwei Stunden vor XETRA-Beginn mit 19.576 Punkten nochmals 0,4 Prozent höher.

Gestern hatte der DAX am Nachmittag seinen Höchststand bei 19.518 Punkten geknackt. Der Schlussstand lag bei 19.508 Punkten, ein Tagesgewinn von 0,7 Prozent. Noch nie in seiner Geschichte seit dem Gründungsdatum am 1.7.1988 hatte das Börsenbarometer so hoch geschlossen. Es folgte damit letztlich den Rekordvorgaben der Wall Street. ""Nach dem Sprung auf ein neues Allzeithoch dürften die runden Marken bei 19.600 oder 19.700 ins Visier der Investoren rücken"", schreiben die Experten der Helaba. Korrekturpotenzial bestehe zunächst bis 19.077 (21-Tage-Linie) oder 18.911 Zählern (Tief der Vorwoche) .

Treiber am Aktienmarkt sind derzeit weitere Leitzinssenkungen bei einer gleichzeitig robusten US-Wirtschaft sowie die Hoffnung auf eine Fortsetzung des positiven Starts in die Berichtssaison. Heute stehen weitere US-Banken mit Quartalszahlen auf der Agenda, darunter Goldman Sachs. In Deutschland werden die ZEW-Konjunkturerwartungen veröffentlicht. Die Helaba hält einen Anstieg für wahrscheinlich: ""Es wäre der erste nach drei Rückgängen in Folge. Insofern könnte es einen kleinen Hoffnungsschimmer für die konjunkturelle Entwicklung Deutschlands geben."" Die geopolitischen Risiken im Nahen Osten werden unterdessen etwas verdrängt.

In Erwartung starker Firmenbilanzen für das abgelaufene Quartal erreichte der Leitindex Dow Jones, der wie der S&P 500 schon am Freitag ein neues Rekordhoch markiert hatte, gestern in der Spitze 43.139 Punkte und schloss am Ende bei 43.065 Punkten um 0,5 Prozent höher. Erstmals überwand der Leitindex dabei die Marke von 43.000 Punkten. ""Es ist nicht wie bei den früheren Gewinnzyklen, wo man mit sehr hohen Erwartungen an die Unternehmen herangegangen ist und es für sie sehr schwer war, diese zu erfüllen"", sagt Kevin McCullough von Natixis Investment Managers Solutions. Die Messlatte liege aktuell etwas niedriger, und es sei für die Anleger einfacher, die Quartalsberichte in einem positiven Licht zu sehen.

Der marktbreite S&P-500-Index gewann 0,8 Prozent auf 5.859 Zähler und markierte bei 5.871 Punkten ebenfalls ein weiteres Rekordhoch. Überproportional starke Gewinne von 0,9 Prozent gab es auch an der Technologiebörse Nasdaq, die allerdings weiter knapp unter ihren bisherigen Höchstständen bleibt. In den kommenden Tagen werden die ersten Firmen aus dem Tech-Sektor ihre Bücher für das abgelaufene Quartal öffnen. Die am vergangenen Freitag vorgelegten Zahlen einiger US-Banken hätten Optimismus für die in den kommenden Tagen anstehenden Geschäftszahlen geschürt, meint Michael James, Aktienchef des Vermögensverwalters Wedbush.

Angetrieben von den positiven Vorgaben der US-Börsen und der Hoffnung auf gute Unternehmenszahlen erreichen auch die japanischen Märkte heute Rekordstände. In Tokio kletterte der 225 Werte umfassende Nikkei-Index um 1,6 Prozent auf 40.232 Punkte und durchbrach damit erstmals seit Ende Januar wieder die Marke von 40.000 Zählern. Der breiter gefasste Topix notierte 1,1 Prozent höher bei 2.737 Punkten. Vor allem die Chipwerte folgten ihren amerikanischen Pendants nach oben.

Skeptisch beurteilen Börsianer dagegen die jüngsten Nachrichten aus China. Dort hatte die Regierung am Wochenende ein Hilfspaket in Aussicht gestellt, um die Konjunktur anzukurbeln. ""Die Ankündigung war reich an Klischees und Phrasen, aber arm an überzeugenden Details"", kritisierte Analyst Tamas Varga vom Brokerhaus PVM. Daher zogen sich Anlegerinnen und Anleger aus chinesischen Werten zurück. Die Börse in Shanghai verlor 0,7 Prozent auf 3.260 Punkte. Der Index der wichtigsten Unternehmen in Shanghai und Shenzhen fiel um 0,7 Prozent auf 3.934 Punkte.

Die Ölpreise haben nach einem Bericht der ""Washington Post"" über Details der möglichen Angriffspläne Israels auf den Iran deutlich nachgegeben. Die US-Zeitung berichtete, dass Israel sich bei seinem geplanten Vergeltungsschlag gegen den Iran auf militärische Einrichtungen konzentrieren und Atom- und Ölanlagen verschonen will. Der Preis für ein Barrel (159 Liter) der Nordseesorte Brent zur Lieferung im Dezember sank im frühen Handel um 2,34 Dollar oder rund drei Prozent auf 75,12 Dollar, nachdem er bereits gestern um rund zwei Prozent gefallen war.

Anfang vergangener Woche hatte ein Barrel der Sorte Brent unter anderem wegen der Furcht vor Angriffen auf iranische Ölanlagen noch zeitweise mehr als 80 Dollar gekostet. Der Preis für ein Barrel der US-Sorte WTI zur Auslieferung im November gab am Morgen ebenfalls weiter deutlich nach.

Die Schweizer Online-Apotheke DocMorris hat im dritten Quartal von der fortschreitenden digitalen Rezepteinlösung profitiert. Der Umsatz legte im Zeitraum Juli bis September um 3,8 Prozent auf 265,7 Millionen Franken zu, wie der Konzern mitteilte. Dabei stiegen die Erlöse mit verschreibungspflichtigen Medikamenten (Rx) um 12,2 Prozent. Der schrumpfende Umsatz mit Papierrezepten werde durch die gute Entwicklung beim E-Rezept mehr als ausgeglichen. Die positive Entwicklung im Rx-Geschäft zeige, dass die Rezepteinlösung über die DocMorris-App und die Lieferung am nächsten Werktag bei den Kunden gut ankomme. Deren Zahl stieg zum Vorquartal um 200.000 auf 10,2 Millionen.

Tesla will sich ""Robotaxi"" und ""Robobus"" als Markennamen sichern lassen. Die Anträge des Elektroauto-Herstellers beim amerikanischen Patent- und Markenamt USPTO umfassen sowohl Fahrzeuge als auch Beförderungsdienste. Der Begriff Robotaxi bürgerte sich in den vergangenen Jahren zur Bezeichnung von selbstfahrenden Autos ein, die Menschen befördern. Teslas Anträge wurden vergangene Woche zur Vorstellung eines Robotaxi-Modells und des Konzepts für einen selbstfahrenden Bus für bis zu 20 Personen durch Firmenchef Elon Musk eingereicht.

Nach Microsoft setzt auch Google auf Atomkraft, um Rechenzentren in Zeiten stromhungriger Künstlicher Intelligenz zu betreiben. Der Internet-Konzern will ab 2030 Energie aus neuartigen kleinen Reaktoren des Entwicklers Kairos Power einkaufen. Bis 2035 soll die jährliche Leistung 500 Megawatt erreichen. Es gehe um sechs oder sieben Kraftwerke, sagte Google-Manager Michael Terrell der Financial Times. Es sei noch offen, ob Strom aus den Reaktoren ins Netz gehen solle oder ob sie direkt mit den Rechenzentren verbunden werden.",,"Marktbericht, Aktien, Börse, Geldanlage, DAX, Dow Jones",2024-10-15,CONTROL_MeToo_Protests_2017_2024,single,True,1,"De, En, La"
https://www.tagesschau.de/wissen/eu-wasserversorgung-100.html,Tagesschau,Wasserversorgung in Europa steht laut EU-Umweltagentur unter Druck,"Nur 37 Prozent der europäischen Seen und Flüsse befinden sich in einem guten Zustand. Das geht aus einem Bericht der Europäischen Umweltagentur hervor. Sogenannter Wasserstress sei ein zunehmendes Problem.

Luftverschmutzung, Pestizide und Dünger aus der Landwirtschaft: Die Wasserversorgung in Europa steht aus Sicht der EU-Umweltagentur EEA vor großen Herausforderungen. Nur 37 Prozent der Seen oder Flüsse in Europa befanden sich nach Angaben der Europäischen Umweltagentur EEA im Jahr 2021 in einem guten oder sehr guten Zustand.

Trotz Bemühungen der Länder habe sich diese Zahl seit 2015 kaum verändert, heißt es in einem Bericht der EU-Behörde. Die fehlende Verbesserung des ökologischen Zustands zeige die anhaltende Belastung der Gewässer auf dem gesamten Kontinent.

""Unsere Gewässer stehen vor noch nie dagewesenen Herausforderungen, die die Wassersicherheit Europas bedrohen"", sagt EEA-Direktorin Leena Ylä-Mononen. ""Wir müssen unsere Anstrengungen verdoppeln, um die Gesundheit unserer wertvollen Flüsse, Seen, Küstengewässer und anderen Gewässer wiederherzustellen und sicherzustellen, dass diese lebenswichtige Ressource für künftige Generationen widerstandsfähig und sicher ist.""

Intensiver Einsatz von Nährstoffen und Pestiziden

Die größte Belastung des Oberflächen- und Grundwassers gehe von der Landwirtschaft aus, berichtet die Agentur unter Berufung auf Angaben der Mitgliedsstaaten. Grund dafür sei vor allem der intensive Einsatz von Nährstoffen und Pestiziden.

Änderungen der landwirtschaftlichen Praktiken und neue Technologien könnten den Zustand verbessern, schreibt die EEA. Gleichzeitig sei die Landwirtschaft bei weitem der größte Netto-Wasserverbraucher in Europa - ""und ohne Änderungen der Praktiken wird der Bedarf der Bewässerungslandwirtschaft mit dem Klimawandel wahrscheinlich steigen"".

Wasserknappheit als wachsendes Problem

Vor allem im Süden Europa wird das Wasser zudem knapper. Dürreperioden werden auf dem ganzen Kontinent stärker und häufiger. Dies wirke sich auf die öffentliche Wasserversorgung sowie auf Landwirtschaft und Industrie aus, heißt es.

Bereits jetzt seien jährlich 20 Prozent des europäischen Landes sowie 30 Prozent der Bevölkerung von Wasserstress betroffen. ""Zahlen, die in Zukunft aufgrund des Klimawandels wahrscheinlich noch steigen werden"", so die EEA.

Nach Angaben des Umweltbundesamts (UBA) spricht man von Wasserstress, wenn mehr als 20 Prozent des verfügbaren Wassers vom Menschen genutzt wird. Dagegen hilft ein geringerer Wasserverbrauch.",,"Wasserversorgung, Europa",2024-10-15,CONTROL_MeToo_Protests_2017_2024,single,True,1,"De, En, La"
https://www.tagesschau.de/ausland/amerika/un-israel-angriffe-unifil-100.html,Tagesschau,UN-Sicherheitsrat kritisiert Angriffe auf Blauhelmsoldaten im Libanon,"Nach dem israelischen Beschuss von Soldaten der UN-Friedenstruppe im Südlibanon haben sich die Vereinten Nationen besorgt gezeigt. Gleichzeitig erteilten sie israelischen Rückzugsforderungen eine Absage: Die Stellungen im Libanon würden gehalten.

Nach dem wiederholten Beschuss von Stellungen der UN-Friedenstruppen im Libanon (UNIFIL) hat sich der Weltsicherheitsrat besorgt über die Sicherheit der dort stationierten Blauhelmsoldaten gezeigt.

""Wir rufen alle Parteien dazu auf, die Sicherheit des Personals und der Einrichtungen von UNIFIL zu respektieren"", sagte die Schweizer UN-Botschafterin Pascale Baeriswyl als amtierende Präsidentin des Sicherheitsrats im Namen aller 15 Mitglieder. ""Wir erinnern daran, dass UN-Friedenssoldaten und UN-Liegenschaften niemals Ziel von Angriffen werden dürfen.""

Keine Pläne für Abzug der Blauhelme

Der Leiter der UN-Friedensmissionen, Jean-Pierre Lacroix, erklärte zusätzlich, dass UNIFIL trotz israelischer Rückzugsforderungen ihre Stellungen im Libanon halten werde. ""Die Entscheidung wurde getroffen, dass die UNIFIL trotz der Aufforderungen der israelischen Streitkräfte, die Stellungen in der Nähe der Blauen Linie zu räumen, auf ihren Positionen bleiben wird"", gab Lacroix an. Diese Entscheidung gelte weiterhin und sei am Montag von UN-Generalsekretär António Guterres bestätigt worden.

Als ""Blaue Linie"" wird die im Jahr 2000 von der UNO zwischen dem Libanon und Israel festgezogene Demarkationslinie genannt.

Mehrere Angriffe auf UN-Stellungen im Libanon

In den vergangenen Tagen waren die Blauhelme im Libanon mehrmals unter Feuer geraten, mindestens vier Soldaten wurden dabei verletzt. Zudem durchbrachen israelische Panzer gewaltsam das Haupttor eines UN-Postens. Seit Jahrzehnten überwacht die UN-Mission das Grenzgebiet zwischen Israel und dem Libanon. Daran sind mehr als 10.000 UN-Soldaten aus mehr als 50 Ländern beteiligt, darunter auch die Bundeswehr.

Angesichts der Kämpfe zwischen den israelischen Streitkräften und der Schiiten-Miliz Hisbollah im Libanon äußerte der UN-Sicherheitsrat seine Besorgnis über zivile Opfer, die Zerstörung der Infrastruktur und die steigende Zahl an Binnenflüchtlingen. ""Wir rufen alle Parteien dazu auf, das humanitäre Völkerrecht zu achten"", sagte Sicherheitsratspräsidentin Baeriswyl.",,"Israel, Libanon, Nahost",2024-10-15,CONTROL_MeToo_Protests_2017_2024,single,True,1,"De, En, La"
https://www.tagesschau.de/newsticker/liveblog-ukraine-dienstag-396.html,Tagesschau,Ukraine-Liveblog: ++ Ein Toter bei russischem Luftangriff ++,"Bei einem russischen Luftangriff im Süden der Ukraine ist mindestens ein Mensch getötet worden. Ungarn verhandelt mit dem russischen Energiekonzern Gazprom über zusätzliche Gaslieferungen. Alle Entwicklungen im Liveblog.

Ungarn und der russische Energiekonzern Gazprom führen Verhandlungen über zusätzliche Gaslieferungen für das kommende Jahr. ""Wir haben bereits ein zusätzliches Abkommen für das letzte Quartal dieses Jahres unterzeichnet, das zusätzliche Mengen zu einem wettbewerbsfähigen Preis umfasst"", sagte der ungarische Außenminister Peter Szijjarto der russischen Nachrichtenagentur RIA. Nun liefen Gespräche über einen Vertrag für das nächste Jahr.

Bei einem russischen Luftangriff auf die südukrainische Region Mykolajiw sind mindestens ein Mensch getötet und elf weitere verletzt worden. Dies teilte der Leiter der regionalen Militärverwaltung über den Nachrichtendienst Telegram mit. ""Einige der Verletzten befinden sich in einem ernsten Zustand"", erklärt der Gouverneur von Mykolajiw, Witalij Kim.

Der Stabschef des ukrainischen Präsidenten Wolodymyr Selenskyj, Andrij Jermak, hat ein neues internationales Sicherheitssystem gefordert, um künftige bewaffnete Aggressionen zu verhindern. ""Wir brauchen eine erneuerte Sicherheitsarchitektur, die auf internationalem Recht und der Stärkung der eigenen Verteidigungskapazitäten der Ukraine basiert"", sagte er während einer Online-Konferenz zur Friedenssicherung nach der russischen Invasion.

""Dieses System sollte nicht nur eine militärische Komponente, sondern auch Sanktionen, finanzielle Unterstützung, Investitionen und eine breite Zusammenarbeit in verschiedenen Bereichen umfassen.""

Der ukrainische Präsident Selenskyj berichtet von schweren Kämpfen in der westrussischen Region Kursk, die seit Tagen andauern. Bei einem russischen Raketenangriff auf Odessa wurde ein Mensch getötet. Die Entwicklungen vom Montag zum Nachlesen.",,"Liveblog, Ukraine",2024-10-15,CONTROL_MeToo_Protests_2017_2024,single,True,1,"De, En, La"
https://www.tagesschau.de/ausland/asien/flucht-libanon-100.html,Tagesschau,Hauptsache weg - Flucht aus dem umkämpften Süden des Libanon,"Seit dem Start der israelischen Bodenoffensive ist der Süden des Libanon ein Kriegsgebiet. Große Teile der Bevölkerung sind geflüchtet - oft in Orte, wo sie sich auch nicht sicher fühlen.

Es begann mit einem Anruf, erzählt Saliha Boukharub, die mit der Familie ihres Bruders in die Stadt Sidon geflohen ist: ""Da war jemand dran, der sagte: 'evakuieren, evakuieren' - der Ton klang so komisch. Es war nicht klar, wer das war.""

Bombenangriffe hatten sie schon vorher gehört, meist aus der Ferne, in Burj al-Shemaly einem palästinensischen Flüchtlingslager in der Nähe der Stadt Tyrus. Aber jetzt kamen die Einschläge immer näher. Direkt nach dem Anruf wurde ein Nachbarhaus getroffen, erzählt die 52-Jährige: ""Wir wussten nicht, wie wir aus dem Haus kamen. Wir haben geschrien und geweint. Und dann liefen wir durch die Straßen. Das war wirklich schlimm.""

Boukharoub ist mit ihrem Bruder und dessen Kindern nach Sidon geflohen. Insgesamt zu acht sind sie bei Verwandten untergekommen. Die Kinder spielen in dem mit Matratzen vollgestopften Raum, während die Erwachsenen erzählen.

Aufruf zur Evakuierung in letzter Minute

Täglich übermittelt die israelische Armee seit zwei Wochen ihre Botschaften in arabischer Sprache an die Bevölkerung im Süden des Libanon: ""Zu Ihrer eigenen Sicherheit müssen Sie Ihre Häuser sofort räumen und nördlich des Awali-Flusses umziehen - unverzüglich"", heißt es darin. Fahrten in den Süden seien verboten.

Der Awali mündet nördlich von Sidon ins Mittelmeer - gut sechzig Kilometer von der Grenze im Süden entfernt. Die Einwohnerinnen und Einwohner von mehr als einhundert Dörfern sind bislang auf dieser Art gewarnt worden, auch Städte wie Nabatiyeh, wo etwa 100.000 Menschen gelebt haben.

Oft folgten Luftangriffe weniger als eine halbe Stunde nach den Aufrufen. Zu wenig Zeit, sagt Daniellah Khalil von der Hilfsorganisation Amel: ""Einige unserer Mitarbeiter sind unter Beschuss geflohen""

Für die überkonfessionelle Organisation arbeiten etwa 1.500 Mitarbeitende und Freiwillige. Im Süden hat sie kleine Gesundheitszentren betrieben. Dort lagern noch immer Medikamente und Hilfsgüter. ""Es gibt ein paar von unseren Mitarbeitern, die wollten die wenigen Menschen, die noch im Süden sind, nicht im Stich lassen. Die verteilen jetzt dort die Güter.""

Zahl der Betroffenen unbekannt

Wie viele Menschen derzeit noch in den Städten und Dörfern im Süden des Libanon ausharren, dazu gibt es keine verlässlichen Zahlen. Die israelische Armee und die Terrormiliz Hisbollah melden heftige Kämpfe in Grenznähe. Die Blauhelme der UN-Mission UNIFIL berichteten zuletzt mehrfach davon, dass auch ihre Stellungen von der israelischen Armee beschossen wurden.

Von mehr als einer Million Vertriebenen im Libanon sprechen die Vereinten Nationen inzwischen. Zu ihnen zählt auch Ahmed Dandal. Er verließ den Süden, als der Beschuss immer stärker wurde. Vor allem hatte er Angst um seine Kinder, erzählt er: ""Ich habe mich über meinen Sohn gebeugt, um ihn vor Granatsplittern zu schützen.""

Aus und nach Syrien geflohen

Zunächst floh er mit seiner Familie ins Chouf-Gebirge, südöstlich von Beirut. Doch auch dort fühlte er sich nicht mehr sicher. Also zog er weiter nach Syrien, in den Nordwesten nach Idlib, seine ursprüngliche Heimat. Vor 13 Jahren ist er aus Syrien geflohen - wegen des Krieges, um seinen Kindern im Libanon eine bessere Zukunft zu ermöglichen.

Auch die 33 Jahre alte Narges macht sich vor allem Sorgen um die Zukunft ihrer fünf Kinder. Aus der Nähe von Tyros sind sie zunächst nach Beirut geflohen, hatten dort aber keine dauerhafte Bleibe - bis ein Onkel ihnen anbot, bei sich in Sidon zu wohnen. ""Eigentlich ist jetzt Schul- und Universitätszeit. Meine Töchter haben davon geträumt, ihren Uni-Abschluss zu machen"", erzählt sie. ""Es tut weh, zu sehen, wie ihre Träume zerschellen.""

Schulen und Universitäten in weiten Teilen des Landes haben wegen des Krieges ihren Betrieb eingestellt. In vielen staatlichen Schulen sind jetzt notdürftig Flüchtlinge untergebracht.",Moritz Behrendt Kairo,"Libanon, Flucht",2024-10-15,CONTROL_MeToo_Protests_2017_2024,single,True,1,"De, En, La"
https://www.tagesschau.de/ausland/asien/libanon-hisbollah-104.html,Tagesschau,Ist ein Libanon ohne Hisbollah denkbar?,"Eigentlich dürfte es die Hisbollah-Miliz gar nicht geben, eine UN-Resolution von 2006 sieht ihre Entwaffnung vor. Doch der libanesische Staat ist schwach und seine Armee auch. Besteht jetzt die Chance für einen Neuanfang im Land?

Vor einer Woche wandte sich Israels Premierminister Benjamin Netanyahu in einer Video-Ansprache an die Libanesen: ""Erinnert ihr euch noch als euer Land die 'Perle des Nahen Ostens' genannt wurde?"", fragte er. Inzwischen habe die Hisbollah das Land in eine iranische Militärbasis verwandelt. ""Steht auf und holt euch euer Land zurück"", sagte er.

Tatsächlich dürfte es die Hisbollah in der jetzigen Form gar nicht geben. Die UN-Resolution 1701, die nach dem letzten Libanonkrieg 2006 implementiert wurde, sieht eine Entwaffnung von Milizen wie der Hisbollah vor. Nur noch die libanesische Armee soll das Sagen haben.

Umgesetzt wurde das jedoch nie. Die Armee gilt als schwach. Stattdessen rüstete die schiitische Miliz mit Hilfe des Iran auf. Sie kontrolliert weite Teile im Osten und Süden des Landes. Trotz massiver israelischer Luftangriffe und Bodenoperationen ist sie nach wie vor imstande, Raketen Richtung Israel abzufeuern oder tödliche Drohnen zu senden - so wie vergangenen Samstag.

Libanons Premier will Entwaffnung der Hisbollah

Im Libanon mehren sich nun wieder die Stimmen, die auf die Umsetzung der Resolution 1701 pochen. So kündigte Ende der Woche Libanons Premierminister Najib Mikati - selbst ein Sunnit - an, seine Regierung werde im UN-Sicherheitsrat einen ""kompletten und sofortigen Waffenstillstand"" einfordern und sich im Gegenzug zur Durchsetzung der Resolution 1701 verpflichten.

Makram Rabah, Hisbollah-Kritiker und Historiker an der American University in Beirut, sieht darin eine Chance: ""Ich glaube, die Libanesen werden früher oder später Stellung beziehen und eine politische Übergangsphase einleiten, die eben auch die Schiiten im Land einbezieht und sie beschützt. Aktuell bezahlen sie den Preis der Abenteuer des Iran"", sagte er dem ARD-Studio Kairo.

""Je mehr Angriffe, umso größer die Unterstützung""

Drew Mikhael, der für den in Washington ansässigen Thinktank Tahrir Institute for Middle East Policy arbeitet, ist skeptisch: ""Je mehr Angriffe es im Land gibt, umso größer wird die Unterstützung für die Hisbollah - und das ist ein Desaster."" Netanyahu fordere letztlich dazu auf, zu den Waffen zu greifen. Das sei undemokratisch und letztlich kontraproduktiv.

Auch Merin Abbass, Leiter der Friedrich-Ebert-Stiftung (FES) in Beirut, bezweifelt, dass sich die Stimmung im Land grundsätzlich gegen die Hisbollah wendet: ""Es werden systematisch Dörfer zerstört. Es gibt die Aufforderung, Gebiete bis zu 60 Kilometer fernab der israelischen Grenze zu räumen. Da sind nicht nur Schiiten, es sind auch nicht nur Hisbollah-Anhänger, sondern es sind auch Christen, Sunniten und Drusen davon betroffen.""

Zwar habe die Hisbollah einen gewissen Vertrauensverlust erlitten. Angesichts der israelischen Bodenoffensive im Süden des Landes sähen allerdings immer noch viel Menschen in ihr die einzige Kraft, die das Land verteidigen könne.

Staat nur bedingt handlungsfähig

Die Hisbollah ist zudem ein wichtiger politischer Akteur. Sie sitzt im Parlament und blockiert mit Verbündeten, wie der schiitischen Amal-Partei unter Parlamentspräsident Nabih Berri die Wahl eines neuen Staatspräsidenten. Dieser muss nach der politisch-konfessionellen Machtaufteilung ein Christ sein. Der Posten ist seit zwei Jahren vakant, der Staat deshalb nur bedingt handlungsfähig. Auch deshalb kommt politisch niemand an der Hisbollah vorbei.

Während die Opposition - vor allem christlich geprägte Parteien - nun auf die Wahl eines Staatspräsidenten pochen, der die Resolution 1701 durchsetzen soll, um den Einfluss der Hisbollah und des Iran zurückzudrängen, halten Beobachter eine schnelle Lösung für unrealistisch.

""In der aktuellen Situation muss man immer Schritt für Schritt denken. Es ist sehr schwierig, jetzt an das Endziel zu denken, weil es dazwischen sehr, sehr viele Hindernisse gibt, die zu überwinden sind"", meint FES-Leiter Abbass. Einen Waffenstillstand halten viele für den einzigen möglichen nächsten Schritt. ""Und hier geht nichts ohne die USA, die Netanyahus Angriffe stoppen muss"", sagt Drew Mikhael.

""Krieg in Gaza ist nicht unser Krieg""

Die USA haben jüngst angekündigt, sich genau darum intensiv zu bemühen. US-Außenminister Antony Blinken betont jedoch immer wieder, dass auch der Libanon selbst seine Hausaufgaben machen müsse, wie etwa bei der Präsidentenwahl.

Bewegung gab es immerhin zuletzt im Hisbollah-Lager: Deren Vize-Generalsekretär Naim Qassem vermied es, einen Waffenstillstand im Libanon mit einer Waffenruhe im Gazastreifen zu verknüpfen. Für FES-Leiter Abbass ist es die Korrektur eines ""taktischen Fehlers"" der bisherigen Hisbollah-Führung und deren Verbündeten im Iran: ""Viele libanesische Abgeordnete sagen: absolute Solidarität mit den Palästinensern, ja. Aber der Krieg in Gaza ist nicht unser Krieg.""

Noch zeigten sich die Menschen im Libanon angesichts der israelischen Angriffe solidarisch. Komme es nicht bald zu einem Waffenstillstand, könnten die Spannungen wachsen und neue bürgerkriegsähnliche Zustände drohen, so Abbass.","Eric Beres, SWR","Libanon, Hisbollah, Nahost-Krieg",2024-10-15,CONTROL_MeToo_Protests_2017_2024,single,True,1,"De, En, La"
https://www.tagesschau.de/ausland/europa/eu-rueckfuehrung-102.html,Tagesschau,EU-Kommission kündigt neues Gesetz zu Rückführung illegaler Migranten an,"Der Prozess der Rückführung von illegal eingereisten Migranten soll in der EU bald reibungsloser laufen. Das kündigte Kommissionspräsidentin von der Leyen an. Ein entsprechender Entwurf soll den EU-Staaten bald vorgelegt werden.

Die EU-Kommission will einen neuen Gesetzentwurf zur Rückführung illegal eingereister Migranten vorlegen. Dies kündigte Kommissionspräsidentin Ursula von der Leyen in einem am Montagabend veröffentlichten Brief an die 27 Mitgliedstaaten an.

Der Vorschlag werde ""klare Kooperationsverpflichtungen für rückgeführte Personen"" enthalten und habe die Absicht, ""den Rückführungsprozess wirksam zu straffen"".

Änderungen im EU-Asylsystem

Die EU-Mitgliedsländer hatten sich erst im Frühjahr mühsam auf eine Reform des Gemeinsamen europäischen Asylsystems (Geas) geeinigt, die unter anderem verschärfte Abschieberegeln vorsieht. Seither forderten unter anderem die Niederlande und Ungarn, von den gemeinsamen Asylregeln ausgenommen zu werden. Solche sogenannten Opt-outs erfordern jedoch eine EU-Vertragsänderung, der alle Mitgliedsländer zustimmen müssen.

Die im Frühjahr vereinbarte Geas-Reform soll ab Juni 2026 gelten. Dadurch sollen unter anderem erstmals schnellere Asylverfahren direkt an den EU-Außengrenzen möglich werden. Führende Migrationsexperten halten Geas hinsichtlich von Rechtsstaatlichkeit und Menschenrechten für problematisch.",,"EU, Rückführung, Migration",2024-10-15,CONTROL_MeToo_Protests_2017_2024,single,True,1,"De, En, La"
