url,publisher,title,body,authors,topics,publishing_date,event_label,event_type,is_control,topic_id,topic_label
https://www.independent.co.uk/news/world/americas/us-politics/nancy-pelosi-donald-trump-swearing-catholic-b2629858.html,The Independent,"Pelosi doesn’t like saying Trump’s name as she’s Catholic: ‘It’s up there with, like, swearing’","Former Speaker of the House Nancy Pelosi said she considers Donald Trump’s name a swear word and, because she is Catholic, refuses to say it.

Pelosi, a top Democrat from California, revealed her thoughts on saying the former president’s name and described him as “what’s-his-name” during an interview with The Guardian released Tuesday.

“I hardly ever say his name,” Pelosi said.

“I think [Trump is] a grotesque word…You just don’t like the word passing your lips,” she added. “I just don’t. I’m afraid, you know, when I grew up Catholic, as I am now, if you said a bad word, you could burn in hell if you didn’t have a chance to confess. So I don’t want to take any chances.”

“It’s up there with, like, swearing.”

Pelosi also admitted during the interview she still has not spoken to President Joe Biden since July, when widespread reports claimed she played a key role in pressuring him to leave the presidential race.

Despite these rumors, Pelosi claimed in August that she “did not call one person” and did not lead a pressure campaign against him.

Now, the powerful Democrat has told The Guardian she wanted to protect Biden’s legacy and the election outcome. Pelosi said she made a call for her party to “get on a better course.”

“I have the greatest respect for him. I think he’s one of the great consequential presidents of our country,” Pelosi said. “I think his legacy had to be protected. I didn’t see that happening in the course that it was on, the election was on. My call was just to: ‘Let’s get on a better course.’”

Pelosi also said she agrees with the recent comment from Mark Milley, the former chairman of the Joint Chiefs, who called Trump “fascist to the core.” Milley was appointed in 2019 by Trump.

“And I know it’s interesting because Kamala Harris says, ‘I’ve prosecuted people like Trump. I know men like that.’ No, I know him,” Pelosi told The Guardian.

“There’s one picture of me leaving the Roosevelt Room at the cabinet meeting. And I’m pointing to him and I’m saying, I’m leaving this meeting because with you, Mr. President, all roads lead to Putin,” she continued.

“[Milley’s] comment, ‘fascist to the core’, speaks to the actions that he has taken. Trivialize the press, fake news – that is a tactic of fascist governments.”

The Independent has contacted Trump’s campaign for comment.",Katie Hawkinson,"Nancy Pelosi, California, Donald Trump, Kamala Harris, US election 2024, Internal",2024-10-15,CONTROL_MeToo_Protests_2017_2024,single,True,0,"In, The, To"
https://www.independent.co.uk/news/world/americas/crime/man-accused-tying-dog-fence-b2629888.html,The Independent,Florida man charged over dog left tied to fence as Hurricane Milton swept in,"A man suspected of tying a scared dog to a fence as Hurricane Milton encroached on Florida shores has been arrested and charged.

Giovanny Aldama Garcia, 23, of Ruskin, Florida, has been hit with a felony charge of aggravated animal cruelty, State Attorney Suzy Lopez announced on Tuesday. The charge is punishable by up to five years in prison.

On October 9, Florida Highway Patrol troopers found the dog abandoned in rising floodwaters up to his chest on Interstate-75, officer body-worn camera released that day showed. Trooper Orlando Morales rescued the dog after getting a tip from a driver about a canine on the side of the road. The dog is now in foster care in Tallahassee.

Investigators said Garcia told them he was going to Georgia to escape the hurricane but left his dog “Jumbo” on the side of the road because he couldn’t find anyone to pick him up.

Governor Ron DeSantis praised Lopez’s office on Tuesday during a news conference.

“We said at the time, ‘you don’t just tie up a dog and have them out there for a storm. Totally unacceptable. We’re going to hold you accountable.’”

The dog has been renamed Trooper, in honor of the law enforcement officers who rescued him.

“In Hillsborough County, we take animal cruelty very seriously,” Lopez said in a statement. “This defendant is charged with a felony and could face up to five years in prison for his actions. Quite frankly, I don’t think that is enough.

“Hopefully, lawmakers take a look at this case and discuss changing the law to allow for harsher penalties for people who abandon their animals during a state of emergency.”",Michelle Del Rey,"Florida, animal cruelty, Tallahassee, Ron DeSantis, Hurricane, Internal",2024-10-16,CONTROL_MeToo_Protests_2017_2024,single,True,0,"In, The, To"
https://www.independent.co.uk/sport/football/cristiano-ronaldo-scotland-portugal-result-nations-league-b2629850.html,The Independent,Scotland earn a victory at last — they made Cristiano Ronaldo crack,"Scotland remain without a win but the losing run is over and there was the sight of another victory against Portugal, as Cristiano Ronaldo applauded sarcastically as he stormed down the tunnel at the end of this goalless draw at Hampden. Ronaldo’s frustration at being denied by a goalkeeper older than him, in the 41-year-old Craig Gordon, spilled over when Portugal were prevented from taking an injury-time corner, with referee Lawrence Visser blowing his full-time whistle as Bernando Silva and Bruno Fernandes jogged to the byline. As Ronaldo had been in Visser’s ear all night, the Belgian had presumably endured enough and wanted it over.

So there were cheers at last for Steve Clarke and his beleaguered side, even if many came at Ronaldo’s expense, the pantomime villain who thundered off the pitch in a tantrum without shaking hands or applauding the Portugal supporters in the corner. In many ways, that was mission accomplished for the hosts, who held on and avoided losing five consecutive games for the first time. Gordon was immense between the posts, as were Grant Hanley and John Souttar earning their clean sheet with brave displays in central defence. Even debutant Nicky Devlin, a late replacement, played his part with a brilliant block on Rafael Leao.

The irony for Scotland, however, is they were poor for long spells, far worse than they had been in their previous Nations League defeats to Poland, Portugal and Croatia. Clarke’s side were wasteful in possession while looking to play through the middle third and aimless in their attempts to hit long towards an isolated Che Adams. There was little evidence of a plan, or idea, to lift the gloom. It remains just one win in 16 for the national team. Relegation from the top tier of the Nations League still beckons.

The reprieve, perhaps, was that Portugal were shockingly bad too, in a very different way. Rather than a severe lack of options facing Clarke amid Scotland’s injury crisis, it almost feels as if Roberto Martinez has too many attacking talents to choose from. Martinez, too, refuses to divert from Ronaldo being at the centre of his attack. Ronaldo had scored in three consecutive appearances for Portugal since the shambles that were his performances at Euro 2024. He did not look like scoring here, but remained on until the end, glowering and pointing to the stands with his thumbs up at full-time,

Ronaldo, unsurprisingly, was at the centre of the action. But this was a scrappy contest low on quality, summed up best when Ronaldo and Nuno Mendes messed up a Portugal free kick 30 yards out from goal, taking it to each other short at the same time. The 39-year-old’s theatrical pleading to referee Visser was accompanied by pantomime boos from the Tartan Army, turning to jeers as he miscontrolled a diagonal pass and the ball slipped under his studs, or he missed with an effort on goal, of which there were several.

Ronaldo, too, offered a glimpse at the spectacular with a sudden spring into the air and attempt at an acrobatic bicycle kick, only for it to land wide and the referee to give a free-kick the other way for dangerous play. It was turning into that kind of evening for Portugal, who dominated without taking the lead. Scotland were indebted to their own veteran, Gordon, for saving a Mendes free-kick from the angle bound for the top corner. Ronaldo, meanwhile, kept shooting, firing low at Gordon on his left early on and scooping one over the bar on his right shortly before half time.

It was Scotland, though, who produced the best chance of the first half. Clarke couldn’t have dreamt of a better combination than Andy Robertson’s clipped cross picking out an unmarked Scott McTominay six yards from goal. The major surprise came when McTominay headed straight at Diogo Costa. After that, Scotland retreated, inviting possession either by conceding possession or cheap free kicks - McTominay gave away a rather rash one and picked up a yellow card for a lunge on his former Manchester United team-mate Fernandes.

The Portugal opener seemed inevitable, as Scotland continued to gift possession away. An unmarked Ronaldo headed a golden chance over the bar after Robertson this time lost possession advancing over halfway. Then Ben Doak was caught and Francisco Conceicao curled over from a one-two with Ronaldo. There was an injection of impetus from the visitors through the introduction of Leao, who set up Portugal’s best chance as he squared to Fernandes. Gordon, though, reacted smartly on the line and smothered the rebound to deny Ronaldo.

Scotland did not trouble Costa in the second half but there were chances. McTominay’s touch and drive suddenly had Portugal turning but Ryan Christie was unable to find either Robertson or Doak, both in space to his left. A knock down from Adams fell to McTominay, who couldn’t make contract. Scotland broke clear late on through Anthony Ralston but he couldn’t slide the cross through to McTominay, who burst away with him. In the end, a point was fair, not that Ronaldo would agree.",Jamie Braidwood,"Scotland football, Portugal Football, Cristiano Ronaldo, Steve Clarke, Roberto Martinez, Scott McTominay, Craig Gordon, Internal",2024-10-15,CONTROL_MeToo_Protests_2017_2024,single,True,0,"In, The, To"
https://www.independent.co.uk/news/victorias-secret-fashion-show-red-carpet-live-b2629856.html,The Independent,Watch live: Victoria’s Secret fashion show returns as stars take to red carpet,"Watch live as Victoria’s Secret fashion show returns today (15 October) as stars take to the red carpet.

The signature fashion show is officially making its return after a six-year hiatus with an iconic headliner: Cher.

Victoria’s Secret has already revealed several models who will be on the runway on October 15.

Some of the models – referred to as the cast of the show – include Ashley Graham, Barbara Palvin, Gigi Hadid, Tyra Banks, Paloma Elsesser, Candice Swanepoel, Taylor Hill, Mayowa Nicholas, Imaan Hammam, and Devyn Garcia.

The 2024 show will take place at the brand’s flagship store in New York City.

The company has described the event as a “night of glamour, music, and of course, fashion.”",Lucy Leeson,"Victoria's Secret, Red carpet, Cher, Internal",2024-10-15,CONTROL_MeToo_Protests_2017_2024,single,True,0,"In, The, To"
https://www.independent.co.uk/news/world/americas/crime/sean-diddy-combs-macys-sex-assault-allegation-b2629834.html,The Independent,Macy’s accused of covering up Diddy sex attack to protect major deal with his clothing brand,"In a new wave of lawsuits against Sean “Diddy” Combs this week, Macy’s has been accused of covering up one of the music mogul’s alleged sexual assaults in order to protect a major deal with his clothing brand.

The lawsuit filed by “John Doe” in Ohio has claimed that in 2008, Combs orally raped a man while he was working in the stockroom at Macy’s flagship store in Herald Square, in Manhattan, New York, according to Business Insider.

The plaintiff, who said he worked as an advisor for Combs’s rival clothing company, Ecko Unltd at the time, claimed in the lawsuit that he was violently attacked by Combs’s bodyguards, who threatened to kill him. Combs allegedly then forced the plaintiff to perform oral sex on him while he called him “Ecko.”

When the plaintiff reported the alleged assault to Macy’s security, he allegedly received no follow-up and was later barred from the store.

Meanwhile, Combs “began passing out merchandise to an adoring crowd, as if nothing had happened,” the lawsuit claims.

“Approximately three weeks later, Terry Lundgren, CEO of Macy’s, pressured Ecko Unltd. executives to fire plaintiff because Macy’s had just signed a multi-million-dollar deal with Sean John Clothing,” according to the lawsuit via Business Insider.

The plaintiff said he was then fired and lost his apartment that was paid for by the company.

He claims in the lawsuit that he “believes that the report of the assault was destroyed or otherwise purged from Macy’s records, and no action was ever taken as a result of the report.”

The Independent has reached out to Macy’s for comment.

The disturbing allegations are the latest against Combs, who was arrested in September after a grand jury indicted him on federal charges of sex trafficking and racketeering.

At least six lawsuits that were filed against the hip-hop mogul in federal court in Manhattan were filed anonymously, two by women identified as Jane Does and four by men identified as John Does. The allegations, which included molesting a 16-year-old boy, supposedly took place from 1995 through 2021.

One of the John Does alleged that Combs fondled his genitals when he was 16 at one of the rapper’s “white parties” in Long Island’s Hamptons in 1998.

The accusers are part of what their lawyers say is a group of more than 100 alleged victims who are in the process of taking legal action against Combs in the wake of his sex trafficking arrest last month.

Until Monday’s lawsuit, Combs had only been accused in civil cases and his criminal indictment of sexual activity with adults.

Combs’s lawyers and other representatives did not immediately respond to an email seeking comment.

When the planned lawsuits were announced October 1, a lawyer said Combs “cannot address every meritless allegation in what has become a reckless media circus.”

Combs, 54, has pleaded not guilty to racketeering conspiracy and sex trafficking charges alleging he coerced and abused women for years with help from a network of associates and employees while silencing victims through blackmail and violence, including kidnapping, arson and physical beatings.

Combs’s lawyers have been trying unsuccessfully to get him freed on bail. He has been held at a federal jail in Brooklyn since his arrest.",Andrea Cavallier,"Macy's, Manhattan, New York, Ohio, sex trafficking, Sean Combs, Diddy, Internal, AP",2024-10-15,CONTROL_MeToo_Protests_2017_2024,single,True,0,"In, The, To"
https://www.independent.co.uk/news/world/americas/giant-pandas-washington-dc-b2629877.html,The Independent,Giant pandas get police escort and warm welcome from fans as they return to DC zoo,"A new set of giant pandas have arrived in Washington DC, marking the latest step in panda diplomacy.

Bao Li and Qing Bao touched down at Dulles International Airport Tuesday morning on a FedEx Boeing 777 cargo jet dubbed the “Panda Express.” TV footage showed the bears being transferred in crates from the airplane onto Fedex trucks emblazoned with a photo of a panda eating bamboo.

A group of airport handlers wearing neon vests that read “FedEx Panda Team” helped move the large bears.

Police escorted the pandas to the Smithsonian National Zoo, where they’ll spend the next 10 years of their lives being adored by millions of fans, many of whom were outside the zoo to greet them as they arrived just before noon. The zoo closed to the public on Tuesday.

Their public debut is scheduled for January 24, 2025.

The duo departed the China Conservation and Research Center for the Giant Panda on Monday evening local time in Dujiangyan.

To prepare the pandas for their 19-hour and roughly 8,000-mile journey, caretakers packed water, medicines and snacks like steamed corn bread, bamboo shoots and carrots.

The bears needed to undergo physical examinations and quarantines ahead of their departures from China.

The US sent three experienced keepers and veterinary experts to China to help escort the pandas to DC.

The bears will now be quarantined for a minimum of 30 days to acclimatize to their new environment and prevent the spread of any diseases.

Their new home is a sprawling habitat complete with a hammock, murals, climbing structures and a stable source of bamboo. Zoo officials launched a multi-million dollar renovation project of the enclosure in November 2023, when the facility said goodbye to its longtime panda residents Mei Xiang, 26 Tian Tian, 27, and their cub Xiao Qi Ji, 4.

It had been the first time in more than 20 years that the panda enclosure at the zoo had gone without its favorite black and white animals. China first began loaning pandas to the US in 1972.

As pandas began leaving zoos across the country, including in San Diego and Memphis, it became unclear if China would send another pair of the beloved mammals.

But last November while meeting with leaders at the APEC in San Francisco, Chinese President Xi Jinping hinted that a new pair of pandas would be heading to the National Zoo.

First Lady Jill Biden made the announced the news in a video message alongside the zoo’s directors in May.

“It’s official! The pandas are coming back to DC!” she said.

The aim of the zoo’s panda program is to breed the two bears. Any cubs they produce will return to China by the age of 4.

The zoo has agreed to pay a $1m annual fee to the China Wildlife Conservation Association in exchange for housing the bears. The pandas do not belong to the zoo and will be on a 10-year loan. It costs the zoo a total of $2.8m annually to house the animals.

One of the bears is related to former residents of the zoo. Bao Li is the son of Bao Bao, a female giant panda who was born at the zoo in 2013. He’s also the grandson of Mei Xiang and Tian Tian, the zoo’s most recent bears.

About two million people visit the zoo annually with the hope of catching a glimpse at the animals.

There are about 1,864 pandas in the wild. They stopped being considered an endangered species in 2016 and are now classified as vulnerable.",Michelle Del Rey,"giant pandas, DC, Pandas, Giant Panda, Internal",2024-10-15,CONTROL_MeToo_Protests_2017_2024,single,True,0,"In, The, To"
https://www.independent.co.uk/news/world/americas/olivia-nuzzi-rfk-texts-details-pregnant-b2629860.html,The Independent,"Olivia Nuzzi told her ex-fiance that RFK Jr wanted to impregnate her, court docs say","The ex-fiance of New York Magazine journalist Olivia Nuzzi has claimed she told him sordid details of her affair with Robert F Kennedy Jr after breaking off their engagement, including that the once-presidential hopeful wanted to “impregnate” her.

Ryan Lizza, chief Washington correspondent for Politico, accused Nuzzi of “catastrophically reckless behavior” during the year-long affair that ultimately led to their high-profile breakup.

In early October, New York Magazine announced that Nuzzi, 31, had been placed on leave after disclosing a “personal relationship” with “a former subject” relevant to the election. The “subject” was later revealed to be 70-year-old RFK Jr, who is married to actress Cheryl Hines.

The following week the writer accused Lizza of orchestrating a blackmail campaign against her in an attempt to “destroy my life, career, and reputation.”

But in new court filings - filed this week by Lizza and obtained by CNN - Lizza painted RFK Jr as a manipulative figure, who drove the couple apart with his “disturbing relationship” with Nuzzi.

RFK Jr had told Nuzzi that he wanted to “possess,” “control” and “impregnate” her, according to the documents. Lizza said Nuzzi had told him details about the relationship after he broke off their engagement in August.

“Almost everything I know about her affair comes directly from Ms. Nuzzi herself,” Lizza said, per CNN.

In her lawsuit, Nuzzi claimed that her fiance had stolen a personal electronic device from her, was hacking her devices, then anonymously sending personal information – some of which may have been “doctored” – about her to the media.

She claimed Lizza also threatened her with violence “to assume his share of financial responsibility” for a joint book contract they had, CNN reported at the time.

Lizza’s filing denied that he threatened Nuzzi, hacked her electronics, or stalked her, adding that he also did not disclose her relationship with Kennedy to her editors at New York Magazine.

A more substantive court hearing, which could include evidence and witness testimony, is reportedly set for mid-November.

An anonymous representative for Nuzzi said in a statement provided to CNN that Lizza is still attempting to “harass and humiliate” Nuzzi. “Filings such as this, full of salacious and irrelevant claims that we will not dignify with a response, further his efforts, as described in her initial filing for the protective order,” the representative said.

“Her only objective in seeking intervention from law enforcement and the court is to ensure her safety and be left alone,” the statement provided to CNN on Tuesday said.

The couple became engaged in 2022 but broke up after Nuzzi’s relationship with RFK Jr was made public. She had been writing a piece on RFK Jr at the time.

After New York Magazine’s announcement that she was being placed on leave, Nuzzi released a statement denying the relationship with RFK Jr was physical.

In the two weeks since the affair became public, three more women have emerged with claims of having been involved romantically over the past year with RFK Jr. All three knew him through the notorious advocacy group he founded, Children’s Health Defense, which contends, among other things, that 5G wireless technology causes cancer, infertility and ADHD.",Mike Bedigan,"Washington, Politico, Robert F Kennedy Jr, Internal",2024-10-15,CONTROL_MeToo_Protests_2017_2024,single,True,0,"In, The, To"
https://www.independent.co.uk/news/world/americas/us-politics/donald-trump-barack-hussein-obama-tariffs-b2629831.html,The Independent,"Biden’s German Shepherd, Major, to be first rescue dog in White House","Former President Donald Trump referred to President Barack Obama by his middle name Hussein when asked about tariffs during an interview at the Economic Club of Chicago on Tuesday.

Trump was speaking to Bloomberg editor-in-chief John Micklethwait when he started to ramble about a variety of subjects, such as the importance of steel production during war times before he began to brag about his record of keeping the US out of armed conflict.

As Trump jumped from one subject to another, Micklethwait sought to bring the subject back to tariffs, saying one of the issues with Trump’s proposed tariff policy is geopolitics. He noted that the former president has received some credit for saying that there’s effectively a cold war with China.

The Bloomberg editor went on to note that the US won the Cold War with the Soviet Union “because it rallied allies to it” but that Trump is suggesting “slamming allies with 20 percent, 30 percent tariffs.”

Micklethwait asked how it would help the US take on China if it turned its allies against itself.

“China thinks we’re a stupid country, a very stupid country,” Trump said. “They can’t believe that somebody finally got wise to them. Not one president, Bush, Obama, Barack Hussein Obama. Have you heard of him? Think of it. Not one president charged China anything.”

Trump has long used Obama’s middle name in an attempt to make him appear un-American.

Amid Obama’s rise, many on the right, including Trump, pushed the baseless “birther” conspiracy theory that he was a Muslim born in Kenya, and thus ineligible to be commander-in-chief.

Earlier in the conversation about tariffs, Trump said: “I was the only president in 82 years that kept you out of a war, except I defeated ISIS, but I inherited that war.”

The former president explained his veering from subject to subject by returning to the concept of “the weave.”

“You have the weave, as long as you end up in the right location at the end,” he said. “We have never been so close to World War III as we are right now with what's going on in Ukraine and Russia and the Middle East.”

“I had no wars in the whole world ... I talked plenty of countries out of wars ... And I knocked out ISIS in a matter of weeks. It was supposed to take four to five years. I did it in a matter of weeks,” he added. “We actually have a great military but we don't know how to use it.”

Obama slammed Trump and some of his supporters as he hit the trail for Vice President Kamala Harris last week.

“I’m sorry, gentlemen, I’ve noticed this, especially with some men who seem to think some of Trump’s behavior — the bullying and the putting people down — is a sign of strength. And I am here to tell you – That is not what real strength is. It never has been,” Obama said in Pittsburgh, Pennsylvania.

“Real strength is about working hard. And carrying a heavy load without complaining. Real strength is about taking responsibility for your actions and telling the truth even when it’s inconvenient,” Obama added. “Real strength is about helping people who need it and standing up for those who can’t always stand up for themselves. That is what we should want for our daughters and our sons, and that is what I want to see in a president of the United States of America.”",Olivia Petter,"Donald Trump, Barack Obama, Kamala Harris, Chicago, Bloomberg, US election 2024, Internal",2020-11-08,CONTROL_MeToo_Protests_2017_2024,single,True,0,"In, The, To"
https://www.independent.co.uk/news/world/americas/us-politics/latino-voters-us-election-border-crisis-trump-harris-b2629017.html,The Independent,Half of Latino voters say immigration will be crucial in deciding their vote,"Tensions at the US-Mexico border have long been a staple of Donald Trump’s campaigns against the Democrats, with his 2016 promises to “build the wall” playing an instrumental part in his election.

This year, the border crisis and illegal immigration are once again front-and-center — for both candidates. But how do Hispanic voters feel about these issues?

The majority of Hispanic voters (60 percent) believe that there is a migrant crisis at the southern border of the United States, according to an exclusive new poll from Prolific for The Independent.

The poll of 855 Hispanic participants on the Prolific platform has been adjusted to be nationally representative.

This belief transcends party lines, as even 46 percent of Democrats admit that there is a crisis at the border.

Republican Latinos are unsurprisingly the most likely to say there is a border crisis (91 percent).

Overall, the poll shows Harris as the clear favorite among Hispanic voters, with 62 percent of the vote and Trump at 32 percent.

Yet Trump has a substantial 19-point lead among Hispanic independent voters, well above the national average for independents.

Andrew Gordon, researcher at Prolific, says: “Immigration and border concerns appear to be key drivers in shaping the preferences of Latino independents in this election.”

“Given that independents make up 31% of the Latino electorate, this division could potentially tilt the overall Latino vote more toward the Republican side on November 5.”

Rural Hispanic voters are the only other group among whom Trump has a small lead, at 47 percent of the vote compared to 45 percent for Harris.

This decreases to 34 percent support for Trump among suburban Hispanic voters, and just 22 percent among those living in urban areas.

Though Latinos are more inclined towards Trump than Latinas, according to the poll, they still appear to be voting Harris overall; and the political gender divide is certainly less pronounced in the Hispanic community than on a national scale.

Half of all Hispanics (51 percent) say that the two candidates’ stances on immigration will be very or extremely important in deciding their vote.

Just 6 percent say that immigration policies are not at all important to how they will vote.

Though Republican Hispanics are the most likely to say that immigration is central to their vote (69 percent), it is still important for Democrats and independents alike.

Retirement-age Hispanic voters are the most likely to say that the candidates’ stance on immigration is extremely important (50 percent), followed by rural (42 percent) and college-educated (37 percent) Hispanics.

This election is shaping up to be one of the most contentious on the border in recent years.

Trump and the Republican Party are attempting to paint Harris as soft on crime and immigration, while promising a “bloody story” for millions of immigrants who will be deported under his possible presidency.

Nearly six in 10 Hispanics are very or extremely concerned about the possibility of a Trump presidency, according to Prolific’s poll.

Harris, for her part, has met these critiques with a combination of approaches.

On the one hand, she has leaned on more traditional Democratic standpoints such as pathway to citizenship.

On the other, the Harris campaign clearly recognises the growing concerns of border security among the electorate, and has recently amped up her reputation as a “border-state prosecutor” during her time in California.

A Harris campign ad talks about how she “took on drug cartels and jailed gang members”, and does little to separate immigration issues from the prevailing Republican image of crime.

Last week, Harris appealed to Hispanic voters by appearing in a town hall on leading Spanish-language network Univision; in which she spoke about the bipartisan border bill which Republicans squashed earlier this year.

In comparison to Trump, 30 percent of Hispanic voters are very concerned about a Harris presidency, while the majority (50 percent) are not concerned at all.

Overall, however, the single most important issue for four in 10 Hispanic voters is the economy, which is in line with most national polls across demographics.

In addition, a fifth of Hispanic voters say that healthcare is the most important issue for them in this election, above immigration.

In 2020, nearly a third of all people on Medicaid and CHIP were Hispanic (28 percent), although this group makes up just 19 percent of the population.

This amounts to around 25 million Hispanic people in the US who are enrolled in free health insurance; meanwhile, Trump and the Republican Party are proposing to get rid of Obamacare, with no clear alternative.",Alicja Hagopian,"Immigration policy, Donald Trump, Hispanic, Immigration, Latinos, Kamala Harris, US election 2024, Internal",2024-10-15,CONTROL_MeToo_Protests_2017_2024,single,True,0,"In, The, To"
https://www.independent.co.uk/news/world/americas/us-politics/harris-charlemagne-tha-god-trump-interview-facism-b2629886.html,The Independent,Harris lays into ‘weak and unfit’ Trump as she defends her record in Charlemagne tha God interview,"With the 2024 general election just three weeks out, Vice President Kamala Harris continued her aggressive media blitz as she defended her record and economic plans while assailing Donald Trump as an un-American “fascist” who isn’t fit to serve a second term in the White House.

Harris, who was in Detroit for a series of campaign appearances, took to the airwaves for an hour-long town hall hosted by popular radio host Charlamagne Tha God.

While much of the interview was tame, Harris took a tougher line than she has in many of her public appearances when talking about her rival, as she agreed with the host when he described Trump’s platform as “fascism.”

“Yes, we can say that,” she said.

Harris’s interview on Charlamagne tha God’s program is part of her campaign’s concerted effort to meet voters where they are by having her appear on popular programs that aren’t necessarily part of the mainstream media. She is reportedly considering a sit-down with Joe Rogan, whose podcast is one of the most popular programs in the country.

Her appearance in Detroit was specifically targeted towards reaching Black voters at a time when some Democrats are concerned that her support is lagging among Black men compared with President Biden’s position at this time during the 2020 election cycle.

After the radio personality opened the conversation by asking Harris to respond to critics who accuse her of being overly reliant on talking points, the vice president replied: “That’s called discipline.”

She also pointed out that “repetition” is important in politics because it ensures that people get the message she is trying to deliver.

“At my rallies, I say the same thing when I go to Detroit as I do in Philly, as I do wherever I am, to make sure that people hear and receive what critical issues that are at stake in this election,” she said.

Harris also expressed confidence that she would win the upcoming election, though she conceded that the race between her and Trump remains “a margin of error” contest with just 21 days remaining.

Pressed on criticisms she’s received about her record as a prosecutor — a record that’s been fodder for Republicans who claim she used her power and authority to gratuitously incarcerate Black men for minor marijuana violations, she pointed out that public defenders who worked with her have called her “the most progressive prosecutor in California on marijuana cases” because she “would not send people to jail for simple possession of weed.”

She pledged that as president, she’d continue the Biden administration’s work on decriminalizing marijuana because she knows “exactly how those laws have been used to disproportionately impact certain populations, and specifically Black men.”

Asked by a guest what Harris would specifically do for Black people if elected, the vice president said her work “from the beginning of my career through today” has been about helping the Black community, including by taking on issues such as Black maternal mortality as vice president.

“The work that I've done that has been about focusing on my knowledge and my experience in my life, experience of knowing, the entrepreneurship that we have in the community, the ambition, the aspirations, the dreams, and then tapping into that so that not only has my work been about ensuring that we have some of the lowest black unemployment ever in our country, but that also knowing that that should be a baseline, that everybody has a job, and what we should be invested in is also building wealth in the community,” she said.

But Harris also went after Trump in stark terms when pressed on whether the military would be available to “fight” for American freedom if Trump were to foment another violent “insurrection” by a different guest.

Harris pointed out that “those who worked the closest” with Trump — including “his chief of staff, two secretaries of defense, his national security advisor and his former vice president” — have declined to endorse his bid for another four-year term.

She also said the ex-president’s “way of trying to name-call and demean and divide” is actually a sign of weakness rather than the sign of strength his supporters view it as.

“The man is really quite weak. He's weak. It's a sign of weakness that you want to please dictators and seek their flattery and favor. It's a sign of weakness that you would demean America's military and America's service members. It's a sign of weakness that you don't have the courage to stand up for the Constitution the United States and the principles upon which it stands,” she said. “This man is weak and he is unfit.”",Andrew Feinberg,"US election 2024, Kamala Harris, Donald Trump, charlamagne tha god, Fascism, Internal",2024-10-15,CONTROL_MeToo_Protests_2017_2024,single,True,0,"In, The, To"
https://www.independent.co.uk/news/world/americas/ap-marcelo-ebrard-mexico-city-amazon-web-services-andres-manuel-lopez-obrador-b2629836.html,The Independent,"Mexico says foreign firms have pledged $20 billion in investments, but many are old or uncertain","Mexican officials announced Tuesday what they claimed was $20 billion in new foreign direct investment in Mexico, but much of that was neither new, nor completely certain.

Investor confidence in Mexico has been shaken recently by controversial reforms to the energy sector and the judiciary, and the government is eager to regain the trust of foreign companies.

Among the bigger announcements Tuesday was what appeared to be a final investment decision by Mexico Pacific LLC for an LNG gas terminal on Mexico’s Gulf of California, also known as the Sea of Cortez.

That $15 billion project would import U.S. natural gas, liquefy it and ship it to customers largely in Asia. It is planned for Puerto Libertad, between the coastal towns of Guaymas and Puerto Peñasco.

Mexico Pacific CEO Sarah Bairstow said “this represents the largest foreign direct investment to date.”

However, that plan has been on the drawing boards since at least 2020, and still depends on getting cross-border gas pipelines approved and built.

Mexican Economy Secretary Marcelo Ebrard said the second-largest investment was a $6 billion commitment by Amazon.

While Ebrard did not specify what it was for, Amazon Web Services had already announced in February an investment of “more than $5 billion” to build cloud-computing infrastructure in Mexico.

And Ebrard said the cruise line Royal Caribbean pledged to invest $1.5 billion in the Caribbean coast resort of Mahahual, south of Tulum.

That was apparently a reference to the company plan — announced last week — to build a second “Perfect Day Mexico” on-shore facility for cruise ship passengers in Mahahual, which was once a sleepy coastal village until a cruise ship dock was built.

Ebrard said that, together with other projects, investments could total as much as $30 billion in 2025.

“The message of President Claudia Sheinbaum is certainty, assurance, investments in Mexico are safe,” Ebrard said at the event.

However, foreign governments and some foreign business groups have expressed concerns about a reform passed in September that would make all judges — including the justices of the Supreme Court — stand for election.

The fear is that would politicize court cases and put foreign firms — who obviously have no vote in the elections — at a disadvantage. They fear judges would be likely to heed the will of their constituents than the letter of the law.

And foreign energy companies are still smarting from their treatment at the hands of Sheinbaum's predecessor and political mentor, former president Andrés Manuel López Obrador, who left office on Sept. 30.

López Obrador pushed through laws to guarantee the state-owned electric utility a majority share of the power market. The reforms put foreign-owned electricity generating plants at the back of the line for power purchases, even though their power plants were often cleaner and used more renewables than the government's dirty coal and fuel-oil fired generators.

____

Follow AP’s coverage of Latin America and the Caribbean at https://apnews.com/hub/latin-america",Via AP news wire,"AP, Marcelo Ebrard, Mexico City, Amazon Web Services, Andrés Manuel López Obrador, Caribbean, Asia, Amazon, Pacific, Tulum, Latin America, Supreme Court",2024-10-15,CONTROL_MeToo_Protests_2017_2024,single,True,1,"De, En, La"
https://www.independent.co.uk/news/world/americas/bret-baier-harris-interview-fox-news-b2629803.html,The Independent,Fox News’s Bret Baier is shutting down MAGA supporters fuming over his Harris interview,"Fox News host Bret Baier has hit back at accusations from people who believe his upcoming interview with Kamala Harris will be edited to make her seem more favorable.

Opponents of Harris lashed out at Baier on X after he announced the Vice President would appear in a pre-taped 25 to 30-minute interview for his show Special Report on Wednesday evening.

They accused Baier of giving Harris questions ahead of time, asking soft questions, editing the interview in her favor or giving into concessions for a chance to interview the vice president – accusations often launched by right-wing individuals or Trump supporters who believe mainstream media favors Harris.

So the Fox News host took to X on Monday night and Tuesday morning to assure people the interview, while pre-taped, would be aired as-live with minimal interruptions and no questions would be given to Harris ahead of time.

“No one has the questions. Except me,” he told an X user. When another person assumed Baier would “pass [Harris] the questions” Baier rejected the claim.

When one person raised “a concern” about the interview being pre-taped Baier responded, “It will run as-Live - in its entirety. It is taped because they gave us a time just before my show. We plan to run it uninterrupted — and not edited.”

Another X user floated the unfounded theory that Fox News and Baier made “many concessions” to Harris’s campaign so the interview would be “watered down”. Baier said that was untrue.

Baier had to explain that the only reason the interview won’t be live is because Harris’s campaign gave him a time slot of 5 to 5:30 p.m. – his show begins at 6 p.m. ET.

Harris’s interview with Fox News is the latest in the media blitz she’s embarked on to help voters get to know her across the country. So far, she’s appeared on The View, the podcastCall Her Daddy, Howard Stern’s radio show, The Shade Room, CBS show 60 Minutes, Late Night with Stephen Colbert, the radio show The Breakfast Club and more.

The vice president is aggressively trying to diversify her audience to reach independent voters and comes after Tim Walz was interviewed on Fox News Sunday this past weekend. Pete Buttigieg, the Secretary of Transportation, has been making regular appearances on the network, with governors Gavin Newsom, Josh Shapiro, Wes Moore and Gretchen Whitmer also showing up.

Donald Trump does appear regularly on the network and participated in a town hall, hosted by Fox News, on Monday. However, Trump has also canceled several mainstream media appearances recently and declined to participate in a third presidential debate.

Despite refusing most mainstream interviews, Trump still accuses Harris of using a script or teleprompter in hers. He’s lashed out at networks and host for being too soft on Harris and accused them of editing an interview in her favor without evidence.

Some, like Baier, have defended their decisions. Most recently, when Trump accused CBS of editing Harris’s interview for 60 Minutes to make her appear more well-spoken the network denied the allegation saying they cut down her answer for timing purposes.",Ariana Baio,"Kamala Harris, Bret Baier, Fox News, MAGA, Donald Trump, Internal",2024-10-15,CONTROL_MeToo_Protests_2017_2024,single,True,0,"In, The, To"
https://www.independent.co.uk/news/world/americas/giant-pandas-washington-dc-b2629156.html,The Independent,Giant pandas get police escort and warm welcome from fans as they return to DC zoo,"A new set of giant pandas have arrived in Washington DC, marking the latest step in panda diplomacy.

Bao Li and Qing Bao touched down at Dulles International Airport Tuesday morning on a Fedex Boeing 777 cargo jet dubbed the “Panda Express.” TV footage showed the bears being transferred in crates from the airplane onto Fedex trucks emblazoned with a photo of a panda eating bamboo.

A group of airport handlers wearing neon vests that read “Fedex Panda Team” helped move the large bears.

Police escorted the pandas to the Smithsonian National Zoo, where they’ll spend the next 10 years of their lives being adored by millions of fans, many of whom were outside the zoo to greet them as they arrived just before noon. The zoo closed to the public on Tuesday.

Their public debut is scheduled for January 24, 2025.

The duo departed the China Conservation and Research Center for the Giant Panda on Monday evening local time in Dujiangyan.

To prepare the pandas for their 19-hour and roughly 8,000-mile journey, caretakers packed water, medicines and snacks like steamed corn bread, bamboo shoots and carrots.

The bears needed to undergo physical examinations and quarantines ahead of their departures from China.

The US sent three experienced keepers and veterinary experts to China to help escort the pandas to DC.

The bears will now be quarantined for a minimum of 30 days to acclimatize to their new environment and prevent the spread of any diseases.

Their new home is a sprawling habitat complete with a hammock, murals, climbing structures and a stable source of bamboo. Zoo officials launched a multi-million dollar renovation project of the enclosure in November 2023, when the facility said goodbye to its longtime panda residents Mei Xiang, 26 Tian Tian, 27, and their cub Xiao Qi Ji, 4.

It had been the first time in more than 20 years that the panda enclosure at the zoo had gone without its favorite black and white animals. China first began loaning pandas to the US in 1972.

As pandas began leaving zoos across the country, including in San Diego and Memphis, it became unclear if China would send another pair of the beloved mammals.

But last November while meeting with leaders at the APEC in San Francisco, Chinese President Xi Jinping hinted that a new pair of pandas would be heading to the National Zoo.

First Lady Jill Biden made the announced the news in a video message alongside the zoo’s directors in May.

“It’s official! The pandas are coming back to DC!” she said.

The aim of the zoo’s panda program is to breed the two bears. Any cubs they produce will return to China by the age of 4.

The zoo has agreed to pay a $1m annual fee to the China Wildlife Conservation Association in exchange for housing the bears. The pandas do not belong to the zoo and will be on a 10-year loan. It costs the zoo a total of $2.8m annually to house the animals.

One of the bears is related to former residents of the zoo. Bao Li is the son of Bao Bao, a female giant panda who was born at the zoo in 2013. He’s also the grandson of Mei Xiang and Tian Tian, the zoo’s most recent bears.

About two million people visit the zoo annually with the hope of catching a glimpse at the animals.

There are about 1,864 pandas in the wild. They stopped being considered an endangered species in 2016 and are now classified as vulnerable.",Michelle Del Rey,"giant pandas, DC, Pandas, Giant Panda, Internal",2024-10-15,CONTROL_MeToo_Protests_2017_2024,single,True,0,"In, The, To"
https://www.independent.co.uk/news/world/americas/us-politics/biden-harris-white-house-rift-b2629785.html,The Independent,Right-wingers claim Biden is trying to undermine Harris at every turn. Maybe they should try the truth,"The White House’s West Wing and the building where most of Vice President Kamala Harris’s staffers are separated by a narrow alleyway, but right-wing media makes it seem like there is a giant chasm between her team and President Joe Biden’s.

Over the last few weeks, prominent personalities have suggested that there’s been a complete breach between Harris and Biden, driven by the latter’s alleged fury over being defenestrated from the Democratic ticket in the wake of his historically dismal debate performance against Donald Trump.

In this bizarre rendering of events, everything Biden has done in the last few weeks has been part of a deliberate strategy to undermine Harris and keep her from winning the presidency.

Biden jokingly donning a MAGA hat during a 9/11 commemoration in Pennsylvania? Meant to be a tacit endorsement of the man he has spent the last four-plus years calling a threat to the foundations of the American republic.

Telling reporters he spoke with Florida Governor Ron DeSantis in the run-up to Hurricane Milton hitting the Sunshine State last week? A brushback pitch intended to make Harris look ineffectual.

And Biden’s first-ever outing in the White House briefing room for a brief Q&A session after his administration brokered a temporary end to a dockworker strike that could’ve crippled the American economy just before an election? A deliberate effort to steal Harris’s thunder by getting in the way of one of her campaign events.

The idea of the White House and the Vice President feuding while the Veep seeks the presidency isn’t a new one.

When then-Vice President Al Gore was running against then-Texas Governor George W Bush during the 2000 presidential election, there was tension between the Clinton White House and the Gore campaign over Clinton’s behavior and the scandal that led to him being just the second American president to face an impeachment trial in the Senate.

But there’s a problem with the talk of a Biden-Harris rift: It’s not true.

Biden, The Independent understands, is “all in” on the Harris campaign and has been kept abreast of developments as she has taken over the campaign operation he built before standing aside in July.

He’s expected to make campaign appearances in the all-important swing state of Pennsylvania during the closing weeks of the election, including one in Philadelphia tonight.

And Harris campaign sources aren’t ruling out the possibility of Biden joining two of the the other three living Democratic presidents as they all look towards adding one more member to the world’s most exclusive club.

So next time some MAGA influencer claims there have been fistfights in the West Wing between Biden and Harris staffers - it should be taken with a massive grain of salt.",Andrew Feinberg,"US election 2024, Joe Biden, Democrats, Kamala Harris, Internal",2024-10-15,CONTROL_MeToo_Protests_2017_2024,single,True,0,"In, The, To"
https://www.independent.co.uk/news/world/americas/us-politics/donald-trump-madison-square-garden-b2629820.html,The Independent,‘He’s obsessed’: Why Donald Trump is willing to pay a fortune to host a rally at MSG,"Donald Trump is reportedly fixated on hosting a rally at New York City’s famous Madison Square Garden arena, despite most political experts believing the Empire State and even Trump’s hometown of New York City are squarely in the blue column for 2024.

“I’m gonna fill the Garden,” he reportedly boased in recent days to a confidant, who spoke anonymously to The Bulwark.

The Trump ally added that the Republican “has just been obsessed with this for at least a year. This is his campaign. So it’s happening.”

The Independent has contacted the Trump campaign for comment.

The campaign plans to host a rally at the Garden on October 27, less than two weeks before Election Day, even though Trump lost New York by more than 20 points in the previous two presidential elections, with the most recent polling showing he’s probably due for another thumping.

So why bother going big in a state that hasn’t gone Republican since Reagan? There are a few plausible reasons.

One could simply be for hometown pride.

Trump, despite changing his legal residency to Florida in 2020, was born in New York City, and still derives part of his political appeal from his (often exaggerated) career as a New York real estate developer.

Another might be a combination of that pride plus the former president’s fondness for doing things people say he can’t.

“We just rented Madison Square Garden,” Trump said with evident glee last week at a rally in Scranton, Pennsylvania. “We’re going to make a play for New York.”

“When I told some people in Washington, ‘I’m going up to New York, we’re doing a campaign speech,’ they said, ‘What do you mean, New York? You can’t ever — nobody can win. Republicans can’t win,’” Trump added at a rally last month in Long Island, New York. “I said, ‘I can win New York, and we can win New York.’ We’re going to win.”

A triumphant MSG spectacle might also replace a different memory Trump has in the arena. During a 2019 appearance at an Ultimate Fighting Championship bout, the then-president was reportedly showered with boos and negative signs, and Trump is famous for holding onto past slights.

Appearing in a state can have other benefits beyond winning it, too.

Trump’s presence in New York could help out Republicans on down-ballot races, or call attention to signature issues, like the former president using a recent rally in sapphire-blue California to hit out at his Golden State rival on the campaign trail, Kamala Harris.

Finally, from the man whose campaign brought you the $399 gold ‘Never Surrender’ high-top sneakers and a $100,000 bejeweled “victory” watch, the New York rally may just be a way to raise some sorely needed campaign cash, what with the Harris campaign cruising to more than $1bn in fundraising faster than any other in U.S. history.

The Trump campaign is selling an “Ultra MAGA Experience” for visitors to the rally that costs nearly $1m, though it has provided virtually no details on what the experience entails.

Whatever it means to go Ultra MAGA, the campaign is surely hoping to pack the arena for Trump’s big statement, despite efforts from online pranksters to reserve tickets then be no-shows.",Josh Marcus,"New York City, Madison Square Garden, Republican, Donald Trump, US election 2024, Internal",2024-10-15,CONTROL_MeToo_Protests_2017_2024,single,True,0,"In, The, To"
https://www.independent.co.uk/news/world/americas/us-politics/harris-trump-polls-tracker-election-campaign-latest-b2629835.html,The Independent,Harris vs Trump: Who’s leading in the presidential polls,"Vice President Kamala Harris will go head-to-head with Donald Trump in just three weeks as Americans cast their votes in the 2024 election.

Senate races are now a stress point for the Republican Party, with an internal memo revealing that many GOP candidates are trailing Democrats in the polls.

In the presidential race, several polls over the last week have revealed a shrinking national lead for Harris, meaning that with just weeks to go, the race is only getting tighter. Meanwhile, Trump is leading in multiple swing states.

But the former president may be losing his grip on older generations of voters, with the latest New York Times polls showing the two candidates split by a hairline — and Harris ahead by 3 points.

With nearly 1 in 10 Republicans leaning left, how will Harris and Trump fare in November?

The latest average of national polls, collated by FiveThirtyEight, shows Harris with a 2.4-point lead over Trump. On average, Harris has been marginally ahead of Trump in national polls for several months.

Republicans are now concerned about Senate elections, according to an internal polling memo obtained by Politico.

The memo reveals that, by the Republicans’ own polling, their candidates are trailing behind Democrats in seven out of nine key Senate seats, data that’s largely been confirmed by public polls. Those seats are in Arizona, Maryland, Michigan, Nevada, Ohio, Pennsylvania, and Wisconsin.

“We still have a lot of work to do to maximise our gains in this critical Senate election [...] We also have to guard our flanks,” writes the memo’s author Steven Law, head of the Senate Leadership Fund.

The memo also warns that strongholds like Nebraska and Texas could be at risk from independent and Democratic candidates.

In Texas, where former presidential hopeful Ted Cruz is defending his Senate seat, the memo shows Democrat Colin Allred as just 1 point behind, a much tighter race than it appears in public polls.

“We are putting everything we have into this fight — so there is no looking back with regret,” the memo ends.

In a new poll from ABC and Ipsos, Harris is leading by just two points, at 49 percent of the vote and Trump at 47 percent.

The same poll in September had a 4-point lead for Harris. The strongest shift has come among independent voters, as Harris’s lead with them has dropped from 10 points to just 5.

The ABC poll is not the only one showing a smaller lead for Harris. But the reasons why Trump has been picking up more support in this past month are not entirely clear, given that after the presidential debate, he has not attracted much positive press.

It is possible that Republican VP candidate JD Vance’s more moderate and measured debate performance has assuaged some Trump voters who were on the fence.

One key issue may be the current state of the economy.

The same poll shows that the majority (59 percent) of Americans believe that the US economy is getting worse.

Trump remains the overall favorite for who is trusted to handle the economy better, with 46 percent of voters favoring him over Harris (38 percent).

Despite the best efforts of the Harris campaign, ABC’s polls have consistently shown Trump leading on trust over the economy and inflation.

The latest set of swing state polls from Emerson College has Trump leading in four out of seven swing states, and Harris leading in just one.

The polls show neither candidate leading by more than two points in any battleground state, meaning that, just weeks before election day, the race is still far too close to call.

Trump is now leading by a hair in Arizona, Georgia, North Carolina, and Pennsylvania. Meanwhile, the candidates are tied in Michigan — where Harris previously seemed to be leading — and Wisconsin.

The Independent’s DC correspondent John Bowden reports that after Harris’s honeymoon surge, the election is now “truly anyone’s ballgame.”

The poll also revealed that the Trump-Harris gender divide is wildly different in each state.

In Arizona, for example, there does not appear to be a significant distinction between how men and women are voting. But in all other swing states, there’s a noticeable gender divide, especially in Georgia, where Harris enjoys a 12-point lead among women, while Trump has a 14-point lead among men.

The latest polls from the New York Times/Siena College have Harris ahead by 3 points, at 49 percent and Trump at 46 percent.

The strongest support group for Harris remains young voters and those from non-white backgrounds. Trump’s key base are white, non-college voters.

Meanwhile, to the chagrin of the Trump campaign, the poll suggests that older generations of voters are no longer staunchly Republican.

For both Gen X and Boomers, Trump’s lead has significantly diminished over the last few New York Times/Siena College polls.

In fact, the two candidates are effectively tied among both groups, as Trump has just a 1 and 2 point lead, within the +-2.4 margin of error.

While it remains to be seen how this might change in the final stretch, the Republican Party has won the over-65 set in every election since 2000.

In addition, nearly 1 in 10 (9 percent) of Republicans may be voting for Harris and abandoning party lines.

Of 898 Republicans polled in early October, 9 percent said they would be voting for Harris next month. The same poll showed 5 percent in September.

The gender divide between Trump and Harris voters remains strong, with women leaning left and men leaning right.

There’s been a flurry of interest around polls in Florida in the past few weeks, with Harris appearing to encroach on Trump’s lead in his home state.

In particular, figures from the historically Republican pollster RMG Research showed Trump with 50 percent of the vote and Harris with 48 percent in Florida, which is home to Mar-a-Lago and several key Republicans.

However, new polls from The New York Times show Trump ahead by a strong +13 points in the Sunshine State, at 55 percent to Harris’s 41 percent.

Though this is out of line with several recent polls in the state, New York Times analyst Nate Cohn suggests that this poll is not an outlier, saying: “Mr Trump [excels] in states where Republicans performed well in the 2022 midterm elections — as they did in Florida. As a result, this poll is not the usual outlier.”

“If Florida becomes more solidly Republican in 2024, it suggests that the upheaval during and after the pandemic has had a lasting effect on American politics.”

The debate between Ohio Senator Vance and Minnesota Governor Walz turned expectations on its head; with betting markets and pre-polls eyeing Walz as the presumed winner.

Not only did Vance “win” the debate, but his performance appears to have done wonders for his public perception, which had been suffering for months.

Our analysis before the debate found that Walz led Trump, Vance, and even Harris in terms of favorability.

Vance received an +11 point boost in favorability from the debate, according to the latest poll from YouGov.

This leaves Vance in a neutral position, while voters had an overall –11 percent unfavorable opinion of him before the debate.

Most interestingly, Vance improved his favorability by an astonishing +19 points among Democrats. Although, overall, he is still at a net –52 percent negative score among this group.

Walz also received a more modest 3-point boost, reaching 15 percent favorability in YouGov’s poll.

Although Walz’s performance was not debate-winning, he is still the most-liked candidate, and he even improved his favorability among independent voters following the debate.

Among his own party, though, he lost approval from 7 percent of voters, still ending up at a net-positive position of 72 percent favorability with Democrats.

Snap polls following the debate show that viewers were split on both candidates and Vance came out a few points ahead.

A CBS/YouGov poll found that 42 percent of viewers considered Vance the debate winner, compared to 41 percent for Walz.

However, Walz did emerge as more in touch with the average American, and more likely to share voters’ vision for America.

Regardless of political affiliation, the economy is the most important issue impacting how people will vote in this election.

A poll from Redfield & Wilton Strategies of 2,500 US adults up to September 26 shows that abortion is considered the second most important issue, for 37 percent of voters, followed by immigration at 34 percent.

For Trump voters, however, these priorities are flipped.

Over half (57 percent) of Trump voters view immigration as one of the biggest issues, amid border security tensions and recently debunked claims from Trump and Republicans about Haitian migrants.

Interestingly, healthcare and abortion are tied as the next most important issues for Trump voters — at 23 percent each.

Though Trump has advocated for overhauling Obamacare, with unsuccessful attempts during his presidency, he was unable to outline an alternative healthcare policy at the September presidential debate.

Meanwhile, abortion is front and center for Harris voters (55 percent), with Harris herself critical of abortion bans,following the overturning of Roe v Wade.

Healthcare is also a top priority for Harris voters (40 percent), followed by housing (23 percent).

A YouGov/Economist poll has Harris with a three-point lead among registered voters, at 47 percent and Trump at 44 percent. The poll shows a wide 25-point margin for Harris among young voters, aged 29 and under.

However, according to the same poll, the younger generations are also the least committed to voting, with 13 percent of the 18-29-year-olds surveyed saying they will “maybe” vote, while 3 percent will not vote or are still unsure.

This amounts to 16 percent who are on the fence or not voting, higher than any other age group, and higher than the average of 9 percent. Just 65 percent of the 18 to 29-year-olds polled said they would definitely vote in November.

This is in comparison to 77 percent of 30 to 44-year-olds, 85 percent of 45 to 64-year-olds, and 94 percent of the 65+ age group.

Though the numbers may seem dismal, and represent a degree of hesitancy among younger voters, the overall picture is significantly more engaged than in 2020.

The same YouGov/Economist poll at this stage in the 2020 presidential election showed that nearly a third of young people (27 percent) were not committed to voting in November, with 10 percent “maybe” voting and 17 percent “definitely/probably” not voting.",Alicja Hagopian,"Kamala Harris, Donald Trump, Polls, Tim Walz, US Presidential Elections, Internal",2024-10-15,CONTROL_MeToo_Protests_2017_2024,single,True,0,"In, The, To"
https://www.independent.co.uk/news/world/europe/kylian-mbappe-ap-swedish-french-svt-b2629819.html,The Independent,Mbappé's representatives dismiss Swedish reports of a rape claim,"French soccer star Kylian Mbappé’s representatives have rejected as “false and irresponsible” reports in Swedish media saying he is the subject of a rape investigation in the Nordic country.

Without citing sources, several Swedish media including tabloids Expressen and Aftonbladet and broadcasters SVT and TV4 reported that the Real Madrid striker was the subject of a rape claim following a visit to Stockholm last week.

In response to the reports, Swedish prosecutors issued a brief statement Tuesday saying a rape had been reported to police, but didn’t name any suspect.

“According to the report the incident took place on Oct. 10, 2024, at a hotel in central Stockholm,” said the statement published by the Swedish Prosecution Authority.

Prosecutor Marina Chirakova, who is leading that investigation, declined to give any further details.

“From my side I cannot confirm whether there is a suspect in the case,” she told The Associated Press.

Names of suspects are typically not made public by Swedish authorities until charges are filed or a suspect is ordered held in pre-trial detention.

Mbappé's communications team accused Swedish media of spreading “slanderous” rumors.

“These accusations are totally false and irresponsible, and their propagation is unacceptable,” they said in a statement sent to the AP and other media. “Kylian Mbappé will under no circumstances tolerate his integrity, reputation and honor being sullied by unfounded insinuations.”

In a post late Monday on his official X account Mbappé wrote “FAKE NEWS!!!!” and linked to a French article picking up the Swedish reports.

He appeared to draw a link between the reports in Sweden and a hearing in Paris on Tuesday in a legal dispute with former club Paris Saint-Germain over unpaid wages.

“It’s becoming so predictable, on the eve of the hearing, as if by chance,” the post said in French.

Mbappé’s lawyers didn’t comment as they arrived for and left the hearing in Paris on Tuesday.

Later Tuesday, a lawyer for Mbappé, Marie-Alix Canu-Bernard, told French broadcaster TF1 that her client was “bewildered” by the reports.

“We are told that a complaint has been lodged, but at this stage we don’t even know against whom. A complaint does not make the truth, a complaint does not prove anything. And once again, I don’t even know if the complaint is against him,"" she said.

Swedish media already last week reported on Mbappé’s brief stay in Stockholm, publishing pictures of him and his entourage.

The French star had been given permission to skip international duty because of a minor thigh injury as France beat Israel and Belgium in Nations League matches on Oct. 10 and Oct. 14, respectively.

Mbappé, who won the World Cup with France in 2018, joined Real Madrid this summer after seven years at PSG.

___

Petrequin reported from London. Jan M. Olsen in Copenhagen, Denmark, contributed to this report.",Karl Ritter,"Kylian Mbappe, AP, Swedish, French, SVT, Stockholm, Nordic, Real Madrid, Paris Saint-Germain, Names, France, Paris, Belgium, Nations League, London, Copenhagen, Denmark, Israel",2024-10-15,CONTROL_MeToo_Protests_2017_2024,single,True,0,"In, The, To"
https://www.independent.co.uk/sport/cricket/england-west-indies-t20-world-cup-result-score-heather-knight-b2629754.html,The Independent,England crash out of T20 World Cup after dismal defeat to West Indies,"England crashed out of the Women’s T20 World Cup on net run-rate after slumping to a six-wicket defeat to West Indies in their final group game.

Victory for England at the Dubai International Stadium would have seen them progress to the semi-finals after they had comfortably won all three of their Group B fixtures in Sharjah.

But after Jon Lewis’ side were restricted to 141 for seven, they were blown away by West Indies’ openers Hayley Matthews and Qiana Joseph, who both blitzed quickfire fifties to set their side up for their first win against England in 14 matches.

West Indies finished top of the group, with South Africa second – both above England on net run-rate – after all three sides ended level on six points.

New Zealand are next up for West Indies in the last four, while South Africa will play Australia.

Chasing a winning target of 142 to progress, West Indies’ openers Matthews and Joseph set about their task in devastating fashion.

Matthews hit Lauren Bell’s first ball of the innings for six and two more boundaries in the opening over to set the tone and England were soon under big pressure.

Joseph struck her first half-century in a T20 international, bludgeoning 52 off 38 balls, although she was dropped four times - by Sophia Dunkley on six, Alice Capsey on 31 and twice by Maia Bouchier on 48 and 52.

Matthews, who made a 38-ball 50, and Joseph put on 67 off 36 balls in the powerplay - the highest in the tournament.

West Indies were well on their way to victory when Joseph and Matthews fell in the 13th and 14th overs respectively before another big-hitter, Deandra Dottin, struck 27 off 19 deliveries.

England looked in trouble at 34 for three in the seventh over after losing the toss and being put into bat before Nat Sciver-Brunt and Heather Knight led their recovery.

Sciver-Brunt made 57 not out off 50 balls, hitting five fours, but England were dealt a blow when Knight retired hurt due to a calf injury in the 13th over, having reached 21 off 13 deliveries.

Openers Bouchier and Danni Wyatt-Hodge were the only other England batters to reach double figures, but Sciver-Brunt maintained her tempo to lift her side to a competitive score.",Sports Staff,"England cricket, West Indies, Heather Knight, Women’s T20 World Cup, T20 World Cup, PA",2024-10-15,CONTROL_MeToo_Protests_2017_2024,single,True,0,"In, The, To"
https://www.independent.co.uk/sport/football/thomas-tuchel-england-lee-carsley-gareth-southgate-b2629544.html,The Independent,Thomas Tuchel set to be appointed England manager,"Thomas Tuchel is on the brink of becoming England manager, and could even be unveiled by the end of this week.

An agreement on main terms comes after swift talks between the German coach and the Football Association from the weekend, with the 51-year-old’s interest increasing after it became clear that Manchester United were not yet going to move on Erik ten Hag.

Tuchel will consequently become the third foreign England manager, and the third different county represented, after Sweden’s Sven-Goran Eriksson and Italy’s Fabio Capello. While that element may bring debate from traditionalists in English football, especially given the nature of the football rivalry with Germany, the FA’s sole focus is bringing this era to fruition and winning the 2026 World Cup.

The fact that tournament is mostly taking place in the United States is also understood to have had some influence on the thought process, given that this is set to be the most commercially lucrative international competition in history.

Tuchel does represent a “box-office” name but he has primarily been selected because he fits exactly what the FA want from the football.

The German is able to marry sophisticated modern tactics with tournament-suited pragmatism, and knows many of the players from his time at Chelsea. He is also very close to captain Harry Kane from their season together at Bayern Munich, with Tuchel having pushed for the transfer in the summer of 2023.

It was his time at Chelsea that ensured Tuchel fast became an “anglophile”, however, and he has long been keen to work in the country again. The national team was consequently seen as a perfect appointment, as he immediately eyes adding the World Cup to his 2021 Champions League medal with Chelsea.

The appointment is seen as no reflection on Lee Carsley, who impressed in the job in terms of the football, and is seen by the FA’s technical staff as a potential appointment for the future.

There has also been gratitude at how the interim has handled questions on the future, even if that did lead to public contradictions over whether he actually wanted the job. That is much more understandable now, as England have made a statement appointment.

The FA did not respond to questions about the process, which has been conducted in notable secrecy. Although Pep Guardiola had previously been the main candidate, he is expected to give Manchester City one more year. The FA meanwhile did not want to wait indefinitely, and pressed ahead once Tuchel responded positively to overtures made at the start of the season.",Miguel Delaney,"Thomas Tuchel, England (football), Football Association, Gareth Southgate, Lee Carsley, Internal",2024-10-15,CONTROL_MeToo_Protests_2017_2024,single,True,0,"In, The, To"
https://www.independent.co.uk/arts-entertainment/films/news/paul-schrader-joker-2-review-joaquin-phoenix-lady-gaga-b2629718.html,The Independent,Paul Schrader stopped watching Joker 2 after 15 minutes because ‘that was enough’,"Paul Schrader has offered a withering assessment of Joker: Folie à Deux, saying he walked out after around 10 or 15 minutes, bought something, came back for another 10 minutes and decided: “That was enough.”

The First Reformed filmmaker, 78, is known for his outspoken views about films. He made his name as the screenwriter of Martin Scorsese’s Taxi Driver, which some critics identified as a significant influence on the original Joker.

In conversation with playwright Jeremy O Harris for Interview Magazine, Schrader described the sequel as a “really bad musical.”

Asked to elaborate, Schrader was dismissive of stars Joaquin Phoenix and Lady Gaga.

“I don’t like either of those people,” he said. “I don’t like them as actors. I don’t like them as characters. I don’t like the whole thing.

“I mean, those are people who, if they came to your house, you’d slip out the back door.”

Joker: Folie à Deux, which like the first film was directed by The Hangover filmmaker Todd Phillips, has flopped at the box office. The original film grossed over $1bn at the box office when it was released in 2019, while its sequel appears to be struggling to recoup the $190m to £200m budget it cost to make. The film has made a reported $120m to date.

Critics and audiences seem to largely share Schrader’s view of the film. It currently has a Rotten Tomatoes rating of 33 percent from critics and a paltry 32 percent audience score based on over 5,000 verified views.

According to The Hollywood Reporter, Joker: Folie à Deux is the first Hollywood comic book movie to earn a D CinemaScore from opening day audiences.

The Independent‘s assessment was less negative than other publications, with film critic Geoffrey Macnab awarding it four stars in a review that reads in part: “The darkness at the core of the film is underlined by its very brutal ending, which rejects comic book conventions in favour of psychological depth.

“Phoenix’s performance remains powerful and stirring, too. The genius of it is that we can’t help but care for Arthur despite his neediness and derangement.

“Even during the film’s most apocalyptic and violent moments, we’re always aware that, underneath Joker’s gaudy warpaint, lurks little, feeble Arthur. Against the odds, this ingenious and deeply unsettling film even turns into a bit of a weepie by the final reel.”

Joker: Folie à Deux is out in cinemas now.",Kevin E G Perry,"Paul Schrader, Joker: Folie a Deux, Joker 2, Joaquin Phoenix, Lady Gaga, Jeremy O Harris, Internal",2024-10-15,CONTROL_MeToo_Protests_2017_2024,single,True,0,"In, The, To"
https://www.independent.co.uk/arts-entertainment/music/news/alex-van-halen-david-lee-roth-eddie-tribute-b2629756.html,The Independent,Alex Van Halen says reunion was canceled because David Lee Roth refused to pay tribute to Eddie Van Halen,"Alex Van Halen has revealed why a planned Van Halen tour in 2022 failed to materialize, blaming singer David Lee Roth’s refusal to pay tribute to late guitarist Eddie Van Halen.

Eddie Van Halen, one of the most celebrated guitar players in history, died in 2020 at the age of 65 after being diagnosed with throat cancer.

Speaking to Rolling Stone, drummer Alex Van Halen said the remaining members of the band began rehearsals for the 2022 tour, which would have featured Joe Satriani on guitar.

However, things turned sour when Roth refused to dedicate part of the gig to showing old footage of Eddie Van Halen playing guitar.

“The thing that broke the camel’s back, and I can be honest about this now, was I said, ‘Dave, at some point, we have to have a very overt – not a bowing – but an acknowledgment of Ed in the gig,” recalled Alex Van Halen.

He took spoke to Queen guitarist about how they celebrated the life of late frontman Freddie Mercury.

“If you look at how Queen does it, they show old footage.’ And the moment I said we gotta acknowledge Ed, Dave f***in’ popped a fuse.… The vitriol that came out was unbelievable,” said Van Halen.

Van Halen claimed that Roth’s refusal to spend any time celebrating his late brother brought tour plans to an end.

“I’m from the street,” he continued. “‘You talk to me like that, motherf***er, I’m gonna beat your f***ing brains out. You got it?’ And I mean that. And that’s how it ended.”

“It’s just, my God. It’s like I didn’t know him anymore. I have nothing but the utmost respect for his work ethic and all that. But, Dave, you gotta work as a community, motherf***er. It’s not you alone anymore.”

The Independent has approached David Lee Roth for comment.

Elsewhere in the interview, Van Halen revealed the singer he hopes might sing on unreleased and unfinished Van Halen music, saying: “Ideally, it’d be Robert Plant.”

The drummer said there is a large amount of unreleased music in the Van Halen vaults, but very little of it is finished.

“They’re all little pieces,” said the drummer. “A bunch of licks don’t make a song.”

Van Halen also said he wants to produce a biopic about his band’s rise to fame, although fans shouldn’t expect to see it in cinemas too soon. “It’s just a long-term plan,” he said. “I mean, to put things in perspective, the Queen movie took 30 years to make.”",Kevin E G Perry,"Van Halen, Freddie Mercury, Throat cancer, Internal",2024-10-15,CONTROL_MeToo_Protests_2017_2024,single,True,0,"In, The, To"
https://www.independent.co.uk/arts-entertainment/music/news/alex-van-halen-robert-plant-eddie-b2629704.html,The Independent,Alex Van Halen names famous singer he has in mind to perform unreleased Van Halen music,"Alex Van Halen has revealed the singer he hopes might sing on unreleased and unfinished Van Halen music, saying: “Ideally, it’d be Robert Plant.”

Drummer Alex Van Halen, 71, formed the band with his guitarist brother Eddie Van Halen in 1972. Two years later they added bassist Michael Anthony and singer David Lee Roth to the group and went on to become one of the most successful rock bands of the late 1970s and 1980s.

Their self-titled debut album was a hit in 1978, and they followed it with the blockbuster record 1984 (named after the year of its release), which included classics such as “Jump,” “Panama,” and “Hot for Teacher.”

Eddie Van Halen drew particular praise and became widely recognized as one of the most skilled and celebrated guitarists of all time. He died in 2020 at the age of 65 after being diagnosed with throat cancer.

In a new interview with Rolling Stone, Alex Van Halen revealed that there is a large amount of unreleased music in the Van Halen vaults, but very little of it is finished.

“They’re all little pieces,” said the drummer. “A bunch of licks don’t make a song.”

Van Halen went on to say that he’s approached OpenAI, the company behind ChatGPT, to see if they could analyze “the patterns of how Edward would have played something” in order to generate new guitar solos.

Elsewhere in the interview, Van Halen outlined how a proposed 2022 tour, which would have featured guitarist Joe Satriani, fell apart over David Lee Roth’s refusal to dedicate part of the show to a tribute to Eddie.

As a result of the rift with Roth, Van Halen said he hopes to recruit former Led Zeppelin frontman Plant to sing on any new music, despite the fact the pair haven’t spoken since 1993. “Ideally, it’d be Robert Plant,” he said. “You’re gonna think I’m out of my f***ing mind, but when conditions are right, things will manifest.”

Van Halen also said he wants to produce a biopic about his band’s rise to fame, although fans shouldn’t expect to see it in cinemas too soon. “It’s just a long-term plan,” he said. “I mean, to put things in perspective, the Queen movie took 30 years to make.”

In 2020, Eddie Van Halen’s son Wolfgang condemned false rumors that he might replace his father as the band’s lead guitarist.

“This is just a s****y lie attempting to capitalize on these awful times,” he tweeted in the week’s following his father’s death. “Please stop with this.”

“Anyone peddling this s*** is not only hurting the fans, but hurting me and my family,” he added.",Kevin E G Perry,"Van Halen, Robert Plant, Internal",2024-10-15,CONTROL_MeToo_Protests_2017_2024,single,True,0,"In, The, To"
https://www.independent.co.uk/arts-entertainment/tv/news/threads-bbc-iplayer-1984-movie-b2629743.html,The Independent,Threads: BBC viewers urge everyone to watch ‘bleak’ war film that has only ever been shown four times,"BBC iPlayer viewers are encouraging others to watch the nuclear war film Threads, often described as one of the most harrowing movies ever made.

The 1984 film was made for BBC TV by The Bodyguard director Mick Jackson and Kes writer Barry Hines, with Jackson wanting to focus on the scientific ramifications of a nuclear attack and its fallout.

Threads was first aired on BBC Two on 23 September 1984 at the height of the Cold War, when nuclear tensions were as prevalent a talking point as they are today.

Although the film revolves around the conflict between the United States and the Soviet Union, after the latter invades Iran, it predominantly focuses on the lives of a couple in Sheffield, England and how the war impacts their lives.

The South Yorkshire city was chosen due to the belief that the Soviets would opt to strike an industrial city in the UK and that the local council, at the time, had a “nuclear-free zone” policy.

Despite having a budget of just £400,000, Threads was the first film to ever depict what a nuclear winter would actually look like, giving an uncompromising and brutally bleak outlook on the implications of nuclear war and the devastation it would create. It has been widely praised by critics and audiences alike ever since and holds a 100 per cent rating on Rotten Tomatoes.

It has only been repeated on BBC TV three times since its original broadcast, with the most recent being on 9 October, to celebrate its 40th anniversary.

The film is now available to watch on iPlayer, with many encouraging those who haven’t seen it to watch it despite the heavy subject matter.

On X/Twitter, one person wrote: “Watching Threads as a youngster (too young really) was a massively transformative experience for me. If you haven’t watched it, you owe it to yourself to do so.”

Another said: “One of the earliest films to not treat nuclear bombs as the end point. But instead focus on the horrors and hauntings that accompany surviving their impact. Rarely shown on TV, a must watch.”

A third added: “I beseech you, if you’ve never watched Threads before, make sure you do now. It’s only been shown 4 times on telly in 40 years and it’s a bleak, harrowing, but essential watch. Something you’ll never forget.”

Watching it for the first time, one viewer said: “Waking up the morning after seeing Threads for the first time… … Like all great art, shakes you to the core and makes you see the world in a new way. While the kitchen sink (antithesis of Hollywood) context makes it all the more terrifying.”

Speaking to the BFI in September, Jackson said he still suffers from a type of PTSD brought on from making the film. He said: “For many months after the film was finished and done with, I would still have moments where that alternative reality would suddenly ‘flash’ into my consciousness – as if I were actually there. I guess it eventually faded but it still hasn’t quite gone.”

In January, the conflicts in Ukraine and Gaza prompted scientists to keep the hands on the Doomsday Clock at 90 seconds to midnight for a second year in a row, as scientists say “humanity continues to face an unprecedented level of danger”.",Greg Evans,"Threads, BBC, Internal",2024-10-15,CONTROL_MeToo_Protests_2017_2024,single,True,0,"In, The, To"
https://www.independent.co.uk/business/ftse-wobbles-as-oil-prices-drop-sharply-following-opec-outlook-b2629703.html,The Independent,FTSE wobbles as oil prices drop sharply following Opec outlook,"A sharp drop in oil prices saw miners and energy firms drag on the FTSE 100 on Tuesday, after an influential outlook for global oil demand was lowered.

The UK’s top stock market index was down 43.38 points, or 0.52%, to close at 8,249.28.

Miners Antofagasta, Glencore and Anglo American, and energy firms BP and Shell were among the biggest fallers of the day.

Markets wobbled as the price of Brent crude oil tumbled by more than 4.5% to just under 74 US dollars per barrel by the time European markets closed.

“A big decline in the oil price is welcome news for businesses and consumers as there was a moment last week when it looked like energy and transport bills could go through the roof,” said Russ Mould, investment director at AJ Bell.

“The trigger was a report yesterday from Opec which lowered its outlook for global oil demand growth this year and next.

“The drop in the oil price acted as a drag on the FTSE 100, with oil and gas producers BP and Shell and commodities trader Glencore among the biggest fallers.”

Oil prices have been volatile in recent weeks in response to escalating tensions in the Middle East and fears over how conflict could impact energy sites in the region.

Meanwhile, investors were in low spirits over in Paris where the Cac 40 dropped 1.05% at close. In Frankfurt, the Dax dipped 0.11%.

In New York, after markets had closed in Europe, the S&P 500 was down about 0.5%, while Dow Jones was about 0.4% lower.

The pound was up around 0.2% against the US dollar at 1.31, and 0.3% higher against the euro at 1.2.

In company news, shares in De La Rue jumped after the bank note printer announced plans to sell its authentication arm in a deal worth £300 million.

The Basingstoke-based company revealed the proposed sale to US-based firm Crane NXT, which it said could help it repay a loan due in July next year.

De La Rue put its divisions up for sale after a strategic review launched at the end of last year. Shares in the firm closed 14.4% higher.

Elsewhere, shares in Bellway were also given a boost despite the housebuilder revealing that its profits tumbled by more than half over the past year as it grappled with slower demand in the housing market.

Nevertheless, the company said it expects to complete the sale of more homes this year as easing mortgage rates have started to support more demand.

This more optimistic outlook appeared to have pleased investors and its share price was 8.3% higher at close.

The biggest risers on the FTSE 100 were IAG, up 8.15p to 206.9p, Persimmon, up 61p to 1,662p, easyJet, up 15.8p to 518p, Barratt Redrow, up 12.8p to 472p, and JD Sports, up 3.05p to 132.9p.

The biggest fallers on the FTSE 100 were Antofagasta, down 85p to 1,796.5p, Glencore, down 17p to 403.55p, BP, down 15.9p to 392.5p, Spirax, down 260p to 6,665p, and Croda, down 137p to 3,816p.",Anna Wise,"PA Ready, OPEC, Dow Jones, Russ Mould, Paris, Glencore, Shell, Brent, Anglo American, Shares, Middle East, Basingstoke, New York, Frankfurt, DAX, JD Sports, PErsimmon, IAG",2024-10-15,CONTROL_MeToo_Protests_2017_2024,single,True,0,"In, The, To"
https://www.independent.co.uk/cars/electric-vehicles/citroen-c5-aircross-electric-car-family-suv-b2629609.html,The Independent,Citroen C5 Aircross concept reveals a family-focused all-electric SUV,"Citroen has taken the wraps off its next generation C5 Aircross family SUV at the Paris Motor Show.

The new model uses the latest STLA Medium platform from parent company Stellantis, meaning it will be available as an all-electric model for the first time. A combustion and hybrid engine model will be also be available.

Like Citroen’s other recently revived models – the C3 Aircross and the Citroen C4, which was also updated for the Paris Show – it takes its design inspiration from the Citroen Oli concept first seen two years ago at the last Paris Motor Show.

Citroen refers to the design as a ‘dense, muscular organic block, sculpted for aerodynamics’. The nose of the car looks upright and bluff, as it was on the Citroen Oli concept, and it’s dominated by the oversized, reworked Citroen chevrons that now sit in an oval badge.

Citroen’s designers say they’ve used clever aerodynamic tricks to overcome the efficiency issues that big, square SUVs normally have. The company claims the new C5 Aircross would cover around 19 miles more than the current C5 Aircross would if that was electric, all due to aerodynamic improvements.

The nose of the car drops away from a low bonnet, despite the squared-off looks, while the roof has been kept as low as possible and the rear overhangs extended, all to improve aerodynamics. Particular attention has been paid to the rear with recessed panels to guide airflow and the cabin curving towards the back, which also improves efficiency.

Innovative Citroen ‘light wings’ stand proud at the back but feature a hollowed section that protrude from the car, generating aerodynamic support, again to boost efficiency.

Using the Stellantis family’s STLA Medium platform also gives the new C5 Aircross a tech advantage with new advanced driver aids and infotainment systems, many already seen on Peugeot’s 3008 and 5008 models using the same architecture.

Although the Citreon C5 Aircross is a car aimed at family use, the concept didn’t reveal anything about the production car’s interior.

We’d expect it to be more spacious than the outgoing C5 Aircross, thanks in part to the new flat platform and extended length, but Citroen did say that the cabin would be designed as ‘a wellness area in the spirit of a lounge, where the five occupants will be able to relax and travel in complete serenity’.

The production version of the Citreon C5 Aircross is expected to be seen some time next year, with the car going on sale towards the end of the year or early in 2026.",Steve Fowler,"Independent EVs, Electric cars, Citroen, Internal",2024-10-15,CONTROL_MeToo_Protests_2017_2024,single,True,5,"Driving, The, Wage"
https://www.independent.co.uk/cars/electric-vehicles/thk-lsr05-electric-car-suv-b2629612.html,The Independent,THK reveals the LSR-05 wireless-charging SUV,"Japanese technology company THK has shown the LSR-05 at the Paris Motor Show, the first time the car has been seen outside of Japan.

The cutting-edge electric car prototype with wireless charging was designed by the legendary car designer Shiro Nakamura, best known for his work at Nissan where he was responsible for the famous Nissan GT-R sports car.

Nakamura’s vision for the LSR-05 was to encapsulate the ideals of luxury, sportiness, and revolution, blending them into a dynamic four-seater crossover coupe.

The car is not just about design, though. THK’s technological innovations are at the core of the LSR-05’s performance. The car is powered by two rear-mounted 93kW (800V) in-wheel electric motors and a 220kW (800V) front motor, making use of THK’s proprietary variable magnetic flux system to boost torque and speed capabilities. The all-electric powertrain is integrated with a four-wheel steering system, ensuring exceptional agility and stability on the road.

The LSR-05 also previews a contactless charging system, known as CLPS, which enables wireless charging via ground-embedded transmitters. This system, combined with the ALCS’s ability to lower the vehicle for improved charging efficiency, presents a glimpse into the future of electric vehicle technology.

The active level control suspension (ALCS) adjusts the vehicle’s height to optimise power efficiency during contactless charging and adjusts the suspension based on driving conditions, reducing air resistance at high speeds.

The LSR-05’s minimalist interior is also a testament to Nakamura’s design philosophy, focusing on clean lines and user-centric functionality. THK’s ‘stealth seat-slide system’ claims to offer a seamless and adjustable seating arrangement, utilising linear guides to achieve a flat floor that maximises interior space.

THK’s Chief Executive Officer Akihiro Teramachi expressed his pride at the debut of the LSR-05 at the prestigious Paris Auto Salon, highlighting the company’s transition from a supplier of linear motion systems to a developer of cutting-edge automotive technology. As a showcase of THK’s technological expertise and Shiro Nakamura’s design mastery, the LSR-05 is positioned to make a significant impact in the world of electric vehicles.

Speaking at the Paris Motor Show, Shiro Nakamura, Chief Executive Officer of SN Design Platform, said, “LSR-05 represents Japanese innovation and precision. In particular, the smart packaging has enabled a roomy and comfortable interior utilising a unique seating arrangement using the THK developed stealth seat slide system.”

THK won’t be stopping at the LSR-05 concept. Plans are already underway for the LSR-07, a new prototype that will showcase the next generation of electric car tech and further advancements in Nakamura’s design philosophy. It’s expected to be revealed at the next Tokyo Motor Show in 2024.",Steve Fowler,"Independent EVs, Electric cars, Nissan, Internal",2024-10-15,CONTROL_MeToo_Protests_2017_2024,single,True,5,"Driving, The, Wage"
https://www.independent.co.uk/extras/indybest/gadgets-tech/oura-ring-4-buy-now-b2629656.html,The Independent,The new Oura ring 4 has the updates I’ve been waiting for – here’s how to buy,"It’s been three years since the third-generation Oura ring first put smart rings on the map. Worn by everyone from Kim Kardashian to Prince Harry, Oura’s dominance was tested for the first time when Samsung launched its subscription-free Galaxy ring in July. Now, the company is hoping to keep hold of its users and increase its fanbase with the launch of the Oura ring 4.

The all-new Oura ring 4, which is available to buy now, is thinner, lasts longer, and features a new smart sensing technology that makes it more accurate than ever before. Oura’s new smart sensing tech is tuned to the physiology of each wearer’s unique finger, with double the number of available signal pathways (18 instead of eight on the Oura ring 3).

The new smart sensing tech is always seeking out the best signal pathway to deliver the most accurate data. Oura says that this has led to a 30 per cent increase in the average SpO2 measurement overnight, a 15 per cent increase in the breathing disturbance index and, crucially, fewer gaps in the data when worn throughout the night and day, giving you more continuous, stable readings.

“It’s easy to create technology that works under optimal conditions, but that doesn’t reflect real life,” says Holly Shelton, chief product officer at Oura. “With smart sensing, Oura ring 4 accounts for ring rotation that naturally occurs with daily activities, as well as differences in finger anatomy, shape, BMI and skin tone.”

Beyond the new sensor technology, the Oura ring 4 is now made entirely from titanium, and the sensors are recessed into the interior of the ring. I got a first look at the Oura ring 4 last week, and it’s a lot more comfortable to wear, slimmer and feels smoother on the skin.

Coming in 12 different sizes (4-15) – up on the eight sizes on the Oura ring 3 – accommodating more users, the Our ring 4 is available in brushed silver, gold, rose gold, silver, stealth and an updated black finish. The latter now features a glossy, tungsten PVD coating for improved durability.

While Oura continues to face stiff competition from Samsung, and persistent rumours that Apple is developing a smart ring of its own continue to bubble away in the background, new features, a re-designed app and several years’ head start could give the Oura ring an edge over its rivals. Available to order now, here’s everything you need to know about the Oura ring 4, with a full review coming soon.

The Oura ring 4 is the company’s next-generation smart ring, and it’s the most precise smart ring yet. As well as looking sleek, Oura says the inner ring is made out of titanium, which helps with accuracy. The smart sensing technology ensures it will still collect accurate data even if it moves out of place by 30 degrees in either direction – something that my old Oura ring 3 used to do frequently when asleep.

But as well as improving accuracy, the smart sensing technology also helps to prolong the ring’s battery life. Because it’s always seeking out the best signal pathway, it’s using fewer resources, meaning you’ll be able to eke out eight days on the new Oura ring 4, compared to seven days on the Oura ring 3.

The new Oura ring 4 is also joined by a new and completely re-designed app. While the company is sticking with its subscription model, it has been going hard on updates since Samsung announced the Galaxy ring in 2023, giving users more value. It’s brought onboard 24 new features in the past year alone, including stress and resilience, women’s health, heart health and metabolic health. The new features and simpler-to-use app will be available to both Oura ring 3 and Oura ring 4 users.

A new and improved automatic activity detection function automatically detects your heart rate and tracks heart rate zones across 40 different activities. The Galaxy ring, in comparison, only tracks runs and walks.

Stress tracking is also being enhanced. When your ring detects that you’re feeling particularly stressed, you can see what you were doing in terms of daily movements and activities, so you can see the potential causes of your stress spikes.

Women’s health is also getting a big update. Oura can already show insights into your cycle and pregnancy, but it can now show women their estimated fertile days, the chance of conception at that time and the detected day of ovulation, giving them more information about their chances of getting pregnant throughout their cycle.

You’ll also be able to use upcoming features as part of Oura Labs, including the symptom radar, which detects if you if you’re getting sick before you realise yourself, and mealtime tracking, which uses AI to detect the food in your meals, map the time to your chronotype and show you how it can impact stress, sleep, and recovery. The AI Oura Advisor is also available if you need more personalized help.

Based on the new features, it seems like Oura wants to do everything that a smartwatch does, so you’ll still understand how your body ticks without having to look at a screen. Many of these features, for example, are available on smartwatches, and Oura is bringing them to its smart rings. Improved activity tracking, stress tracking and fertility tracking are bringing it ever closer to that dream. The only things we’re sad not to see are tap gesture support and NFC payments.

The Oura ring 4 in silver and stealth finishes start from £349; the black and brushed silver finishes start from £399; and the gold and rose gold finishes start from £499. Available to pre-order now, the Oura ring 4 launches on 15 October. Due to changes in design, Oura recommends re-sizing if you’re upgrading from an older model.

For the latest discounts on tech and other offers, try the links below:

For more, have a read of our round-up of the best smart rings of 2024",Alex Lee,"Wearable technology, Rings, Women's Health, indybest, Internal",2024-10-15,CONTROL_MeToo_Protests_2017_2024,single,True,0,"In, The, To"
https://www.independent.co.uk/health-and-fitness/myprotein-vegan-protein-water-review-b2627801.html,The Independent,Myprotein vegan protein water review ,"In recent years, energy drinks have become a staple in most people’s gym bags. But personally, I’ve never jumped on the bandwagon. Many people reach for a can of energy drink over a pre-workout mix due to the raft of healthy energy-boosting options that now line the shelves of health food stores and gym vending machines.

The sheer amount of caffeine crammed in most cans, and the fact that I’d rather not drink something sparkling before a hard workout, has historically made me steer clear. But Myprotein’s new vegan protein water seems to solve a few of these issues, so I decided to bite the bullet and give it a try.

Each 330ml can of protein water is only lightly sparkling, with 83mg of caffeine and zero sugar. Available individually or as a six-pack (£11.78, Myprotein.com), the product is pretty standard price-wise, and contains a bonus 6g of pea protein to nudge you towards your daily quota. Essentially, it combines the benefits of a pre-workout mix with a protein shake, and it’s friendly to plant-based diets.

My usual pre- and intra-workout tipple is a water mixed with flavoured creatine, and it’s served me well for years. Persuading me to replace would be a tall order, but I wanted to give the vegan protein water a chance, so I subbed it in before a couple of my weekly workouts.

The protein water offers 83mg of caffeine per can, which is similar to a standard cup of coffee and roughly half what you’d expect from a full can of Monster. But there’s no secret formula here: the Myprotein drink only has a slightly lower amount of caffeine per 100ml, it’s just a fraction of the size – 330ml compared to 500ml.

As a non-coffee drinker who doesn’t need a huge amount of caffeine to enjoy a little pre-workout lift, this lower total is a selling point, and I did find I had a little extra get up and go during my early morning sessions. I also preferred the smaller serving when quaffing it before a CrossFit workout, simply because it didn’t swish around in my stomach during burpees.

I felt it also offered slightly more natural flavour than other energy drinks I’d tried in the past. Available in two pretty no-frills flavour options, lemon and lime, and mixed berry, Myprotein says it swerves artificial flavours in favour of added fruit juice, and the result was enjoyable – not unlike an Appletiser.

Without a lab on hand, I can’t speak for the efficacy of the added B vitamins. What I can say is that I enjoyed the protein water more than the intense flavours of many other energy drinks on the market, and I appreciated the extra little protein hit it provided.

So has it done enough to knock my beloved creatine concoction off the top spot? Not quite. This will remain my go-to, pre-workout tipple, but next time I need a little energy boost before a morning workout I wouldn’t rule out reaching for Myprotein’s vegan protein water. In affordable easy-to-drink cans with ingredients that offer energy and fuel for muscles, plus pleasant fruit flavours, you can’t really go wrong. Plus, if you usually opt for an energy drink loaded with ingredients that aren’t all that good for you, this is a great healthy swap to make when you’re on the go.

Get 10% off almost everything with code MYPINDY (*T&Cs and exclusions apply)

Read more: An expert says walking 10,000 steps a day might not matter if you don’t do one other thing too",Harry Bullmore,"THG Fitness, Caffeine, Energy Drinks, Protein, Internal",2024-10-15,CONTROL_MeToo_Protests_2017_2024,single,True,0,"In, The, To"
https://www.independent.co.uk/life-style/colorado-dad-super-virus-cruise-anniversary-b2629695.html,The Independent,Colorado dad stuck in Denmark after contracting super virus on 37th wedding anniversary cruise,"A father from Colorado became stuck in Copenhagen, Denmark, after contracting a super virus while on a cruise with his wife for their 37th wedding anniversary.

Guy Matlock unexpectedly fell ill just six days into their trip to Europe in September, their first expedition out of the US. His wife Adrien and their close friends, Kim and George, were completely fine, but Guy quickly developed a series of illnesses.

He first showed symptoms of Influenza type A, sepsis, and pneumonia, before the super virus sent him into cardiac arrest and prolonged lung failure. Speaking to KDVR, the Matlock’s daughter Moriah explained that the crusie ship docked just as his health became worse.

“They pulled into port as soon as possible,” she said. “They found that he had flu A, pneumonia, and sepsis essentially turned into a super virus within his body and started attacking his major organs.”

Guy is currently being treated at a Copenhagen hospital, where he is relying on a ventilator yet remains somewhat conscious as he suffers from brain damage. Despite his current health condition, Guy’s family is pushing to get him home once he remains stable enough for air travel.

In an effort to raise money for the couple’s flight home, the Matlocks set up a GoFundMe page with a goal of $150,000.

“His heart has begun to recover from full cardiac arrest, his lungs have become stronger, the ventilator is only at 25 percent, and dialysis has been reduced to an intermittent need,” the GoFundMe page states. “The infection has caused mini strokes in his parietal lobes that are affecting the rate at which he can awake. As his body gains its strength there will be a long road to recovery. The current need is to get Guy and Adrian home.”

According to USA Today, an emergency medical evacuation from Europe typically costs between $65,000 to $90,000, depending on the patient’s condition and required care. However, the “medevac flight home” Guy requires supposedly costs more than $150,000, but insurance will only cover about $24,000.

“Before a flight can be booked this payment is needed up-front,” the page description reads. As of now, more than $47,000 has been raised from 730 donations made.

Adrien is currently looking after Guy in Copenhagen. Meanwhile, the Matlock children were forced to return home after they used emergency passports to fly out and check on their father.

“It’s very isolating in a different country, a country where you don’t know any of the language and there’s so many different societal changes. His brain just isn’t getting enough stimulation from the Danish society, because he just hears the different languages and he isn’t able to compute,” Moriah told KDVR.

In a separate interview with WJTV, the daughter said: “No one can explain the sorrows that it can bring seeing someone so strong in such a not-so-strong state. Someone that has been everything that you ever needed in your life and they are incapacitated to not being able to even breathe on their own.”",Kaleigh Werner,"Copenhagen, virus, Cruise, Internal",2024-10-15,CONTROL_MeToo_Protests_2017_2024,single,True,2,"February, Inflation, Rates"
https://www.independent.co.uk/life-style/erik-menendez-mom-confession-murder-b2629768.html,The Independent,Erik Menendez reveals what he’d say to his mom 35 years after murdering her,"35 years after murdering his parents, Erik Menendez has revealed what he’d say to his mom, Mary Louise Menendez, otherwise known as Kitty.

In the new Netflix documentary, Menendez Brothers, which tells the story of the 1989 murder of Kitty and Jose Menendez from the perspective of Erik and his brother Lyle, the 53-year-old expressed his desire to speak to his mom one more time.

“I miss my mother tremendously,” Erik said.

The prisoner said it was a misconception that he and Lyle did not love their mother. “That is the farthest thing from the truth,” he said.

“I wish that I could go back and talk to her,” he said of his mother. “Give her a hug and tell her I love her and I wanted her to love me and be happy with me and be happy that I was her son and feel that joy and that connection.”

With his dad, the man both brothers claim sexually assaulted them continuously throughout their lives, Erik’s approach would be quite different. In fact, his alleged relationship with José makes it more “difficult” to think about what he’d say to him now.

“To me as a boy, he was more than just a man. He was like the modern version of an ancient Greek god,” Erik explained. “He was different than any man I had ever met. And I simply idolized him. I wanted to be like him. But he was rarely a dad.

“He loved us. But he believed that love needed to be earned,” he continued. “So, to be loved by him we had to be worthy of that love and often that meant going through pain.”

The Netflix documentary comes after Ryan Murphy’s dramatic adaptation of José and Kitty’s murder, Monsters: The Lyle and Erik Menendez Story, aired mid-September.

Unlike Murphy’s fictional retelling of the storied 1989 killings, the documentary takes viewers inside the minds of Lyle and Erik behind bars at Richard J Donovan Correctional Facility as new discoveries are made in their case that could potentially set them free.

Throughout their two trials, which happened over the course of seven years, both Menendez brothers claimed they killed their father and mother out of fear and “imperfect self-defense.” However, they were ultimately both convicted of two counts of first-degree murder and sentenced to life in prison.",Kaleigh Werner,"murder, Netflix, Internal",2024-10-15,CONTROL_MeToo_Protests_2017_2024,single,True,0,"In, The, To"
https://www.independent.co.uk/life-style/fashion/victorias-secret-fashion-show-2024-time-watch-b2629660.html,The Independent,Victoria’s Secret Fashion Show 2024: What time and how to watch this year’s models and performer ,"The Victoria’s Secret Fashion Show is officially making its return on October 15 after a six-year hiatus with an iconic headliner: Cher.

Back in May, Victoria’s Secret confirmed that its signature fashion show was set to return to the runway. “We’ve read the comments and heard you. The Victoria’s Secret Fashion Show is BACK and will reflect who we are today,” the company announced at the time. “Plus everything you know and love – the glamour, runway, wings, musical entertainment and more! Stay tuned… it only gets more iconic from here.”

The last time the brand hosted the event in its usual television form was in 2018. However, Victoria’s Secret broadcasted its most recent fashion show in the form of a documentary, titled Victoria’s Secret: The Tour ‘23 , on Prime Video in September of last year.

Here’s everything we know about the 2024 Victoria’s Secret Fashion Show, from who’s walking the runway to how to watch the fashion extravaganza.

Victoria’s Secret took to Instagram on September 17 to share a video of Cher, revealing that she’ll be performing live on the runway at the show. “It’s a woman’s world, so it’s understood that you can’t have a fashion show without the mother of fashion herself – @Cher! We’re beyond excited to announce she will officially be performing,” the company wrote in the caption.

“[Cher] won’t be alone... stay tuned, more announcements are coming to round out our first-ever, all-women lineup,” the caption concluded.

Since then, some of the other performers have been announced, including singer and songwriter Tyla and rapper Lisa.

Following the announcement of the fashion show’s return after six years, Victoria’s Secret has begun to reveal which models will be on the runway on October 15. Some of the models – referred to as the cast of the show – include Ashley Graham, Barbara Palvin, Gigi Hadid, Tyra Banks, Paloma Elsesser, Candice Swanepoel, Taylor Hill, Mayowa Nicholas, Imaan Hammam, and Devyn Garcia.

The 2024 Victoria’s Secret Fashion Show will be taking place on October 15 at the brand’s flagship store in New York City. The company has continued to describe the event as a “night of glamour, music, and of course, fashion.”

This year, you can watch the event live at 7 pm ET tomorrow. Along with being broadcast on Amazon Prime, Victoria’s Secret will be live-streaming the show from its Instagram, YouTube, and TikTok accounts.

If you’re based in New York City, you have the opportunity to attend a watch party at The Penn District in Manhattan. At the event, there will be a live DJ starting a 5 pm for two hours, before the show starts at 7 pm, and a food truck that will offer some free treats.

Over the years, the Victoria’s Secret Fashion Show has been known for turning lingerie into works of art. However, the event has also been deemed controversial. In fact, the decision to pre-record and stream last year’s show came after Victoria’s Secret had canceled its fashion show in 2019.

The cancellation of the fashion show was likely due to declining viewership. The 2018 Victoria’s Secret fashion show only drew 3.3m viewers, down from 9.7m viewers in 2013.

In November 2018, Ed Razek – the ex-chief marketing officer of L Brands, the former parent company of Victoria’s Secret – made controversial comments regarding the lack of transgender models in the fashion show. Speaking to Vogue, Razek said he doesn’t think transgender models should be part of the show because “the show is a fantasy”.

“It’s a 42-entertainment special. That’s what it is,” he said. “It is the only one of its kind in the world, and any other fashion brand in the world would take it in a minute, including the competitors that are carping at us. And they carp at us because we’re the leader.”

Robyn Lawley, the first plus-size model to face the cover of Sports Illustrated, urged people to boycott the fashion show following his comments. She started an online petition calling for Victoria’s Secret to be more inclusive, arguing that the lingerie brand has “dominated the space for almost 20 years by telling women there is only one kind of body beautiful.”

“Until Victoria’s Secret commits to representing ALL women on stage, I am calling for a complete boycott of this year’s Victoria’s Secret Fashion Show,” she wrote on social media. “It’s time Victoria’s Secret recognized the buying power and influence of women of ALL ages, shapes, sizes, and ethnicities.”

There have also been numerous controversies surrounding certain themes and looks from past shows, some of which have been described as cultural appropriation. A Native American headdress sparked outrage during the 2012 fashion show, while a Chinese-inspired theme, called “Road Ahead,” was deemed incredibly offensive in 2016.

Janie Schaffer, Victoria Secret’s chief design and creative officer, and Sarah Sylvester, executive vice president of marketing, expressed how the brand has “really been transforming hugely” over the last three years as they discussed what fans can expect from this year’s fashion show.

“This is really a celebration of everything we’ve been doing. Believe me, we have got such super fans out there that there is an element where people are saying, ‘You bring it back exactly as it was before. Bring back exactly the same models, and don’t change anything!” Schaffer said in a joint interview with Women’s Wear Daily in July.

The Independent has contacted a representative for Victoria’s Secret for comment.",Amber Raiken,"Cher, Victoria's Secret Fashion Show, Internal",2024-10-15,CONTROL_MeToo_Protests_2017_2024,single,True,0,"In, The, To"
https://www.independent.co.uk/life-style/nicholas-sparks-chicken-salad-recipe-b2629611.html,The Independent,Famous author raises eyebrows with chicken salad recipe featuring 16 packets of Splenda,"Nicholas Sparks has shared his recipe for chicken salad, but not everyone is on board with his choice of ingredients.

The Notebook author recently revealed in an interview with The New York Times that his version of the dish, which mostly consists of chicken, mayonnaise, and some fruits or vegetables, also includes 16 individual packets of Splenda, a zero-calorie alternative for sugar.

Sparks’s chicken salad dressing was made by combining: mayonnaise, dill pickle relish, jalapeño relish, apple cider vinegar, salt, pepper, cayenne pepper, and the packets of Splenda.

“You can use real sugar, but why throw sugar in if you can use Splenda?” he told the outlet while also clarifying that he tries to avoid carbs “most of the time.”

16 packets of Splenda is equivalent to ⅔ of a cup of the sweetener alternative.

The Last Song author’s method of making the popular lunch dish quickly led to reactions on X where many users questioned why his chicken salad had to be so sweet or why he was using packets of Splenda instead of buying a box.

“Wait - is putting sweetener in a chicken salad a thing? Even sugar? I have never…” one user questioned.

Another X user agreed, writing, “No sugar in chicken salad. Why does everything need to be so sweet? If you can’t live without it being sweet because you have the palate of a 5 year old, then add some grapes.”

“That is wild on its face, obviously. But also at that point why are you still using individual packets of Splenda? invest in a full box! Nicholas Sparks is wasting so much time fiddling around ripping each packet open!” a third person pointed out.

Sparks’s chicken salad recipe gained so much attention that he later turned to Instagram to post a video explaining his recipe.

The author clarified that he uses Duke’s brand of mayonnaise in his chicken salad, which does not contain any sugar. “If you’re using Hellmann’s, you’re getting the sweetness already,” he said in the video.

“I use Duke’s, so I add a little sweetness.”

“Why put sugar in stuff if you don’t need it?” he asked. “The depth of flavor in this chicken salad is truly out of this world.”

He added, “All those who are picking on my Splenda-sweetened chicken salad, you’re missing out.”

The video also included some people trying out Sparks’s recipe first-hand and enjoying it despite being skeptical about the Splenda. According to the chicken salad recipe in the caption, he uses eight packs of Splenda despite The Times reporting that he uses 16.

However, some people in the comments section still weren’t convinced that Splenda belonged in chicken salad.

“I’m not picking on your choice of artificial sweeteners or how you use it, but I just want to let you know I don’t support any,” one comment read.

Another commenter agreed, writing, “I’m still not sure about this Nicholas. Since you mentioned it last night in Houston it has been on my mind.”",Brittany Miller,"Recipe, ingredients, Social Media, Internal",2024-10-15,CONTROL_MeToo_Protests_2017_2024,single,True,0,"In, The, To"
https://www.independent.co.uk/life-style/relationships-boyfriend-girlfriend-colleagues-reddit-b2629684.html,The Independent,Man sparks outrage over night out with female colleague without mentioning girlfriend,"A man has sparked outrage after his girlfriend discovered he was hanging out with a female co-worker without mentioning that he was in a relationship.

In a recent post shared to the popular “Relationship Advice” Reddit forum, a woman asked if she was in the wrong for messaging her boyfriend’s colleague, since she suspected he was cheating. She explained that after visiting her partner in his office, she noticed him with a co-worker, who he referred to as “a work friend named Addy.”

The Reddit user explained that when she saw them together, she assumed they were just having a work-related discussion. However, when she learned the co-worker’s name, she remembered seeing that name on her boyfriend’s Instagram notifications. When she asked if the co-worker was the same person on Instagram, and why he hadn’t mentioned Addy before, he wasn’t happy.

“He told me to chill, and that if I’m thinking of something malicious, know that she is not his type,” she wrote about her conversation with her partner. “I asked if I could see what they were chatting on Instagram about, and he said I was being toxic and that I was invading his privacy. I said if it’s nothing, why can’t he just show it?”

He then wanted “some time alone,” so he asked his girlfriend to stay with her family.

The woman noted that two weeks after the incident, her boyfriend got drunk at a party, and he had to help carry him to bed from her car. As she was getting ready to go to sleep, she saw a notification on his phone from Addy, who texted: “U Up?”

From there, the woman decided to read the messages, discovering that her boyfriend and Addy went “to see the city lights, watch a movie, and play minigolf” on the night she went to her parents’ house.

“The messages also indicated that he picked her up from her place. She doesn’t know that we’re together, maybe,” she explained. “I told her I was my boyfriend’s girlfriend and I sent photos of my boyfriend and I together with timestamps on them. I told her that I knew when they went out [and] asked her not to message my boyfriend until I figured everything out.”

Despite not getting an immediate response, she saw Addy removed her boyfriend from her followers on Instagram “a few minutes later.” In an update to the post, she said Addy responded to the message, explaining she didn’t know he had a girlfriend.

“[Addy said] ‘The first time we hung out was because I wanted to try this particular restaurant and he offered to take me, and the second was just for a coffee. You don’t have to worry about me. It was a friendly hangout until the end,’” the post continued.

In her message, Addy told her colleague’s girlfriend that she “felt bad” for her and that she was “sorry this happened.” She clarified that she wouldn’t have gone out with him if she knew he was in a relationship and that she “won’t be associating with him now.”

When the poster asked Addy if she did see the city lights and go mini-golfing with him, she said: “He asked for a kiss at our last meeting and I rejected him.”

In the comments, readers criticized the Reddit user’s boyfriend for how he treated her and urged her to end the relationship.

“Sounds like he took Addy on a date. Just dump him and move on, don’t message the other woman anymore cause she’s not the issue. Your (hopefully soon-to-be ex) boyfriend is,” one wrote.

“If Addy deleted him from Instagram, it’s safe to assume that Addy thought they were dating. Therefore she likely didn’t even know about you,” another responded. “He was cheating for sure. I’d move out in the middle of the night without a word. He will act like he has no idea why but he will know.”

“He’s cheating on you, if he wasn’t, he wouldn’t be hiding their meetups and gaslighting you. I’m sure if you had just asked her she would have told you the same thing. Why do you want to stay or figure out anything with a person like this??” a third claimed.",Amber Raiken,"Reddit, relationships, Dating, Internal",2024-10-15,CONTROL_MeToo_Protests_2017_2024,single,True,0,"In, The, To"
https://www.independent.co.uk/life-style/wedding-guest-wealthy-more-food-reddit-b2629701.html,The Independent,Wedding guest claims wealthier guests received better alcohol and more food ,"A wedding guest has taken to Reddit to share their recent experience at a reception where wealthier attendees allegedly received preferential treatment.

In a recent post shared to the “Wedding Shaming” subreddit, an unnamed person said the groom’s family were extremely wealthy and contributing financially to the “no expenses spared” wedding.

“The ceremony is fine, after there is a cocktail hour in the blazing sun, with one open bar and one bartender for about 150 guests. Not a single hors d’oeuvre is being passed around,” the Reddit post read.

The guests were served dinner in a plastic tent with only one door for ventilation where they were supposed to be eating a seven-course meal.

“It was buffet style at the tables, so when we got the ‘main’ it was steak, it was four slices of steak for eight people. Two wine bottles were left at each table and there was no bar during dinner, which was fine,” the Reddit post detailed.

As the reception proceeded, the guest began to notice what their table looked like compared to some of the others. “The ‘very wealthy’ guests at the wedding had been giving a lot more and high-end wine bottles, scotch, tequila. And a plethora more food,” the guest claimed in their Reddit post.

“At the end of the night, there was no dessert, just a table of Oreo boxes and cut-up apple slices.”

Once the reception was over the guest said he also noticed the groom’s mother crying over how a majority of the guests were treated.

After posting, many people took to the comments section to specifically question the dessert option for the wedding considering the groom’s parents had “spared no expense.”

The guest did confirm in a comment that it was likely the groom’s father who had the wealthier guests receive better treatment.

“The groom’s mother was ashamed of everything,” they wrote in a comment. “I think the groom’s father said ‘my guests get the best’ and that’s probably what the caterers listened to so that’s why the wealthy guests got more food and better alcohol.”

He added: “Mostly everyone there was wealthy, the ones that got special treatment were the VERY wealthy ($10 million+) vs. ‘regular’ ($1-10 million).”

Other people wrote in the comments how upset they were for the guest over their experience at the wedding.

“That’s just embarrassing,” one comment read. “If you go cheap you look bad to your own family and the new in-laws. There are no do-overs. I’m so sorry this happened.”

“I would take some pictures. To show anyone interested when they may bring up anything about their beautiful wedding,” another commenter suggested.

“Better to only have your wedding attended by your family, in a setting comfortable for all there. Put guests in an uncomfortable tent in the heat, separate from the bridal party so they cannot see what’s happening? Nope, going home!”",Brittany Miller,"wedding guest, Wealth, Food, Reddit, weddings, Internal",2024-10-15,CONTROL_MeToo_Protests_2017_2024,single,True,0,"In, The, To"
https://www.independent.co.uk/news/ap-atlanta-nfl-falcons-new-england-patriots-b2629776.html,The Independent,The Super Bowl will return to Atlanta's Mercedes-Benz Stadium in 2028,"The Super Bowl will return to Atlanta in 2028 at the home of the Falcons, following a vote of approval by NFL team owners on Tuesday at the league's annual fall meeting.

This will be the fourth time the NFL’s championship game is played in Atlanta and the second in Mercedes-Benz Stadium, which was the site when the New England Patriots beat the Los Angeles Rams in 2019.

The first two Super Bowls held in Atlanta were at the now-demolished Georgia Dome in 1994 and 2000.

New Orleans will host the game following this season. It then goes to California for two years, with the San Francisco Bay Area hosting in 2026 and Los Angeles in 2027.

___

AP NFL: https://apnews.com/hub/nfl",Rob Maaddi,"AP, Atlanta, NFL, Falcons, New England Patriots, New Orleans, California, Los Angeles Rams, Los Angeles, San Francisco Bay Area",2024-10-15,CONTROL_MeToo_Protests_2017_2024,single,True,0,"In, The, To"
https://www.independent.co.uk/news/ap-b2629707.html,The Independent,"PHOTO COLLECTION: AP Top Photos of the Day, Tuesday, October 15, 2024",This is a collection of photos chosen by AP photo editors.,Via AP news wire,AP,2024-10-15,CONTROL_MeToo_Protests_2017_2024,single,True,0,"In, The, To"
https://www.independent.co.uk/news/ap-egypt-giza-pyramids-cairo-covid-b2629687.html,The Independent,"Egypt's long-delayed mega-museum will open some of its main galleries, a trial run for full opening","The Grand Egyptian Museum will partially open its main galleries on Wednesday, including 12 halls that exhibit aspects of ancient Egypt, as part of a trial run, officials said Tuesday.

The museum, a mega-project near the famed Giza Pyramids which has cost well over $1 billion so far, will open the halls for 4,000 visitors as a trial run until the official opening date, which is yet to be announced, according to Al-Tayeb Abbas, assistant to the minister of antiquities.

The opening of the museum, which has been under construction for more than a decade, has been repeatedly delayed for various reasons, including the COVID-19 pandemic.

More than 100,000 artifacts of Egypt’s ancient treasures will be displayed in the world’s largest archaeological museum, according to the Egyptian state information website.

Abbas told the AP that the trial run starting Wednesday would help prepare for the full opening by providing a deeper understanding of issues related to operations such as identifying overcrowded areas across the museum.

The displays across the 12 halls tap into issues related to society, religion, and doctrine in ancient Egypt, he added. All open-style halls have been classified by dynasty and historical order, and each will showcase at least 15,000 artifacts.

Eras that will be exhibited in the main galleries include the Third Intermediate Period (about 1070-664 B.C.), Late Period (664-332 B.C.), Graeco-Roman Period (332 B.C.-395 A.D.), New Kingdom (1550-1070 B.C.), Middle Kingdom (2030-1650 B.C.), and Old Kingdom (2649-2130 B.C.). One of the halls displays statues of “Elite of the King,” members of the royal family and high-ranking officials who worked in the army, priesthood, and the government.

Parts of the site have already been open for limited tours since late 2022 to test visitors’ experience and the museum’s operational preparedness.

Aude Porcedde, a Canadian tourist who visited several sections, told the AP she was amazed by the museum, adding that Egyptian civilization is important for her and for the world to know more about.

“There is a lot of history and a lot of things we are not aware of, especially coming from the other side of the world, and seeing everything here and learning from the locals has been great,” said Costa Rican tourist Jorge Licano.

The grand staircase, six stories high and with a view of the pyramids, and the commercial area are open to the public, showcasing monuments and artifacts that include sarcophagi and statues. Other parts of the museum, including the King Tutankhamun treasure collection, are set to open at later dates.

All halls are equipped with advanced technology and feature multimedia presentations to explain the lives of the ancient Egyptians, including its kings, according to Eissa Zidan, Director-General of the Preliminary Restoration and Antiquities Transfer at the museum.

One of the halls will use virtual reality to explain the history of burial and its development throughout ancient Egypt.

“The museum is not only a place to display antiquities, but it also aims to attract children to learn about ancient Egyptian history ... The museum is a gift to all the world,” Zidan told the AP.

-------------------------------------------------------------------------------------------

Associated Press journalist Fatma Khaled contributed to this report from Cairo.",Ahmed Hatem,"AP, Egypt, Giza Pyramids, Cairo, Covid, Associated Press, King Tutankhamun",2024-10-15,CONTROL_MeToo_Protests_2017_2024,single,True,0,"In, The, To"
https://www.independent.co.uk/news/ap-elton-john-james-graham-jim-bakker-america-b2629742.html,The Independent,Elton John turns the saga of televangelist Tammy Faye into song for Broadway,"When Elton John was on tour in America in the 1970s, there was someone on TV who caught his eye. She was an over-the-top, heavy makeup-wearing performer who wore her heart on her sleeve and yet seemed in on the joke — televangelist Tammy Faye Bakker. You could say game was recognizing game.

John — who back then toured in bedazzled hats, cartoonish outfits and sported enough sequins to choke an elephant — was drawn to a woman with caked-on makeup, an ability to connect with fans and the skill to return after a gut-punch of betrayal.

“She fascinated the hell out of me,” John tells The Associated Press. “I love people who come back from the dead, more or less. She was completely outlawed and banished, and she fought through that because of her goodness and kindness and her belief and her faith. It’s an amazing story, Shakespearean in a way.""

John has put this Shakespearian heroine's story to song with the stage musical “Tammy Faye” and the latest iteration lands on Broadway this month, championing what he calls “a gladiator on her own terms.”

“She comes from absolute nothing — complete poverty — getting all the fame and the wealth and then losing it all in a world of men,” says book writer James Graham. “There is a universality to that story.”

Who was Tammy Faye?

Tammy Faye and Jim Bakker rose to prominence as the husband-and-wife televangelist hosts of TV’s Praise the Lord Club from 1974 through 1987. They preached the prosperity gospel, a belief that God wants his followers to be wealthy and healthy.

The Bakkers were embroiled in a scandal when Jim Bakker was accused of sexual assault and financial fraud involving hush money paid to his alleged victim. After divorcing Bakker in 1992, Tammy Faye would go on to marry Roe Messner, who was himself convicted of bankruptcy fraud in 1996.

The musical has been retooled from a run in London in 2022, with two songs out and two added. The project has the blessing of her second husband, and her son Jay Bakker, has attended rehearsals.

The creative team — John, Graham, director Rupert Goold and lyricist Jake Shears of Scissor Sisters — is largely British, except for Shears, so they say they were careful coming to America telling the story of an American icon.

“Most of the music is joyous because it’s set in the South and it’s gospel-orientated,” says John. “I consider her to be joyous and so it was quite easy to write the joyous songs. I love that kind of music. I’m basically a born-again Southern person. It just appealed to me.”

Audiences will see a woman — two-time Olivier Award-winner Katie Brayben reprises her West End Tammy Faye — surrounded by men, including portrayals of Ronald Reagan, Jimmy Swaggart, Pat Robertson and Marvin Gorman.

“She is the one that no one was really paying attention to. Everyone went, ‘Oh, that silly woman with the hair and the eyes.’ She’s the one who’s lasted and now has a musical on Broadway. And I think that’s great,” says Graham.

Larger issues on show

The musical comes at a time when the culture is reconsidering stories of women lost amid crisis, like Sinéad O’Connor, Janet Jackson and Monica Lewinsky. But the look at Tammy Faye is not entirely sympathetic, pointing out that she turned a blind eye to the vast riches coming into her church.

“We celebrate her values and what she represented and her kookiness and her humor. She got into some stuff as well, though, and we have to hold her accountable for,” says Graham. “We have to test her and push her a bit as well, giving her a prosecution and a defense.”

This is not the first time the story of Tammy Faye Messner, who died of cancer in 2007 at 65, has been explored. RuPaul narrated the documentary “The Eyes of Tammy Faye,” which was turned into a Hollywood movie that snagged Jessica Chastain her first Oscar opposite Andrew Garfield.

John has had smashing success on Broadway — like with “The Lion King,” “Aida” and “Billy Elliot: The Musical."" He sees a few connections between “Billy Elliot” from 2005 with “Tammy Faye.” Both lampoon conservatives — Margaret Thatcher in “Billy Elliot” and evangelicals in “Tammy Faye” — and both examine traditional gender roles amid culture wars.

Graham hopes a younger audience can connect even without having lived through the time when Messner warbled gospel songs on TV or cried so much her mascara dripped down her cheeks.

“Way before reality television and cancel culture and social media, in a way, she and her family were the very first reality TV family,” he says. “For a younger audience, it's also all about how you celebrate your individual idiosyncrasies and your identity and not apologize for them.”

In the soulful ballad “Empty Hands"" that closes Act 1, Brayben as Tammy Faye sings to her husband: “Here I am/Trying to stand/With faithless mercy/Empty hands/I want to forgive you/ But I don't think I can/With faithless mercy and empty hands.”

Messner gained lasting affection for stepping out of the strict evangelical, anti-gay doctrine of the time to show compassion and empathy with Steve Pieters, a gay minister living with HIV and AIDS.

“What she represented even 30 or 40 years ago was a desire to reach across those divides and nothing about her faith contradicted that,” says Graham.

“I think what she represents — that goodness and decency — is something we all, particularly in this election year, need to remind ourselves. We’re not divided by these things. That’s weaponized by people to divide us.”",Mark Kennedy,"AP, Elton John, James Graham, Jim Bakker, America, God, Jake Shears, British, Scissor Sisters, American, Ronald Reagan, London, Janet Jackson, Sinead O'Connor, Monica Lewinsky, West End, HIV, AIDS, Margaret Thatcher, Andrew Garfield, Oscar",2024-10-15,CONTROL_MeToo_Protests_2017_2024,single,True,0,"In, The, To"
https://www.independent.co.uk/news/ap-florida-small-business-administration-homeowners-university-of-north-carolina-b2629748.html,The Independent,"After hurricanes, the business of rebuilding lives means navigating the insurance claims process","Now that the threat of Hurricanes Helene and Milton has receded, millions of homeowners and business-owners across Florida and the Southeastern U.S. are faced with traversing the often long and laborious process of using insurance to rebuild their lives.

“You’re just traumatized when you have these losses. At some point, you’re just glad you’re alive,” said Don Hornstein, an insurance law expert at the University of North Carolina. “And then you have to turn to the business side of this. It’s tough.”

Helene was a Category 4 storm that first struck Florida’s Gulf Coast on September 26, dumped trillions of gallons of rain and left a trail of destruction for hundreds of miles across several states. At least 246 people have died in what is now the deadliest hurricane to hit the mainland U.S. since Katrina, according to statistics from the National Hurricane Center.

Two weeks later, Hurricane Milton swept across Florida, killing at least 11 people. The Category 3 storm destroyed coastal communities, tore apart homes, filled streets with mud and spawned a barrage of deadly tornadoes.

The combined private insured losses from the two hurricanes could reach $55 billion, according to risk management firm Moody’s RMS.

Immediately after disasters like these, property insurance is likely not top of mind as people secure their safety and basic needs, but insurance claims are part of the process of resetting. Many buy the policies in hope they can help protect them when disaster strikes. But oftentimes insurance doesn’t cover what the policy holder thinks it does — or thinks it should.

Rhoda Moehring, who turns 86 this month, says she doesn’t have a lot of faith that insurance companies will help her salvage the flooded rental homes she owns in the river town of Steinhatchee in Florida’s Big Bend.

“I usually get zip with these things,” Moehring said. ”‘Was I insured for that?’ ‘No, sorry, you weren’t.’ And it goes on and on. So I don’t put a whole lot of confidence in it.”

Moehring said she wasn’t sure about the details of her insurance policies and she’ll be relying on her son to help her navigate the claims process.

Here are some steps home and business owners should keep in mind when filing an insurance claim after a natural disaster.

ACT FAST, DO THE MATH

After the immediate emergency response, the first thing a homeowner or business owner should do is call their insurance agent or broker. The deadline to file a claim is generally about 60 days from the date of loss.

There are different types of policies that insure against damage. In the initial call, first focus on thoroughly understanding your policy, including coverage limits, deductibles and exclusions, so that you can do a rough calculation of what is covered and what deductibles are at play to decide if you should file a claim, experts said.

Many policies have payouts in complicated percentage formulas. For example, if your roof is damaged, your policy may spell out different deductibles depending on the roofing material, the age of the roof and even the wind speed from the damage event, and the percentage paid out may be based on the insured value versus the cost of replacement, said Amy Bach, executive director of the consumer advocacy group United Policyholders.

Homeowners should weigh their options, as a minor payout may not be worth the long-term ding on your claims history. That’s especially true if you don’t have flood insurance, as the average home insurance policy covers wind damage but generally doesn’t cover flood damage.

While Helene was primarily a flood event, there may be disputes over what is or isn’t “wind-driven rain” from Milton. Hornstein said the line between wind and water is a thin but very clear line that technical experts can determine. Should there be a proverbial tie, the law favors the insurance company.

“If the house was simultaneously destroyed by flood and, concurrently (by) wind, it’s not covered by private insurance,” Hornstein said.

Business owners should also check to see if they have business income or business interruption insurance, which covers the loss of income and other costs like expenses, salaries, or rent when a business is forced to close.

ALL IN THE DOCUMENTS

To file a claim, keep track of and document everything. Before and after photos and videos are ideal to jog your memory of what's been lost and for proof to help bolster settlement claims. For business owners, keeping a record of costs that are incurred after the hurricane is important too.

“You may have evacuation costs, you may have business shut down interruption costs, you may have housing costs, you may have additional expenses that are unusual to your business,"" said Steve Powell, executive vice president of property and catastrophe for claims management firm Sedgwick.

Once a claim is filed, the insurance company’s adjuster will come to survey the damage, typically within a few days if conditions allow. Be responsive to adjusters and make sure they see (and document) the damage that you see.

While it’s easy to get frustrated, adjusters are likely stressed too, said Lawrence White, an economics professor at the NYU Stern School of Business.

“To the maximum extent possible, try not come across as angry. Try to come across as reasonable,” White said.

If there’s disagreement or concern about the accuracy or fairness of the adjuster’s report from the insurance company, property owners can consider hiring a public adjuster for a second opinion. Their own adjuster can then lead the negotiations with the insurance company. First, however, owners should be aware of the fees the public adjuster charges and check their references.

“The insurance companies have totally the upper hand and when there’s a public adjuster, it does level the playing field a lot for the consumer having someone who speaks insurance and speaks damage,"" Bach said.

REPAIR OR LAWYER UP

Be aware of the deadlines for accepting a payment offer or filing an appeal with the insurance company.

Once you agree to an insurance payout, know that you can update the claim if more damage is discovered during the repairs though there may be deadlines for how long a homeowner has to reopen a claim.

If the back-and-forth with the insurance company drags on, you may consider hiring an attorney to reach a settlement as a last resort. A dispute that ends up in arbitration could stretch out for a year or more.

About 90% of all insurance claims are settled without escalating into a court fight, said Charles Nyce, a professor of risk management and insurance at Florida State University’s College of Business.

OTHER AID SOURCES

For those with little or no insurance, there are government programs that can assist. The application process is similar to insurance claims: Contact the agency, determine eligibility and file an application.

The Federal Emergency Management Agency offers grants for home repair or replacement for applicants who meet certain conditions. The Department of Housing and Urban Development also offers certain grants that are available for hurricane survivors. And the Small Business Administration offers low-interest loans to renters, homeowners, business owners, and non-profits that suffered losses due to disasters. However, the government has warned that the SBA is running out of money to fund these loans unless its coffers are replenished by Congress.

For more details about these programs visit https://www.disasterassistance.gov.

—-

Associated Press reporter Kate Payne contributed from Tallahassee, Fla.",Sally Ho,"AP, Florida, Small Business Administration, Homeowners, University of North Carolina, Department of Housing and Urban Development, Gulf Coast, National Hurricane Center, Moody, Federal Emergency Management Agency, Bach, Associated Press, Congress, Tallahassee",2024-10-15,CONTROL_MeToo_Protests_2017_2024,single,True,0,"In, The, To"
https://www.independent.co.uk/news/ap-ioc-ukraine-tokyo-beijing-b2629711.html,The Independent,Russian Olympic Committee president to step down. Neutral athletes competed at Paris Games,"The president of the suspended Russian Olympic Committee said Tuesday he plans to step down after six years in charge.

Stanislav Pozdnyakov's statement comes just over two months after a delegation of 15 Russians competed at the Paris Olympics as “Individual Neutral Athletes” without the national flag or anthem as a result of the Russian invasion of Ukraine.

The athletes did not represent the ROC, whose IOC recognition was suspended last year, and Pozdnyakov had been sharply critical of the neutral rules.

Pozdnyakov said in a statement on the ROC website that a board meeting next month was expected to set a date to elect his replacement, who would likely take office shortly before the IOC too elects a new leader.

“The geopolitical challenges that our country faces dictate the need for optimization and centralization of the management of key areas of activity, including elite-level sports,” Pozdnyakov said. He added that “the role of the state nowadays is important as never before” in supporting athletes and sports events.

Pozdnyakov is a former Olympic fencing gold medalist who holds the rank of colonel in the Russian military.

Russian athletes have not competed under the country's national flag at any of the three Olympic Games during Pozdnyakov's six-year tenure as president of the ROC.

For the pandemic-delayed Summer Olympics in Tokyo in 2021 and the Winter Olympics in Beijing the following year, Russians competed under the Russian Olympic Committee's name and flag as part of the fallout from long-running disputes over doping cases.

___

AP sports: https://apnews.com/sports",The Associated Press,"AP, IOC, Ukraine, Tokyo, Beijing",2024-10-15,CONTROL_MeToo_Protests_2017_2024,single,True,1,"De, En, La"
https://www.independent.co.uk/news/ap-london-anguilla-libya-websites-b2629698.html,The Independent,Countries that have cashed in on their top-level domain names,"Anguilla is raking in extra revenue from registration fees for its .ai web domain thanks to the artificial intelligence boom, but it's not the only place cashing in on demand for websites with distinctive address endings.

Here's a look at some other places cashing in on their unique top-level domains:

TUVALU

Tuvalu is a string of coral atolls, scattered over hundreds of miles in the Pacific Ocean, located midway between Australia and Hawaii. It has one of the world's smallest economies and its low-lying islands are vulnerable to climate change, but it does have a very valuable resource: the .tv web domain. Royalties from .tv, which web users might assume is short for television, have been climbing, especially after videogame streaming platform Twitch licensed the web address twitch.tv.

LIBYA

The North African country, which has been plagued by turmoil since longtime dictator Moammar Gadhafi's death in 2011, isn't readily associated with internet culture. But Libya controls web addresses that end in .ly, which have become widely used as a so-called domain hack for websites with English names that end in -ly. Well-known examples include bit.ly, used by the weblink shortening service Bitly, and parse.ly, the website for online analytics platform Parse.ly.

MONTENEGRO

This Balkan country became an independent nation after the breakup of Yugoslavia. It's one of Europe's smaller countries — about 620,000 people — bordered by the Adriatic Sea, Bosnia, Kosovo, Serbia and Albania. Montenegro was assigned the .me web domain, which has become popular with people who want to claim their pronoun for personal branding.

Websites ending in .me are “often used for personal websites, portfolios, blogs and online resumes or portfolios because ‘me’ can be seen as a way to personalize an online presence,” website builder Wix says.

COLOMBIA

Websites that end in .co aren't from a generic web domain for companies, like .com sites. The .co domain is assigned to Colombia, but the South American country allows anyone to sign up for its web addresses. Internet registrar GoDaddy says more than 2 million .co web domains have been claimed, including addresses claimed by Big Tech names like Amazon which uses it to redirect online shoppers to its .com home page. Google, meanwhile, informs visitors to g.co that the link is it's official shortcut.",Kelvin Chan,"AP, London, Anguilla, Libya, Websites, Twitch, Big Tech, Hawaii, Australia, Pacific Ocean, Montenegro, English, Yugoslavia, Europe, Adriatic Sea, Bosnia, Kosovo, Colombia, Amazon, Google",2024-10-15,CONTROL_MeToo_Protests_2017_2024,single,True,2,"February, Inflation, Rates"
https://www.independent.co.uk/news/ap-mexican-mexico-city-los-angeles-spanish-b2629761.html,The Independent,"Becky G says 'Encuentros,' her second album of regional Mexican music, is a celebration of culture","Last year, Mexican American singer Becky G released her first album of regional Mexican music, “Esquinas.” Her newest album, “Encuentros,” makes it clear that this is not a temporary interest: She's dedicated to exploring the folk music in depth, and by adding modern fusions.

“Obviously, a lot of people can say ‘You do it because it’s trendy,’” Becky G said in Spanish during a video interview from Los Angeles before the last Friday release of the album. “I think what I found in myself, when we were creating ‘Esquinas,’ was something so real to me, something so sincere, something so vulnerable as an artist, that I felt so obsessed with the process. And we didn’t want to stop.”

She says her fans have told her that when she sings regional Mexican music, they notice her voice takes on a different tone. She says they can hear Rebbeca — her real name — and her true essence beyond the Becky G pop persona.

The album starts with “XLAS NUBES,” which translates to “By the Clouds,” a song that stands out for its acoustic guitar arrangements. According to Becky G, it stemmed from the vision of a person falling through the clouds, as if in a dream.

“Every song has a thread that takes you on that adventure,” she said. “We decided to mix instruments from other genres and a production style in my vocals that makes it feel a little more modern. And that, for me, was a lot of fun.”

The album, produced by Adrián Pieragostino, features ranchera, mariachi and contemporary corridos fused with other genres such as bolero, cumbia and Colombian vallenato.

“When I was creating music in the other genres, if it was pop music, if it was reggaeton, we were always playing and mixing genres. So, I decided, ‘Why not do it with regional music?’” she said.

Still, there are traditional moments on the album, like the accordion-fueled ranchera “Desierto” (“Desert”), where she sings about wanting an ex to run out of water in the desert. Her siblings approved the song, she said, and told her she should include it in her concerts.

“It reminds me a lot of the music I listened to when I was a child. That’s the music that my grandmother listened to, that my mom listened to,” she said, describing the song as “cortavena” (“cutting veins”) music — spiteful songs that are a part of regional Mexican music's cathartic appeal.

“Todo” (“All”) features Delilah, a rising artist. “We wanted it to sound like when you’re singing near someone,” Becky G said. “It’s a very big song, but very quiet. It’s a very difficult style to achieve, but I think we did it really well, because it feels so big, it feels like a Disney song. I’m obsessed with her voice, Delilah’s voice. I think our voices together is magic.”

The concept of the album started with “Mercedes,” featuring Oscar Maydon, where Becky G shines atop regional Mexican instrumentation. For her, it is a perfect song to listen to in the car, hence the Mercedes Benz-referencing title.

Visually, Becky G said she wanted to make her music videos and album artwork appear narrative, reflecting her city, community and culture in Los Angeles.

“Anyone who sees this, if they live in London, anywhere in the world, they’re going to see it, and they’re going to understand who Becky G is,” she said. That also translates to the album cover, in which she appears posing under the sun, with LA in the background.

She's already thinking about the concept and title of the next album — and won't rule out whether it will be called another word that begins with the letter “E.""

“I don’t want to stop, this is what I love, it’s everything to me,"" she said. “And having these opportunities to continue learning from my art and representing our stories, expressing myself and finding myself as a woman is a very beautiful process.”

Becky G is currently on tour in the U.S., performing “Encuentros” songs live, as well as those from “Esquinas” and her pop and reggaeton eras.

“I always say that my shows are how I like my tacos,” she said, “with a little bit of everything.”",Berenice Bautista,"AP, Mexican, Mexico City, Los Angeles, Spanish, London",2024-10-15,CONTROL_MeToo_Protests_2017_2024,single,True,0,"In, The, To"
https://www.independent.co.uk/news/ap-mexico-city-andres-manuel-lopez-obrador-defense-department-mexican-b2629774.html,The Independent,Mexican president acknowledges army killings of 3 civilians in a violent border city,"Mexico’s new president acknowledged Tuesday that three civilians including a child died in two shootouts involving the military last week in a violent border city.

President Claudia Sheinbaum said a soldier was killed in one of the shootouts, as well as two adults and an 8-year-old girl. She said the events on Friday and Saturday are under investigation.

But Sheinbaum gave no sign of backing away from the outsized role that she and her predecessor have given to the armed forces.

The events in Nuevo Laredo, across the border from Laredo, Texas, started Friday when a nurse, her husband and son found themselves on a road where soldiers were pursuing suspects’ vehicles. The husband, Víctor Carrillo Martínez, told local media there was a confrontation and his wife died in the crossfire.

Sheinbaum said the soldier was apparently killed in an exchange of gunfire.

“It had to do with criminals who opened fire on an army vehicle,” she said. “It is very important to say that Nuevo Laredo is where criminal groups have carried out the most attacks on the army and the National Guard.”

The city has long been in the grip of the Northeast Cartel, an offshoot of the old Zetas gang.

The second incident in Nuevo Laredo happened Saturday, when the 8-year-old and her grandmother were driving to a store and were caught in the middle of a pursuit by soldiers or National Guard officers.

The grandmother told reporters that a military vehicle was pursuing an SUV and her car got stuck between them and the military opened fire.

The Human Rights Commission of Nuevo Laredo said a young man’s tortured body was found nearby in a truck that the army and National Guard had been pursuing.

Sheinbaum confirmed the two deaths, saying the shootings had involved the militarized National Guard.

“In case there has been any misbehavior by any member of the guard or the army, or any official, it will be punished,” she said.

The Defense Department, which control the National Guard, said it had no immediate comment on the shootings.

Last week, the army was involved in another shooting that killed six migrants and wounded 10. In the incident near Tapachula, close to the border with Guatemala. soldiers claimed they heard “detonations” and opened fire on a truck carrying migrants from Egypt, Nepal, Cuba, India, Pakistan and El Salvador.

The dead included an 11-year-old Egyptian girl. The area is often used by migrant smugglers, but warring drug cartels also operate in the region.

Former president Andrés Manuel López Obrador, who left office Sept. 30, gave the military an unprecedentedly wide role in public life and law enforcement. He created the militarized Guard and used the combined forces as the country’s main law enforcement agencies, supplanting police.

Military analyst Juan Ibarrola said such incidents did not indicate a lack of discipline on the part of the army, but rather reflected the severity of attacks that soldiers deal with in some parts of Mexico.

“This is not a lack of training. Remember, Mexican soldiers have been in the streets and on the highways for 30 years,” Ibarrola said. “A soldier knows very well he will not escape justice, unlike some others in Mexico.”

But some critics say the military is not trained to do civilian law enforcement work.

The head of the Nuevo Laredo rights committee, Raymundo Ramos, asserted that the armed forces continue to operate above any civilian authority.

“It appears nobody wants to touch the military in this country,” he said.",Fabiola Snchez,"AP, Mexico City, Andrés Manuel López Obrador, Defense Department, Mexican, National Guard, Laredo, Texas, Zetas, Guatemala, El Salvador, Pakistan, India, Cuba, Nepal, Egypt",2024-10-15,CONTROL_MeToo_Protests_2017_2024,single,True,0,"In, The, To"
https://www.independent.co.uk/news/ap-tampa-tampa-bay-rays-tampa-bay-colorado-rockies-b2629697.html,The Independent,Safe! Florida Aquarium's stingrays ride out Milton in MLB Rays' ballpark tank,"Seven cownose stingrays made it safely to a habitat at The Florida Aquarium after riding out Hurricane Milton in a touch tank at Tropicana Field, home of MLB's Tampa Bay Rays.

The stingrays, named for their cow-shaped snouts, were relocated Monday from the ballpark after last week’s storm, the Tampa-based aquarium said in a news release. Although Tropicana Field’s fabric roof was shredded by Milton's winds, the stingrays were unharmed.

“We’re pleased to report the cownose stingrays handled the storm well. With the Tampa Bay Rays' support, our staff was able to provide onsite care over the past several days and today, we brought them safely back to the Aquarium,” said Craig Johnson, The Florida Aquarium’s associate curator.

The stingrays spend the MLB season in Tropicana Field's 10,000-gallon (37,800-liter) touch tank, a popular fan attraction located above right-center field. They are now in their own exhibition space at the Florida Aquarium during baseball's offseason, and when the team is out of the playoffs.

Stingrays from the aquarium have been featured in the St. Petersburg ballpark's touch tank since 2006. The cownose stingray species is common in the waters around Tampa Bay.

The baseball Rays aren’t scheduled to play in the ballpark again until March 27, when they are supposed to play host to the Colorado Rockies in the 2025 season opener. The team says it will take several weeks to assess the storm damage and determine next steps.

The roof was designed to withstand winds of up to 115 mph (185 kph), according to the Rays. The stadium opened in 1990 at an initial cost of $138 million and is due to be replaced in time for the 2028 season with a $1.3 billion ballpark that is a linchpin of a major redevelopment project in downtown St. Petersburg.

The Florida Aquarium was not damaged during Milton, officials said. Staff relocated penguins and other animals to higher floors, transferred a rescued sea turtle from an Apollo Beach location to the Tampa aquarium and moved thousands of corals to safer places.",Curt Anderson,"AP, Tampa, Tampa Bay Rays, Tampa Bay, Colorado Rockies",2024-10-15,CONTROL_MeToo_Protests_2017_2024,single,True,0,"In, The, To"
https://www.independent.co.uk/news/family-ap-tennessee-nashville-two-b2629686.html,The Independent,Family of Tennessee employee who died in Hurricane Helene flooding files wrongful death lawsuit,"The family of a Tennessee employee who was killed by catastrophic flooding caused by Hurricane Helene has filed a wrongful death lawsuit against the company he worked for, arguing that workers were forced to stay at their posts even when managers knew conditions were becoming dangerous.

Johnny Peterson was among the Impact Plastics employees who died Sept. 27 after Helene's flooding hit Erwin, a small, rural town in eastern Tennessee. Many of the surviving employees have stated they were not allowed to leave the plant in time to avoid the storm's impact. Instead, it wasn't until water had flooded the plant's parking lot and the power went out that managers sent workers home.

The raging waters swept 11 people away and only five were rescued. Two of them are confirmed dead and are part of a toll across six states that is nearly 250 dead. Four others from the factory are still missing after they were washed away in Erwin, where dozens of people about a mile away were also rescued off the roof of a hospital.

“Based on information we’ve uncovered, including accounts from surviving employees, we believe this tragedy could have been avoided,” Alex Little, an attorney representing Peterson's family, said in a statement. “Impact Plastics was aware of the flood risks, and while employees requested permission to leave, the company failed to act. We will hold them accountable.”

The suit, filed Monday, names Impact Plastics and company owner Gerald O'Connor as defendants. O’Connor's attorney did not immediately respond to an email requesting comment Tuesday.

The 28-page suit argues that Impact Plastics had no required plan to safely evacuate employees even though the plant was located in a flood plain and regularly experienced water creeping into its parking lot. Furthermore, the suit claims that while local schools and other businesses announced closures because of Hurricane Helene, Impact Plastics instructed its employees to report to work because the company “wanted to meet order deadlines.""

The suit also provides a sobering breakdown of Peterson’s final moments with his family, including text messages revealing his fears that he would not escape the flood waters.

Just hours prior, the lawsuit says employees began receiving notifications around 10 a.m. urging all who could to evacuate to higher ground. At around 10:30 a.m., employees were instructed to move their cars because the parking lot was flooding.

The lawsuit goes on to claim that senior management, including O'Connor, had “stealthily exited the building” around 11:35 a.m. and employees believed they were dismissed from work. Peterson, who had stepped outside, went back into the building to help employees “trapped inside” but eventually became trapped himself after the water made it impossible to leave by car.

Peterson managed to climb onto a bed of a semi-trailer attempting to escape the area.

“Johnny knew he could not survive much longer as the water levels continued to swell and pummel the semi-trailer. He texted his daughter for the last time at 1:17 p.m. ‘I love you allllll,’ he managed to type out. This was the last text Alexa Peterson received from her father,"" the lawsuit stated.

“Johnny’s father tried in desperation to reach emergency services but could not. At 1:27 p.m., he asked his son ‘You ok,’ to which his son responded ‘Not for Long.’ This was the last text Johnny sent to anyone,"" the lawsuit continued.

The lawsuit comes after the Tennessee Bureau of Investigation announced earlier this month that it was investigating allegations involving Impact Plastics at the direction of the local prosecutor. The state’s workplace safety office has also opened its own probe into the circumstances behind the deaths.

Impact Plastics has maintained that it monitored weather conditions on Sept. 27 and that managers dismissed employees “when water began to cover the parking lot and the adjacent service road, and the plant lost power.”

Meanwhile, O’Connor has said no employees were forced to keep working and they were evacuated at least 45 minutes before the massive force of the flood hit the industrial park.

___

Associated Press writer Jonathan Mattise contributed to this report.",Kimberlee Kruesi,"Family, AP, Tennessee, Nashville, Two, Tennessee Bureau of Investigation",2024-10-15,CONTROL_MeToo_Protests_2017_2024,single,True,0,"In, The, To"
https://www.independent.co.uk/news/israel-ap-gaza-antony-blinken-lloyd-austin-b2629728.html,The Independent,US warns Israel to boost humanitarian aid into Gaza or risk weapons funding,"The Biden administration has warned Israel that it must increase the amount of humanitarian aid it is allowing into Gaza within the next 30 days or it could risk losing access to U.S. weapons funding.

Secretary of State Antony Blinken and Defense Secretary Lloyd Austin warned their Israeli counterparts in a letter dated Sunday that the changes must occur. The letter, which restates U.S. policy toward humanitarian aid and arms transfers, was sent amid deteriorating conditions in northern Gaza and reports Israel had conducted a strike on a hospital tent site in central Gaza that killed at least four people.

A senior defense official said Tuesday that Blinken and Austin sent a letter to their Israeli counterparts as they saw a recent decrease in assistance reaching Gaza. The official said a similar letter sent by Blinken in April triggered a constructive response and “concrete measures from the Israelis.”

The official, who spoke on condition of anonymity to discuss internal deliberations, said the latest letter was a way to similarly address the problem.

For Israel to continue qualifying for foreign military financing, the level of aid getting into Gaza must increase to at least 350 trucks a day, Israel must institute additional humanitarian pauses and provide increased security for humanitarian sites, Austin and Blinken said. They said Israel had 30 days to respond to the different requirements.

An Israeli official confirmed a letter had been delivered but did not discuss the contents. The official, speaking on condition of anonymity to discuss a diplomatic matter, confirmed the U.S. had raised “humanitarian concerns” and was putting pressure on Israel to speed up the flow of aid into Gaza.

___

AP reporters Tara Copp and Matthew Lee in Washington and Josef Federman in Jerusalem contributed.",Lolita C. Baldor,"Israel, AP, Gaza, Antony Blinken, Lloyd Austin, Washington, Biden, Israelis, Matthew Lee, Jerusalem",2024-10-15,CONTROL_MeToo_Protests_2017_2024,single,True,0,"In, The, To"
https://www.independent.co.uk/news/lebanon-ap-hezbollah-united-nations-israeli-b2629710.html,The Independent,UN says deadly Israeli strike in northern Lebanon should be investigated,"An Israeli airstrike on an apartment building in northern Lebanon that killed at least 22 people needs to be independently investigated, the United Nations’ human rights office said Tuesday.

“We have real concerns with respect to … the laws of war,” Jeremy Laurence, a spokesperson for the U.N.'s human rights office said a day after the strike, as rescue workers searching through the rubble found more bodies and remains. Laurence said the U.N. had received credible reports that a dozen women and children were among the dead.

The Israeli military said it “struck a target belonging to the Hezbollah terrorist organization"" and that it would look into reports of civilian deaths.

The apartment building hit in the airstrike was in the small village of Aito, in the country’s Christian heartland and far from Hezbollah’s main areas of influence in Lebanon's south and east. The strike was a shock to residents, and it exacerbated fears that Israel would expand its offensive deeper into Lebanon.

“I heard a loud noise, like a boom,” said Dany Alwan, who lives next door. “We ran outside, I saw the dust and the smoke and the rubble. There was a body here, another one there. It was a really ugly and painful scene.”

The three-story building had been rented out to the Hijazi family, which fled their home in the southern village of Aitaroun, according to Elie Alwan, Dany Alwan's brother and the building's owner. Some 1.2 million people have fled southern and eastern Lebanon, where the fighting between Israel and Hezbollah has been concentrated.

As rescue workers rummaged through the debris on Tuesday, they found the body of a child, and later a small leg and other remains that they put together in a white bag. The Lebanese military watched as a bulldozer cleared heaps of twisted steel, destroyed olive trees, and crushed rocks.

Hezbollah's acting leader vows to step up strikes against Israel

Earlier on Tuesday, the acting leader of Hezbollah said the militant group would fire rockets into more areas of Israel until it ceases its airstrikes and ends its ground invasion of Lebanon.

Naim Kassem said Hezbollah is focused on “hurting the enemy,” comments made in a pre-recorded televised speech delivered on the same day the United States said it sent a small team of troops to Israel to support an American-made missile-defense system.

Hezbollah has fired thousands of rockets into Israel over the past year in support of Hamas' war with Israel in Gaza. Tens of thousands of northern Israelis have been displaced from their homes by those attacks — and Israel has said its war with Hezbollah is aimed at stopping those rockets so families can return home.

On Tuesday, Kassem signaled that Hezbollah would ramp up attacks further south in Israel, which it has already done by targeting Tel Aviv and Haifa. Kassem has headed the militant group since Sept. 27, when its longtime leader, Hassan Nasrallah, was assassinated in an Israeli airstrike.

Hezbollah began targeting Israel with rockets on Oct. 8, 2023, a day after the Hamas attack on Israel that left 1,200 dead and 250 as hostages in Gaza.

Israel's ensuing war against Hamas has left more than 42,000 people dead in Gaza, according to local health officials. They do not differentiate between fighters and civilians, but have said a little more than half the dead are women and children. Hezbollah has insisted it will continue to target Israel until a cease-fire in Gaza is reached.

“We cannot separate Lebanon from Palestine, or Palestine from the world,” Kassem said.

Also on Tuesday, Pentagon press secretary Maj. Gen. Pat Ryder announced the arrival of U.S. troops in Israel on Monday. The team will operate a Terminal High-Altitude Area Defense battery there to defend against ballistic missile attacks from Iran, which backs both Hezbollah and Hamas, and has launched two missile attacks on Israel.

“Over the coming days, additional U.S. military personnel and THAAD battery components will continue to arrive in Israel,” Ryder said.

Iran has warned U.S. troops would be in harm’s way if they launch another attack.

In Lebanon, Israel's bombardment and ground invasion have displaced more than 400,000 children in the past three weeks, according to Ted Chaiban, deputy executive director at UNICEF, the U.N. children's agency.",Kareem Chehayeb,"Lebanon, AP, Hezbollah, United Nations, Israeli, Gaza, Hamas, Iran, United States, UNICEF, Christian, Hassan Nasrallah, Palestine, Pentagon, Haifa, Tel Aviv",2024-10-15,CONTROL_MeToo_Protests_2017_2024,single,True,0,"In, The, To"
https://www.independent.co.uk/news/los-angeles-dodgers-ap-los-angeles-san-diego-padres-mlb-b2629732.html,The Independent,Snake slithers through Dodgers dugout during NLCS loss to Mets,"A snake slithered through the Los Angeles Dodgers dugout during Game 2 of the National League Championship Series on Monday.

The reptile appeared in the top of the fifth inning of the Dodgers’ 7-3 loss to the New York Mets. It wasn’t big enough to put a scare into anyone.

“I was hoping it was a rally snake and we turned a rally around right after that,” reliever Brent Honeywell said. “But just something to get the boys moving a little different (after) everything else.”

The snake was wrapped in a towel and removed by a member of the grounds crew.

“We’ve had ‘Snakes on a Plane’, ‘Snakes on a Train’ and the latest Hollywood hit: ‘Snake in the Dugout,’” joked Fox play-by-play commentator Joe Davis.

The visitor didn't have the impact of the San Diego Padres' rally goose that landed on the field at Dodger Stadium in 2022.

___

AP MLB: https://apnews.com/hub/mlb",Via AP news wire,"Los Angeles Dodgers, AP, Los Angeles, San Diego Padres, MLB, Hollywood",2024-10-15,CONTROL_MeToo_Protests_2017_2024,single,True,0,"In, The, To"
https://www.independent.co.uk/news/lufthansa-ap-jewish-washington-new-york-b2629770.html,The Independent,US fines Lufthansa $4 million for treatment of Orthodox Jewish passengers on a 2022 flight,"The United States fined German airline Lufthansa $4 million for its treatment of a group of Jewish passengers who were denied boarding a 2022 flight in Frankfurt after they had flown to Germany from New York.

The U.S. Transportation Department said Tuesday that the fine is the largest the agency has issued against an airline for civil-rights violations, although Lufthansa was given credit for $2 million for compensation it gave the passengers, cutting the fine in half.

The department said most of the 128 passengers who were denied boarding “wore distinctive garb typically worn by Orthodox Jewish men."" Although many did not know each other and were not traveling together, they told investigators that Lufthansa treated them as if they were a group and denied boarding to all over alleged misbehavior by a few passengers.

They were among 131 passengers who were flying from New York through Frankfurt to Budapest to attend an annual memorial event to honor an Orthodox rabbi.

Some said flight attendants told them on the first flight about the requirement to wear a face mask and not to gather in aisles or near emergency exits. The Lufthansa crew members did not identify any passengers who failed to obey their instructions, which the airline said was due to the sheer number of violations and because many traded seats during the flight.

The captain alerted Lufthansa security about misbehavior among the passengers, which set in motion the steps that led to their being denied boarding on the connecting flight, according to a consent order in the case.

Lufthansa rejected “any allegation by the Department that the events in this matter resulted from any form of discrimination” and disputes that any employee acted on bias, but it acknowledged “errors in company procedure and communications.”

Lufthansa reached a settlement with most of the passengers in 2022.",Via AP news wire,"Lufthansa, AP, Jewish, Washington, New York, Frankfurt, Budapest",2024-10-15,CONTROL_MeToo_Protests_2017_2024,single,True,0,"In, The, To"
https://www.independent.co.uk/news/meta-ap-lgbtq-facebook-africa-b2629682.html,The Independent,Meta’s Oversight Board says viral video left on Facebook threatened LGBTQ+ people in Nigeria,"Meta's oversight board expressed serious concern Tuesday over the company's failure to take down a viral graphic video showing two men bleeding after they were apparently beaten up for being allegedly gay.

The video was posted in Nigeria, one of more than 30 of Africa’s 54 countries where homosexuality is criminalized by laws that garner broad public support despite constitutional guarantees of freedoms. Such laws are often used to target and illegally arrest people suspected of being gay, with abuses against them often ignored.

The report said the damage done by the video, which was viewed more than 3.6 million times between December 2023 and February this year, was “immediate and impossible to undo.”

The board said the content “shared and mocked violence and discrimination” and though reported multiple times and reviewed by three human moderators, it stayed on Facebook for about five months despite breaking four different rules.

“With the video left up, the odds of someone identifying the men and of the post encouraging users to harm other LGBTQIA+ people in Nigeria increased,” the panel said. “Even after it was removed, the Board’s research shows there were still sequences of the same video remaining on Facebook.”

In the video, two men were seen bleeding as a crowd of people interrogated them about their identity and sexual orientation.

Meta couldn’t be reached for immediate comment.

The company admitted two errors regarding the said video, the panel said, in that its automated systems identified the language spoken in the video as English while it was the Igbo language spoken in southeastern Nigeria “but not supported by Meta for content moderation at-scale,” and that Meta’s human review teams also misidentified the language as Swahili.

“This raises concerns about how content in unsupported languages is treated, the choice of languages the company supports for at-scale review and the accuracy of translations provided to reviewers working across multiple languages,” the panel said.

In its report, the board recommended Meta update its Coordinating Harm and Promoting Crime Community Standard to include clear examples of “outing-risk groups,” conduct an assessment of enforcement accuracy of the prohibition on exposing the identity or locations of those alleged to be a member of such groups, ensure language detection systems identify content in unsupported languages and provide accurate translations while routing content for review.",Chinedu Asadu,"Meta, AP, LGBTQ+, Facebook, Africa, LGBTQIA+, English",2024-10-15,CONTROL_MeToo_Protests_2017_2024,single,True,0,"In, The, To"
