url,publisher,title,body,authors,topics,publishing_date,event_label,event_type,is_control,topic_id,topic_label
https://www.dailymail.co.uk/tvshowbiz/article-13185345/Has-Margot-Robbie-gone-knife-Inside-Barbie-stars-glamorous-transformation-baby-faced-soap-star-Oscars-siren.html?ns_mchannel=rss&ns_campaign=1490&ito=1490,Daily Mail,Has Margot Robbie gone under the knife?,"She's been hailed as one of Hollywood's most beautiful women.

And Margot Robbie, 33, certainly maintained her title as she stepped on the Oscars red carpet in Los Angeles on Sunday.

Once a little-known soap star, the Australian actress looked right at home among fellow A-list beauties as she posed in an archival Versace gown.

However a look back at her formative years show how Margot has undergone a very glamorous transformation since her days playing Donna Freedman on Neighbours.

Margot once sported a baby face, but her visage has become more contoured and defined over the years.

This has led fans to question whether the blonde has simply lost weight or secretly undergone cosmetic surgery to sharpen her features.

While Margot has never spoken about undergoing any cosmetic work, this hasn't stopping fans from weighing in.

In 2022, cosmetic procedure influencer Dana Omari Harrell speculated that Margot had undergone a dramatic makeover ahead of filming the Barbie movie.

Appearing on The Dream Bigger Podcast with Siffat Haider, Dana said she was convinced Margot had received a range of procedures.

This included an upper blepharoplasty, a surgical operation that can correct dropping eyelids and make eyes look bigger by removing extra fat in the area.

Dana doubled down on her belief in an Instagram post in July 2023, also adding that Margot may have received undereye filler, a small eyebrow lift, cheek augmentation, lip filler, and a rhinoplasty to thin her nasal tip and reduce her nostril width.

Dana claimed Margot may also have had buccal fat removal, a procedure that is used to hollow out the cheeks and therefore enhance the cheekbones, as well as filler added to the chin to give her jawline extra length.

To top it off, Dana speculated that Margot uses minimal Botox to smooth out her fine lines, while still giving the actress enough movement in her face.

In February 2020, a leading cosmetic clinic revealed that Margot's face was the most requested when women came in for non-surgical procedures.

The Private Clinic in London found the Australian actress' looks to be the most desirable after surveying their clients, with Margot picking up 18 per cent of their public vote.

Speaking to Get The Gloss, a spokesperson from The Private Clinic said people requesting Margot's look when they come in for a visit represents a turn in the tide in what women want.

'The highest-ranked female celebrities tended to favour natural beauty, [and] are showcasing glowing skin and radiant faces rather than an overly dramatic or enhanced appearance,' they said.",Monique Friedlander,"Soaps, Oscars, Neighbours, Barbie, Margot Robbie, Botox, Cosmetic Surgery, Los Angeles",2024-03-12,CONTROL_International_Womens_Strike_2017_2024,single,True,0,"In, The, To"
https://www.dailymail.co.uk/tvshowbiz/article-13189303/Sami-Sheen-20-releases-boy-girl-collab-OnlyFans.html?ns_mchannel=rss&ns_campaign=1490&ito=1490,Daily Mail,"Sami Sheen, 20, releases first 'boy/girl collab' on OnlyFans","Sami Sheen took her OnlyFans career to the next level this week as she released her first ever 'boy/girl collab' on the X-rated website.

Charlie Sheen and Denise Richards' daughter, 20, who was slammed by Sharon Osbourne recently, first teased the jaw-dropping collaboration over the weekend by posing for a half-naked selfie with apparent new love, Aiden David, 23.

In the image, Sami passionately kisses the TikTok star, who has nothing on but a towel around his waist, after enjoying a shower together.

'The collab you’ve been waiting for drops this Tuesday ;),' she wrote on X.

She then posted another photo of herself with her shirtless boyfriend, writing, 'My first B/G collab is out today'.

While it's unclear exactly how explicit Sami's collaboration is, the young model certainly doesn't hold back on her account.

The star debuted her new romance with David - who has an OnlyFans of his own - by sharing a snap kissing him on her 20th birthday on Monday.

She was previously in a year-long romance with Valzar Liev.

In one OnlyFans post, Sami tells her subscribers to tip her $45 if they want to see her 'lick my own nipples'.

Another post sees the 20-year-old on all fours in the sand underneath a pier, with the caption, 'Sex on the beach.'

Sami went under the knife to get breast implants last November after admitting that she'd always wanted 'to have big boobs like my mom'.

Denise has been fully supportive of her daughter's foray into adult entertainment - and even joined the platform herself when she saw how much money Sami was earning.

The mother-daughter duo have even taken to collaborating on content together.

Last October, Denise posted a glamorous photo of herself and Sami side-by-side with the caption, 'Should my mini me @samisheen and I do another collab?'

Denise was slammed by fans online over the stunt, with one writing, 'This is beyond foul.'

Another fan raged, 'This is f*****g creepy, weird, inappropriate, and so many other things.'

Denise later backtracked and claimed that she wasn't collaborating with Sami during an interview on The Viall Files last month.

'They're so judgmental to me and people are like, ""How can you do this? Your daughter"",' she told host Nick Viall.

'I didn't collaborate with my daughter,' she stressed.

'Did I do a picture with my daughter's face and I that was on social media? Yes. Did I collaborate with my daughter for, like, a sexual OnlyFans shoot? Abso-f***ing-lutely not,' she said. 'That is not true.'

The reality TV personality noted that she has not even seen her daughter's OnlyFans posts.

'I haven't even been on my daughter's site,' she explained.

Because she did Wild Things and posed for Playboy early in her career, Denise said she is able to relate to her daughter.

'I was protecting her as a young woman coming into this industry [and] being judged,' she said. 'Because it's not fair that, whether people agree or not, and it's easy to judge, how can I judge stuff with some of the things I've done in my career.

'Like when I was in Wild Things and I did Playboy, did I ever think, ""Oh gosh, one day when my kids are older..."" You don't think about that stuff because it seems so far away.'

She continued: 'Then that day comes and you're like, ""Well s***, I have to deal with this."" It's hard.'

Despite her claims, Denise has posted about Sami multiple times on her OnlyFans account.

In July 2022, the RHOBH star wrote, 'After multiple requests, I will do a photoshoot with my daughter Sami next week. We hope you enjoy the photos.'

A few days later she wrote, 'Who's excited for my shoot with @SamiSheen tomorrow! I am! Also, a bit nervous. Send me some love!!! If I can get wifi I'll try and go live from there tomorrow.'

Sami's dad Charlie was initially opposed to his daughter's online gig but later said to Us Weekly, 'Denise has illuminated a variety of salient points, that in my haste, I overlooked and dismissed.'

He added, 'Now more than ever, it’s essential that Sami have a united parental front to rely upon, as she embarks on this new adventure. From this moment forward, she’ll have it abundantly.'

Charlie and Denise also share an 18-year-old daughter named Lola.

Previously the teen responded to a fan on TikTok who accused her of opting to 'choose porn' because she has 'nothing else to offer the world.'

Sami recorded herself making a 'get ready with me' style video and said, 'I am not a [porn] star and I don't meet up with people. I don't film myself having sex. I don't do that.'

She added, 'The only reason I said I'm a [sex] worker is because my main source of income is from my [OnlyFans]. And if people did their f***ing research, they would realize that there's multiple forms of [sex] work.'

OnlyFans is used primarily by sex workers who produce NSFW content but it also hosts the work of other content creators, such as physical fitness experts and musicians.",J. Peterson,"Charlie Sheen, Denise Richards, OnlyFans, Sharon Osbourne, TikTok",2024-03-12,CONTROL_International_Womens_Strike_2017_2024,single,True,0,"In, The, To"
https://www.dailymail.co.uk/tvshowbiz/article-13189491/Sting-shows-North-America-Sting-3-0-Tour.html?ns_mchannel=rss&ns_campaign=1490&ito=1490,Daily Mail,Sting announces new Sting 3.0 Tour across North America,"Sting will embark on a run of shows across North America this year, entitled the Sting 3.0 Tour.

The 72-year-old music icon will be accompanied by guitarist and frequent collaborator Dominic Miller, as well as drummer Chris Maas during his 20 show run.

The former member of The Police - who recently attended the premiere of Dune: Part Two - is currently scheduled to commence his run of shows with two concerts at the Fillmore in Detroit, Michigan, in September.

Sting, born Gordon Matthew Thomas Sumner, will remain on the road until November, when he will conclude his tour with a pair of shows at The Wiltern in Los Angeles on November 12 and 13.

The star will also play dates in Toronto, Philadelphia, Boston, Brooklyn, Port Chester, Washington, DC, Miami, Atlanta, Chicago and San Francisco.

Members of the performer's fan club were given access to presale tickets on Monday, and both American Express and Citi card members were allowed to purchase passes today.

The general public will be allowed to buy tickets to the Fields Of Gold singer's shows this Friday.

According to a release, the Roxanne hitmaker's tour 'represents a new dynamic era showcasing selections from his vast catalog through the urgent lens of a tight three-piece combo.'

The Sting 3.0 Tour remains separate from a series of 'special shows,' during which the artist will play several concerts in the United States, Mexico and the Dominican Republic in April.

Sting and his band are also scheduled to perform at various American and European venues from May to August.

The performer recently supported Billy Joel during his ongoing North American Tour, and he accompanied the Piano Man singer for a performance in Tampa, Florida this past February.

The bassist will also play a pair of shows with Joel in San Diego and St. Louis, which are set to take place in April and September, respectively.

Sting spoke about touring during an interview with Music Week and stated that he went into every show with the intention of performing his material with the same level of energy as he had when writing his older songs.

'Every night I try and breathe life into a song that could have been written 40 years ago with the same curiosity, the same passion, the same enthusiasm, and that's my gig,' he said.

The performer also spoke about The Police's highly lucrative 2007/2008 reunion tour and stated that he was glad to have been able to get back together with his old bandmates.

'When The Police reunited it had been long enough and it was the right time to do it. And I'm taking credit for that because that was my decision,' he said.

Sting then added that, although the group would not be getting back together in the future, they were glad to have been able to appear in front of their fans for a final run of shows.

'Doing it again would just be gratuitous and that won't happen. But we did it, and everyone was happy that mum and dad got back together again and had one last fling,' he stated.",Sam Joseph Semon,"Billy Joel, Washington DC, Chicago, Los Angeles, Sting, Michigan",2024-03-12,CONTROL_International_Womens_Strike_2017_2024,single,True,0,"In, The, To"
https://www.dailymail.co.uk/tvshowbiz/article-13189685/Thousands-left-stunned-apps-Kim-Kardashians-phone-reality-star-accidently-reveals-mobile-screen.html?ns_mchannel=rss&ns_campaign=1490&ito=1490,Daily Mail,Thousands left stunned by the apps on Kim Kardashian's phone,"An internet sleuth has revealed the surprising apps that Kim Kardashian has on her phone, after the reality star accidently revealed her mobile screen to photographers.

The Kardashians star, 43, recently stepped out at Paris Fashion Week and paused to take photos with fans.

Unfortunately, the socialite didn't realise her phone was unlocked, allowing onlookers full sight of the apps on her home page.

TikTok user Erica Stolman Dowdy has since picked apart the image and created a list of every app visible on her phone - and the results have set the internet ablaze.

'This is page one, this is the home screen arranged by rows,' Erica said, flashing a categorised list of apps.

Among them were Facebook Messenger, FaceTime, TMZ, Daily Mail, TikTok, Instagram, X, WhatsApp, Facebook and Pinterest.

Kim, who is often accused of doctoring her Instagram photos, also had picture editing apps FaceTune, FaceApp and Snow App on her home screen.

Fans were particularly surprised to see encrypted messaging service Signal and Oura, a health technology app used to track sleep and physical activity.

Erica then shared a photo of Kim accidently revealing another page on her phone screen.

'Page two of her phone, it looks like she swiped at the very end, so we got a very quick look. It was very hard to decipher,' Erica explained.

Among the apps that she did manage to identify were Reddit, YouTube, Sound Cloud and the Tesla app.

TikTok users flooded the post to express their surprise at the kinds of apps Kim prefers.

'Her having TMZ and Daily Mail on the first screen is so real of her,' one wrote.

'Crazy how there's no bank app lmao,' another laughed, as someone else weighed in: 'I would love to see her Pinterest'.

Others claimed they noticed the Wattpad app on her screen, which is a website primarily used by fanfiction writers to publish their stories.

'Why would Kim be on Wattpad?' one confused user wrote, as another added: 'I literally saw Wattpad and CACKLED out loud'.",Monique Friedlander,"Facebook, TikTok, Kim Kardashian, Instagram, Paris Fashion Week",2024-03-12,CONTROL_International_Womens_Strike_2017_2024,single,True,0,"In, The, To"
https://www.dailymail.co.uk/tvshowbiz/article-13189703/Olivia-Culpo-soaks-sun-bikini-St-Barts-getaway.html?ns_mchannel=rss&ns_campaign=1490&ito=1490,Daily Mail,Olivia Culpo soaks up the sun in bikini in St Barts,"Olivia Culpo was the picture of happiness during her recent getaway to paradise.

The model, 31, wowed in a summery blue bikini as she splashed around in the crystal blue waters of St Barts with friends including Devon Windsor, 30, and Nadine Leopold, 30.

Olivia looked stunning as she soaked up the sunshine with her pals, a huge smile on her face as she took her beverage out into the water.

She kept her beach look simple yet stylish, teaming her swimsuit with just a pair of Chanel sunglasses and hair bun.

Her nails were perfectly manicured for the occasion with a shade of baby pink.

Olivia's gal pals assembled around her as she chatted about in the water before she eventually returned to dry land.

Not pictured in the water was Olivia's fiance, Christian McCaffrey.

The San Francisco 49ers star has joined Olivia on the getaway, however, and she shared a snap of them sailing about on the ocean together on Sunday.

'Vacation mode,' she captioned the idyllic post with a heart emoji.

Culpo and Christian started dating in May 2019, after they were set up by friends.

The couple got engaged on April 2, 2023 while on vacation in Utah at Amangiri.

Weeks after her engagement, Olivia spoke out about the happy news: 'I'm so excited. It's been a thrill of a lifetime honestly,' she told People magazine.

She and Christian had their engagement party in her home state of Rhode Island.

Olivia revealed on her social media page that she chose to have her engagement party in Rhode Island because the state means so much to her.

In October 2023, Olivia chatted about her upcoming nuptials with the handsome professional football player.

Their engagement part took place in July 2023 in her home state of Rhode Island.

'Rhode Island is family. When I started planning my engagement party I knew every vendor would either be a high school friend or someone I knew through a brother, sister, or cousin,' she wrote on her Instagram.

'I knew they would go above and beyond and they really did. I can't really put into words what the community of our tiny state means but I wanted to shout out everyone who went above and beyond for this party,' Olivia added.

'We are small but mighty! I love Rhode Island so much,' she said.

Olivia also posted shots of her and Christian cuddling up at their engagement party, writing: 'Thank you God for the love of my life.'

She recently revealed via her TikTok that they are tying the knot in her home state of Rhode Island.

Olivia has said that she can't wait to have kids with Christian.

'I feel like the day after my wedding I'm just going to rip out my IUD and start trying immediately,' she said.

'For a while, I thought I was going to be a bachelorette. Pray for your future husband,' she added.

The star also talked about how she manifested Christian.

'That's what work for me. I got down on my hands and knees and I said, ""God, please show me a better way."" I wrote down exactly what I wanted. I wrote down so many specific things,' she said.","Christine Rendon, Sarah Sotoodeh","San Francisco 49ers, Devon Windsor, Olivia Culpo, Rhode Island, Chanel, Utah",2024-03-12,CONTROL_International_Womens_Strike_2017_2024,single,True,0,"In, The, To"
https://www.dailymail.co.uk/tvshowbiz/article-13189705/Hailey-Bieber-steps-without-Justin-Bieber-West-Hollywood.html?ns_mchannel=rss&ns_campaign=1490&ito=1490,Daily Mail,Hailey Bieber hides her ring finger as she steps out without Justin,"Hailey Bieber looked effortlessly stylish as she stepped out for dinner at Sushi Park in West Hollywood on Tuesday.

The model, 27, rocked a long beige trench coat over a brown top and flared jeans, but kept her ring finger hidden in the pocket of her pants.

Her husband Justin Bieber, 30, did not join her for dinner, after she recently shut down 'false' theories regarding their marriage.

Earlier in the day she was spotted stepping out for lunch, with her left hand once again firmly in her pocket.

While at dinner Hailey was joined by Yves Saint Laurent creative director Anthony Vaccarello.

She completed the look with a pair of pointed-toe black flats with a gold buckle, and a black purse.

Her brunette tresses were parted in the middle and cascaded down in a straight style.

The star wore a pair of eyeglasses for the outing and was seen smiling while reading something on her phone.

Earlier on she was joined by pal Justine Skye for breakfast.

Once again she was casual cool in an oversized black leather jacket, a navy baseball cap, a pair of sunglasses and the same jeans and shoes.

Last week she attended Vanity Fair's Oppenheimer bash solo.

She turned heads wearing a pair of black, loose-fitting trousers as well as a double-breasted blazer that was buttoned at the front.

Rumors of marital troubles between her and Justin arose when her father, Stephen Baldwin, 57, asked for 'prayers' for the couple late last month in February.

Her outing came shortly after she took to her Instagram stories to slam 'false' theories surrounding her marriage to Justin.

She penned, 'Just FYI the stories and constant ""blind items"" I see on TikTok are 100% of the time wrong. Made out of thin air...come from the land of delusion.'

'So I know it may be fun feeding into these stories but just know they're always false xx sorry to spoil it,' Hailey added.

Late last month, Stephen had uploaded a reposted clip of Justin singing which had originally been shared by All Things Possible Ministries founder, Victor Marx.

The Usual Suspects actor added text over the video which read, 'Christians please when you think of Justin & Hailey, take a moment to offer a little prayer for them to have wisdom, protection, and draw close to the Lord.'

Rumors quickly arose that the couple were having marital issues, but both the model and singer have since brushed aside the speculation.

Earlier this month, Hailey notably shared a loving tribute on Instagram to celebrate her husband's 30th birthday.

Last Friday TMZ reported that Hailey and her husband Justin are dealing with a private matter that her father knows about.

His plea with followers to 'say a little prayer' for the couple was allegedly about their current issue.

While Stephen was likely well-intentioned when he asked for prayers, Hailey is reportedly unhappy her father had drawn eyes towards her and Justin. Hailey and Justin have yet to address Stephen's post.

During an interview with Vogue Australia last year in February, Hailey opened up about her marriage to Justin and said, 'My favorite thing about being married is honestly the companionship I feel we have.'

'Genuinely, you are my best friend in the entire world. There's nobody I would rather spend more time with or do anything with.'

Justin and Hailey got engaged July 7, 2018. The lovebirds got their marriage license from a New York City courthouse in September 2018.

They tied the knot in a lavish wedding in South Carolina on September 30, 2019 at the Montage Palmetto Bluff resort in front of 154 guests that included Kendall and Kylie Jenner.",Sonia Horon,"Justin Bieber, Hailey Baldwin",2024-03-12,CONTROL_International_Womens_Strike_2017_2024,single,True,4,"Kate, Middleton, Photo"
https://www.dailymail.co.uk/tvshowbiz/article-13189841/Marvel-shockingly-FIRES-X-Men-97-creator-Beau-DeMayo-just-days-animated-superhero-series-debuts-Disney-Plus.html?ns_mchannel=rss&ns_campaign=1490&ito=1490,Daily Mail,Marvel shockingly FIRES X-Men '97 creator Beau DeMayo before debut,"Just over a week before the highly-anticipated animated superhero series X-Men '97 is slated to debut, series creator Beau DeMayo was unceremoniously fired.

The 41-year-old writer had previously written for Netflix's The Witcher, Marvel's Moon Knight and Paramount Plus' Star Trek: Strange New Worlds, and also worked on early drafts of Marvel's new Blade movie.

He created the highly-anticipated X-Men '97, which continues the story from the original X-Men: The Animated Series, which ran from 1992 to 1997.

Disney Plus had already renewed the series for a second season ahead of its debut, though The Hollywood Reporter reveals DeMayo was fired early last week.

The dismissal was said to be rather sudden, since DeMayo had just finished writing Season 2, and was preparing to attend the March 13 Hollywood premiere.

DeMayo was also said to be discussing 'loose ideas' for a potential third season with members of his team before Marvel suddenly parted ways with him.

The writer/executive producer's company email was deactivated as cast and crew members were informed by Marvel he was no longer involved.

The studio did not give the cast and crew a reason for the firing, and DeMayo's Instagram account - which offered many updates on the show - was deactivated.

Neither Marvel nor DeMayo have responded to requests for comment about the firing, which comes just before the show's March 20 debut on Disney Plus.

While writers parting ways on projects is typically common on any type of TV show, the creator of a show being fired and canceling premiere and other press plans for the show is quite rare.

Many premieres for Marvel projects include writers whose work may not even be used in the finished product.

DeMayo was announced as the executive producer and head writer in November 2021.

He appeared on a San Diego Comic-Con panel for the show in July 2022, where a second season renewal was also announced.

DeMayo revealed during Marvel’s X-Men: 60 Uncanny Years Live Virtual Event in March 2023 that the show was reflective of his experience as a gay Black man.

He revealed that he came in to pitch to Marvel president Kevin Feige and Marvel's head of streaming, TV and animation Brad Winderbaum, and they were receptive.

'(Kevin and Brad) could not have been more supportive and also just encouraging to make sure we got it right,' he said.

'I think one of my favorite parts was like they were truly interested in like what my experience as a black gay man was and how it was going to inform the story we were telling. And that to them was like that is how we’re going to make this authentic,' he said.

DeMayo was also adopted by white parents in the South - with a Korean sister - and he said in interviews how the X-Men's struggles for acceptance mirrored his own.

The original series is credited with popularizing the X-Men characters, just years before the breakthrough success of the 2000 X-Men movie.",Brian Gallagher,"Paramount Plus, Netflix, Disney Plus",2024-03-12,CONTROL_International_Womens_Strike_2017_2024,single,True,0,"In, The, To"
https://www.dailymail.co.uk/tvshowbiz/article-13189933/Jedward-hit-evil-manipulator-Louis-Walsh-claim-justice-served-respond-branded-vile-blistering-attack-Celebrity-Big-Brother.html?ns_mchannel=rss&ns_campaign=1490&ito=1490,Daily Mail,Jedward hit back at 'evil manipulator' Louis Walsh,"Jedward have responded to Louis Walsh's comments about them during Tuesday night's episode of Celebrity Big Brother where he branded them 'vile'.

The twins, 32, have slammed 'evil manipulator' Louis Walsh and accused him of being a 'cold hearted b****d who didn't send flowers after their mother's death'.

Louis, 71, managed Jedward, whose names are John and Edward Grimes, between 2009 and 2013 after they shot to stardom on the X Factor.

During the episode, Louis claimed that 'novelty' act Jedward were 'vile' but made him a lot of money, as he told Coronation Street's Colson Smith they 'made him £5M.'

Following the music manager's remarks, Jedward insisted that 'justice would be served', as they launched into a scathing tirade on their X account.

One of the tweets shared by the brothers said: 'Louis Walsh is an evil manipulator who forced us into an office to pay £70k from our bank account to one of his own PR workers.'

Another said: 'Louis Walsh b****d and talked about us to our best friend Tara Reid and then we fired him!'

A third read: 'Louis Walsh is a cold hearted b*****d who didn't even send us flowers when our mom died.'

A final tweet read: 'Louis reopened these wounds all by himself being spiteful and disrespectful we aren't going to have our character taken. Justice will be served.'

During the episode, Jedward were having dinner with their close friend and former TOWIE star Gemma Collins.

Gemma quickly jumped to their defence on Instagram as she admitted she 'couldn't believe' what was being said.

Gemma said: 'Shocked to see what was said about my boys. They are the sweetest, talented, polite, educated, kind boys I've ever met hence why they are always in my company!! TEAM JEDWARD. #Jedward'

Louis hasn't held back on his opinions of his fellow celebs on the outside world during his time in the ITV house.

And Tuesday night's episode was no different for the music manager, who laid into his former act Jedward in yet another scathing rant.

Louis was quizzed on his opinion of the Irish stars after managing them for four years between 2009 and 2013, after shooting to stardom on the X Factor.

Colson Smith asked Louis: 'What were Jedward like?'

And Louis replied: 'They were vile.'

Colson said:' They've done well', and Louis said: 'I got £5million from them. I swear on my mother's life.'

Clearly impressed, Colson quipped back: 'B****y hell, I wish I had a Jedward.'

Doubling down on his opinion, Louis added: 'And they were vile. But they were novelty. It was great for the show. It was all about the show'

Despite his negativity on the twins, it appeared to be a lucrative partnership, as Louis revealed that they 'made him £5million' while under his management.

The twin brothers previously branded Louis a 'cold-hearted two-faced b***h' during a social media attack three years ago.

In 2021, Louis revealed that he was looking for 'young, exciting new girl singers' as he put together a new band.

In response, Jedward posted quotes from an interview Louis gave to The Irish Independent, in which he recalled advising members of Girls Aloud to lose weight.

Louis said: 'They were competing with the Spice Girls. t matters for them because they all want to be the skinny bitch in the middle going out with the footballer.'

Jedward then wrote: 'Don’t get involved with Toxic Management!'

They added: 'Louis Walsh at this point only wants acts to manage to make it look like he’s doing something! He’s a cold hearted two faced bitch who uses his powers for his own benefit!'

Louis' acid-tongue struck again later in the episode when he branded Andrew Lloyd Webber a 'freak' during a conversation with Sharon Osbourne about his musical, Starlight Express.

Louis said: 'He's a bit of a freak, Lloyd Webber. He's a strange man.'

Sharon replied: 'I thought he was gay?'

And Louis said: 'No, the opposite. He was married to Sarah Brightman.'

Continuing his run of celeb-shaming, Louis later said that singing sensation Ronan Keating 'hadn't had a hit' for years.

He said that Ronan hadn't released a successful song since he stopped being his manager, before clarifying that he was sacked.",Charlotte Dean,"Xfactor, Celebrity Big Brother, Louis Walsh, Coronation Street, ITV",2024-03-12,CONTROL_International_Womens_Strike_2017_2024,single,True,0,"In, The, To"
https://www.dailymail.co.uk/yourmoney/article-13188015/automakers-insurance-companies-share-data.html?ns_mchannel=rss&ns_campaign=1490&ito=1490,Daily Mail,Automakers share driving habits with insurance companies,"Car insurance companies have been accused of secretly snooping on motorists' driving habits - with the help of vehicle manufacturers.

Modern cars from makers like GM, Honda, Kia and Hyundai have sensors that track how they are driven. The internet-connected vehicles monitor distances, speeds, acceleration and braking.

Motorists can view this data on smartphone apps and are encouraged to take on challenges to improve their driving. But there is a major catch for drivers.

The automakers share the data with analytics firms which in turn sell it to insurers that use it to adjust premiums, according to a new report in The New York Times.

The tactic is the latest attempt by insurance companies to gather data on how people drive in order to optimize their underwriting and maximize profits.

For more than a decade, they have been offering special deals to those willing to use third-party trackers and apps that record how they accelerate and brake.

But for the most part, Americans rejected those schemes.

So scorned insurance companies found a workaround: leaning on automakers to generate that data with sensors built into their cars so they can then buy it in secret.

Several car owners being tracked told the Times they had no knowledge these features even existed in their cars, let alone that they were enrolled in them.

Sixty-five-year-old Kenn Dahl told the newspaper that the insurance on his Chevrolet Bolt shot up 21 percent in 2022. When he went to other insurance companies they quoted him similarly high prices.

One insurance agent suggested that a report issued by the data broker LexisNexis might be the source of his woes, so he requested it from the company under the Fair Credit Reporting Act.

What he received was 130 pages detailing every single time he or his wife had driven the Bolt in the last six months. It noted how long each of the 640 trips they had made lasted, and how often they had either accelerated or braked too fast.

The report also indicated that the data had been generated by General Motors and supplied to LexisNexis, which used it to compile the report. That report was then sold to insurance companies, including Dahl's own, which then hiked his premiums.

'It felt like a betrayal,' Dahl told The Times. 'They're taking information that I didn't realize was going to be shared and screwing with our insurance.'

The feature that GM says was responsible for generating the data tracking Dahl is known as OnStar Smart Driver - accessed within myChevrolet, myBuick, myGMC and myCadillac apps.

According to its website, it provides 'driving insights on how you can become a smarter, safer driver' and allows you to 'earn badges by completing challenges, build on streaks specific to different driving habits and view all your data in an intuitive dashboard.'

OnStar, a subsidiary of GM, has teamed up with Instagram influencers in recent months to boost awareness and popularity.

Last month, Louisiana lifestyle blogger Britt Fusilier, who has almost 400,000 followers on the platform, shared a video in partnership with OnStar. In it, she and her partner competed in a challenge to collect Smart Driver 'badges and streaks'.

'We love fun competition that encourages safer driving! You guys have got to check it out today!' read the post.

Dahl wasn't the only user to complain that they never signed up for Smart Driver. A Cadillac owner in Florida also told the newspaper he had not heard of Smart Driver and never noticed it within the myCadillac app.

One possibility is that they were signed up at the dealership, where The Times reports salespeople can receive bonuses for enrolling new customers.

'GM's OnStar Smart Driver service is optional to customers,' a GM spokeswoman said.

'Customer benefits include learning more about their safe driving behaviors or vehicle performance that, with their consent, may be used to obtain insurance quotes. Customers can also unenroll from Smart Driver at any time,' they added.

Jen Caltrider, a researcher at Mozilla, told The Times that it's common for automakers to use safety as the justification for such features.

'The car companies are really good at trying to link these features to safety and say they are all about safety,' she said. 'They're about making money.'

GM is not the only automaker known to be sharing driving behavior data with LexisNexis - it is joined by Kia, Subaru and Mitsubishi.

And another data broker, Verisk, which similarly sells data to insurance companies, has access to data from millions of vehicles made by Ford, Honda and Hyundai.",Neirin Gray Desai Consumer,,2024-03-12,CONTROL_International_Womens_Strike_2017_2024,single,True,5,"Driving, The, Wage"
https://www.dailymail.co.uk/wires/aap/article-13189867/Rodionova-makes-Australias-Billie-Jean-King-Cup-team.html?ns_mchannel=rss&ns_campaign=1490&ito=1490,Daily Mail,Rodionova makes Australia's Billie Jean King Cup team,"New Billie Jean King Cup captain Sam Stosur has wasted no time stamping her mark, recalling veteran Arina Rodionova for Australia's qualifier against Mexico this month.

The country's top-ranked female player, Rodionova was controversially overlooked for a wildcard into the Australian Open in January before accusing Tennis Australia of having a personal vendetta against her.

But Stosur has wiped the slate clean, picking the 34-year-old alongside summer star Storm Hunter, team mainstay Daria Saville, doubles ace Ellen Perez and teenage talent Taylah Preston for the April 12-13 tie in Brisbane.

""We have experience coming into this tie with Australia's top-ranked singles and doubles players, which I'm sure will put us in a good position to get the win against Mexico,"" Stosur said ahead of her first tie as captain.

""I'm also delighted to name Taylah as a fully-fledged member of the team - it's only two years ago that she was our 'orange girl'.

""She's still only 18, has had some terrific results recently and I'm excited for her to have this opportunity to represent her country at the highest level.""

For Rodionova, this marks her first Billie Jean King Cup appearance since 2016.

""It's such an honour to be a part of the Billie Jean King Cup team and represent Australia at our home tie,"" said Rodionova, who became the oldest woman to crack the world's top 100 for the first time last month when she touched a career-high singles ranking of No.97.

""I am really looking forward to it and will do everything I can on and off the court to help the team get that win.""

Australia need to beat Mexico to earn a spot in the 12-nation finals, which will be played in Spain in November.

Australia bowed out in the 12-team finals stage last year after making the title match in 2022.",Australian Associated,,2024-03-12,CONTROL_International_Womens_Strike_2017_2024,single,True,0,"In, The, To"
https://www.dailymail.co.uk/wires/aap/article-13189913/Memories-remain-Darwins-worst-disaster-50-years-on.html?ns_mchannel=rss&ns_campaign=1490&ito=1490,Daily Mail,"Memories remain of Darwin's worst disaster, 50 years on","Nearly half a century since one of the worst natural disasters to strike an Australian capital, the government wants to ensure the lives lost are not forgotten.

Cyclone Tracy tore through Darwin in the early hours of Christmas Day in 1974 with gusts of up to 217km/h, before the wind speed reader broke.

Gales whipped up the region as far as 40km from the cyclone's centre, and a storm surge reached four metres at a beach near Darwin.

Overnight 255mm of rain bucketed down, with 145mm falling in two half-hour periods.

A total of 71 people died in the cyclone, largely killed flying debris or crushed beneath their houses.

Survivors were left with a huge recovery task, an $800 million damage bill and nearly 600 injured after Cyclone Tracy destroyed about 80 per cent of Darwin City and rendered 70 per cent of housing uninhabitable.

Northern Territory Chief Minister Eva Lawler remembers the day well.

""Cyclone Tracy is in Darwin's DNA,"" she said.

""Territory spirit was put on display 50 years ago.""

Ahead of the anniversary, the federal government has provided $600,000 to honour the memories of those who died and whose lives were irrevocably changed that Christmas Day.

Visiting Darwin on Wednesday, Prime Minister Anthony Albanese and Ms Lawler will announce the installation of a kinetic monument at Bundilla Beach.

""In honouring the people we lost, those who were injured, and those whose lives changed through the lasting trauma, we ensure they will not be forgotten,"" Mr Albanese said.

""We also recognise the enormous effort of the people of Darwin in ensuring their city was reconstructed in little more than three years.""",Australian Associated,,2024-03-12,CONTROL_International_Womens_Strike_2017_2024,single,True,0,"In, The, To"
https://www.dailymail.co.uk/wires/aap/article-13189947/Neighbourhood-batteries-power-regional-towns.html?ns_mchannel=rss&ns_campaign=1490&ito=1490,Daily Mail,Neighbourhood batteries to power up regional towns,"A raft of regional towns will host dozens of big batteries as Victoria pushes to reach bold storage targets.

Among 20 towns set to welcome 25 neighbourhood batteries are Phillip Island, Queenscliff, Wodonga, Yackandandah, Tatura and Wangaratta.

The Victorian government has set aside $6 million for six battery projects, expected to deliver more than 4.2 megawatt hours of storage capacity.

Popular tourist town Phillip Island will have seven batteries installed, while four will established at Queenscliff on the Bellarine Peninsula.

Another 10 batteries will be spread across the state's east and northeast, totalling 850 kilowatt hours of storage.

""We're making Victoria the home of batteries,"" Energy Minister Lily D'Ambrosio said.

Before the last election, then-premier Daniel Andrews promised $42 million to install 100 neighbourhood batteries across the state within the next term if Labor was returned to government.

Last week, Victoria's upper house passed a bill to legislate energy storage targets for at least 2.6 gigawatts (GW) of energy storage capacity by 2030 and at least 6.3GW by 2035.

The legislation also set a target for the state to reach 95 per cent renewable energy generation by 2035.",Australian Associated,,2024-03-12,CONTROL_International_Womens_Strike_2017_2024,single,True,0,"In, The, To"
https://www.dailymail.co.uk/wires/aap/article-13189965/Police-return-area-cyclist-shooting-trail-cold.html?ns_mchannel=rss&ns_campaign=1490&ito=1490,Daily Mail,Police return to area of cyclist shooting as trail cold,"Police have returned to the scene of an elderly cyclist's mysterious shooting in the hopes of finding answers as the man still lives with the consequences of the attack.

It is seven years since Kelvin Tennant was riding his motorised bicycle along the Myrtleford-Everton Rail Trail at Everton in Victoria's northeast about midday on February 18, 2017, when he was shot a number of times by a man who got out of a parked car.

The shooter then fled in a dark-coloured sedan.

Mr Tennant was shot in the head and chest and found by passing cyclists lying unconscious on the bike trail.

The then 72-year-old was flown to Melbourne's Alfred Hospital, where doctors were able to remove two bullets from his body and he fought to stay alive.

Mr Tennant ultimately survived the attack - remembered as one of Victoria's enduring mysteries - but it took him months to recover and he still lives with eyesight and hearing issues because of the shooting.

Armed crime squad detectives on Wednesday conceded they were still scratching their heads about who was behind the shooting, after announcing a $500,000 reward for information in 2019.

Detectives again returned to Everton this week, searching the homes of people banned from having guns and otherwise asking around in the hope of giving Mr Tennant some answers.

Police hoped interstate holidaymakers who were in the area at the time saw something of use to their investigation but were only yet to realise it.

They urged anyone who was in the Everton area or passed through it on February 18, 2017, to come forward, reiterating that the $500,000 reward for information leading them to the shooter was still on offer.

""Seven years ago, Kelvin was simply out enjoying riding his motorised bike along a beautiful rail trail when someone tried to kill him,"" Detective Sergeant Brad Potts said in a statement.

""Despite our extensive enquiries over the years, we've never been able to uncover any possible motive for this.

""Someone out there knows who is responsible for trying to kill an innocent man, and it is time to do the right thing and come forward with that information.""

Mr Tennant loved the area and riding his bike before he was shot, Det Sgt Potts said.

The Myrtleford-Everton Rail Trail attracts hundreds of cyclists during warm weather and the area is popular with visitors to the Great Alpine Rd.

The Director of Public Prosecutions has the power to grant people who provide information about the investigation indemnity from prosecution.",Australian Associated,,2024-03-12,CONTROL_International_Womens_Strike_2017_2024,single,True,0,"In, The, To"
https://www.dailymail.co.uk/wires/aap/article-13190007/Reds-Faagase-hit-month-long-ban-high-shot.html?ns_mchannel=rss&ns_campaign=1490&ito=1490,Daily Mail,Reds' Fa'agase hit with month-long ban for high shot,"Queensland Reds prop Sef Fa'agase is set for a month on the sidelines after being hit with a suspension for a head clash in his side's upset win against the Chiefs.

Fa'agase was attempting to tackle Simon Parker in the first half of their 25-19 victory, but instead crashed into the flanker's head with his own.

Referee Ben O'Keeffe was stationed directly in front of the incident and did not award a penalty, while a TMO review also cleared the Reds enforcer.

""Head clash only, no foul play,"" O'Keeffe was heard saying on his microphone soon after the incident.

But the SANZAAR judicial committee found the 33-year-old guilty of a dangerous tackle, noting that can include a tackle that starts below the line of the shoulders but slips up to the head.

""Having conducted a detailed review of all the available evidence, including all camera angles and additional evidence, including from the player and submissions from his legal representative ... the committee upheld the citing,"" committee chair Michael Heron said in a statement.

""Following the World Rugby head contact process, the committee assessed the player's actions as having directly contacted the head, at speed, with high force and without the required mitigating factors to warrant a reduction from a red card.""

Fa'agase left the field minutes after the incident and failed an HIA, while Parker stayed on the field before being substituted in the second half.

The committee found the incident was worth a six-week ban, but knocked two games off for Fa'agase's remorse, disciplinary history and conduct through the hearing.

The ban is unlikely to leave Queensland officials too pleased, given fellow Chiefs flanker Samipeni Finau avoided a ban for a brutal late shot on Reds five-eighth Tom Lynagh.

The playmaker had offloaded the ball well before Finau drilled him in the ribs, with Queensland coach Les Kiss calling for that type of play to be stamped out of the game after the Chief did not even receive a yellow card.

""Good young players, whatever club they're in, have to be protected. I'm not talking about putting them in cotton wool,"" Kiss said on Monday.

""They're tough players, but they don't deserve anything that's late and can create a whiplash moment that could hurt you.

""We've got to protect them. I'm big on that and it's not right.""",Australian Associated,,2024-03-12,CONTROL_International_Womens_Strike_2017_2024,single,True,0,"In, The, To"
https://www.dailymail.co.uk/wires/aap/article-13190035/Starcevich-sizes-life-without-Kiddy-Lions.html?ns_mchannel=rss&ns_campaign=1490&ito=1490,Daily Mail,Starcevich sizes up life without Kiddy at the Lions,"Portion control and a razor helped Brandon Starcevich slim down for Brisbane's AFL premiership push.

But the defender knows he might have a bit more on his plate now that they're without a key ingredient of the Lions' back six.

Keidean Coleman will miss the rest of the season after rupturing his anterior cruciate ligament (ACL) in last Friday's loss to Carlton.

The 23-year-old had emerged as one of the AFL's most incisive kicks out of defence and his absence will hit last season's grand finalists hard.

""It's going to be tough; Kiddy's become a very important player for us in the last couple of years,"" Starcevich said of Coleman ahead of Sunday's clash with Fremantle.

""He can really tear apart defences and kick-start our movement.

""It'll take all of us to bridge the load.""

The imminent return of Conor McKenna (hamstring) and arrival of Adelaide statesman Tom Doedee mean they aren't without options.

Dayne Zorko, Jarrod Berry, Cal Ah Chee and even Cameron Rayner have also spent time in the back six.

Either way it likely means a tactical shift for Starcevich, who has primarily served as a lock-down defender but may now be asked to push the tempo.

""I try and do a bit of both anyway, but might have to try and switch my focus a bit more,"" Starcevich, sporting a shaved head since late last year, said.

""I'll try and get involved as much as I can.""

The 24-year-old placed an emphasis on his diet in the off-season in an effort to trim down.

""Just feeling better moving around; moving better and still feeling strong,"" he said of his motivations.

""Just a little shift in diet stuff, a bit more diligent and focused on that.

""Nothing obscure, just watching how much I ate.""

He said Doedee, who is mere weeks away from a comeback from his own ACL tear, had slotted in seamlessly and applied selection pressure.

""It puts the pressure on you to perform and hopefully you're not the guy that misses out,"" Stacevich said.

""His best is really good.

""A character like Tom ... a really smart footballer who can slot in easily.""

Perth native Starcevich said his mother had requested ""30 or 40"" tickets to Sunday's clash with the Dockers, who will be playing their first game of the season.

""It's a good trip to have, to Perth against a Freo team building,"" he said.

""They've been preparing all summer for this one, we had our eye on last week.""

He said Monday's review of the one-point loss to the Blues was lengthy but not demoralising.

""Watching both parts of the game; what we did really well and the 25 minutes that wasn't so good,"" he said.

""It's good for those things to happen in March and learn from it.""",Australian Associated,,2024-03-12,CONTROL_International_Womens_Strike_2017_2024,single,True,4,"Kate, Middleton, Photo"
https://www.dailymail.co.uk/debate/article-13189781/QUENTIN-LETTS-whistleblowing-vicar-make-Justin-Welby-clench-fists-hard-communion-wafer-milled-powder.html?ns_mchannel=rss&ito=1490&ns_campaign=1490,Daily Mail,LETTS: A whistleblowing vicar to make Justin Welby clench his fists,"Raymond Chandler wrote of 'a blonde to make a bishop kick a hole in a stained-glass window'. Here we had a whistleblowing vicar to make Justin Welby clench his fists so hard, any communion wafer would be milled to a powder.

The Rev Matthew Firth was at the home affairs committee. He described Iranians and Syrians arriving in 'batches' at his former church in Darlington, Co Durham, demanding conversion. They were brought by a chap later described as 'a fixer'. Always they had just been refused asylum.

If you're appealing against a Home Office asylum refusal and can say you've just converted to Christianity, it helps.

The Rev Firth thought 'hang on, there's something going on here' so 'pressed a pause button' on these baptisms. He didn't last long after that.

Dog-collared and in the black garb of your more traditional sort of priest, he had been told by a friend that 'people might try to get you' if he spoke too openly at this hearing. MPs praised him for being 'brave'. Good grief, I initially thought, they're overdoing the jeopardy. Surely the C of E is more tolerant than the Vatican in Galileo's day. Or is it?

We heard that the Rev Firth, once spoken of as an Anglican high-flyer, had since left his job. After going public with claims that the C of E was turning a blind eye to bogus baptisms, he was roughed up by the then Bishop of Durham, Paul Butler, who called the claims 'an imaginative range of allegations'. That's a fancy way of saying 'Firth's a stinking liar'. Bishop Butler took part in the Coronation. He was one of Archbishop Welby's trusties. Boot-boy in a mitre.

The committee is arguably Westminster's best. Its MPs could have had some sport cross-examining the Rt Rev Butler. Instead it had to settle for the Bishop of Chelmsford, one Guli Francis-Dehqani. She had all the charisma of a civil servant, exuding bland lack of interest in the scandalous idea the Church colluded in fake conversions.

Despite saying vicars must be trusted, she sided with Butler in discrediting Mr Firth. She was a total politician: cautious, cliched, eyes sliding from side to side. She spoke of 'stakeholders'. We heard a lot of 'appropriates'. 'I don't recognise that' she said. 'We want to be part of the conversation going forwards'. Her sermons must be corkers.

MPs asked about a Church asylum-guidance document that sounded stinkingly political. Inevitably, it was sniffy about the EU referendum. 'I can't comment on Brexit,' said the Essex bishop, almost crossing herself at the B-word.

Where Mr Firth was open-faced and possibly a touch over-talkative by the end of his session, the Rt Rev Francis-Dehqani embodied tight-lipped, careerist opacity and consensual indifference. I know which of these two priests I'd prefer at my death bed.

A Baptist minister spoke rather movingly about a small congregation in Weymouth that had been bruised by criticisms that its members were naive about asylum seekers. A Catholic described how the Church of Rome made steeper demands of would-be converts. They had to endure nine months of mystagogical catechesis. Sounds as painful as circumcision.

Initiation rites in some parts of the C of E, meanwhile, seem to have been little more than humming Shine Jesus Shine, giving a moony smile and agreeing to run the church fete's tombola.

Conservative MPs would once have been respectful. Not now. Civilised James Daly (Bury North), twisting in his seat as he sought to be reasonable, noted that after some of Archbishop Welby's recent antics it was hard to see the C of E as impartial.

'If any of your parishioners had the temerity to support the Rwanda legislation, would they be welcome in their parish?' Bishop Francis-Dehqani: 'Yeah, we represent the breadth of the Church of England.' No they blooming well don't!

She also denied bishops were taking a unified 'political position' on asylum. It's a wonder she wasn't harpooned there and then by a thunderbolt.",Quentin Letts,"Justin Welby, The Home Office",2024-03-12,CONTROL_International_Womens_Strike_2017_2024,single,True,0,"In, The, To"
https://www.dailymail.co.uk/news/article-13188065/millionaire-queenpin-california-girls-selling-stolen-clothes-amazon.html?ns_mchannel=rss&ito=1490&ns_campaign=1490,Daily Mail,"Wealthy California mom, 53, accused of running $8M shoplifting gang","A wealthy California mom is accused of masterminding a nationwide shoplifting organization that stole millions of dollars worth of make-up and clothes from hundreds of stores for more than a decade.

Michelle Mack, 53, allegedly paid air fares, hotel bills and car rental costs for up to a dozen operatives, who would post their loot to her home in Bonsall before she sold it on for knock-down prices through a front company on Amazon Marketplace.

Her gang, dubbed the 'California Girls' by investigators, operated in more than a dozen states coast to coast, targeting outlets including LensCrafters, Sephora and at least 231 Ulta stores.

Police found a 'mini-store' of goods worth $350,000 in a 5am raid on her $3 million home and fear the total hit to retailers may have topped $8 million.

'If you try to make an easy buck off of other people's hard work, we will arrest you and prosecute you,' said California Attorney General Rob Bonta said, as charges were filed.

Investigators spent more than two years trying to break the gang which was tasked with clearing entire shelves of goods which they concealed in Louis Vuitton bags.

The conspiracy stated to unravel when two shoplifters were arrested in an Ulta store on the East Coast and one of them told police that she was working for a woman in California who provided her with a list of stores to target and the prices she would pay for stolen items.

A search of her phone revealed dozens of messages from a woman later identified as Mack.

Investigators then found that Mack ran a retail outlet on Amazon called Online Makeup Store which offered more than 300 items on its product line.

'The items listed for sale were nearly 50 percent off the actual retail price, which was included in the sales listing,' a search warrant application explained.

'This steep discount suggested the items were being fenced.'

Amazon provided investigators with records showing the outfit had racked up sales worth $8 million since 2012, including nearly $2 million in 2022 alone.

Papers filed by the Attorney General's office note that 'the manner in which Defendants carried out the crimes indicates planning, sophistication, or professionalism'.

They also claim that Mack 'induced others to participate in the commission of the crime or occupied a position of leadership or dominance of other participants in its commission'.

'I’m not stealing regular I’m going to start filling up my bag quick. So I want to know stuff I can grab in bulks too,' defendant Kimora Lee Gooding texted Mack on Jan 7 last year.

Days later, Mack texted her husband, 'Even without Lancome we still did well,' before he replied: 'Lots of orders let’s get shipping.'

Investigators raided her home in northern San Diego County on December 6 before filing 140 charges against Mack, her husband Kenneth, and seven of her alleged gang.

On entering the 4,500 square foot mansion they 'located and seized hundreds of parcels prepped for shipment that would be ultimately mailed at the local Post Office'.

The charges include 136 felony counts of grand theft, two counts of receiving stolen property, one count of conspiracy and one count of organized retail crime.

'I see the justice system works slowly, but it seems to be working,' one of Macks' neighbors told NBC7.

One of the women, Alina Franco, reportedly had $67,000 worth of stolen beauty products at her home in Colton, San Bernardino, when her home was raided on the same day.

In July last year Mack texted Franco, asking: 'Did you get some new girls? I really need product so if you have anything please let me know.'

Franco appeared in court on February 27 where she denied multiple felony counts, including conspiracy to commit organized retail theft.

The National Retail Federation estimates that retailers lost $40.5 billion to shoplifters in 2022, much of it to organized gangs.

The number of cases brought against organized theft groups by Homeland Security Investigations more than tripled from 59 to 199 between 2021 and 2022.

'The rise in organized retail crime affects all retailers, consumers, and communities,' said Ulta vice-president Dan Petrousek.

'Not only does organized retail crime jeopardize the safety of our store associates and guests, but it also results in potentially unsafe or damaged products being resold online to consumers under false pretenses.'

Mack's house, complete with swimming pool, four-car garage and 31-acre vineyard is now on sale for $2.75 million after a $200,000 price cut.

Bonta said the investigation is ongoing and the total size of the operation may be bigger yet.",Dominic Yeatman,California,2024-03-12,CONTROL_International_Womens_Strike_2017_2024,single,True,0,"In, The, To"
https://www.dailymail.co.uk/news/article-13188999/family-died-Swiss-ski-trip-pictured.html?ns_mchannel=rss&ito=1490&ns_campaign=1490,Daily Mail,Pictured: The five family members who 'fell asleep together',"All five family members who 'fell asleep together' after freezing to death on a Swiss skiing trip have been pictured as the Alps search for the still missing girlfriend of one of the dead men was called off due to bad weather.

The victims, whose bodies were found in the Swiss Alps on Sunday night after being reported missing during a brutal storm on Saturday, were named as brothers Jean-Vincent Moix, 30, David Moix, 27, and Laurent Moix, 21.

Also involved in the tragedy on the Tete Blanche mountain were their cousin Marc Moix, 44, and their uncle Joel Moix, 58.

The sixth member of their skiing group was identified as as 28-year-old law graduate Emilie Deschenaux, David's girlfriend, whose backpack and skis were found next to the bodies.

The search for Emilie had to be called off earlier today due to fog but is expected to resume tomorrow.

The parents of Jean-Vincent, David and Laurent said that their beloved sons 'fell asleep together' while doing something they were passionate about. They also noted that 'Emilie, David's love, is still on the mountain'.

Marc Moix's death notice by his family reads: 'After a last hike in the mountains to share his light, he has become our new star, which will now be our guide.'

His loved ones also thanked those involved in the search for Marc and the others, writing: 'Through their professionalism, their availability, their listening, their empathy, they brought everyone a little light and comfort in these difficult moments of waiting.'

Meanwhile Joel's wife and daughters said he 'left full of enthusiasm for his last ascent with his dear climbing companions'.

This comes after rescuers desperately searching for Emilie have said 'miracles happen' as they hope to find her alive.

Air Zermatt chief Anjan Truffer, the lead rescuer deployed to find the group, said his team previously saved people who had been missing for days, giving workers a glimmer of hope that Emilie may still be alive.

'We have already found missing people several days later, miracles always happen,' he said, after local police spokesman Daniel Imboden told Blick that hope remains Emilie may have survived the storm.

Swiss media have speculated she may have fallen into a nearby crevice, given that her backpack and skis were found but rescuers have been unable to visually locate her.

'The area is full of crevices - [she] may have fallen near the other members of the group. But this is just speculation,' Truffer said.

Earlier the mountain rescue chief described how his team discovered five bodies scattered on the mountain.

'First we found two people lying on the snow, severely hypothermic. Thanks to sounding poles and avalanche locators, we later found two more people lying under the snow cover. We had to shovel these out. When we found the people, they were very lightly dressed... they ended up disorientated at high altitude,' Truffer told Swiss outlet NZZ.

He added that the ski tourers had tried to build a cave and protect themselves from the gales - in temperatures of -30 degrees C with windchill and gusts of up to 75 miles per hour - to no avail.

'That's actually a good idea. But the group didn't have the necessary equipment with them. They had shovels, but they were too light to do anything with this massive blanket of snow,' Truffer concluded.

The skiers were only wearing thin suits and only carried light equipment, according to local media - despite forecasts of dangerous gusts on the mountain.

'It's crazy. 'You can see it coming, a wall of clouds,' a mountain tourer told Blick about the approaching storm in the mountains. Truffer added: 'It is negligent to undertake such hikes with such weather forecasts.'

Klaus Aufdenblatten, another Valais mountain guide, agreed as he said: ''The alpinists completely underestimated the weather conditions. The wind in particular can develop enormous power.'

The group of six skiers had left Zermatt Saturday morning with the goal of reaching the town of Arolla, near the Matterhorn mountain, later that day.

But as the group passed close to the Tete Blanche, a mountain peak between Zermatt and Arolla, the region was engulfed in a brutal storm that left the skiers stranded at an altitude of around 11,400ft (3,500 metres).

A member of the group sent a distress call to emergency services around 5pm on Saturday afternoon, authorities said, but helicopters and rescue teams were unable to deploy, such was the ferocity of the storm.

Five rescuers who tried to find them on foot had to turn back due to the bad weather.

By the time a rescue team finally reached the mountain on Sunday evening, five of the six alpine enthusiasts had perished close to the Dent Blanche alpine cabin.

Colleagues of Jean-Vincent paid tribute to him yesterday, including the mayor of Vex - a small village in the Swiss canton of Valais where the deceased had only recently been elected as a councillor.

The former private banker, who was also educated at the University of Westminster, was a keen mountaineer and had decided to switch careers.

Mayor Sebastien Menoud said: 'It is such a huge tragedy to lose a colleague on the local council. Our thoughts are with him, his family and those around him and we express our deepest condolences to them.

'One knows that it is an immeasurable pain that his family is now confronted with.'

David also lived in Vex and was a lawyer. His girlfriend, Emilie, studied law and works in Fribourg as an administrator for the local water company, according to her LinkedIn account.

A friend of David, Lucas Nanchen, posted on Facebook: 'Why is it always the best ones leave first? David (like his brothers) was the epitome of selflessness, always listening. David was very generous.

'Lowkey he never came forward and yet he could have. The mountains of his region, which he knew by heart and cherished so much, took him away.'

A close friend of police officer Marc Moix told Blick: 'He was like a brother to me. I've known him for a very long time. He is a generous person with an extraordinary attitude to life.

'He loved life, his friends and his family. He lived his life 200 percent. It devastated me when I found out what had happened.'

Last night, a group of around 300 people in Vex gathered for a memorial procession, laying candles before listening to a performance by a local brass band, of which Jean-Vincent was a member.

Christian Varone, head of Valais cantonal police, told reporters yesterday that rescue workers had pulled out all the stops to try to reach the stranded skiers on Saturday evening but faced horrendous conditions.

'We were trying the impossible,' he said, adding that the mission had pushed its efforts 'to the extreme, extreme limit', but were forced to turn around to avoid 'seriously endangering the lives of the rescue workers.'

He added: 'Sometimes you have to bow before nature.'

Truffer confirmed that emergency services received a distress signal from one of the skiers at around 5:19pm local time on Saturday.

This, he said, gave rescuers a rough location in the Col de Tete Blanche, whose peak stands at 12,160ft above sea level.

Truffer told Blick that the weather was so bad that flying in to rescue the skiers simply wasn't an option.

He said there were 'very strong winds, heavy snow, high avalanche danger, and zero visibility' which would leave rescuers 'dead in two minutes'.

He added that when the group left Zermatt, the bad weather conditions were already known and he believes that the skiers were caught in the storm rather than struck by an avalanche.

With helicopters unable to brave the storm, five rescuers had tried to reach the rough location on foot from Zermatt, but they too were forced to turn back at an altitude of 9,840ft due to the bad weather, according to local media reports.

On Sunday, a team consisting of two rescue workers, a doctor and a mountain police officer, was finally able to be dropped off by helicopter nearby, police said.

'At around 9:20 pm, it reached the Tete Blanche sector, where it discovered the bodies of five of the six people who were missing,' it said in a statement.

The search is continuing for Emilie, the last member of the group. 'As long as there is hope we will keep going... while remaining realistic in view of the conditions this person has been in for the past 48 hours,' Varone said.

Fredy-Michel Roten from the Valais Rescue Organisation told local press that six private rescue helicopters and two Swiss army Super Puma choppers are participating in the rescue mission along with dozens of specialist mountaineers.

Valais lead prosecutor Beatrice Pilloud told reporters that an investigation had been launched to determine the circumstances surrounding the incident.

Zermatt is a popular mountain resort renowned for skiing and attracts tourists from around the world.

Tete Blanche in particular is very popular with ski tourers who are attracted by the region's renowned landscape and the challenging terrain it offers.

The region hosts the esteemed Patrouille des Glaciers race, which sees ski tourers traverse a route from Zermatt through Arolla and on to Verbier.

But the area is notoriously difficult to navigate during periods of poor visibility, and has proven fatal for even highly experienced skiers and mountaineers.

Nearly five years ago, tragedy struck when 14 members from two ski touring parties became disoriented amidst a fierce storm on treacherous slopes.

The ensuing rescue operation endured for almost 21 gruelling hours before reaching the stranded groups.

Seven people died, while the rest were evacuated with varying degrees of injury.","Miriam Kuepper, David Averre, Nick Pisa",Facebook,2024-03-12,CONTROL_International_Womens_Strike_2017_2024,single,True,0,"In, The, To"
https://www.dailymail.co.uk/news/article-13189775/Kate-Middleton-conspiracy-theories-mothers-day-photo-truth.html?ns_mchannel=rss&ito=1490&ns_campaign=1490,Daily Mail,What's the truth behind the Kate Middleton conspiracy theories?,"From Kate's face being 'transplanted' from a magazine cover to outlandish rumours about the children's clothing, the conspiracy theories about the now infamous Mother's Day picture reached a new frenzy yesterday.

The fallout from the Palace's handling of the crisis showed no signs of abating, as online sleuths shared ever more ridiculous claims.

Among the most ludicrous are suggestions that the Princess of Wales was not even present at last Friday's photo shoot at all, but digitally 'swapped in' from a Vogue photograph taken eight years ago. Armchair detectives have also claimed the children's clothing and other clues indicate the photo was really taken last December and stitched together for release on Mother's Day.

Despite concerted efforts by the Palace to quench the smouldering rumours, the most eccentric theories have now been shared online tens of millions of times.

The rumours all stem from the now admitted fact that the portrait was digitally edited. Detailed study of the image shows pixels in at least 26 areas have been noticeably altered, from Charlotte's sleeve to Kate's misaligned zip. The glitches have fed the extraordinary theories. So is there a grain of truth to any of the conspiracy theories?

A video by one social media user, purporting to demonstrate that the Princess of Wales's face was supplanted from the June 2016 cover of Vogue and put on her 2024 Mother's Day portrait, has been viewed 35 million times.

With her trademark smile and tilted head, Kate's face does look remarkably similar in the two images.

But the theory has been demolished by Eliot Higgins, the founder of forensic investigation website Bellingcat, who said: 'There's so many minor differences, like the reflection of the light in her pupils, the light and shadow on her face, the teeth visible, wrinkles . . . that it's clearly just a photo of the same woman from about the same angle, not the same exact photo. It hurts my brain that I even have to point this out.'

He added: 'These people are playing spot the difference and losing.'

There might also be copyright consequences had Kate cut-and-pasted her Vogue portrait taken by acclaimed royal portrait photographer Hugo Burnand.

With its distinctive ruffled neck line, the red cashmere sweater eight-year-old Charlotte is wearing under her cardigan appears to be exactly the same garment she wore to an event in December when – with her brothers George, ten, and Louis, five, and the Princess of Wales – she was pictured visiting the Windsor Baby Bank set up for mothers in need.

One U.S. internet 'sleuth' claimed Charlotte was also wearing the same shoes – and suggested the photo was compiled from images taken on December 11.

Charlotte even seems to be wearing the same pink bracelet, allegedly 'faded' in colour since December.

Meanwhile, George's checked shirt and blue jumper also appear close to those he wore the baby bank visit, albeit the collar would have had to be shaded blue for this to be the same shirt.

Yet neither George nor Charlotte, at the baby bank, were seen posing in the same positions as they appeared in the portrait.

And even royal children sometimes wear the same clothes. Lee Walton, imaging technician at DMG Newspapers, said about the Mother's Day photo: 'Whatever the online conspiracy theorists would have you believe, I can categorically say no one's head or hands have been entirely replaced.'

Another way to debunk the theory of the photo being taken last December is Louis's missing tooth. In the portrait, the little boy has lost one of his lower baby teeth.

But the tooth was there in photos of him on Christmas Day at Sandringham, suggesting the Mother's Day portrait was taken after, not before, Christmas.

Others have insisted the photo is from earlier in 2023, due to the green leaves on a plant behind them.

But Guy Barter, chief adviser at the Royal Horticultural Society, said it was not possible to identify the plant and pointed out the UK has had a mild winter, with many plants in leaf ahead of times in the US, where many online critics live.

People in the UK also shared pictures of their gardens showing verdant leaves on shrubs and plants.

The Palace steadfastly refuses to release 'the original' photo before Kate's modifications. What does this tell us?

It would be worth a sizeable bet to suggest Prince William snapped more than one 'original photo' during last week's 40-minute session at Windsor. And some might show the young Royal Highnesses engaged in less than optimal poses.

Perhaps one child was blinking as the shutter clicked, or yawning – or even doing 'bunny ears' in a moment of playfulness. Consider just how firmly crossed are the fingers of grinning five-year-old Prince Louis.

Whatever those 'original' images show – and the Palace is never going to release them – it is clear that not one of the frames was considered 'perfect' on its own.

By the time the Prince of Wales, acting as official photographer, handed back his wife's £2,900 Canon 5D Mark IV camera, it will likely have had several near-identical photos, with different members of the family looking their best in different frames.

The most likely explanation is therefore entirely innocent – that Kate, 42, after reviewing her husband's photographic efforts on the screen of her Apple Mac, harmlessly performed a simple editing trick to merge the best of each frame into one composite 'perfect' family portrait.

As she herself said in the mea culpa issued after the furore went global: 'Like many amateur photographers, I do occasionally experiment with editing.'

Details buried within the file's 'meta data' properties show it was edited using Adobe Photoshop, at 9.54pm on Friday and at 9.39am on Saturday, reported Sky News.

Photoshop has a feature named 'Photo Merge', which is designed for exactly this purpose. It lets you assemble a composite image by selecting the best parts from two or more near-identical photographs.

The software can 'intelligently' replace, for example, a blinking child's face with the same child smiling beautifully from a photo taken a moment later. But it is not seamless, and it leaves its mark, as the royals have discovered to their cost.",Sam Greenhill,"Royals, Kate Middleton",2024-03-12,CONTROL_International_Womens_Strike_2017_2024,single,True,4,"Kate, Middleton, Photo"
https://www.dailymail.co.uk/femail/food/article-13189797/McDonalds-Australia-announces-shock-return-Cadbury-Dairy-Milk-Caramello-McFlurry.html,Daily Mail,McDonald's Australia announces shock return of crowd favourite dessert,"McDonald's Australia has relaunched the cult favourite Cadbury Dairy Milk Caramello McFlurry across the country.

The delicious dessert is made with soft serve ice cream and paired with Cadbury chocolate flakes and an indulgent swirl of Caramello sauce.

It became an instant hit after launching in 2019 and customers have longed for its return ever since.

Customers can now get their hands on the tasty treat at McDonald's restaurants and via the MyMacca's App, but only for a limited time. Both vanilla and chocolate soft serve options are also available.

Liz Whitbread, Senior Brand Manager for McDonald's Australia said: 'Combine the taste of Macca's iconic Soft Serve with the sweetness of Cadbury Dairy Milk, drizzled with gooey Caramello sauce and you have a dessert that must not be missed.

'The Cadbury Caramello McFlurry is only available while stock lasts, so head down to your local Macca's and try it with Chocolate or Vanilla Soft Serve today.'

McDonald's has also launched a brand new game titled 'Surprise Fries' to give customers a one in four chance to win millions of dollars' worth of prizes - including $10,000 in cash.

Anyone buying a medium or large fries with their order can automatically play.

Each fries has a ticket, similar to the ones used in the company's popular Monopoly game, but every packet is 'instant win'.

The game will be rolled out across all restaurants Australia wide on Wednesday March 14.",Carina Stathis,Cadbury,2024-03-12,CONTROL_International_Womens_Strike_2017_2024,single,True,0,"In, The, To"
https://www.dailymail.co.uk/health/article-13187667/weight-loss-hack-apple-cider-vinegar-overweight-celebrities.html,Daily Mail,The celeb-loved apple cider vinegar weight loss hack that DOES work,"A daily shot of apple cider vinegar could help you lose weight, if new research is to be believed.

Fat people shed up to 1st 4lbs (8kg) in just three months after drinking a single 15ml measure before breakfast.

Experts said the results were 'remarkable'.

But critics today tore apart the study of just 120 people, arguing it was heavily flawed and proved nothing.

The Lebanese researchers admitted they didn't know why apple cider vinegar might have a slimming effect. However, they argued studies on animals have shown it improves insulin sensitivity and energy levels.

Celebrities including Kim Kardashian, Victoria Beckham and Jennifer Aniston swear by the tipple, which costs as little as £2.50 in health food stores.

Advocates insist it can reduce your appetite and boost immunity.

Despite swathes of studies suggesting it works, experts have remained divided over its effectiveness and the potential long term health impacts.

Volunteers in the Holy Spirit University of Kaslik apple cider vinegar trial were either overweight or obese, with BMIs of between 27 and 34.

Some were as young as 12.

Participants were then divided into four groups of 30.

Three groups were asked to drink a daily shot of apple cider vinegar first thing in the morning. This was either in 5, 10 or 15ml quantities.

The rest were given a dummy — or placebo — liquid instead.

Over the course of 12 weeks, each participant kept a record of their diet and exercise habits.

Researchers found those who drank the tipple lost at least 11lbs (5kg) in weight and reduced their BMI by between 2.7 and three points, depending on the dose.

Volunteers given the placebo, meanwhile, recorded an average fall of just 0.7lbs (0.3kg) after 12 weeks.

Writing in the journal BMJ Nutrition, Prevention & Health, researchers acknowledged the small sample size and admitted 12 weeks wasn't long enough to gauge possible long-term side effects.

But study author Dr Rony Abou-Khalil, head of chemistry and biochemistry at the university, added: 'These results suggest that apple cider might have potential benefits in improving metabolic parameters related to obesity and metabolic disorders in obese individuals.

'The results might contribute to evidence-based recommendations for the use of apple cider vinegar as a dietary intervention in the management of obesity.

'The study could stimulate further research in the field, prompting scientists to explore the underlying mechanisms and conduct similar studies in other populations.

'Apple cider vinegar could be a promising anti-obesity supplement that does not produce any side effects.'

Professor Helen Truby, a professorial research fellow in nutrition and dietetics at the University of Queensland labelled the weight loss findings 'remarkable'.

However, she noted: 'Although this study design has the ability to prove cause and effect there are some substantial problems in this study, which would make the conclusions drawn questionable.'

She added: 'The subjects were not weight stable at the beginning of the study, so may have been on a weight loss journey before they began taking the vinegar.

'Diet and activity were self-reported so we cannot be sure that these large weight losses were not due to lifestyle changes.

'Plus the use of weight loss medications has not been reported.'

Meanwhile, Shane McAuliffe, senior visiting academic associate at the NNEdPro Global Institute for Food, Nutrition and Health, which co-owns BMJ Nutrition Prevention & Health with BMJ, said 'caution should be exercised' over the study's results.

Professor Miguel Ángel Martínez González, a professor of preventive medicine and public health at the University of Navarra, also said: 'They [the researchers] only apparently use t-tests (a statistical tool for making comparisons) and they should have used other models that allow for the valuation of fixed and random components.

'They also don't describe the total diet of the participants and how their caloric intake changes, the consumption of fruits, vegetables, ultra-processed foods, and so on.

'In short, this needs caution, a lot of caution.'",Emily Stearn,"Victoria Beckham, Jennifer Aniston, Weight Loss, Kim Kardashian",2024-03-12,CONTROL_International_Womens_Strike_2017_2024,single,True,0,"In, The, To"
https://www.dailymail.co.uk/sciencetech/article-13187701/dogs-scared-beards-tattoos.html,Daily Mail,Bad news for hipsters! 1.2 million UK dogs fear beards and tattoos,"Up to 1.2 million dogs in the UK are scared of people with beards and moustaches, figures reveal.

In a blow to hipsters, a poll of 2,000 people found that 10 per cent of British dogs react with fear or confusion when confronted with facial hair.

A charity has warned that puppies should be exposed to unfamiliar physical attributes at a young age to help socialise them properly.

And they are calling on people with beards, tattoos, piercings and other 'distinctive characteristics' to help train the next generation of guide dogs.

In addition to individuals' unique characteristics, Guide Dogs said things like vacuums, mops, bicycles, buggies, oversized hats, high-vis jackets and even uniforms can elicit reactions from dogs.

As a result they are seeking all kinds of people to volunteer including cyclists, parents and those who already have pet dogs.

Haley Andrews, Head of Puppy Raising at Guide Dogs, says: 'The goal of any owner is to have a dog who is comfortable and self-assured in all situations, and this can be achieved by giving puppies a strong bank of calm, positive experiences in early life and continuing them into adulthood.

'Rather than expose puppies to everything and everyone all the time, people should focus on bringing dogs into a variety of situations at a comfortable rate and helping them practise a calm, neutral response.

'Our Puppy Raisers are vital in ensuring guide dog puppies are given the best start to go on to become future life changers, through the introduction of new environments and experiences, whilst providing a loving home.

'No matter your distinctive characteristics, all you need to become a volunteer is to commit to showing a guide dog puppy the big wide world they'll one day be working in.'

The charity has created a puppy socialisation 'checklist' – ideally to be completed in the first 16 weeks of puppies' lives – to help them adapt to an array of everyday situations.

Puppy Raisers prepare a puppy for life as a guide dog, helping them through basic training and socialisation in a caring home for between 12 and 16 months.

The charity covers expenses, including training, food, and vet costs, with volunteers receiving expert guidance throughout.

The number of people in the UK who are visually impaired is set to raise to more than four million by 2050.",Xantha Leatham,,2024-03-13,CONTROL_International_Womens_Strike_2017_2024,single,True,0,"In, The, To"
https://www.dailymail.co.uk/sport/football/article-13189195/Kristie-Mewis-Sam-Kerr-racial-harassment-police-charge-ethnicity.html,Daily Mail,Sam Kerr's fiancee Kristie Mewis seen for first time since race charge,"EXCLUSIVE

Kristie Mewis has been seen for the first time since her fiancee Sam Kerr's racial harassment charge was exclusively revealed by the Mail, with the American football star spotted out and about in central London on Tuesday.

Both Mewis and Kerr have remained completely silent since the news broke on March 5, refusing to make any official comment or even post to their social media.

Neither of them had been sighted in public until the Mail spotted the 32-year-old American in London late on Tuesday afternoon, dressed casually in a tracksuit top, tracksuit pants and sneakers as she checked her phone during a stroll.

It's been a rough year for the couple, with Kerr suffering a serious knee injury in early January that seems almost certain to stop her fulfilling her dream of playing for Australia in the Paris Olympics.

Then last week came the bombshell news that Kerr is set to face a four-day criminal trial before a jury next February after being accused of using insulting, threatening or abusive words that caused alarm or distress to a police officer during an incident in Twickenham, southwest London, on January 30 last year.

That was followed by the revelation that the Chelsea star did not inform the Matildas or Football Australia of the charge, with the CEO of the code's governing body down under and national coach Tony Gustavsson explaining that they only found out when the Mail's report was published.

Currently playing for West Ham in the Women's Super League, Mewis last starred in West Ham's one-all draw with Manchester United on March 4, coming off the bench as her teammate Viviane Asseyi's late equaliser saved the side from defeat.

Rumours that she and Kerr were engaged - which were spurred on when the Aussie posted an image showing a gold ring on her wedding finger last September - were confirmed by Mewis last November.

The internationals threw a party to celebrate their engagement as they both spent time in Kerr's home town of Perth, Western Australia over the new year.

Enjoying a well-deserved break from football, the loved up couple were inseparable as they celebrated at riverside venue The Raffles Hotel under the Perth summer sun.

When Mewis confirmed the huge development in an interview with People magazine she also opened up about Kerr's unwavering support, particularly in the aftermath of the US team's elimination in the quarterfinal stage of last year's Women's World Cup.

Reflecting on their relationship, Mewis called Kerr 'my biggest supporter, always listening to me nag and complain, all of my crazy antics'.

Some of the last online comments Kerr made before her charge was revealed came when she commented on a photo of she and Mewis celebrating Matildas teammate Mackenzie Arnold's 30th birthday.

On the day Kerr faced court via video link, Mewis posted a very racy image of herself wearing a sheer black body suit with the caption 'sheer thing'.

Kerr replied to the image with a GIF of herself in full Matildas kit poking out her tongue and giving a thumbs up.

Mewis was also pictured with Kerr in an Instagram post the record-breaking striker put up on the day of the alleged offence in January last year.

The Chelsea goal machine had just scored a hat-trick against Liverpool as the Blues won 3-2 to move into the fifth round of the women's FA Cup.

The clash was played on home soil at Kingsmeadow - and at fulltime Kerr posted the image of her and her fiancee beaming as they hugged on the side of the pitch, accompanied by the words 'Into the next round'.

The couple met while they were both playing for competing clubs in the US league in 2019.

They spoke online for almost four months during the 2020 Covid lockdown before spending two weeks in quarantine together, where they quickly fell in love.

The pair continued their romance in the lead-up to the Olympics in 2021 where - following America's defeat of Australia in the semi-finals - they were photographed together.

Their on-pitch embrace made headlines as Kerr's break-up from her former longtime partner - another US club player, Nikki Stanton - had not yet become public.",Shayne Bugden,"Exclusive, West Ham United, Sam Kerr, Women's Football, Olympics",2024-03-12,CONTROL_International_Womens_Strike_2017_2024,single,True,0,"In, The, To"
https://www.dailymail.co.uk/sport/football/article-13189469/PLAYER-RATINGS-Martin-Odegaard-quality-personified-Declan-Rice-enjoyed-playing-advanced-role-Arsenals-Champions-League-win-Porto-Gunner-not-usual-high-standards.html,Daily Mail,PLAYER RATINGS: Odegaard was quality personified for Arsenal,"Arsenal reached the quarter-finals of the Champions League for the first time in 14 years after beating Porto on penalties.

The Gunners were taken to the competition's first shootout since the 2016 Champions League final, after matching Porto's 1-0 victory from the first-leg.

Mikel Arteta's side made no mistakes from the spot, while David Raya made saves from Wendell and Galeno.

Some players played starring roles throughout the match, though there were some that were not up to their usual high standards.

Mail Sport's Isaan Khan gives his verdict on how Arsenal's players performed during the second-leg of their Round of 16 tie.

DAVID RAYA: 7

Air of calmness between the sticks. Good save to parry out Evanilson’s first-half strike. This felt crucial.

BEN WHITE: 6.5

Carried on from where he left off against Brentford, making in-roads down that right flank. Occupied much space in midfield.

WILLIAM SALIBA: 6 (BOOKED)

Not to his usual high standards. Looked shaky on the ball which gave Porto confidence.

GABRIEL: 6

Got away with some meaty challenges. Was very much up for this but very close to the line occasionally.

JAKUB KIWIOR: 6.5

Has really come along in recent weeks. Stood up when needed in defence. Could have done more in attack.

MARTIN ODEGAARD: 8.5

Quality personified. Set the tone with his closing down early on. Good through ball to assist Leandro Trossard’s goal. Had a goal disallowed in second half.

DECLAN RICE: 7.5

Enjoyed that more forward role that playing with Jorginho affords him. Threatened from crosses and set-pieces. Solid in the middle.

JORGINHO: 6.5

Put in a shift but looked leggy by the end. Should have been replaced before the end to freshen up the midfield.

BUKAYO SAKA: 7

Caused the opposition nightmares in the first half. The warning sign was there after 13 minutes, Saka’s run taking out multiple defenders and nearly ending with a goal. Dropped off in second period.

KAI HAVERTZ: 6.5

Held the ball up well at times. Will have wanted to have had more impact going forward, though. Adjudged to have fouled in build up to the disallowed Odegaard goal. Passion spilled over as he shoved Porto manager Sergio Conceicao in extra time.

LEANDRO TROSSARD: 7.5

Well-composed in front of goal to score. His pace worried the opposition backline, which caused them to back off at times.

MANAGER: MIKEL ARTETA 6

Was booked in the second half after the disallowed goal. Could possibly have brought on Gabriel Jesus earlier to change things up.

SUBSTITUTES

GABRIEL JESUS: 6.5

Added impetus up front but should have scored mere minutes after coming on with a great chance in the box. Arguably should have been on the pitch earlier, too.

EDDIE NKETIAH: 6

A quiet cameo. Possibly deployed with the penalty shootout in mind.

OLEKSANDR ZINCHENKO: 6.5

Gave space at the back but played some nice passes in attack.",Isaan Khan,"David Raya, Martin Odegaard, Jorginho, Leandro Trossard, Declan Rice, Ben White, Arsenal, Brentford, Champions League, Gabriel jesus, Mikel Arteta, Bukayo Saka, Kai Havertz",2024-03-12,CONTROL_International_Womens_Strike_2017_2024,single,True,0,"In, The, To"
https://www.dailymail.co.uk/sport/football/article-13189959/Aaron-Ramsdale-shows-theres-love-David-Raya-Arsenal-goalkeeping-rivals-share-long-hug-following-Spaniards-heroics-penalty-shootout-win-Porto.html,Daily Mail,Aaron Ramsdale shows love for David Raya after shootout heroics,"Aaron Ramsdale proved their nothing but love between and goalkeeping rival David Raya, as Arsenal celebrated reaching the Champions League quarter-finals.

Raya was the Arsenal hero as he saved two spot kicks in the penalty shootout after the Gunners had levelled the tie on the night.

After the Spaniard has saved Porto's final penalty from Galeno, wild celebrations ensued around the Emirates, with Raya at the centre of it.

Chief and first among the celebrations was his goalkeeping colleague, Aaron Ramsdale, who greeted his teammate with a massive hug, much to the delight of the Arsenal fans.

The two goalkeepers have been vying for the number one spot since Raya's arrival from Brentford, but their rivalry was put to one side as they celebrated a famous Arsenal win.

Upon seeing the embrace, fans were quick to take to social media and comment on the moment the two Arsenal stoppers celebrated together.

'Raya and Ramsale. Tears in my eyes.' One post read. While another praised the team spirit in the Arsenal camp by saying; 'Aaron Ramsdale the first player off the Arsenal bench to congratulate shootout hero David Raya — the man who took his place in the team.

'That kind of team unity you can't buy. You can’t command it. It has to be nurtured & unleashed in massive moments like this.'

A similar sentiment was echoed by other accounts, with one posting; 'Aaron Ramsdale was one of the first players to run over to David Raya after his heroics in the shootout got Arsenal past FC Porto in the Champions League. I love this team.'

While another said; 'Aaron Ramsdale was the first to run and hug David Raya after his heroic save vs Porto. Unity. Passion. Dedication. Support and love for the badge. On to the next round.'

However, there were still some Ramsdale detractors despite his huge public show of respect for Raya.

One post stated; 'Probably the worst 4 days imaginable for Aaron Ramsdale.' Making reference to Raya's performance and Ramsdale's display last weekend where he was at fault for Brentford's goal in the 2-1 win over the Bees.

Another account went as far to post a meme showing a cartoon smiling face covering an angry face, suggesting that Ramsdale's show of unity may not have been completely genuine.

Leandro Trossard scored the vital goal that levelled the last 16 tie, and after neither side could find a winner after extra time, it was up to Raya to see Arsenal through to their first Champions League quarter-final since 2010.",Ash Rose,"Aaron Ramsdale, Facebook Reporter Shift, David Raya, Arsenal, Brentford, Champions League",2024-03-12,CONTROL_International_Womens_Strike_2017_2024,single,True,0,"In, The, To"
https://www.dailymail.co.uk/sport/nfl/article-13189973/Simone-Biles-reacts-husband-Jonathan-Owens-switch-Green-Bay-Chicago-reveals-shes-moving-him.html,Daily Mail,Biles reacts to husband Owens' switch from Green Bay to Chicago,"Olympic legend Simone Biles took to social media to react to her NFL husband Jonathan Owens' big free agency move to the Chicago Bears on Tuesday.

Biles, 26, is currently preparing for the 2024 Paris Olympics, but there was big news for her other half this week as he agreed a two-year contract with the Bears.

The move will see him move down Lake Michigan from Green Bay, Wisconsin to Chicago, Illinois - and Biles appeared delighted about it.

Taking to X, formerly Twitter, in a series of posts, she began by thanking the Packers fans - after his one season with the team saw them make the playoffs.

'Just wanted to say thank you packer nation for embracing my husband & I,' she began. 'Green Bay will always hold a special place in our hearts!'

Continuing in another tweet, she added: 'CHICAGO HERE HE COMES', before appearing to reveal that she does not plan to make the permanent move with her man.

'I'm so excited about not having a connecting flight to go and see my husband hahahaha', she wrote in a follow-up message.

The pair are currently building their dream house in Texas, and it appears that Biles - with all eyes on this summer's Olympic Games, will for now stay put.

In a fourth post, she wrote 'also I just love the city of Chicago', before then adding 'pizza & hotdogs. F YEAH' in another.

Finishing her posts with a final message, Biles noted: 'So incredibly proud of my husband. The grind never stops! This is just the beginning.'

Safety Owens also took to his own social media to react to the big two-year move, reportedly worth $4.5m, as he wrote: 'Appreciate it @Packers for the opportunity,' with a prayer hands emoji.

'And Packer nation for welcoming me and my wife with open arms, will never forget my time in GB.'

Owens and Biles met on the celebrity dating app Raya in 2020, when she was already a four-time Olympic gold medalist and considered one of the greatest gymnasts of all-time.

Biles and Owens got engaged in 2022 and were married last April.

Owens came under fire late last year for admitting he did not know who Biles was before the pair met.

The backlash for Owens was so heavy that Biles had to interfere by posting on her Instagram story 'STOP BRINGING ME UP' followed by 14 laughing-face emojis and concluded with 'work on that for the new year'.

The comments did not directly mention Owens, but were seen as Biles' official response to the controversy.

Owens eventually got up to speed on how dominant his now-wife was on the vault and balance beam.

A source told DailyMail.com last June that Biles' return to gymnastics was in large party thanks to Owens convincing her to do so.

It's unclear whether Biles knew who Owens was when they matched on Raya as well.

Owens and Biles currently live in a home valued at $2million in the Houston area, but construction is underway on a mansion the couple is having built.

Biles has provided glimpses into the unfinished home on Instagram, including a massive walk-in closet.

Construction on the home has been ongoing for around a year, with an unconfirmed expected completion date.

When the project broke ground, Biles posted a photo of Owens and herself with the caption 'a home is made with love & dreams … cheers to breaking ground' on Instagram.

The waterfront home has also shared photos of the home's hallways and her ideas for 'frames with sliding doors' to separate different rooms.",Ben Nagle,"Green Bay Packers, Chicago, Instagram, Wisconsin, Michigan, Illinois, Twitter, Simone Biles, Olympics",2024-03-12,CONTROL_International_Womens_Strike_2017_2024,single,True,0,"In, The, To"
https://www.dailymail.co.uk/debate/article-13189831/setback-Prince-Andrew-misses-honour-bestowed-Prince-Edward-King.html?ns_mchannel=rss&ns_campaign=1490&ito=1490,Daily Mail,Prince Andrew misses out on honour bestowed on Prince Edward by King,"Another setback for Andrew as the King makes Edward a Knight of the Thistle, breaking the tradition of the late Queen's younger sons receiving high honours in tandem.

In 2006 they were both made Knights of the Garter and in 2011 became Knights Grand Cross of the Royal Victorian Order (GCVO).

Now Edward, taking a much more central role in the shrinking royal family, gets more gongs whilst Andrew isn't even allowed to wear the ones he has.

Princess Anne's plume may have obscured Harry's view of the coronation but the Duchess of Gloucester wasn't going to miss the action at Monday's Commonwealth Day service.

Plonked behind the 6ft 3in Prince William in Westminster Abbey, the diminutive duchess waited until a hymn and then swapped seats with her husband, securing a clear view between Edward and Sophie.

Singer Charlotte Church reveals her disillusionment at meeting her Frasier hero Kelsey Grammer after singing at President Bush's 2001 inauguration.

'I grew up watching Frasier at my nanna's,' she recalls. 'She would give me a bit of Strongbow and I was about 10 and we would watch Frasier.

'He was telling me about his young girlfriend having diarrhoea and couldn't come to the inauguration.

'He said it in the most caustic, horrible way. I was like: 'Frasier? No.' He was a f*cking douchebag.'

Confirming the go-ahead for a film about his late barrister father Michael successfully defending The Rolling Stones after their 1967 drugs bust, Nigel Havers remembers ogling Mick Jagger's then-girlfriend Marianne Faithfull at a victory party.

'I was 15 and Marianne was so beautiful,' he recalls. 'I was sitting on the floor talking to her and she crossed her legs and she had no knickers on. It was the most wonderful moment for a boy!'

Has Nigel, 72, ever made a full recovery?

Ryanair boss Michael O'Leary recalls his college days when an unknown Bono busked in St Stephen's Green in Dublin.

'We're both bullshitters,' he says. 'He is a bullshitter about politics, economics and debt relief. I bullshit about lots of things.'

Apart from your racehorses Michael!

Years ago, Rob Lowe, about to present an Emmy to Alec Baldwin, got a call from chum Charlie Sheen, also shortlisted, who said: 'The odds of me winning are one in 59 or whatever.

'I'm gonna put five million dollars down in Vegas. Read my name and we'll split the money.'

When Rob told him the name in the envelope, Charlie added: 'I'll cause a scene coming up and you eat it!'

Singing gynaecologist Hank Wangford, paying tribute to festival tycoon Vince Power, dead at 76, reprises his favourite country and western anthem sung at Vince's Mean Fiddler venue: 'Walk Out the Door Backwards So I'll Think You're Coming In.' Rest easy Vince.",Ephraim Hardcastle,"Kelsey Grammer, Charlotte Church, Royals, Frasier, Princess Anne",2024-03-12,CONTROL_International_Womens_Strike_2017_2024,single,True,4,"Kate, Middleton, Photo"
https://www.dailymail.co.uk/femail/article-13189743/Harry-Meghan-hypocrisy-snap-pregnant-Archie-doctored-Kate-photoshop.html?ns_mchannel=rss&ns_campaign=1490&ito=1490,Daily Mail,Sussexes' portrait announcing Meghan's second pregnancy was doctored,"A photo of Prince Harry and Meghan Markle which announced the Duchess's pregnancy with Lilibet was edited after it was taken, it has been revealed.

Misan Harriman, the London-based photographer who took the intimate black-and-white photo of the royal couple in 2021, which was shared around the world to announce Meghan's second pregnancy, has previously discussed how the final image was not quite what he had originally taken, and that editing had been carried out on the file.

In a resurfaced recording on the Private Passions podcast on BBC Radio 3, the Sussexes' long-time friend Mr Harriman said: 'It's amazing what you can do with technology' as he explained how the final image had been created, describing it as 'virtual shooting'.

It comes as friends of Harry and Meghan waded into the social media storm surrounding Kensington Palace's photo editing gaffe, after the Princess of Wales admitted to 'experimenting with editing' on the Mother's Day photo of herself with her children.

Earlier today sources close to the Sussexes said Harry and Meghan would have been 'annihilated' if they had made the same Photoshop mistake as Kate - but added the Duchess would not have slipped up due to 'freakish attention to detail'.

However, after it emerged that the picture-perfect photo of Harry and Meghan's second baby announcement was doctored to add a willow tree in the background, royal expert Angela Levin branded the couple's camp as 'hypocrites'.

She told The Sun: 'A tree was doctored in their photograph to create a special backdrop so how dare their camp say anything about Catherine's?'

In a resurfaced recording of Mr Harriman on the Private Passions podcast, the photographer said: 'My most well-known virtual shoot is the portrait I took of Prince Harry and Meghan Markle announcing their pregnancy.'

He revealed that he took the photo remotely, as he was in a different location to the royal couple during the pandemic, and used technology that allowed him to communicate with the Sussexes, telling them how to pose, while remotely 'pressing the shutter' from a completely different place.

The podcast host added: 'They weren't actually under a willow tree, were they? They were lying outside in a meadow, weren't they?'

Mr Harriman replied: 'Yeah they were lost in their love, at home, in their garden, comfortable, celebrating new joy.'

The revelation comes as the Princess of Wales is said to be 'feeling miserable' following a social media storm caused by a photoshopped image released by Kensington Palace on Sunday to mark Mother's Day.

Bizarre and unfounded conspiracy theories were fuelled by the 'photoshopped' image of Kate, 42, and her children Prince George, 10, Princess Charlotte, eight, and Prince Louis, five, after international news agencies issued kill notices on the snap.

As the theories threaten to spiral out of control, many have suggested the speculation could be quashed if Kensington Palace releases the original photo of Kate and her children, before it had been edited.

And seasoned royal fans may remember that this is exactly how the Duke and Duchess of Sussex handled their own 'photoshop-gate', when they were accused of altering their 2019 Christmas card featuring Prince Archie.

Fans thought that the adorable photo of the couple with their eldest son may have been edited because Meghan's face was in sharp focus, despite the fact she was in the back of the photo.

The snap shows Harry and Meghan smiling as they sit on the ground by their Christmas tree, while Archie, who was little more than six months old at the time, crawled towards the camera with an inquisitive expression.

After people spotted that Meghan's face was more in focus than Harry's, despite the pair both being in the background of the snap, social media was ablaze with theories that the snap had been edited to bring the Duchess closer into focus.

'Check out Meghan's face, it is Photoshopped. Her face is clear and everything else is blurred. Archie's is also photo shopped,' one person claimed.

Another posted on X/Twitter: 'This is quite possibly the worst Photoshopped picture I have ever seen. And again with the black and white.'

The card was not officially released through any official royal channels, and first appeared on an unverified X account called The Queen's Commonwealth Trust.

However, despite mass speculation that the snap may have been altered, Meghan's friend Janina Gavankar, who claims to have taken the photo, shared the original fram on her Instagram account - which appeared to be exactly the same photo as the later version which was shared on the X account.

She posted the photo with the caption: 'So proud to have taken the Christmas photo for one of my best friends and her family' and clarified it was the original.

After Kate confirmed on Monday that she had edited the Mother's Day image released on the Prince and Princess of Wales's official channels, many suggested she could easily shut down speculation about what had happened by doing the same thing and sharing the original, unedited photo.

Kate's statement read: 'Like many amateur photographers, I do occasionally experiment with editing.

'I wanted to express my apologies for any confusion the family photograph we shared yesterday caused. I hope everyone celebrating had a very happy Mother's Day.'

It has been claimed today that, following the gaffe, the Princess of Wales is 'feeling miserable' and will likely be in a 'fragile mental and physical state'.

Royal commentator Jennie Bond, who has reported on the Royal Family for several decades, told GB News it was time for people to 'lay off' the Princess following the scandal.

She said Kate 'must feel under intense pressure now whenever she's going to be seen in public' after her major surgery in January.

Despite calls for the original image to be published, Kensington Palace insisted it would not be reissuing the unedited photograph of Kate and her children.

And Ms Bond cautioned against 'bullying her into putting out all the images', adding that the 42-year-old mother-of-three would be feeling 'absolutely miserable'.

She said that Kate's Mother's Day was 'obviously ruined by this row' and she 'didn't look that happy' when photographed yesterday in a car with William.

Ms Bond told GB News: 'We are in danger of bullying a lady who is trying to recover from a very serious operation. I think of how she must be feeling this morning. Absolutely miserable, I think.

'Her Mother's Day was obviously ruined by this row. She was photographed yesterday in the car with William. From what we can see, she didn't look that happy, she must feel under intense pressure now whenever she's going to be seen in public.

'The pressure has doubled and redoubled. I think she's in a fragile mental and physical state. And we should lay off her.'",Jessica Taylor,"Meghan Markle, Prince Harry, Kate Middleton, BBC, Archie Harrison Mountbatten-Windsor, Christmas, Prince Louis, Princess Charlotte, London",2024-03-13,CONTROL_International_Womens_Strike_2017_2024,single,True,4,"Kate, Middleton, Photo"
https://www.dailymail.co.uk/health/article-13187219/Young-girls-brought-GP-suffering-pain-obesity.html?ns_mchannel=rss&ns_campaign=1490&ito=1490,Daily Mail,Girls as young as four in pain caused by obesity,"Girls as young as four are going to the doctors suffering joint problems caused by obesity.

Data on 120,000 children from the National Child Measurement Programme and GP records showed girls were almost twice as likely seek help for musculoskeletal problems than their peers.

Knee and back problems were most common, with experts warning they are being caused from the strain of carrying too much weight.

But the same effect was not seen in boys, according to researchers at Queen Mary University of London.

They analysed 63,418 reception children who were aged four to five, and 55,364 year six children who were aged 10 to 11.

Some 8.9 per cent of boys were obese compared to 7.1 per cent of girls when they started primary school, rising to 19.9 per cent and 14.4 per cent respectively in year six.

When compared to anonymised GP data, they found 3 per cent of reception children and 8 per cent of year six children had at least one GP appointment relating to joint problems.

This included 194 four and five-year-olds and 875 year six children having repeat consultations on the subject.

Overall, girls were more likely to see their doctor, according to the findings published in the Archives of Disease in Childhood.

On average, the first appointment took place almost three years after the NCMP measurement in reception and a little over two years after the year six measurement.

Reception age girls considered overweight were a quarter (24 per cent) more likely to see a GP at least once with a musculoskeletal issue, rising to 67 per cent if obese.

Nicola Firman, of Queen Mary University, said: 'We hope our findings will increase awareness of the significance of poor musculoskeletal health, and drive more research into understanding the link with childhood obesity.

'More needs to be done at policy-level to support families to prevent obesity and potentially reduce the risk of musculoskeletal pain.'

Among the reception children, 22 per cent of boys and 32 per cent of girls reported back pain, compared with 30 per cent of year 6 boys and 45 per cent of year 6 girls.

Researchers warned that poor musculoskeletal health during childhood has the potential to have a significant impact on quality of life, throughout childhood and continuing into adolescence and adulthood.

Participation in some physical activities may be limited by musculoskeletal problems, the research team added, with further research needed into why boys were less likely to have doctor consultations.

They wrote: 'In turn, increased weight has the potential to contribute to continued musculoskeletal pain and consequently children may experience a perpetual obesity/musculoskeletal pain cycle as adolescents and adults.'

Victoria King, of Barts Charity which funded the study, said: 'Building a stronger evidence base on the possible causes of joint and muscle pain could lead to policy changes that will improve the health of children in East London, as well as nationally.'",Kate Pickles,"London, Queen Mary of Teck",2024-03-12,CONTROL_International_Womens_Strike_2017_2024,single,True,0,"In, The, To"
https://www.dailymail.co.uk/news/article-13189417/Top-UFC-star-Suman-Mokhtarian-target-failed-assassination-Sydney-gym.html?ns_mchannel=rss&ns_campaign=1490&ito=1490,Daily Mail,UFC star the target of failed assassination at Sydney gym,"An ex-UFC fighter who co-founded the Australian Top Team was the target of a failed assassination attempt by a shooter who was disguised as a food delivery driver.

Suman Mokhtarian, 31, was outside the team's western Sydney gym about 7.45am on February 20 when the gunman ran up and fired four shots at him, reports The Daily Telegraph.

All four shots missed him, as well as the 30 other people training inside the gym, and the balaclava-wearing man then fled the scene on a scooter.

While the gunman remains unknown, police last week arrested Usman Chami, 19, who they allege helped to purchase that scooter. He appeared in court on March 8.

According to documents submitted to Bankstown Local Court, police allege he helped buy the black-coloured scooter off Facebook marketplace.

He then allegedly bought white paint from Bunnings in an attempt to change the colour to throw off authorities.

In 2018, Mokhtarian appeared in season 27 of the US sports reality television program The Ultimate Fighter - where he lived in Las Vegas with other fighters competing for a long-term UFC contract.

He co-founded Australian Top Team with his older brother Ashkan, who is behind bars on drug charges, and they have both had bouts in the American UFC competition.

Police allege the rider was wearing a helmet and food delivery backpack and drove by the gym shortly before the failed hit in order to scope out the scene.

'The unknown male rider with his face covered by the helmet then approached the front of the gym, before retrieving a pistol from the waistband of his pants and pointing it at [Suman] Mokhtarian at close range and firing one shot,' the documents state.

'Mokhtarian ran into the gym as the rest of the males fled in other directions, with the accused running along a driveway next to the gym.

'The unknown male gunman followed Mokhtarian into the gym. The gunman fired a further three shots as Mokhtarian ran through the gym. There were approximately 30 people within the gym.'

The gunman then drove to a nearby street, set the scooter alight and hopped into a waiting silver Mazda 3 that he drove to a Bass Hill carpark.

Chami has been charged with shoot at with intent to murder and discharge firearm intending grievous bodily harm.

Police, however, do not believe he was the shooter but was acting as a 'spotter' to assist the shooter.

Chami was denied bail and will reappear in court at a later date.",Brett Lackey,,2024-03-12,CONTROL_International_Womens_Strike_2017_2024,single,True,0,"In, The, To"
https://www.dailymail.co.uk/news/article-13189713/Large-stinking-lump-Tasmania-beach-ambergris-worth-thousands.html?ns_mchannel=rss&ns_campaign=1490&ito=1490,Daily Mail,Why people think this 'large stinking lump'  could be worth thousands,"A 'large stinking lump' found on an Australian beach could be worth more than $59,000 as people speculate online about what it is.

Locals picked up the grey looking mass on Pirates Bay Beach in Eaglehawk Neck, Tasmania, one commenting that it 'smells frightful' and 'seems to have a leathery outer coat'.

Some people speculated that it could be a rotting sea sponge while others have guessed it could be ambergris.

Ambergris is a solid, waxy material which is formed in the intestine of sperm whales, and excreted to float on the ocean's surface when they die.

It eventually loses it's unpleasant odour and develops a sweet or musky scent which is considered 'floating gold' in perfumery.

Ambergris was once valuable, selling at over $59,000 per kilogram, but that worth diminished after it was replaced with synthetic chemicals last century.

As ambergris is a whale product, the Department of Climate Change, Energy, the Environment and Water states that Environment Protection and Biodiversity Conservation Act 1999 'regulates it's possession and movement in the Commonwealth Marine Area'.

If found, it should be reported to the relevant state or territory environment department as each state government has different laws surrounding the possession of whale products.

Dr Vincent Raoult, an ecologist and fisheries biologist, said he thinks it could be a rotting orange tunicate colony, but it's hard to say without closely examining the mass.

'It's unlikely to be ambergris given it has some clear structure with a visible layer on the outside, and some tissue organisation on the inside,' he told Yahoo News Australia.

'A sponge would not feel leathery, they would feel rough to the touch — they're also not often so round.'",Makayla Muscat,Tasmania,2024-03-12,CONTROL_International_Womens_Strike_2017_2024,single,True,7,"Free, Irs, Tax"
https://www.dailymail.co.uk/news/article-13189929/Rockhampton-worker-dies-construction-site-Knight-Pro.html?ns_mchannel=rss&ns_campaign=1490&ito=1490,Daily Mail,Worker dies after trapped in crushing machinery at a construction site,"A worker has died after getting trapped in cement crushing machinery at a Queensland construction site.

Emergency services were called to Knight St in Rockhampton just after 11.30am on Tuesday after reports a 68-year-old man was injured.

A technical rescue team and paramedics carefully freed the man before he was put on a stretcher and rushed to Rockhampton Hospital about 12.30pm.

The worker died on Tuesday afternoon from critical head injuries, reported local newspaper The Morning Bulletin.

The man was working at the Knight Pro Trade Centre project, an 8.19ha site which formerly housed railyards that is set to be transformed into an industrial estate.

It is understood he got trapped in heavy duty equipment used to level the site.

Workplace Health and Safety Queensland are leading an investigation into the incident.

'Workplace Health and Safety Queensland (WHSQ) is investigating an incident involving a worker at a construction site in Rockhampton today (Tuesday),' a spokesman said.

'WHSQ inspectors were immediately deployed to the incident after being notified around lunchtime.'

Police will prepare a report for the coroner.",Brett Lackey,Queensland,2024-03-12,CONTROL_International_Womens_Strike_2017_2024,single,True,0,"In, The, To"
https://www.dailymail.co.uk/news/article-13189969/Kate-Middleton-recovering-Easter-royal-insiders-claim-add-Princess-Wales-needs-left-peace-struggling-deal-Photoshop-furore.html?ns_mchannel=rss&ns_campaign=1490&ito=1490,Daily Mail,Kate Middleton is 'recovering well and will be back by Easter',"Kate Middleton is recovering well and will be back by Easter, royal insiders have claimed - but they say she needs to be left in peace as she struggles to deal with the aftermath of Mother's Day photo row.

Kate publicly took the blame for the family photograph released by Kensington Palace on Sunday as she issued an apology for the 'confusion'.

It came after a public explosion of conspiracy theories, after six of the world's top picture agencies including the Press Association then sensationally pulled the photo from their wires and libraries amid concern that the 'source has manipulated the image'.

But now sources within the royal circles are warning of the negative affect rumours may be having on the future Queen as she recovers from her major surgery in January.

'It’s an awful lot to be under all of this public scrutiny when you are recovering from major surgery,' one told American celebrity news site Page Six.

'The rumor mill — particularly on social media — has gotten out of control, but Kate is recovering well and she will be back by Easter. She just needs to be left in peace.'

Another insider added: 'I worry about all this attention on Catherine. She did not look happy at all in the car on Monday.'

Despite calls for the original image to be published, Kensington Palace insisted it would not be reissuing the unedited photograph of Kate and her children.

It comes after further details emerged about the photo shoot, with William having taken the picture in just a 40-minute window on Friday before the Princess edited it twice in Photoshop to 'make it the best it can be'.

The Prince of Wales took the picture of his smiling family on a £2,900 Canon camera before Kate made edits to improve the photo ahead of its public release on Instagram on Sunday.

In the first official image released since Kate's 'planned abdominal surgery' on January 16, MailOnline identified sixteen separate edits, including issues with the princess's jeans zipper and right hand - amid claims the photo was digitally altered.

Yesterday Kate was seen in the backseat of a car with her husband as he left Windsor to travel to London for two public engagements.

The Mail understands she was on route for a 'private appointment' and she did not accompany William publicly.

It comes just hours after a royal expert claimed The Princess of Wales is in a 'fragile mental and physical state' and will be 'feeling miserable' amid the photo row.

Royal commentator Jennie Bond suggested Kate 'must feel under intense pressure now whenever she's going to be seen in public' after her major surgery in January.

Also rallying round Kate today was royal expert Angela Levin who praised her for being 'honourable'. And Whoopi Goldberg urged the public to show restraint, saying: 'She may be the future Queen (but) she's still an amateur photographer.'

And Ms Bond cautioned against 'bullying her into putting out all the images', adding that the 42-year-old mother-of-three would be feeling 'absolutely miserable'.

She said that Kate's Mother's Day was 'obviously ruined by this row' and she 'didn't look that happy' when photographed yesterday in a car with William.

Ms Bond told GB News: 'We are in danger of bullying a lady who is trying to recover from a very serious operation. I think of how she must be feeling this morning. Absolutely miserable, I think.

'Her Mother's Day was obviously ruined by this row. She was photographed yesterday in the car with William. From what we can see, she didn't look that happy, she must feel under intense pressure now whenever she's going to be seen in public.

'The pressure has doubled and redoubled. I think she's in a fragile mental and physical state. And we should lay off her.'

And fellow royal expert Angela Levin tweeted: 'People should be proud that Princess Catherine hasn't blamed any member of staff and realise how honourable she is.

'Harry and Meghan's supporters can stop saying they wouldn't have had a Photoshop fail and should take over. Jumping in when someone is unwell is dishonourable.'

Sources close to Prince Harry and Meghan Markle today claimed the couple would be 'annihilated' for committing her Photoshop mishap.

The source told Page Six: 'If Harry and Meghan had ever encountered the same issue they would have been annihilated. The same rules do not apply to both couples.

'This isn’t a mistake that Meghan would ever make … she has a keen eye and freakish attention to detail.'

Meanwhile former BBC royal correspondent Michael Cole told MailOnline that the exiled British Royals will be enjoying Kate's woes, especially given their own recent popularity problems.

Amid the furore, the Princess later issued an extraordinary mea culpa on Twitter and Instagram, admitting she 'edited' the image - adding that she does 'occasionally experiment' as an 'amateur photographer' and apologising for 'any confusion' the image caused.

Kate is said to have felt that honesty was 'the best policy' and wanted to 'own up' to the Photoshop blunder.

The Princess felt 'awful' about the picture and had been trying to make it the 'best it could be', insiders told The Times - adding that she was 'thinking of her own children when editing the picture, hoping that they looked good for their own sakes'.

Publicly taking the blame for the furore, the princess wrote yesterday: 'Like many amateur photographers, I do occasionally experiment with editing.

'I wanted to express my apologies for any confusion the family photograph we shared yesterday caused.

'I hope everyone celebrating had a very happy Mother's Day. C.'

Royal sources said the princess had made 'minor adjustments' to the picture, which she and her husband had hoped would be a lovely 'informal' shot to share on a special day.

'This was an amateur, family photograph. Their Royal Highnesses wanted to offer an informal picture of the family together for Mother's Day,' the source said.

'The Princess made minor adjustments as she shared in her statement on social media, the Wales family spent Mother's Day together and had a wonderful day.'

Despite calls for the original to be published, Kensington Palace said it would not be reissuing the unedited photograph of Kate and her children, which in itself sparked further debate.

Last night the palace faced growing pressure over the debacle with claims it has been damaging to public trust.

Palace aides did not spot any signs of Photoshop but it's not believed the edits were made aware to the princess' team before it became public.

However, questions have been raised over whether the picture was too good to be true. One red flag might have been the fact the beaming family portrait was shot in such a short time on Friday.

The busy schedules of the Wales family meant the picture had to be taken while everyone was back at home from various activities. A day later, Kate is said to have sent the photo out to her team.

It's unknown whether any of her team could see that the photo had been edited on Photoshop but alarm bells may have started ringing when courtiers discovered that William had taken the picture.

Without editing, it would have been some feat for William to take such a captivating photo with all the members of the family simultaneously roaring with laughter.

A plan was put in place to release the photo and a message from Kate herself at 9am on Sunday - but what quickly ensued was 24 hours of intense scrutiny as the Palace faced questions from all angles over why the family photo appeared to be digitally manipulated.

The row overshadowed yesterday's Commonwealth Day service at Westminster Abbey, which was being led by Queen Camilla for the first time, accompanied by Prince William, in the King's absence as he undergoes cancer treatment. His Majesty recorded a video message for the first time instead.

Concerns were raised over a missing part of Princess Charlotte's sleeve and the misaligned edge of her skirt, with other speculation including the positioning of Kate's zip.

The picture was released to reassure the public amid escalating conspiracy theories online over the state of Kate's health in recent weeks, but in an extraordinary turn of events sparked what is being dubbed 'Kategate' and even 'Sleevegate'.

William and Kate have an established track record of issuing their own photographs, often taken by Kate rather than William, to mark special occasions including their children's birthdays.

But the princess's confession raises questions over whether - or to what extent - the images have been altered in the past.

Public relations and crisis consultant Mark Borkowski called the fiasco a 'massive own goal' and said the unedited photograph should be released to regain trust.

He said: 'It's plausible she's at home playing with the computer and using an AI tool, but if they're really going to regain any sort of trust they should release the unedited photo, it can't be that bad if they just made a few tweaks.

'I find they have risen to the challenge, provided the statement as an explanation - the question is with all the conspiracy theories running around, is whether people believe it and I'm not sure that they will.'

Mr Borkowski said the Mother's Day photo had exposed a public relations problem for the monarchy: 'That's the issue, there doesn't seem to be that much joined up strategic thinking at the heart of the royal family at the moment, which leads to these problems where it's a very difficult organisation to manage in terms of PR.'

He added: 'It's a nightmare, even the softer stories of Edward turning 60 this week haven't really resonated at all because no one's interested in them, they're interested in the stars they're not interested in the supporting cast and that is a problem at the moment.

'They are under pressure, massively under pressure, this is a massive own goal.'

The controversy was overshadowing the Commonwealth Day service, one of the key royal events of the year.

Heir to the throne William and the Queen gathered with the royal family in Westminster Abbey yesterday in the absence of the King, who is continuing treatment for cancer during what has been a challenging start to 2024 for the Windsors.

Earlier, Kate's uncle Gary Goldsmith defended the Waleses and claimed they would not have been responsible for altering the image, adding 'The smiles on faces said it all for me, I thought it was beautiful.'

Sky News said an examination of the photo's meta data revealed it was saved in Adobe Photoshop twice on an Apple Mac on Friday and Saturday and the picture was taken on a Canon Camera.

Under the licensing agreement issued to photo agencies for use of official royal photos, Royal Households usually stipulate: 'This image must not be digitally enhanced, cropped, manipulated or modified in any manner or form.'

Royal author Omid Scobie, seen as a cheerleader for the Duke and Duchess of Sussex, accused the Palace of having a 'long history of lying', and said gaining back public trust was now 'an almost impossible task'.

The princess is known to be a keen photographer and revealed in 2021 that she takes so many family photographs that her children sometimes object.

'Everyone's like, 'Mummy, please stop taking photographs',' she said.

Kate underwent surgery at the London Clinic on January 16, but details of her condition have been kept private, and she is not expected to return to official duties until after Easter.",Iwan Stone,"Kate Middleton, Instagram",2024-03-13,CONTROL_International_Womens_Strike_2017_2024,single,True,4,"Kate, Middleton, Photo"
https://www.dailymail.co.uk/news/article-13190067/Hunter-Valley-bus-crash-Brett-Andrew-Button-issues-tearful-apology-Greta-fatal-crash-killed-10.html?ns_mchannel=rss&ns_campaign=1490&ito=1490,Daily Mail,Bus driver apology to victims over fatal crash,"A bus driver charged over the fatal crash which tragically killed 10 wedding guests says he's devastated over what happened and is 'deeply sorry' to the victims and their families.

Brett Andrew Button faces 89 charges over the late-night crash in Greta in the NSW Hunter Valley on June 11.

Button arrived at Newcastle Local Court on Wednesday flanked by family and friends.

He fought back tears as his lawyer Chris O'Brien read out a statement on Button's behalf to media outside court.

'There is not a day that goes by that I don't think about what happened that day, that night,' the statement read.

'There isn't an hour that goes by, where I'm not thinking of the families.

'I truly feel for anyone involved, including emergency services.

'I am devastated by what has occurred and for that I'm truly and deeply sorry.'

More to come.",Kylie Stevens,New South Wales,2024-03-13,CONTROL_International_Womens_Strike_2017_2024,single,True,0,"In, The, To"
https://www.dailymail.co.uk/money/mailplus/article-13188871/The-8-2bn-stealth-tax-family-Britain-paying.html?ns_mchannel=rss&ns_campaign=1490&ito=1490,Daily Mail,The £8.2bn stealth tax that every family in Britain is paying,"The profits and share prices of the country’s major insurance companies are booming as they impose ever-higher premiums on customers.

But it’s not just the insurers that are reaping the rewards of this premium bonanza — the Government is also rubbing its hands in glee.

Figures released by the Office for Budget Responsibility (OBR) — in response to the Chancellor of the Exchequer’s Budget — show that the taxes the Government is generating from insurance premiums are currently higher than from much despised inheritance tax.

The current revenue from insurance premium tax (IPT) levied on sales of most types of insurance cover stands at a staggering £8.2 billion a year — £0.6 billion more than the tax raid on family inheritances, and not far behind the tax obtained from tobacco sales (£8.8 billion).

In very simple terms, the bigger premiums that insurers charge their customers, the greater the Government’s tax-take.

In the tax year ending April 2023, IPT receipts totalled £7.5billion while ten years ago, in the tax year ending April 2014, they were just a tad over £3billion.

Furthermore, according to the OBR, the annual tax grab from IPT will continue to rise over the next five years to £8.8 billion in the tax year ending April 2029.

It’s a win-win for insurers and the money men at the Treasury – and it is a situation that is beginning to anger pressure groups representing the elderly and the financially challenged.

They ALL believe the regressive tax is unfair on those with low incomes and stretched household finances.

Some also passionately argue that the Government has deliberately turned a blind eye to rampant insurance premiums because higher prices mean a greater tax-take.

IPT is currently charged at 12 per cent on mainstream policies such as household, motor, private medical and pet cover. Some covers, such as travel insurance, attract a 20 per cent charge.

Rather than absorb the tax themselves, insurers automatically add it on to customers’ bills.

Insurances that are exempt from the tax include health policies such as life cover, critical illness cover and income protection, too.

Although more than four in five households pay the tax, two thirds of people have little — or no — knowledge of it, even though it is spelt out in documents they receive when they take out or renew cover.

The Association of British Insurers (ABI) has dubbed it the country’s ‘hidden-in-plain-sight’ tax.

The ABI hoped that Chancellor Jeremy Hunt would cut IPT in last week’s Budget, arguing that the tax ‘penalises people and businesses for being responsible’.

It even designed its own campaigning ‘mascot’ Snippy (a pair of scissors with eyes) to press for the cut. But Snippy failed to win over Mr Hunt.

Yet, in the wake of the Chancellor’s Budget, it hasn’t stopped a glut of financial experts from still calling for the tax to be revamped or lowered — sooner rather than later.

James Daley, director of money campaigning group Fairer Finance, says that now is the ‘right time’ for the Government to look at changes to IPT.

He told Money Mail yesterday: ‘A growing number of people are struggling to afford insurance cover, particularly car insurance which is mandatory.

‘People rely on their car to get to work, shop and take children to school. I think it’s down to the Government to take action to support struggling families and pensioners — and cuts to IPT are an easy way to do that.’

The latest data from comparison website Confused.com shows that the average cost of car insurance is now £995 — 58 per cent higher than a year ago.

Prices, the firm says, are at their highest level since it started compiling data 18 years ago. Both the young and old are bearing the brunt of this surge in premiums.

Mr Daley’s view is shared by Ian Hughes, of insurance consultancy Consumer Intelligence. ‘IPT is a tax on some of the most vulnerable members of society — those who are young or who have had insurance claims and are now paying more for cover,’ he says.

‘There must be a more equitable way for the Government to raise cash.’ Dennis Reed is director of Silver Voices, a campaign group representing the elderly. He does not mince his words.

‘It is shocking that the taxman is reaping the financial benefits of the rapacious gains currently being made by insurers,’ he told Money Mail.

‘Instead of smugly pocketing these tax revenues, the Government should be clamping down on the unjustifiable hikes in premiums being imposed on many elderly people, especially those who drive well into their 70s.’

He added: ‘The costs of all forms of insurance are becoming prohibitive and leaving vulnerable people financially exposed. This issue needs to be addressed, even if it means less revenue for the Treasury.’

A regulatory crackdown on home and car insurance pricing was launched just over two years ago by the Financial Conduct Authority (FCA).

The aim was to ensure loyal customers no longer paid more for their policy at renewal than someone buying identical cover from the same insurer for the first time.

Although it said the move would save policyholders £4.2 billion over the next ten years, all the evidence so far suggests otherwise.

Over the past year, average premiums for home and car insurance have leapt by 41 pc (according to Consumer Intelligence) and 58 per cent respectively — resulting in record amounts of IPT flowing into the Treasury’s coffers.

As Money Mail has repeatedly highlighted since the FCA’s rules came in at the beginning of 2022, the only way most policyholders have been able to keep insurance costs vaguely under control is by shopping around — or trimming the breadth of their cover.

The insurance industry’s rude financial health was highlighted six days ago when Admiral Group reported 2023 profits of £443 million, a 22 per cent increase on the year before. Admiral’s UK brands include Diamond, Elephant and Veygo.

The numbers prompted investment bank Berenberg to paint a rosy future for the insurer, forecasting a step up in profits over the next two years to about £760 million.

Shares in Admiral, a FTSE100-listed company, have now risen 43 per cent over the past year.

Rival Direct Line — a group comprising insurance brands Churchill and Privilege — has also attracted bid interest from Belgian rival Ageas.

IPT was introduced 30 years ago by John Major’s Conservative government. The initial levy was just 2.5 per cent, so an annual premium of £100 would attract a tax charge of £2.50 and an overall bill of £102.50.

B ut successive Chancellors of the Exchequer since 1994 have ratcheted up the cost. The current 12 per cent standard rate was introduced in January 2017 while the 20 per cent higher rate band came in at January 2011.

It applies to travel insurance, electrical goods cover and car insurance that is bought through a dealership.

Although all the experts contacted by Money Mail back a reduction in IPT on fairness grounds, some believe it will be a hard task to achieve.

As one said: ‘I want to support consumers paying less for insurance through the abolition of IPT, but I can’t hear anyone suggesting how this Government — or for that matter the next one — finds the £8 billion a year it would cost.’

The Treasury said it kept all taxes under review, but reform leading to any loss in tax revenue would have to be fiscally balanced to maintain economic stability.

It added: ‘Insurance premium tax, which contributes £8 billion a year towards vital public services, forms just one part of the overall cost of insurance and the extent to which it is passed on to customers is a decision for insurers.

Other factors affecting the price of insurance include the level of competition in the market.’",Jeff Prestridge,,2024-03-12,CONTROL_International_Womens_Strike_2017_2024,single,True,0,"In, The, To"
https://www.dailymail.co.uk/news/article-13189711/Yee-haw-UK-set-sign-post-Brexit-trade-pact-Texas-Kemi-Badenoch-meets-governor-Greg-Abbott.html?ns_mchannel=rss&ns_campaign=1490&ito=1490,Daily Mail,Yee-haw! The UK is set to sign a post-Brexit trade pact with Texas,"Britain will today sign a major post-Brexit trade pact with Texas – the eighth largest economy in the world.

With a GDP worth £1.9 trillion, the US state is worth more than Canada, Russia and Australia.

The home of the cowboy is also the second largest American economy, making the arrangement the most significant UK-US state agreement to date.

Business Secretary Kemi Badenoch will welcome Texas Governor Greg Abbott to London to put pen to the Statement of Mutual Cooperation.

This will break down trade barriers to further investment and commerce between the two economies – making it quicker, easier and cheaper for firms to do business.

Nuclear equipment, aircraft and pharmaceutical products are among the UK's top exports to Texas at present – with total trade in goods already worth £14.7 billion.

It is hoped trade will be boosted particularly in areas such as hydrogen and carbon capture, utilisation and storage; life sciences; and professional business services.

The Government said the deal will also drive cooperation in critical minerals, infrastructure, transport services, and chemicals.

Ministers had hoped to secure a free trade agreement with the US but progress stalled amid tensions over what should be covered and opposition from American lawmakers.

With little hope of a deal being revived before the presidential election in November, the Government has instead focused on securing a series of state-level deals.

The individual US states do not have the power to sign trade deals so the Texas pact takes the form of a 'memorandum of understanding'.

Ministers signed four months ago such an arrangement with Florida, the fourth largest state by economy, targeted at sectors including space, financial tech, AI and legal services.

The Government since 2022 has also completed 'memorandums' with Indiana, North Carolina, South Carolina, Oklahoma, Utah, and Washington. The Texas agreement means the UK has deals with eight states that are worth a combined GDP of £5.3 trillion – equivalent to a quarter of the US economy, and bigger than Japan.

Mrs Badenoch hailed the deal as showing the 'state-level strategy' is 'delivering for British businesses'.

Mr Abbott said: 'As our ninth largest trade partner, the UK plays a critical role in the Texas economic juggernaut.

'Strengthening the bond is crucial for our shared economies to prosper. By signing this Statement of Mutual Cooperation, we will further promote economic growth on both sides of the Atlantic.

'Texas is the economic engine of America, where entrepreneurs from around the globe can cast a vision and know they can achieve it.

'Working with our British partners, we will chart a greater path towards success and opportunity and create an even more robust economic partnership.'

In December, it was reported President Joe Biden had quietly killed off hopes of a UK-US deal before the presidential election in November.

But ministers are said to be hopeful a post-Brexit free trade agreement could be revived if Donald Trump re-enters the White House.",Harriet Line,"London, Kemi Badenoch, Texas, Canada, Russia-Ukraine Conflict, Greg Abbott",2024-03-13,CONTROL_International_Womens_Strike_2017_2024,single,True,0,"In, The, To"
https://www.dailymail.co.uk/news/article-13189427/Florida-woman-dead-cocaine-cruise-Bahamas-man-arrest.html?ns_mchannel=rss&ns_campaign=1490&ito=1490,Daily Mail,Florida woman found dead in her cocaine-filled cabin in Bahamas,"A 27-year-old Florida woman was found dead in her cocaine-filled cabin on a cruise ship in the Bahamas on Monday afternoon.

The Royal Bahamas Police Force (RBPF) first received reports at around 5.30pm local time on Monday that the woman was found unresponsive in her cabin off the island of Grand Bahama.

Medical personnel on the ship performed CPR, but no vital life signs were detected, and the woman was declared dead on the ship.

Two ships docked at Freeport in Grand Bahama on Monday included Royal Caribbean's Vision of the Seas and Margaritaville Paradise.

Upon arriving, authorities confiscated 'a quantity of suspected cocaine' from her cabin, RBPF said in a press release.

A 32-year-old man from Florida was arrested during the initial investigation, authorities said.

The identities of both American tourists have not been determined, as an autopsy is pending to determine the exact cause of death.

DailyMail.com has reached out to law enforcement authorities, Royal Caribbean, and Margaritaville at Sea for further information.

The US State Department issued two travel warnings for the country at the end of January advising 'extreme caution' after a spate of daylight murders and sexual assaults.

The death of the 27-year-old woman comes weeks after two Kentucky women claimed they were drugged and raped by staff at a Bahamas resort.

The terrifying account surfaced last month as Amber Shearer and Dongayla Dobson, both 31-year-old moms, said they were attacked on the last day of their four-day cruise.

The pair left Jacksonville, Florida, on February 1 for their first 'kids-free' vacation together on the 2,000-capacity Carnival Elation.

But their idyllic cruise turned into a nightmare when it docked at Grand Bahama, where the 27-year-old Florida woman was found dead.

'We just decided to spend the day on the beach. There were other people from the cruise on the beach so there weren't red flags for us.' Dobson told Dailymail.com.

And when they arrived they were approached by two men who they thought to be resort hospitality offering them drinks.

'They said if you buy one we'll give you one for free, and we thought, well why not we're on vacation.'

Dobson wanted to pick up some shells for her children back in Lancaster and the men said they knew where to find them.

Security footage from the resort shows that within 15 minutes the pair were barely able to stand as they were led away under the influence of cocaine, opiates and benzodiazepines.

'I remember waking up and getting pushed down,' Dobson said. 'I woke up in the resort bathroom and there were people all around, and I just felt dirtiness on my legs, and I knew what had happened.

'They told us we had been throwing up which is a good thing because the drugs would have killed us.'

The women said that toxicology reports showed the cocktail of drugs in their system but no alcohol. Dobson said seeing the results 'retraumatized' her, while Shearer added the two were then treated 'like drug addicts.'

Police arrested a 54-year-old man from Eight Mile Rock and a 40-year-old from South Bahama after resort staff showed them security footage of the women being led away.

Police have not named the suspects but local reports suggest one is connected to a powerful figure on the islands who is leveraging his influence to secure his brother's release.",Dolores Chang,"Kentucky, Florida",2024-03-12,CONTROL_International_Womens_Strike_2017_2024,single,True,0,"In, The, To"
https://www.dailymail.co.uk/news/article-13189459/Millions-face-extra-energy-bills-government-plans.html?ns_mchannel=rss&ns_campaign=1490&ito=1490,Daily Mail,Millions to face extra £200 on energy bills amid new government plans,"Millions of British households could see their energy bills go up by £200 under plans announced by Rishi Sunak on Tuesday to build more gas-fired power stations.

Ministers warned that Britain faces 'the genuine prospect of blackouts' if new gas stations are not built to boost energy security.

However, experts at Aurora Energy Research say the policy will result in a £5billion bill that would fall on consumers with each household paying an extra £178 spread out over a decade or more.

Government documents published on Tuesday confirmed that cost of the gas-fired power stations will be funded by bigger payments to plant operators, meaning higher energy bills for homes and businesses.

Energy Secretary Claire Coutinho said that the Government will 'stand with' electricity generators as they invest in building more gas-fired power stations.

Tom Smout from Aurora Energy Research told The Telegraph that under the new plans consumers are being asked to buy 'energy security'.

He said: 'The priority is to keep the lights on by having backup for the intermittency of renewables.

'An extra 5gigawatts of new backup generating capacity is needed to keep the lights on. Each gigawatt of capacity will cost about £1billion.'

Electricity generators will be paid by an auction system that pays operators to be on 24-hour standby to deliver power when supplies become tight - known as the capacity market.

The gas-fired power stations would only be utilised when renewable energy sources, such as wind and solar, fail.

In a speech at Chatham House on Tuesday, Ms Coutinho said there was an ongoing need for fossil fuel gas in the electricity mix, warning that 'without gas backing up renewables, we face the genuine prospect of blackouts'.

Reaction to the statement was mixed, with experts acknowledging the need for some unabated gas in the coming years, but warning that building new gas plants should not delay efforts to move electricity generation away from fossil fuels.

And green groups reacted angrily, calling for clear policies to end unabated gas by 2035 at the latest.

The Government has a target to decarbonise the power grid by 2035 as part of efforts to cut emissions by nearly four-fifths, on the way to cutting climate pollution to zero overall - known as net zero - by 2050.

Ms Coutinho said this includes rolling out renewables such as offshore wind, and backing them up with clean technology to capture emissions on gas power plants or scaling up new technologies such as hydrogen gas-fired power when they are ready.

But she said: 'We will need some tried-and-tested capacity until these kick in'.

'For this brief window of time, that leaves us with unabated gas.'

With around 15 gigawatts (GW) of power generation due to come off the system in the coming years, a minimum of 5GW of new power sources would be needed to ensure security of supplies, she said, which would include new unabated gas power stations.

'So, I say this to all our electricity generators here in the UK: renewables will play an ever-more critical role in powering Britain, but I will not risk our energy security by refusing to address the difficult short-term choices we need to make.

'The Government will stand with you as you invest in building more gas power stations. And if investors are serious about reaching net zero without damaging the economy or hiking bills for families, then they should stand with you too.'

She said all new gas-powered stations needed to be 'net zero ready', so they could connect to carbon capture technology or be changed to burn hydrogen instead of gas, and they would be run less frequently as more low-carbon generation and long-term storage was built.

Dr Callum MacIver, research fellow, University of Strathclyde, said the Government was right to emphasise the need to keep the lights on.

'It is widely acknowledged that, at least in the short to medium-term, retaining a reasonable capacity of unabated gas plant on the system is a sensible risk management measure.'

But he warned: 'We must guard against 'baking in' a delay to our decarbonisation process.'

He said it was essential not to waste money by building too much new unabated gas, and that there was a clear pathway to using low-carbon hydrogen and carbon capture and storage technology.

But Dr Iain Soutar, senior lecturer, University of Exeter, said: 'Investing in new gas power stations is a backwards step, away from a more secure and low-carbon energy system.

'Continuing to rely on gas for electricity will mean prolonging our exposure to a volatile international market - and therefore high energy costs for consumers.'

Rick Parfett, WWF's senior climate policy adviser said 'using homegrown clean hydrogen and batteries is the way to keep the lights on, not importing expensive, polluting gas'.

'The Government must legislate to ensure that any new plants can easily convert to hydrogen and only run for a very limited number of hours until this has happened.

'To meet the UK's net zero target we need a clear plan for phasing out unabated gas.'

Greenpeace UK's head of politics Rebecca Newsom, said: 'This is not the way to deliver billions of pounds of private investment in a clean-energy system fit for the future.

'Instead the Government must prioritise advancing technologies which can store renewable energy throughout the year, and set out clear policies to seek an end to unabated gas by 2035 at the latest.'","Freya Barnes, Natasha Anderson","Rishi Sunak, UK Government News and updates on the British Cabinet",2024-03-12,CONTROL_International_Womens_Strike_2017_2024,single,True,0,"In, The, To"
https://www.dailymail.co.uk/news/article-13189581/Can-crack-GCHQs-secret-code-Intelligence-agency-releases-puzzle-challenge-potential-spies.html?ns_mchannel=rss&ns_campaign=1490&ito=1490,Daily Mail,Can you crack GCHQ's secret code? Intelligence agency releases puzzle,"There was a time when recruitment involved a whispered word on a park bench from a man in a macintosh.

But now GCHQ has become the first British intelligence agency to advertise for spies on LinkedIn.

The security and cyber centre plans to offer careers using the social media platform. To give a taste of what it's like to work for His Majesty's Secret Service, experts released a visual puzzle today to challenge potential applicants.

Hidden within this montage are 13 elements that represent letters of the alphabet.

The test is to identify those letters and assemble them to reveal a secret message. Director Anne Keast-Butler said: 'The world is getting more complex and we're only going to stay ahead of those threats by bringing together the right mix of minds to tackle challenges ahead.

'For us, that means bringing in people with different backgrounds, different experience, different insights, different knowledge, and creating a team where all of us can play our part.

'We're on a journey to make sure that we reach out and connect to people who have never thought of working with us.'

Ms Keast-Butler added: 'As part of launching on LinkedIn, we are in true GCHQ style – and to try to help you think out of the box – launching a puzzle. See if you can identify the letters.'

The answer is in tomorrow's Daily Mail.",Rebecca Camber Crime,GCHQ,2024-03-13,CONTROL_International_Womens_Strike_2017_2024,single,True,0,"In, The, To"
https://www.dailymail.co.uk/news/article-13189783/Katie-Price-fine-car-insurance-driving-licence-brits-fume.html?ns_mchannel=rss&ns_campaign=1490&ito=1490,Daily Mail,Brits outraged after Katie Price is fined £880 for another offence,"Brits are reacting angrily to Katie Price's £880 fine after she was caught driving without insurance or a licence - with some slamming it as a 'complete mockery of the justice system'.

The former glamour model turned OnlyFans star, 45, was fined in absentia by magistrates after being found guilty of driving her Range Rover to a service station unlawfully on the A14 in August last year.

Campaigners have called for tougher sentences to be imposed - and social media users have hit out at the three-figure penalty, noting that it is less than the average annual car insurance policy in the UK.

On X, formerly Twitter, users have questioned why Price did not face a harsher punishment.

Price herself has not commented on her latest conviction - instead sharing a post prompting her upcoming appearance on a podcast with Kerry Katona's ex-boyfriend James English.

One user wrote: '£1,265 Average fully comprehensive driving insurance cost in the UK £880 Katie Price was fined for driving without car insurance. Right, looks like I'm cancelling my car insurance tomorrow.'

Another said: 'How tf (the f***) does Katie Price keep getting away with these offences? These magistrates are just taking the p*** out of us now and making a complete mockery of the criminal justice system.'

A third added: 'Katie price has been fined £880 for driving with no licence and insurance??? That's less than my insurance annually! Maybe we should stop renewing if that's all the punishment is, we'll get away with it at least 5 times like she has...'

Sentencing guidelines dictate that driving without insurance and without a licence - known as driving otherwise in accordance with a driving licence - is liable for fines, penalty points and a potential driving ban upon conviction.

Neither offence is an imprisonable offence, according to the Sentencing Council.

Pseudonymous lawyer and author The Secret Barrister tweeted: 'For everybody asking why Katie Price was not imprisoned, despite her history of driving offences: Driving without insurance is a non-imprisonable offence. The maximum sentence is a fine.'

Although Price was not subject to a driving ban, the court heard she did not have a valid licence due to the 'stop' put on it, after an application for renewal was withdrawn.

The model was caught on CCTV stepping out of the driving seat of a Range Rover at the service station on August 2 last year - and was recognised by an off-duty police officer, who suspected that she was not allowed to be on the roads.

After Price had left the services, the court heard, officers reviewed footage showing her getting out of the driver's seat and instigated criminal proceedings.

In a statement read to the court by the prosecutor, PC Harrison Beverley said: 'During this statement I will refer to a female who is known as Katie Price.

'I was outside the front of the shops, speaking with response police. I did not see her (Price) driving. I recognised her as a media personality.'

In Tuesday's case - the latest in a long line of motoring convictions for the model - chair of the bench Neil Sheppard endorsed her licence with eight points, taking her total up to 11 - but she avoided a further ban from the roads.

He said: 'For driving without a licence the charge will be £220, without insurance a fine of £660. Court costs are £620 and a surcharge of £352. £1,852 in total.

'Her licence will be endorsed by eight points, up to 11 points. That effectively is it.'

Price, who found fame on ITV reality show I'm A Celebrity... Get Me Out Of Here!, had previously denied both of the charges she faced today.

But three magistrates found Price guilty in her absence after a brief trial today, imposing an £880 fine and ordering her to pay £620 in costs and a £352 victim surcharge,

The 45-year-old model was given 28 days to pay the total amount of £1,852.

She was banned from driving for two years after crashing her BMW in 2021, and at the same time was also handed a suspended jail sentence for drink-driving while disqualified and without insurance.

John Scruby, from the Campaign Against Drink Driving, says the time had come for the courts to come down harder on Price after prosecutors said she had previously been handed five other driving bans.

Mr Scruby told MailOnline: 'It's absolutely ridiculous. It's time that people realise that she is not going to listen and will keep doing this again and again.

'She will carry on breaking the law and the only way to stop her is to put her behind bars.'

Representatives for Price have been contacted for comment.",Jon Brady,"Katie Price, OnlyFans, Twitter, Kerry Katona",2024-03-12,CONTROL_International_Womens_Strike_2017_2024,single,True,4,"Kate, Middleton, Photo"
https://www.dailymail.co.uk/sport/football/article-13189353/Arsenal-1-0-Porto-4-2-penalties-Champions-League-2023-24-Result.html?ns_mchannel=rss&ns_campaign=1490&ito=1490,Daily Mail,Arsenal 1-0 Porto: David Raya the hero as Gunners win on penalties,"Arsenal banished the echoes of old vulnerabilities at the Emirates on Tuesday night when they survived a nail-biting, fractious extra-time and penalties ordeal against FC Porto and finally conquered the curse that had turned them into the kings of second round exits in the Champions League.

Wild scenes of celebration erupted around the stadium when David Raya dived to his left to save Porto’s fourth penalty from Galeno and ensure that Arsenal, who had scored each of their first four kicks, could not be caught. Raya had also saved from Wendell earlier in the shoot-out.

Arsenal’s last seven appearances in the competition had ended in the round of 16 but not this time. It was a far from convincing performance but after the tie had finished level at 1-1, Mikel Arteta’s side held their nerve at the last and they now join their Premier League title rivals Manchester City, and Real Madrid, Barcelona and the rest in the last eight.

The hopes and fears of so many years had hung heavily over the Emirates on a dank evening in north London. It was a night laden with memories of past glories for FC Porto and of past failings for Arsenal, a night when two teams came to fight to make amends and shoot for immortality.

It was 20 years ago this week when Porto went to Old Trafford for the second leg of another last 16 tie, trying to protect a one goal lead, just as they were trying to protect it at the Emirates.

It was 20 years ago when they stunned Manchester United with a last-gasp equaliser and their manager, Jose Mourinho, who was about to be catapulted to superstardom, ran from the bench and slid down the touchline on his knees.

Porto won the tournament that year so their hopes of matching that achievement this year are forlorn. Arsenal’s target was not quite as daunting. It had been 14 years since they last qualified even for the last eight of this competition.

To have been eliminated at the second round stage more than any other side – including in their last seven successive appearances - is not the kind of record anyone wants to set and it stung them like history’s rebuke as they ran out in front of their fans.

Brazilian winger Galeno had scored for Sergio Conceicao’s side deep into added time at the end of the first leg in Porto last month to add some unexpected jeopardy to this tie but Arsenal’s fans were so confident of progressing, outwardly at least, that they popularised the hashtag ‘pray for Porto’ on social media.

‘This stadium is going to have the energy that you have never seen in your life because we haven’t done it for 14 years,’ Arteta said before the game. These are heady times for his team as they gear up for the final stages of their attempt to win their first domestic title for 20 years and the crowd responded with the ardour Arteta demanded.

Arteta had started with Trossard on the left of the front three because Gabriel Martinelli was still absent with a foot injury and was seen at the stadium before the game on crutches. It is thought he will be out for at least two weeks but then it is 19 days until Arsenal play again.

To no one’s great surprise, Porto massed their defence at the start and soaked up Arsenal’s pressure. Bukayo Saka brought an awkward save out of Diogo Costa with a fierce low shot, Martin Odegaard fired just wide and Ben White headed over the bar. Porto looked as if they were prepared for a long night of resistance.

Midway through the half, Porto provided Arsenal with a reminder that they would not be content just to sit back. Evanilson got the ball on the edge of home side’s area and curled his shot round Gabriel. David Raya flung himself to his left to push the ball away. The stadium went a little quiet for the first time.

Suddenly, Arsenal began to look a little more tentative. Their body language changed. Jorginho berated his teammates for a lack of urgency, Arteta grew more animated on the touchline, the Porto fans made more noise, the Arsenal supporters became more frustrated with Porto’s ability to eat the clock.

Arsenal came close to breaking the deadlock after half an hour when Ben White lofted a delicate chip to the back post where Kai Havertz was lurking. Pepe, Porto’s veteran skipper, showed an agility that belied his 41 years, leaping high to get the faintest touch on the ball, which skimmed off his forehead and eluded Havertz.

The creeping sense of unease was heightened when William Saliba was booked for dragging down Galeno as the Brazilian winger spun past him but then, four minutes before half time the moment of catharsis came.

Trossard and Odegaard exchanged passes on the edge of the Porto area before Odegaard threaded a brilliant through ball inside the full back into the path of the Belgium winger. Trossard took it on his right foot and placed it precisely past Diogo Costa so that it nestled just inside the far post.

The last Arsenal player to score in the knock out stages of the Champions League was Theo Walcott and he was sitting in the press box at the Emirates watching the new breed try to build on the Trossard goal that had brought them level in the tie.

Porto responded by redoubling their time-wasting tactics at the start of the second half. Evanilson attempted an overhead kick and then lay prone in the Arsenal area as play continued. To the fury of the home crowd, the French referee Clement Turpin called a halt in play.

Arsenal thought they had the second goal they needed midway through the half when Odegaard lifted a neat finish into an empty net but the referee ruled the goal out because Havertz had tugged Pepe back by the shirt in the build-up. In the ensuing furore, Arteta was booked for suggesting VAR should review the decision.

The atmosphere grew febrile again as the minutes ticked down. Porto fed on it. They could sense Arsenal’s nerves and their inexperience at this stage of the competition. Not that they were immune to histrionics. When a decision went against his team, Sergio Conceicao lost his temper so spectacularly on the touchline that he, too, was booked.

Gabriel Jesus came on eight minutes from the end and nearly scored with his first touch. He tried to squeeze his shot under the body of Diogo Costa but it cannoned off the goalkeeper’s backside and bounced into the side-netting.

The volume cranked up. Odegaard urged the crowd to make even more noise. Diogo Costa beat away a shot by Saka and Odegaard pulled the rebound just wide. Arsenal threw everything they could at Porto as extra time approached but the breakthrough just would not come. It was down to David Raya and the penalty shoot-out.",Oliver Holt,"Mikel Arteta, Champions League, Manchester City, Premier League, Arsenal, Real Madrid, Barcelona",2024-03-12,CONTROL_International_Womens_Strike_2017_2024,single,True,0,"In, The, To"
https://www.dailymail.co.uk/sport/football/article-13189541/ISAAN-KHAN-Porto-captain-Pepe-41-agemate-Arsenal-boss-Mikel-Arteta-showed-no-sign-advancing-years-warrior-status-tact.html?ns_mchannel=rss&ns_campaign=1490&ito=1490,Daily Mail,"ISAAN KHAN: Pepe, 41, showed no sign of his advancing years","While Mikel Arteta rallied his men from the touchline, his fellow 41-year-old was on the pitch trying to end Arsenal’s Champions League dream.

If this is Pepe’s last season, he bows out with warrior status in tow. The Porto centre back, who is remarkably the first outfield player over the age of 40 to play in this competition, has never really cared about opinion.

His long catalogue of infringements, which includes stamping on Lionel Messi’s hand in the 2012 El Clasico, says as much.

In the first half alone last night, the three-time Champions League winner showed both excellence and fragility in two key moments.

On 29 minutes Ben White’s looping cross surpassed goalkeeper Diogo Costa in the air. Pepe was there on the line to glance the ball wide, whacking his arm on a post in the process.

A clearance of the quality expected from him. Though later in the half, as Leandro Trossard darted in the box, he failed to close the forward down, not getting to his man quick enough. He really should have, Trossard capitalising to score.

Despite this, his wider performance had moments of shine. He still has some engine on him, as seen on eight minutes as he pedalled back with Trossard, 12 years his junior, on his tail.

He was, as ever, a threat in the opposition box aerially from set-pieces. There were a couple of headed flick-ons which his Porto team-mates could have produced more from.

It all led to the same conclusion: there is still more life in Pepe yet.

Yes, the bad and ugly have often reared their heads in this two-decade long career but as Martin Odegaard said on Monday about his former Real Madrid team-mate: ‘What he’s doing at that age… a lot of respect (to him)’.

Whatever is next, the veteran’s career is one which many would envy.",Issan Khan,"Arsenal, Champions League, Mikel Arteta, Leandro Trossard, Ben White, Leo Messi, Its All Kicking Off",2024-03-12,CONTROL_International_Womens_Strike_2017_2024,single,True,0,"In, The, To"
https://www.dailymail.co.uk/sport/football/article-13189683/THE-NOTEBOOK-Leandro-Trossard-Emirates-Champions-League-Gabriel-Jesus-Gunners.html?ns_mchannel=rss&ns_campaign=1490&ito=1490,Daily Mail,THE NOTEBOOK: Leandro Trossard joins exclusive group,"Arsenal squeezed through to the Champions League quarter-finals after a penalty shootout win over Porto at the Emirates on Tuesday night.

The Gunners headed into the tie needing to overturn a one-goal deficit from the first-leg and got their goal in the first period through Leandro Trossard.

It was a nervy night in north London as the home side sought a decisive second goal but the Portuguese outfit gave as good as they got.

Ultimately, it was left to spot-kicks and David Raya was the match winner as Mikel Arteta's side progressed to the last-eight for the first time in 14 years.

Mail Sport's SAMI MOKBEL took a look at some of things you may have missed.

Edu set to reward Gunners stars

Arsenal's contract renewal situation that sporting director Edu placed at the top of his list of priorities is heading towards a successful climax.

Bukayo Saka, Gabriel Martinelli, William Saliba and Martin Odegaard have all penned long-term extensions with the Gunners over the past 13 months.

And, now, defenders Ben White and Takehiro Tomiyasu, Mail Sport understands, are set to be confirmed as the latest players to commit their futures, with deals to be announced in the coming days.

Talks have been ongoing with the duo for months but full agreements are now in place, with official announcements from the club planned soon.

All-star pundit team at the Emirates

Positioned on the touchline stood Thierry Henry, Jamie Carragher and Micah Richards as part of CBS Sports’ coverage of this encounter.

Just a matter of yards away stood Rio Ferdinand and Martin Keown, representing TNT Sport. Up in press box were Theo Walcott and Matt Upson, co-commentating for the BBC. Some five-a-side squad, that. But who starts?

Jesus continues slow reintegration

Gabriel Jesus failed to make the starting line-up for the eighth consecutive game.

Mail Sport reported on February 27 that despite recovering from his latest knee injury, Jesus, eventually introduced in the 83rd minute, would require managing through the rest of the season amid ongoing issues with the joint.

His absence against Porto may well have been tactical, it’s hard to change a side that’s won eight of their previous nine. But leaving out your recognised first choice striker, the club’s top scorer in the Champions League this season, for arguably your biggest game of the season - in the absence of injured Gabriel Martinelli - raised a few eyebrows.

Meanwhile, Martinelli missed the game with the deep cut suffered in the win at Sheffield United last Monday. It is hoped he’ll be fit to return for the game against Manchester City immediately after the international break.

Gunners smart to Porto tricks

In the immediate moments after the first-leg loss in Portugal, midfielder Declan Rice was among the most vocal in the away dressing room as Arsenal fell for Porto’s dirty-tricks. Arsenal clearly learned their lesson.

One of the usually restrained Martin Odegaard’s first acts was to complain to referee Clement Turpin about Porto’s tactics, while his colleagues were clearly more intent on alerting the official to the opposition’s time-wasting and play-acting.

Leandro Trossard escorted Turpin off the pitch as he remonstrated with the Frenchman at the end of the first half.

Trossard joins thrilling trio

Leandro Trossard is only the third Arsenal player to score in his first three Champions League home games for the club after Bukayo Saka and Alexis Sanchez.",Sami Mokbel,"Gabriel jesus, Its All Kicking Off, Bukayo Saka, Leandro Trossard, Mikel Arteta, Arsenal, Ben White, Gabriel Martinelli, Champions League, Martin Odegaard, Takehiro Tomiyasu",2024-03-12,CONTROL_International_Womens_Strike_2017_2024,single,True,1,"De, En, La"
https://www.dailymail.co.uk/sport/football/article-13189787/Birmingham-City-0-1-Middlesbrough-Ange-Postecoglou-protege-Riley-McGree-scores-stunning-winner-hosts-stay-one-point-clear-relegation-zone.html?ns_mchannel=rss&ns_campaign=1490&ito=1490,Daily Mail,Birmingham City 0-1 Middlesbrough: Riley McGree scores stunning winner,"Ange Postecoglou protégé Riley McGree heaped the relegation pressure on his old team Birmingham City.

McGree, 25, thought it was a prank when he was given his first Socceroos call-up at 17 by the Tottenham Hotspur manager.

But in thundering in a spectacular goal he made it anything but a laughing matter for City.

Birmingham are just a point above the relegation zone in the Sky Bet Championship and they desperately needed victory in their game in hand to lift their survival hopes.

The result heaps pressure on Birmingham, who have now gone five games without a win.

City haven’t won since manager Tony Mowbray – a Middlesbrough legend – has undergone medical treatment and is currently away from his daily duties.

Both sets of fans chanted his name in the early stages, but it was Birmingham who looked far more in need of the 60-year-old’s guidance.

Birmingham had the first chance when Alex Pritchard attempted a 40-yard chip over goalkeeper Seny Dieng but his ambitious effort drifted wide.

Paddy McNair fired over a long-range rising effort for Middlesbrough after Emmanuel Latte Lath was denied from point-blank range by goalkeeper John Ruddy.

But a mistake by Pritchard led to ’Boro taking a 17th-minute lead.

The former Brentford and Sunderland midfielder’s pass was easily cut out by Luke Ayling.

He teed up McGree to rifle an unstoppable left-foot drive into the top corner of the net from 25 yards.

McGree, who spent 15 months on loan at St. Andrew’s at Knighthead Park from October 2020 to the end of 2021, refused to celebrate his stunning strike against his old club.

Ayling tried to make it 2-0 after cutting inside and curling goalwards but his attempt was straight at Ruddy.

Pritchard sliced horribly wide on the angle as neither he nor Koji Miyoshi seemed to want to take responsibility to shoot.

If Birmingham’s struggles weren’t summed up by that lack of confidence, they were underlined when no one challenged Latte Lath from Lukas Engel’s throw-in and the striker fired just wide.

Birmingham replaced the out-of-sorts Miyoshi with Juninho Bacuna at half-time.

But they continued to look unconvincing.

There was a four-minute stoppage before the hour mark after referee Andy Davies went off injured, with fourth official Jeremy Simpson taking over the whistle.

The lively Latte Lath only just failed to get enough contact on an up-and-under, with the sliced effort flying over.

Substitute George Hall had the chance to give City a late lifeline but he screwed his shot horribly wide.",Tim Nash,"Birmingham City, Middlesbrough, Ange Postecoglou, Australia Football, Tottenham Hotspur, Birmingham, Football League Championship",2024-03-12,CONTROL_International_Womens_Strike_2017_2024,single,True,0,"In, The, To"
https://www.dailymail.co.uk/sport/football/article-13189789/FIFA-anti-doping-report-football.html?ns_mchannel=rss&ns_campaign=1490&ito=1490,Daily Mail,FIFA publishes their latest anti-doping report,"FIFA have published their 2023 doping report and confirmed there was a 30 per cent increase in the total number of tests carried out per team at the Women's World Cup.

Football's global body have been ramping up their testing efforts throughout youth and senior age in a bid to clamp down on doping.

Their latest efforts over the past year have seen FIFA authorise thousands of tests and plunge huge resources into the area to identify and prevent any wrongdoing in the sport.

The annual anti-doping report covers FIFA's efforts in testing from January 1 to December 31 2023 and as stated on the official update 'provides a quantitative overview of the testing procedures'.

It was revealed that the Women's World Cup was the main focus of the anti-doping report where 860 in and out of competition tests were completed over the course of the tournament.

Posting the full findings of their report online, FIFA stated: 'Over the full year, FIFA’s testing efforts concluded in a total of 1,592 doping control tests across seven competitions, amounting to a total of 2,616 samples collected and which were analysed by 13 laboratories worldwide accredited by the World Anti-Doping Agency.

'Out of the samples collected, only one resulted in an adverse analytical finding, justified by a valid therapeutic use exemption.'

It further added: 'Anti-doping is one of FIFA’s central pillars to ensure that the game of football remains about sporting excellence, passion and team spirit.'",Ryan Walker,"Doping, FIFA, Women's World Cup",2024-03-13,CONTROL_International_Womens_Strike_2017_2024,single,True,0,"In, The, To"
https://www.dailymail.co.uk/sport/football/article-13190057/Martin-Keown-arsenal-premier-league-rio-ferdinand.html?ns_mchannel=rss&ns_campaign=1490&ito=1490,Daily Mail,Martin Keown predicts Arsenal could win the Premier League,"Martin Keown believes Arsenal's penalty shootout victory against Porto in the Champions League could spurn them onto lifting the Premier League this season, but was warned by Rio Ferdinand over making such claims.

The Gunners ended their agonising 14-year wait to make it to the Champions League quarter-finals as David Raya made to brilliant spot-kick saves to win the shootout 4-2.

A last-eight tie against one of Europe's biggest teams now awaits Mikel Arteta's sided and Arsenal legend Keown believes the momentum could carry them through to the English top-flight title.

Arsenal currently sit top of the Premier League standings heading into the upcoming international break, tied on 64 points with Liverpool and just one-point ahead of reigning champions City.

Speaking on TNT Sports, Keown raved over Arsenal's European success and labelled his former side as 'potential winners' in the race for the Premier League.

'What it what it means is momentum. And it means that the Arsenal now can go into that man city going full of confidence. You know, it's the lions den, we know what they've achieved six trophies is it last year, Man City is the ultimate team,' he said.

'But they go, they're now really confident in good form. I think it would have been a bit of a downer, if they'd have lost this tonight and then gone into the city game because they're out the FA Cup.

'But now this just keeps it ticking along beautifully. The players they grow from it, there's a lot of confidence now.

'And it's a really big night where they can feel like they're going to be potentially be winners, you know, because that's the that's the thing now is go to the next stage.

Ferdinand quickly dispelled Keown's audacious statement as he hit back: 'Let's not go there Martin, it's too early.'

Keown doubled-down on his prediction by continuing: 'You want to win something I'm putting out there, they want to win something.'

Refusing to entertain the discussion of Arsenal's Premier League credentials any further, Ferdinand instead focused on the evening's events at the Emirates.

'Of course you want to win but I think the bigger thing today, they showed a spirit. They never looked in complete control,' he said.

'I think a lot of people expected that walked into this stadium and like me, like us, we expected Arsenal to control the the tempo of this game, be aggressive and on the front foot.

'But you realise actually at this level there are teams who can come and go toe to toe and have the confidence to do that. But I think the spirit is the overriding factor that I see here.

'The scenes after, the fans, the players the connection to the fans, now that creates a strong bond that I can feel in his place now.

'That will hold him in good stead in the last stage of this competition and the run-in of the Premier League,' he added.",Ryan Walker,"Rio Ferdinand, David Raya, Liverpool, Arsenal, Champions League, Mikel Arteta, Premier League",2024-03-13,CONTROL_International_Womens_Strike_2017_2024,single,True,0,"In, The, To"
https://www.dailymail.co.uk/sport/football/article-13190101/Furious-Porto-boss-accuses-Mikel-Arteta-insulting-FAMILY-clashed-Arsenals-tense-penalty-shootout-win-Champions-League-Sergio-Conceicao-insists-team-deserved-through.html?ns_mchannel=rss&ns_campaign=1490&ito=1490,Daily Mail,Furious Porto boss accuses Mikel Arteta of insulting his FAMILY,"Porto head coach Sergio Conceicao has accused Mikel Arteta of insulting his family during Arsenal's tense Champions League win.

David Raya emerged as Arsenal's hero as they booked their place in the last eight for the first time since 2010, saving two penalties in a tense shoot-out.

But the game was marred by clashes between both sets of players and benches while rival managers Arteta and Conceicao were involved in a heated confrontation after the final whistle.

And Conceicao claims that Arteta disrespected his loved ones during the game.

'The result was injust. Our team deserved to go through,' said the Porto boss.

'What Arteta said, towards the bench in Spanish, he insulted my family. He should focus on training his team.'

Arteta refused to comment on the matter after the game.

However, on his side's win, the Gunners boss said: 'It was a magical night. It was what we expected against a tough opponent, who were really well organised, said Arteta.

'We scored a beautiful goal. That's a huge experience for us, we needed penalties and we prepared well of that.

'We found a way, I can see how much they want to win. How much they were sacrificing. When you play like, this sooner or later it's going to go your way.

'I've probably not experienced an atmosphere like that at the Emirates, it was amazing from the start to to the end. Huge thank you to them and today I thought they impacted the game.

On the shoot out, Arteta added: 'We practice at the training ground, a few of them missed, but in the end you have to do it on the night.

'It's big step for the club, the best thing is we are not satisfied and we want to go to the next round.'

Raya added: 'Obviously it's a great feeling for me personally, first time in the Champions League and for the club to get into the quarter-finals for the first time in so many years.

'We played a really good game from the start. We dominated, created chances and it went down to penalties. We've worked a lot on penalties this year and all the hard work with the goalie coach and the team has paid off.'

Mikel Arteta has denied Sergio Conceicao's accusations, club sources indicating the Spaniard did not say anything about his rival's family.",Sami Mokbel,"Mikel Arteta, David Raya, Champions League, Arsenal",2024-03-13,CONTROL_International_Womens_Strike_2017_2024,single,True,0,"In, The, To"
https://www.dailymail.co.uk/sport/racing/article-13190109/CHELTENHAM-FESTIVAL-SHORTS-Cross-Country-Chase-POSTPONED-heavy-rain-Joseph-OBrien-assess-track-giving-Banbridge-green-light-run-Ryanair-Chase.html?ns_mchannel=rss&ns_campaign=1490&ito=1490,Daily Mail,CHELTENHAM FESTIVAL SHORTS:  Cross Country Chase could be POSTPONED,"Willie Mullins and Paul Townend dominated the first day of action at the Cheltenham Festival.

The trainer and jockey secured a hat-trick of wins, which was clinched with Lossiemouth's victory in the Mares' Hurdle.

El Fabiolo is among Mullins' favourites on Wednesday - 11/25 currently with Paddy Power, as he nears a historic 100 Cheltenham Festival wins - now standing at 97.

Tuesday's action though saw two equine fatalities, while there is uncertainty whether one of the races will go ahead on Wednesday because of heavy rain.

Mail Sport takes a look at some of the headlines going into day two at the Festival.

Festival may be forced to POSTPONE a race

An 8am inspection will decide whether this afternoon’s Cross Country Chase can be run after more rain than anticipated led to parts of the circuit in the centre of the course to be waterlogged yesterday.

The BHA and Jockey Club are working on a contingency which would see the Cross Country Chase run on Friday’s Gold Cup card if it has to be postponed.

Two equine fatalities on Day One

There were two equine fatalities on day one. Highland Hunter sustained a fatal injury in the Ultima Handicap Chase while Ose Partir died after being brought down in the Boodles Juvenile Handicap Hurdle.

A Cheltenham track spokesperson said: ‘Highland Hunter was immediately attended by expert veterinary professionals in the concluding stages of our third race but sadly passed away.

In the sixth race, Ose Partir sustained an injury and was humanely put to sleep. Our heartfelt condolences are with the connections of both horses.’

Doubt over Banbridge

Trainer Joseph O’Brien, successful in the Boodles Juvenile Handicap Hurdle with Lark In The Mornin, will assess the track before giving Banbridge the green light to run in tomorrow’s Ryanair Chase.

Banbridge is best on drier ground and O’Brien said: ‘I really would like to run if we can, but it is a concern.’

Corbetts Cross a 2025 Gold Cup contender?

Paddy Power make the Emmet Mullins-trained Corbetts Cross a 14-1 shot for next season’s Gold Cup after he romped to a 17-length win in the Maureen Mullins National Hunt Chase.",Marcus Townend,Cheltenham Festival,2024-03-13,CONTROL_International_Womens_Strike_2017_2024,single,True,0,"In, The, To"
https://www.dailymail.co.uk/sport/ufc/article-13189919/UFC-Mark-Coleman-hospitalized-saving-parents-house-fire-Ohio.html?ns_mchannel=rss&ns_campaign=1490&ito=1490,Daily Mail,UFC HOFer Mark Coleman in hospital after saving parents in house fire,"UFC Hall of Famer Mark Coleman has been taken to hospital in critical condition after rescuing his mother and father from a house fire, just seconds before the roof of the home collapsed.

The 59-year-old, first UFC Heavyweight champion, who beat legends like Stephan Bonnar, Gary Goodridge, and Don Frye back in the 1990s, saved his parents' lives on Tuesday morning in Toledo, Ohio, when he pulled them out of their home after they were trapped in an inferno.

Coleman first retrieved his mother and father from the burning home, then got them to a safe area before returning for his pup.

According to Jonathan Snowden, of MMA Encyclopedia, Coleman's dog woke up the fighter to a house in flames, but didn't make it, multiple sources have reported.

Coleman is now intubated and sedated after being airlifted to hospital in Fremont, according to 'MMA Detective' Mark Davis, who shared a picture of the retired mixed martial artist in bad shape on Instagram on Tuesday.

No further update on Coleman's condition has been revealed and the cause of the fire is yet to be known.

Coleman, who has three daughter, one with his current partner, and two others from a previous marriage, is close with his mother, Connie, as he once paid tribute to her in a sweet post on X (Twitter) on Mother's Day in 2022.

'You are my favorite thank you for everything u are my inspiration,' read the caption. 'I love u so much.'

Close friend and former MMA fighter Wes Sims paid tribute to Coleman - the UFC 10 and UFC 11 tournament champion - on Facebook, earlier on Tuesday, asking fans to keep him in their thoughts.

'I'm a very firm believe in the Power of Prayer. I sent family & some friends a few pictures of Mark Coleman current condition. I know Mark if he could he'd say film this s*** Wes, we are going viral!' Sims shared on the social media platform.

'[...] I swear to GOD-he's one of the toughest individual ever created, been thru so much a MOVIE at this point could not give his life work. Justice!

'Please [pray] and Share! Life is Precious!'

Former UFC fighter Derek Brunson sent well wishes to Coleman on X after learning about the house blazer: 'Prayers for MMA legend Mark Coleman,' he shared.

Coleman's daughter also took to Instagram to describe her father as a 'hero' and 'the strongest and bravest man I know'.

'Please continue to pray for him and our family during this extremely difficult time. We will miss our sweet Hammer so deeply,' she also wrote.",Alastair Talbot,"Instagram, UFC, Ohio",2024-03-13,CONTROL_International_Womens_Strike_2017_2024,single,True,0,"In, The, To"
https://www.dailymail.co.uk/news/article-13189253/Australian-dad-evicted-home-despite-agreeing-250-week-rental-increase.html?ns_mchannel=rss&ns_campaign=1490&ito=1490,Daily Mail,Aussie dad is evicted from home despite agreeing to rental increase,"A hardworking Western Australian dad has been evicted from his home despite agreeing to a massive rental increase.

Professional boxer Troy Humberston said that the landlord requested an additional $250 per week from him, effectively raising his total rent to $900 per week, a 20 per cent increase.

'I'd agreed to the $900 a week, but then I took exception to the landlord wanting us to pay the increased rent starting 30 days early,' the father-of-two told Nine News.

Mr Humberston refused to pay the increased rent early, prompting the landlord to issue a termination notice without specifying a reason for the eviction.

'We've been good tenants, we've never missed a payment, we keep the house in good order,' he said.

This eviction is completely within the bounds of the law in Western Australia due to its 'no grounds' eviction policy, which allows landlord landlords to remove tenants without giving a cause.

Landlords in Western Australia can end a month-to-month lease by giving tenants 60 days' notice for any reason. If it's a fixed-term lease, they only need to give 30 days' notice.

'It creates this fear or this threat of uncertainty that people have, which means they're not standing up for their rights,' Alice Pennycott from Circle Green Community Legal said.

WA is the only state that still allows landlords to hand out 'no grounds' evictions.

However, Western Australia's Housing Minister John Carey argued 'landlords aren't the baddies' as their investment in housing is needed to meet supply demands.

His argument left Mr Humberston unimpressed with the father saying: 'It's pretty obvious who the no grounds for eviction laws benefit and it's certainly not the majority.'",Ashley Nickel,Western Australia,2024-03-13,CONTROL_International_Womens_Strike_2017_2024,single,True,8,"Homeless, Landlord, Shelters"
