url,publisher,title,body,authors,topics,publishing_date,event_label,event_type,is_control,topic_id,topic_label
https://taz.de/Diversitaet-in-der-Verwaltung/!5997314/,Die Tageszeitung (taz),Diversität in der Verwaltung: Senat verlängert Befragung,"Die Umfrage unter Landesbeschäftigten zu Migrationshintergründen läuft weiter. Wegen der rechten Deportationspläne hatten manche Angst vor Datenlecks.

BERLIN taz | Die Verwaltung von Integrationssenatorin Cansel Kiziltepe (SPD) widerspricht Medienberichten, wonach sich zu wenig Mitarbeitende der ­Berliner Behörden an einer Befragung zu Migrationshintergründen ­beteiligen. Auf taz-Nachfrage erklärte ein ­Sprecher Kiziltepes am Dienstag, es hätten sich bisher weit mehr als 20 ­Prozent der 132.000 Beschäftigten im ­Landesdienst beteiligt. Wahr sei ­allerdings, dass „die ­Enthüllung zu Plänen der extremen Rechten, Millionen von Menschen mit Migrationsgeschichte aus ­Deutschland zu vertreiben, bei ­einem Teil der Befragten zu Sorgen über die Daten­sicherheit“ geführt habe.

Darauf habe man reagiert und „für absolute Datensicherheit gesorgt“. Außerdem sei die Teilnahmefrist bis Ende März verlängert worden, weil Mitarbeitende teilweise ihre Zugangscodes erst verzögert erhalten hätten.

Der Tagesspiegel hatte berichtet, an der Befragung hätte sich bisher nicht einmal ein Fünftel der Landesbeschäftigten beteiligt, daher habe man die Frist zur Beantwortung bis 13. März verlängern müssen. Eigentlich lief die anonyme Befragung vom 29. Januar bis 26. Februar. Sie wird von der Senatsverwaltung für Integration durchgeführt und richtet sich an alle Mitarbeitenden im unmittelbaren Berliner Landesdienst – ob mit oder ohne Migrationshintergrund.

Befragung als Basis für Förderpläne

Ein solcher besteht, wenn mindestens ein Elternteil aus einem anderen Land nach Deutschland migriert ist und man selbst hierzulande geboren ist. Grundlage der Befragung ist das 2021 novellierte Partizipationsgesetz, das mehr Menschen mit Migrationsgeschichte in die Berliner Verwaltungen holen und schrittweise eine gleichberechtigte Teilhabe aller Bevölkerungsgruppen an Verwaltung und politischer Partizipation herstellen soll.

Dafür werden die Mitarbeitenden zunächst nach einem möglichen Migrationshintergrund und weiterem befragt, etwa nach tariflicher Eingruppierung, Alter, eventueller Führungsposition, Ausbildung. Auf Grundlage der Erhebung sollen dann Förderpläne erarbeitet werden. Ziel ist laut Gesetz, eine Repräsentation aller Gruppen entsprechend ihres Anteils an der Bevölkerung auf allen Ebenen und Funktionen herzustellen.

Die Beteiligung an der Befragung sei sehr gut, so der Sprecher von Kiziltepe. „Nach derzeitigem Stand haben wir jetzt auf der Ebene der Haupt­verwaltungen circa 28 Prozent, auf Bezirksebene circa 25 ­Prozent Beteiligung“, sagte er. In einzelnen Abteilungen habe es einen Rücklauf von 80 Prozent gegeben, in „vielen“ in den ersten vier Wochen bereits über 50 Prozent. Die aktuelle ­Teilnahmezahl sei auf jeden Fall ausreichend als Grundlage für die ­Förderpläne.",Susanne Memarnia,"Partizipation, Migration, Verwaltung, Berlin, taz, tageszeitung",2024-03-12,CONTROL_International_Womens_Strike_2017_2024,single,True,1,"De, En, La"
https://taz.de/Gemeinsame-Kritik-an-China/!5998118/,Die Tageszeitung (taz),Gemeinsame Kritik an China: Drogenkrieg für Scholz kein Thema,"Der philippinische Präsident Ferdinand Marcos Jr hört in Berlin von Bundeskanzler Olaf Scholz kein kritisches Wort, sondern nur viele warme Worte.

BERLIN taz | Der philippinische Diktatorensohn und Staatspräsident Ferdinand Marcos Jr. ist am Dienstagmittag von Bundeskanzler Olaf Scholz (SPD) im Kanzleramt empfangen worden. Bei den Gesprächen sei es um wirtschaftliche Beziehungen zwischen beiden Ländern sowie angesichts der Spannungen im Südchinesischen Meer um Sicherheitspolitik gegangen, betonten beide bei der anschließenden Pressekonferenz.

Ein weiteres zentrales Thema sei die Anwerbung von Fachkräften von den Philippinen durch eine Weiterentwicklung „unserer Migrations- und Mobilitätspartnerschaften“ gewesen, so der Kanzler. Philippinische Fachkräfte hätten vor allem im Pflegebereich „längst einen sehr guten Ruf“, betonte Scholz.

Das Menschenrechte wurde weder von Scholz und Marcos noch von den Journalisten angesprochen. Dabei ist es um deren Lage in der pazifischen Inselrepublik notorisch schlecht bestellt.

Unter Marcos’ Amtsvorgänger Rodrigo Duterte hatten die Menschenrechtsverletzungen einen neuen Höhepunkt erreicht. In seinem „Drogenkrieg“, der unter Marcos nur etwas geringer weiter geht, töteten Schätzungen zufolge Polizei und Todesschwadrone bis zu 30.000 angebliche Drogenkriminelle; Regimekritiker wurden als „Kommunisten“ verfolgt; kritische Journalisten konnten ihres Lebens nicht sicher sein.

„Marcos spielt Menschenrechtsprobleme herunter“

Mei Palma von Amnesty International Phi­lip­pinen sagte der taz: „Die Regierung von Präsident Marcos jr. spielt die Menschenrechtsprobleme auf den Philippinen herunter.“ So seien keine konkreten Schritte des Schutzes von Menschenrechtsverteidigern und Journalisten eingeleitet worden. Das zeige, dass Marcos kein Interesse an einer Verbesserung habe.

Die prominente Menschenrechtlerin Aurora Parong klagt, dass die Familien der Opfer von Dutertes „Drogenkrieg“ noch immer auf Gerechtigkeit warten. „Es werden keine wirksamen Ermittlungen durchgeführt und die Marcos-Regierung kooperiert nicht mit der Untersuchung möglicher Verbrechen gegen die Menschlichkeit durch den Internationalen Strafgerichtshof.“ Die 72 Jahre alte Ärztin war während der Diktatur von Ferdinand Marcos Sr. politisch inhaftiert.

Marcos und Rodrigo Dutertes Tochter Sarah waren im Mai 2022 als „Unity Team“ mit einem Erdrutschsieg zum Präsidenten und zur Vizepräsidentin gewählt worden. Die Furcht vieler, das Duo würde eine neue Diktatur errichten, hat sich bisher nicht bewahrheitet.

Marcos gibt sich staatsmännisch und festigt außenpolitisch nach Dutertes gescheitertem Hinwendung zu China wieder die traditionell engen Beziehungen zu den USA und zum Westen.

Scholz verspricht Unterstützung für Manilas Küstenwache

Chinas aggressiver Machtanspruch im Südchinesischen Meer, das zum Teil ein Hoheitsgebiet der Philippinen ist, ist ein geopolitischer Konflikt in Asien. Scholz und Marcos bekräftigten in Berlin ihr Festhalten an einer „regelbasierten Ordnung“. Der Kanzler sicherte Marcos zudem Deutschlands Unterstützung der philippinischen Küstenwache beim Erhalt der maritimen Sicherheit zu.

Unterdessen ist es mit der Einheit zwischen den Politclans der Familien Marcos und Duterte nicht mehr weit her. Sie streiten vordergründig über eine Verfassungsänderung zur Erleichterung ausländischer Investitionen.

Aber in dem Machtkampf laufen sich die beiden Lager Analysten zufolge bereits für Zwischenwahlen 2025 und die Präsidentschaftswahl 2028 warm.

Rodrigo Duterte warf vor Kurzem Marcos Drogenkonsum vor. Marcos konterte mit dem Hinweis auf Dutertes öffentliche bekannte regelmäßige Einnahme eines starken Schmerzmittels: „Ich denke, es ist das Fentanyl … Es macht stark abhängig und hat sehr schwerwiegende Nebenwirkungen.“",Michael Lenz,"Philippinen, Olaf Scholz, Ferdinand Marcos, Rodrigo Duterte, Südchinesisches Meer, China, USA, Drogenkrieg, Menschenrechtsverletzungen, Asien, Politik, taz, tageszeitung",2024-03-12,CONTROL_International_Womens_Strike_2017_2024,single,True,1,"De, En, La"
https://taz.de/Humanitaere-Versorgung-im-Gazastreifen/!5994881/,Die Tageszeitung (taz),Humanitäre Versorgung im Gazastreifen: Erste Hilfe übers Meer,"Zum ersten Mal seit 2005 ist ein Schiff mit Hilfsgütern Richtung Gaza abgelegt. Ein Seekorridor soll weitere Hilfslieferungen ermöglichen.

BERLIN taz | Nach einigen Tagen Verzögerung ist das Schiff „Open Arms“ am Dienstag von Zypern aus in die See gestochen. Auf dem umgebauten Schlepper sind 200 Tonnen Nahrungsmittel, Trinkwasser und Medikamente verstaut. Wenn alles glatt läuft, soll das Schiff in zwei bis drei Tagen im Gazastreifen ankommen. Wo genau, das wollen die Or­ga­ni­sa­to­r*in­nen aus Sicherheitsgründen nicht sagen. Es wäre die erste Hilfslieferung per Seeweg.

Laut der israelischen Internetzeitung Times of Israel soll es irgendwo im Norden des Küstenstreifens einlaufen, an einer Anlegestelle – errichtet aus Trümmern zerstörter Gebäude. Die Nichtregierungsorganisationen Open Arms, die mit ihrem gleichnamigen Schiff eigentlich Seenotrettung im Mittelmeer betreibt, und World Central Kitchen und sind an der Organisation des Hilfstransports beteiligt. Die Hilfsgüter sollen von der NGO World Central Kitchen verteilt werden.

Das Schiff „Open Arms“ soll nur das erste sein, das ablegt, um die Bevölkerung des Gazastreifens mit dem Notwendigsten zu versorgen und die katastrophale Versorgungslage zu verbessern. In einer gemeinsamen Anstrengung wollen NGOs, die EU, die USA, die Vereinigten Arabischen Emirate und andere Länder einen Seekorridor etablieren.

EU-Kommissionspräsidentin Ursula von der Leyen sprach am Dienstag vor dem Europäischen Parlament von einem „Zeichen der Hoffnung“. Es sei, so von der Leyen, das erste Mal seit 2005, dass ein Schiff Hilfe nach Gaza liefern dürfe. Solange es keinen Hafen gebe, in den große Schiffe einlaufen könnten, würden kleinere Schiffe – wie die „Open Arms“ – eingesetzt. Die USA planen, eine schwimmende Anlegestelle vor Gaza zu errichten, an der auch große Schiffe festmachen können. Medienberichten zufolge sind erste Lieferungen mit dazu benötigter Ausrüstung derzeit auf dem Seeweg von den USA nach Gaza unterwegs. 1.000 US-amerikanische Sol­da­t*in­nen sollen in den nächsten Wochen an der Anlegestelle arbeiten.

Israel weist Kritik zurück

Der israelische Verteidigungsminister Yoaw Gallant sprach sich am Sonntag für den Plan aus. Die Initiative, so Gallant, sei „darauf ausgerichtet, die Hilfe direkt zu den Bewohnern zu bringen und so den Zusammenbruch der Hamas-Herrschaft im Gazastreifen fortzusetzen“. Der effektivste Weg, den Gazastreifen mit Hilfsgütern zu versorgen, wäre jedoch immer noch der Landweg. Israel wehrt sich gegen die Kritik, dass es keine humanitäre Hilfe zulasse. Seit Kriegsbeginn seien mehr als 16.000 Lastwagen in den Gazastreifen gefahren und nur 1,5 Prozent nicht zugelassen worden, so die für Kontakte mit den Palästinensern und humanitäre Hilfe zuständige israelische Behörde Cogat auf X.

Doch Berichte von Ocha, dem Amt der Vereinten Nationen, das für die Koordination humanitärer Hilfe zuständig ist, zeichnen ein anderes Bild. Laut Ocha konnten im Februar lediglich 6 der 24 geplanten Hilfskonvois der Vereinten Nationen und ihrer Partnerorganisationen in den Norden des Gazastreifens gelangen. Im Januar waren es 9 Konvois. Der Rückgang der ermöglichten Hilfslieferungen sei laut Ocha in erster Linie auf eine Einsatzpause zurückzuführen. Diese wurde eingelegt, nachdem ein Nahrungsmittelkonvoi am 5. Februar von israelischem Feuer getroffen worden war, während er an einem Checkpoint wartete. Im Bericht ist des Weiteren von Einschüchterungsversuchen und Schikanen gegenüber UN-Mitarbeiter*innen die Rede.

In den letzten Tagen werfen die USA vermehrt Hilfslieferungen aus der Luft ab. Dass dies Gefahren birgt, wurde am Freitag deutlich, als fünf Menschen von einem Paket erschlagen wurden, dessen Fallschirm nicht aufgegangen war. Außerdem gilt der Luftweg als vergleichsweise ineffizient: Während mit einem Lastwagenkonvoi rund 200 Tonnen Hilfsgüter geliefert werden können, sind es pro Luftabwurf lediglich 6 Tonnen. Nach fünf Monaten Krieg ist die humanitäre Lage in dem Palästinensergebiet katastrophal. Laut dem UN-Welternährungsprogramm (WFP) befinden sich die dort lebenden 2,4 Millionen Menschen am Rande einer Hungersnot.

Wir würden Ihnen hier gerne einen externen Inhalt zeigen. Sie entscheiden, ob sie dieses Element auch sehen wollen.",Judith Poppe,"Gazastreifen, Humanitäre Hilfe, Nahost-Konflikt, Nahost, Politik, Schwerpunkt, taz, tageszeitung",2024-03-12,CONTROL_International_Womens_Strike_2017_2024,single,True,0,"In, The, To"
https://taz.de/Iranischer-Regimegegner-in-Hamburg/!5996717/,Die Tageszeitung (taz),Iranischer Regimegegner in Hamburg: Das bisschen Repression,"Mohammad Aghaei wurde im Iran gefoltert. In Hamburg engagiert er sich gegen das Mullah-Regime. Doch das Bundesamt für Migration gewährt im kein Asyl.

HAMBURG taz | „Wir finden dich und werden dich hinrichten“ – solche Drohungen erhält Mohammad Aghaei regelmäßig in sozialen Netzwerken. Der 34-jährige Iraner engagiert sich seit vielen Jahren gegen das islamische Regime. Mehrfach wurde er im Iran festgenommen und gefoltert. Seit 2017 lebt er in Deutschland, genauer gesagt in Hamburg, jedoch ohne anerkannten Flüchtlingsstatus.

Das Bundesamt für Migration und Flüchtlinge wollte ihm keinen Schutz gewähren – die Gründe dafür seien nicht ausreichend. Aghaei führt deshalb seit sechs Jahren einen Rechtsstreit gegen den deutschen Staat. Im vergangenen September bekam er endlich Recht vom Hamburger Verwaltungsgericht, welches das Bundesamt für Migration und Flüchtlinge (Bamf) verpflichtete, den Fall neu zu prüfen. Aber die Anerkennung als Flüchtling hat Aghaei immer noch nicht.

„Seit meiner ersten Anhörung im Jahr 2017 weiß das Bamf, dass ich im Iran in Lebensgefahr bin. Es glaubt mir nur nicht“, sagt Aghaei. Dabei sei allgemein bekannt, dass Re­gime­geg­ne­r*in­nen im Iran der Tod drohe. 2009 sei er auf einer Demo der Protestbewegung gewesen, die damals noch das islamische System reformieren und nicht abschaffen wollte. Vor seinen Augen sei ein Mitstreiter erschossen worden. Da verschrieb Aghaei sich der Opposition.

Er mobilisierte und informierte unter verschiedenen Accounts in den sozialen Netzwerken. Um Geld zu verdienen und aus Leidenschaft, verkaufte er verbotene Filme. Schon als Jugendlicher habe er es geliebt, Filme zu gucken. Aber im Iran ist es eine Straftat, ausländische Filme zu sehen und zu verbreiten.

Drohungen von der Cyberpolizei

Etwa 30 Mal sei er dafür verhaftet worden, sagt Aghaei. „Sie verbanden mir die Augen und schlugen mich, peitschten mich aus und demütigten mich.“ Fünf oder sechs Mal habe Aghaei Anzeige wegen der Misshandlungen erstattet. Doch die Revolutionsgarden hätten ihn gezwungen, die Anzeige zurückzunehmen.

Aghaei ist zudem nicht religiös. Mit zwanzig habe er entschieden, kein Moslem mehr zu sein. Aber wer im Iran unter Missachtung religiöser Gesetze lebt, lebt gefährlich – auch das ist bekannt, nicht erst seit dem Tod von Jina Mahsa Amini. Doch für das Bundesamt für Migration und Flüchtlinge war das kein Grund, Aghaei Asyl zu gewähren.

Seit er in Hamburg lebt, engagiert sich Aghaei exilpolitisch. Er meldet Demonstrationen an, tritt als Redner auf, bespielt Face­bookgruppen und Telegram-Kanäle. Er trat der Gruppe „Bahamad – Vereinigung der Jugend im Exil“ bei und mobilisiert auf Instagram und Twitter. Über alle Kanäle erreichen ihn immer wieder Drohungen des Regimes. „Was Ruhollah Zam passiert ist, wird auch dir widerfahren“, habe ihm die Cyberpolizei geschrieben, sagt Aghaei.

Der Regimegegner und Journalist Zam war 2020 aus seinem Exil in Frankreich entführt und im Iran hingerichtet worden.

2022 beantragte Aghaei erneut Asyl in Deutschland. Durch sein verstärktes Engagement, die verschärfte Bedrohungslage und die eskalierende Gewalt des Mullahregimes im Iran hätten sich die Vorzeichen verändert, argumentierte er. Das Bamf lehnte ab. Aghaei habe keine neuen Argumente vorgebracht. Für den Iraner heißt das: Keine Sicherheit, keine Arbeitserlaubnis. Nicht arbeiten zu dürfen, ergebe für ihn keinen Sinn, sagt Aghaei. Er habe sich seinen Lebensunterhalt immer selbst verdient, auch neben seinem Studium im Iran.

Was dem 34-Jährigen drohen könnte, würde er wieder in den Iran zurück geschickt, schildert das Auswärtige Amt in seinem Lagebericht vom November 2022 sehr deutlich: Gegen Re­gime­kri­ti­ke­r*in­nen und Ak­ti­vis­t*in­nen werde „unerbittlich vorgegangen“. Regelmäßig komme es zu „ungeklärten“ Todesfällen in Gefängnissen, auch die Todesstrafe werde als strafrechtliches Instrument gegen De­mons­tran­t*in­nen und unabhängige Den­ke­r*in­nen eingesetzt.

Besonders schwerwiegend und verbreitet sei staatliche Repression gegen jegliche Aktivität, die als Angriff auf das politische System empfunden werde oder islamische Grundsätze infrage stelle. Per KI-basierter chinesischer Videosoftware überwache das Regime die Bevölkerung im Inland, auch Oppositionelle im Ausland würden aufgespürt und bedroht. Der Bericht dient dem Bamf als Grundlage für Asylentscheidungen und ist nicht öffentlich einsehbar.

Gerichte können den Bericht jedoch einsehen. Im Gegensatz zum Bamf nahm das Hamburger Verwaltungsgericht die Warnungen des Auswärtigen Amts ernst und verdonnerte das Bundesamt, den Fall Aghaeis neu zu prüfen. Doch warum braucht es dazu erst eine gerichtliche Anordnung?

„Das Bundesamt ist politisch geprägt und nimmt eher in Kauf, vom Gericht korrigiert zu werden, als den Eindruck zu erwecken, man ‚verschenke‘ Asylbescheide“, sagt Aghaeis Anwalt Tyl Mackenberg. Tatsächlich lehnte das Bundesamt im Jahr 2023 mehr als die Hälfte der Asylanträge iranischer Staatsangehöriger ab, obwohl der Lagebericht seit November 2022 vorliegt.

Als nach der Entscheidung des Verwaltungsgerichts immer noch keine neue Einschätzung kam, reichten Mackenberg und Aghaei eine Unterlassungsklage ein. Daraufhin lud die Behörde den Iraner am vergangenen Dienstag zur Anhörung ein. Mit der Entscheidung rechnen er und sein Anwalt in den kommenden Wochen. Für Aghaei ist aber klar: „Wenn wir verlieren, gehen wir wieder vor Gericht.“",Katharina Schipkowski,"Iranische Revolutionsgarden, Hamburg, Asylpolitik, Proteste in Iran 2022 und 2023, Nord, Schwerpunkt, taz, tageszeitung",2024-03-12,CONTROL_International_Womens_Strike_2017_2024,single,True,1,"De, En, La"
https://taz.de/PR-Termin-auf-Kraftwerksgelaende/!5994797/,Die Tageszeitung (taz),PR-Termin auf Kraftwerksgelände: Zukunftsprojekt und Currywurst,"Bundeswirtschaftsminister Robert Habeck legt in Spandau mit Senatschef Kai Wegner den Grundstein für den „Frühling der Wärmewende“. Er dankt viel.

BERLIN taz | Ich packe meinen Koffer und nehme mit: einen Berliner Buddy-Bär, eine Miniaturversion des Fernsehturms, ein paar Socken, ein Holzhaus und ein Stück Steinkohle. Erraten, wohin es geht? Zur Grundsteinlegung nach Spandau natürlich, ans Spreeufer. Keine Baustelleneröffnung kommt ohne silberne Zeitkapsel aus.

In Spandau auf dem Gelände des Kraftwerks Reuter West war die besonders groß. Mindestens genauso überwältigend wie die Röhre war Robert Habeck, der als Bundeswirtschaftsminister freudestrahlend angereist kam, „um sich zu bedanken“ und den „Frühling der Wärmewende“ auszurufen. Allein, welch banale Grundsteinlegung lässt den Grünen-Vizekanzler so überschwänglich schwärmen und den Regierenden Bürgermeister Kai Wegner (CDU) mindestens den Anfang der wöchentlichen Senatssitzung schwänzen?

Es ist ein nachbarschaftliches 200 Millionen Euro schweres „Zukunftsprojekt“ – was auch sonst? – von Vattenfall, den Berliner Wasserbetrieben und der Berliner Stadtreinigung. Gemeinsam sollen die hier geplante „Abwasserwärmepumpenanlage in großindustriellem Maßstab und die neue Dampfturbine“ einen selbstverständlich „großen“ Beitrag zur Dekarbonisierung erbringen.

Noch bläst das Heizkraftwerk Reuter West bei der Wärme- und Stromgewinnung bis zu 1,6 Millionen Tonnen Kohlendioxid pro Jahr in den Himmel. Das sind zehn Prozent der Berliner CO2-Emmissionen. Damit soll irgendwann Schluss sein. Aber Eile mit Weile: Erst im Jahr 2045 soll in Berlin Energie vollkommen klimaneutral produziert ­werden.

Wärme aus Müll

Immerhin hilft seit ein paar Jahren eine Müllverbrennungsanlage auf der anderen Spreeseite. Durch ein Rohr strömt durch die Müllverbrennung erhitzter Wasserdampf zum Kraftwerk, der eine Turbine antreibt und über Wärmetauscher seine Hitze an die Fernwärmeanlage abgibt. Klingt kompliziert. Wichtig an dieser Stelle ist lediglich: Die aktuelle Dampfturbine wird jetzt durch das besagte neue Modell ersetzt, das 2026 in Betrieb gehen soll.

In dem geplanten Gebäude soll auf 1.600 Quadratmetern auch die größte Wärmepumpe Deutschlands ein Zuhause finden. Auch hier spielen Nachbarn vom Spreeufer eine entscheidende Rolle. Die Wasserbetriebe betreiben dort das Klärwerk Ruhleben. Die Pumpenanlage wird also an das Werk angeschlossen, nutzt die Restwärme des gereinigten Abwassers und speist es dann ins Fernwärmenetz ein. So will man dann 45.000 Haushalte mit Fernwärme versorgen und 50.000 Tonnen CO2 einsparen.

Das „Energiedreieck Ruhleben“ werde, so Kai Wegner, ein Vorbild für ganz Deutschland, auch Habeck ist überzeugt: „Das, was hier in Spandau geht, das muss überall gemacht werden.“ „Energiedreieck“ klingt zwar nach „Chemiedreieck“ und weckt eher unschöne Assoziationen an Leuna, Buna, Bitterfeld. Aber egal.

Habeck bedankte sich im Laufe der Veranstaltung noch zig Mal. Für die Pumpe, die Turbine, die Fernwärme. Wofür man halt so dankt. Dann war er auch schon wieder verschwunden. Es gab Currywurst.",Anastasia Zejneli,"Kai Wegner, Robert Habeck, Energiewende, Dekarbonisierung, Wärmepumpe, Berlin, taz, tageszeitung",2024-03-12,CONTROL_International_Womens_Strike_2017_2024,single,True,1,"De, En, La"
https://taz.de/Verschaerfung-des-Hochschulgesetz/!5994788/,Die Tageszeitung (taz),Verschärfung des Hochschulgesetz: Drohende Paralleljustiz,"Der Senat will das Ordnungsrecht an Universitäten wiedereinführen. Studierendenvertreter und Universitätsleitungen fürchten politische Willkür.

BERLIN taz | Die geplante Wiedereinführung des Ordnungsrechts an Berliner Hochschulen stößt auf starke Kritik. In einer am Dienstagmorgen veröffentlichten Stellungnahme bezeichnet die die Berliner Studierendenschaft vertretende Landesastenkonferenz den Gesetzesentwurf als „Türöffner“ für ein „Gesinnungsordnungsrecht“. Der Entwurf sei kaum dazu geeignet, Studierende vor Gewalt zu schützen, sondern ermögliche nur neue Repressionsmöglichkeiten.

Anlass für die Novelle des Hochschulgesetzes war ein Angriff auf den jüdischen FU-Studenten Lahav Shapira durch einen Kommilitonen Anfang Februar, dem vermutlich eine politische Auseinandersetzung um den Nahost-Konflikt vorausging. Infolge des Angriffs wurden Forderungen nach der Exmatrikulation des mutmaßlichen Täters laut. Da dieser Schritt nach dem Hochschulgesetz derzeit nicht möglich ist, kündigte Wissenschaftssenatorin Ina Czyborra (SPD) bald darauf an, bis zu Ostern einen Entwurf für eine Novelle dem Abgeordnetenhaus vorzulegen.

Nun bat Czyborras Verwaltung unter anderem die Asten um Stellungnahmen für einen ersten Referentenentwurf. Die Novelle sieht vor, das erst 2021 aus dem Hochschulgesetz entfernte Ordnungsrecht in erweiterter Form wieder einzuführen.

Konkret plant der Senat ein mehrstufiges System, mit dem gewalttätige Übergriffe zwischen Studierenden geahndet werden können. Diese reichen vom Aussprechen von Rügen über den zeitweisen Ausschluss von Lehrveranstaltungen bis hin zur Exmatrikulation. Die Maßnahmen verhängen soll ein neu zu bildender „Ordnungsausschuss“, in dem mindestens ein*e Stu­den­t*in und eine Person mit Befähigung zum Richteramt vertreten sein soll.

Dehnbarer Gewaltbegriff

In der Stellungnahme empfehlen die Asten, den Entwurf komplett abzulehnen. „Der Gesetzentwurf ist ungeeignet und vage“, kritisiert Luca Schenk vom Refrat, der Studierendenvertretung der HU. Die Asten befürchten, dass die Novelle dafür missbraucht werden könnte, politisch aktive Studierende zu drangsalieren. „Gewalt ist rechtlich ein wahnsinnig unbestimmter Begriff, der oft sehr weit ausgelegt wird“, sagt Schenk. Im Zweifelsfall könnte auch Blockaden und Störungen von Veranstaltungen als Gewalt gewertet werden.

TU-Präsidentin Geraldine Rauch befürchtet, dass durch die Ordnungsausschüsse, die über die Fälle urteilen sollen, eine Art Paralleljustizbarkeit an den Hochschulen entsteht. „Dieses Gremium wäre in keiner Weise dafür ausgebildet“, sagt Rauch zur taz. Gerade in Kontexten wie dem Nahost-Konflikt würde ein enormer öffentlicher Druck auf den Mitglieder lasten, Exmatrikulationen auszusprechen. „Das kann sehr schnell nach hinten losgehen“, fürchtet Rauch.

Nach einem abgeschlossenen Strafverfahren wäre dieser Schritt noch nachvollziehbar, doch das Gesetz sieht vor, Exmatrikulationen schon bei einem rechtsgültigen Strafbefehl aussprechen zu können. Das heißt, die beschuldigte Person könnte exmatrikuliert werden, bevor ein entsprechender Prozess überhaupt angefangen hat.

Rauch kritisiert auch das Tempo, mit dem der Senat die Novelle durchpeitschen will. „Es gibt keinen Grund, das so zu übereilen.“ Das Problem, dass Täter und Gewaltbetroffene sich auf dem Campus begegnen, gebe es bei Sexualdelikten schon seit Jahrzehnten.

Andere Lösungen möglich

Die TU-Präsidentin plädiert dafür, die bestehenden Mittel des Hausrechts weiter auszubauen. Bislang könnten Hochschulen Studierenden bis zu sechs Monaten Hausverbot erteilen. Dies müsste bis zum Ende eines Strafverfahrens verlängert werden können. Auch die Asten fordern Maßnahmen, etwa bessere Antidiskriminierungsstrukturen und richterliche Annäherungsverbote. So könnten Betroffene effektiver beschützt werden als durch das Ordnungsrecht.

Der bildungspolitische Sprecher der SPD-Fraktion, Marcel Hopp, verteidigt den Entwurf. „Es geht nicht darum, dass nach Gesinnung exmatrikuliert werden kann.“ Vielmehr wolle man den Hochschulen Handhabe für Fälle wie den Angriff auf Shapira geben. Auch sei das Gesetz ja bisher nur eine „gute Diskussionsgrundlage“. Bis dahin könne noch viel geändert werden.

Wir würden Ihnen hier gerne einen externen Inhalt zeigen. Sie entscheiden, ob sie dieses Element auch sehen wollen.",Jonas Wahmkow,"Hochschulpolitik, Hochschulgesetz, Antisemitismus, Berlin, Schwerpunkt, taz, tageszeitung",2024-03-12,CONTROL_International_Womens_Strike_2017_2024,single,True,1,"De, En, La"
https://taz.de/Zaun-um-Goerlitzer-Park/!5994792/,Die Tageszeitung (taz),Zaun um Görlitzer Park: Schreiner zieht Umsetzung an sich,"Die Umweltverwaltung will den störrischen Bezirk Friedrichshain-Kreuzberg entmachten. Der bezweifelt die Rechtmäßigkeit – und wird wohl klagen.

BERLIN taz | Im Streit um den Zaun rund um den Görlitzer Park in Kreuzberg ist die nächste Runde eröffnet: Die Senatsumweltverwaltung hat dem zuständigen Bezirk Friedrichshain-Kreuzberg das Vorhaben entzogen und die Umsetzung selbst übernommen. Umweltsenatorin Manja Schreiner (CDU) sehe die Voraussetzungen für das Eingriffsrecht erfüllt, weil sich der Bezirk weiter weigere, den Zaunbau durchzuführen, erklärte die Verwaltung am Dienstag.

Die Kritik aus dem Bezirk ließ nicht lange auf sich warten. Bezirksbürgermeisterin Clara Herrmann (Grüne) sagte der taz: „Wir sind über die Art und Weise der Kommunikation und die weiterhin fehlende Rechtsbegründung irritiert.“ Der Schritt habe sich aber in den vergangenen Wochen abgezeichnet, „daher überrascht es nicht, dass der Senat den Bezirk nun entmachtet“, so Herrmann.

Am vergangenen Mittwoch hatte die Umweltverwaltung einen detaillierten Plan der Maßnahmen im Park vorgelegt. Da in Berlin die Bezirke für Grünflächen verantwortlich sind, hatte die Senatorin zugleich das Bezirksamt Friedrichshain-Kreuzberg angewiesen, die Maßnahmen einzuleiten.

Bürgermeisterin Herrmann und Umweltstadträtin Annika Gerold (Grüne) hatten gleichwohl die Zustimmung verweigert, in einem Schreiben „nicht zu überwindende rechtliche Hindernisse“ bemängelt und angekündigt, die Bauarbeiten zu erschweren. So sollen keine Lagerflächen für Bauelemente frei gemacht werden.

Der Streit könnte vor Gericht landen

Der Streit zwischen Senat und Bezirk könnte womöglich bald vor Gericht ausgefochten werden. Das Eingriffsrecht, von dem nun Gebrauch gemacht werden soll, hat rechtliche Hürden. Unter anderem müssen durch die Untätigkeit des Bezirks „dringende Gesamtinteressen Berlins beeinträchtigt“ werden. Der Senat argumentiert, der Görlitzer Park sei ein „Kriminalitätsschwerpunkt“, daher liege es im Interesse ganz Berlins, dagegen vorzugehen. Der Bezirk hingegen bezweifelt die gesamtstädtische Bedeutung des Parks.

Die Grünen-Fraktion in der Bezirksverordnetenversammlung Friedrichshain-Kreuzberg macht deshalb Druck: Der Fraktionsvorsitzende Pascal Striebel kündigte am Dienstag an, in der kommenden Woche mit einem gemeinsamen Antrag mit SPD und Linken das Bezirksamt zu beauftragen, „gegen die Eingriffsentscheidung der Senatsverwaltung zu klagen“.",Hanno Fleckenstein,"Görlitzer Park, Manja Schreiner, Clara Herrmann, Friedrichshain-Kreuzberg, Schwarz-rote Koalition in Berlin, Berlin, Schwerpunkt, taz, tageszeitung",2024-03-12,CONTROL_International_Womens_Strike_2017_2024,single,True,1,"De, En, La"
https://taz.de/Berufung-gegen-den-Verfassungsschutz/!5994848/,Die Tageszeitung (taz),Berufung gegen den Verfassungsschutz: Die Antragsschlacht der AfD,"Darf der Verfassungsschutz die AfD mit nachrichtendienstlichen Mitteln überwachen? Ein Blick in die Verhandlung und auf die juristische Tricks der Anwälte

MÜNSTER taz | Im Foyer des Oberverwaltungsgerichts Münster sitzen zwei überlebensgroße Skulpturen namens „Zwei Menschen“ des koreanischen Künstlers Ung-Pil Byen. Die beiden nackten und geschlechtslosen Figuren kauern wie zwei riesige Steinblöcke in der großen Halle. Eine Figur legt ihren Kopf auf den eigenen Unterarmen ab, die andere hält den Kopf zwischen den Handflächen. Beide wirken am Dienstagnachmittag nicht nur aufgrund ihrer Körperhaltung etwas resigniert bis stoisch-gelangweilt. Denn beide wurden im Tagesverlauf Zeugen eines eher unwürdigen Schauspiels.

Das Oberverwaltungsgericht Münster hat am Dienstag das Berufungsverfahren der AfD gegen das Bundesamt für Verfassungsschutz (BfV) eröffnet. Darin geht die Partei gegen ihre Einstufung als rechtsextremistischer „Verdachtsfall“ durch den Verfassungsschutz vor. Als das Gericht am Morgen pünktlich um 9 Uhr zu dem Verfahren unter dem Titel „AfD gegen die Bundesrepublik Deutschland“ aufruft, wird schon binnen kürzester Zeit klar, welche Taktik die AfD sich für die Berufung ausgesucht hat: die größtmögliche Verzögerung.

Wegen des großen öffentlichen Interesses hat das Gericht den Prozess in die große Halle mit den „Zwei Menschen“ verlegt. Bei dem Mammutverfahren geht es mittlerweile um rund 20 Aktenmetern auf Zehntausenden Seiten, zahlreiche Schriftsätze und eine umfassende Materialsammlung des Verfassungsschutzes, die zahlreiche rassistische und antidemokratische Äußerungen von ranghohen AfD-Politiker*innen enthält. 95 Pres­se­ver­tre­te­r*in­nen sind akkreditiert – die restlichen rund einhundert Plätze nehmen interessierte Zu­schaue­r*in­nen ein.

Vor zwei Jahren hatte das Verwaltungsgericht Köln als Vorinstanz dem BfV recht gegeben. Damals stellten die Richter fest, dass es hinreichende tatsächliche Anhaltspunkte für verfassungsfeindliche Bestrebungen bei der AfD gebe. Das Verfahren gilt als richtungsweisend für den weiteren Umgang mit der AfD – auch mit Blick auf ein mögliches Verfahren zum Parteiverbot sowie eine mögliche Hochstufung der Partei als „gesichert rechtsextremistisch“.

Nach 20 Minuten die erste Unterbrechung

Am Dienstag kommt es schon nach rund 20 Minuten zur ersten Unterbrechung. Bereits vor der Eröffnung der eigentlichen mündlichen Verhandlung beantragt AfD-Anwalt Christian Conrad die Vertagung. Er beklagt die mangelnde „prozessuale Waffengleichheit“, spricht von einer „rechtsstaatswidrigen Informationsasymmetrie“ und bringt auch die auch schon im Vorweg eingebrachten drei Befangenheitsanträge gegen den Vorsitzenden Richter Gerald Buck ein. Es sei nicht möglich gewesen, in der Kürze der Zeit auf die vom Verfassungsschutz Anfang des Jahres neu eingebrachten Dokumente einzugehen – der Geheimdienst habe noch einmal 4.200 Seiten und 116 Stunden Videomaterial eingebracht.

Tatsächlich hat die Partei sich in den letzten zwei Jahren radikalisiert und dem VS dabei eine Fülle an weiterem Material geliefert: Maximilian Krah, AfD-Spitzenkandidat für die Europawahl, beklagte, dass das Land „bunt wie eine Müllhalde“ werde und „Millionen kulturfremde, aggressive Analphabeten aus dem Nahen Osten und Afrika“ importiere.

Zudem predigte er Verschwörungsideologien vom „großen Austausch“, andere AfD-Politiker redeten vom „schleichenden Genozid am Deutschen Volk“ und Björn Höcke forderte schon 2018 in seinem Buch ein groß angelegtes „Remigrationsprojekt“ mit „wohltemperierter Grausamkeit“ und sagte kürzlich, Deutschland werde „auch ohne Probleme mit 20, 30 Prozent weniger Menschen leben können“. Angesichts dessen erscheint vielen Be­ob­ach­te­r*in­nen ein Erfolg der AfD in Münster zumindest unwahrscheinlich zu sein.

Ein Urteil? Fällt womöglich erst Mittwoch

Entsprechend arbeiten sich die AfD-Anträge auch nicht am Verhandlungsgegenstand ab – nämlich wie rechtsextrem die Partei ist –, sondern an den Richter*innen: Man wolle wissen, ob ein Richter schon mal an einer Demonstration gegen die AfD teilgenommen habe, trägt Conrad am Dienstag vor. Genauer wollte die AfD sogar wissen, ob einer der Richter unter den 30.000 Teil­neh­me­r*in­nen war, die anlässlich des Neujahrsempfangs der AfD in Münster demonstrierten.

Der Vorsitzende Richter Buck legt unbeeindruckt sämtliche Anträge der AfD zu den Akten und sagt zur möglichen Teilnahme an einer Demo gegen Rechtsextremismus: „Wir haben uns kritisch hinterfragt: Keiner der hier oben Sitzenden sieht Anlass, irgendwas zu erklären.“ Nach der ersten längeren Beratungspause weist er die Anträge ab, was AfD-Anwalt Conrad freilich nicht davon abhält, nach Wiederaufnahme der Sitzung gleich den nächsten Befangenheitsantrag zu stellen. Diesmal gegen alle Rich­te­r*in­nen des 5. Senats, woraufhin die nächste Unterbrechung folgt.

Fundiert sind die Befangenheitsanträge aus Sicht des Gerichts aber nicht: Den Befangenheitsantrag gegen den gesamten Senat lehnt das Gericht gar „als rechtsmissbräuchlich“ ab. Die AfD setzt bei der Antragsschlacht wohl auch darauf, mögliche Verfahrensfehler seitens des Oberverwaltungsgerichts zu produzieren. Diese könnten der Partei in der nächsten Instanz, bei der Revision beim Bundesverwaltungsgericht, helfen.

Es folgen weitere Verzögerungen: So fordert die AfD, die Öffentlichkeit auszuschließen – für die Beratung über den Antrag müssen daraufhin sämtliche Zu­schaue­r*in­nen das Foyer verlassen und eine gute halbe Stunde im Regen von Münster ausharren, ehe das Gericht auch diesen Antrag zurückweist und die Zu­schaue­r*in­nen wieder in den Saal lässt.

Am späten Nachmittag schließlich kam die Verhandlung besser voran, was auch an der Hartnäckigkeit des Gerichts lag: Als die AfD gegen 18 Uhr beantragte, für den Tag Schluss zu machen, schlug der Vorsitzende Buck eine kurze Kaffeepause vor und sagte aber, dass der Senat danach weiterverhandeln wolle: „Eine Mondscheinsitzung wollte ich nicht, aber wir können noch etwas weitermachen.“

AfD will „presserechtliche Maßstäbde“ fürs Bundesverfassungsgericht

Fragen, die nachmittags verhandelt wurden, waren etwa das Argument der AfD, viele der Äußerungen aus der Materialsammlungen seien nicht strafrechtlich relevant. Das parierte des BfV-Anwalt damit, dass man nicht im Bereich des Strafrechts sei.

An anderer Stelle behauptete der AfD-Anwalt, dass das Bundesverfassungsgericht presserechtliche Maßstäbe an ihre Berichterstattung anlegen müsste und bei einer „Verdachtsberichterstattung“ die AfD befragen und zitieren müsse. Rothi hielt auch hier dagegen: Der Verfassungsschutz betreibe keine Verdachtsberichterstattung, nur weil er das Wort Verdacht verwende.

Eine spannende Frage war, wo legitime Staatskritik endet. Weiterer AfD-Einwand: Der Verfassungsschutz habe nicht genügend abgewogen, ob die kompromittierten Äußerungen nicht auch anders gemeint hätten sein können. Man müsse jede in der Materialsammlung auftauchende Person eigentlich als Zeugen hören, forderte AfD-Anwalt Conrad. Roth sagte: Natürlich müssten Aussagen im Kontext betrachtet werden, aber: „Viele der Aussagen sind so eindeutig, die muss man nicht weiter auslegen“, so Roth. Wenn AfD-Mandatsträger hundertfach und bewusst von „Corona-Diktatur“ sprächen, gehe es nicht darum, Kritik an einzelnen Maßnahmen zu äußern. Sondern eben darum, mit einem Diktaturvorwurf die Regierung als totalitär darzustellen. Wenn man vom „Ermächtigungsgesetz 2.0“ spreche, ginge es darum, die Parlamente zu delegitimieren.

Die Verzögerungstaktik wollte die AfD jedoch weiter durchziehen: Gegen 19 Uhr schließlich drohten die AfD-Anwälte mit 210 Beweisanträgen für den nächsten Verhandlungstag. Man rechne mit 25 Stunden – allein um diese einzubringen. „Das klingt mir nach einer missbräuchlichen Beantragung von Beweisanträgen, wenn man das schon so ankündigt“, antwortete BfV-Anwalt Roth, offenkundig genervt. In den Anträgen sollte es auch darum gehen, inwiefern das vom Verfassungsschutz vorgelegte Material selbst unter der Mitwirkung von V-Personen und Quellen entstanden sei, was die AfD auch im Vorfeld des Prozesses suggeriert hat. Hier zog das Bundesamt nach der Ankündigung durch die AfD überraschend blank: Es gab an, dass lediglich 2 der mehreren Tausend Belege menschliche Quellen des Verfassungsschutzes beinhalteten, beide seien nicht auf Bundes- oder Landesebene und vor dem Jahre 2020 angefallen. Das Bundesamt habe zu keinem Zeitpunkt steuernden Einfluss gehabt, die AfD auch nicht hinsichtlich ihrer Prozesstaktik ausgespäht.

Ein Ende der Antragsschlacht war bei Verhandlungsschluss am Dienstagabend kurz vor acht jedenfalls nicht in Sicht. Das Verfahren ist für zwei Tage angesetzt, möglicherweise fällt am Mittwoch ein Urteil. Die „zwei Menschen“ dürfte auch das kaum stören.",Gareth Joswig,"Bundesamt für Verfassungsschutz, Verfassungsschutz, Verfahren, Berufung, Nachrichtendienst, Alternative für Deutschland (AfD), Deutschland, Politik, Schwerpunkt, taz, tageszeitung",2024-03-12,CONTROL_International_Womens_Strike_2017_2024,single,True,1,"De, En, La"
https://taz.de/Graphic-Novel-Die-Diebin/!5995687/,Die Tageszeitung (taz),Graphic Novel „Die Diebin“: Töchter mit Geheimnissen,"Die Romantic Comedy lebt: Die französische Zeichnerin Lucie Bryon erzählt in der Graphic Novel „Die Diebin“ von jungen Frauen und Klassengegensätzen.

Boy meets girl: Auf dieser schlichten Zauberformel beruht das Genre der Romantic Comedy. Zwei treffen einander, verlieben sich, alles ist super und lustig, dann gibt’s, kurz vor Schluss, eine Krise, aber das Happy End ist unvermeidlich. Das alles überwölbende Ideal ist die monogame Liebesehe, und dass das Liebespaar weiß und strikt hetero ist, versteht sich von selbst.

So hat es im Kino lange funktioniert – heute jedoch, im Zeichen von Diversity und #MeToo, nicht mehr so recht. Dass die RomCom dennoch nicht tot ist, sondern unter veränderten kulturellen Voraussetzungen durchaus ihren Charme bewahren kann, zeigt sich in „Die Diebin“, der sehr unterhaltsamen Graphic Novel der französischen Zeichnerin Lucie Bryon.

Ella steht kurz vor dem Abi­tur. Sie ist über beide Ohren in ihre Mitschülerin Madeleine verliebt. Auf einer Party in einem großen Privathaus gelingt es ihr endlich, über das stumme Anhimmeln aus der Ferne hinweg zu kommen und einen ersten, flüchtigen Kontakt zu knüpfen. Leider betrinkt Ella sich danach hemmungslos und klaut im Vollrausch einige wertvolle Gegenstände aus einem Zimmer, in das sie auf der vergeblichen Suche nach einem WC geraten ist.

Lucie Bryon ist vom Manga beeinflusst

Am nächsten Morgen klingelt Madelaine bei der verkaterten Ella. Wie sich schnell herausstellt, erwidert diese ihre Zuneigung. Alles könnte bestens sein, allerdings muss Ella erfahren, dass das vornehme Anwesen, in dem die Party stattgefunden hat, Madeleines Elternhaus ist. Die entwendeten Sachen stammen somit aus Madeleines Zimmer. Was soll Ella nun tun? Soll sie gestehen, dass sie etwas Unrechtes getan hat, und damit ihre Liebe gefährden? Aber auch Madeleine, die höhere Tochter, hat, wie sich zeigt, Geheimnisse, die sie sorgfältig zu verbergen sucht.

Die Handlung in „Die Diebin“ wartet mit mehreren unerwarteten Wendungen auf, die allerdings nicht nur dazu dienen, die Spannung zu erhöhen, sondern auch die Figuren komplexer zu gestalten. Was deren zeichnerische Darstellung betrifft, besonders in Bezug auf Gesichtszüge und Mimik, ist Lucie Bryon stark vom Manga beeinflusst. Vorgänge im Innern verbildlicht sie gerne als visuelle Metaphern: So zeigt sie etwa die von ihren Gefühlen für Madelaine überschwemmte Ella in einer großen Welle treibend, die an die Woge des Hokusai erinnert.

Ein wenig geht es in „Die Diebin“ auch um Mobbing und Klassengegensätze und darum, wie wichtig Aufrichtigkeit und Vertrauen in einer Beziehung sind – primär ist dieser Comic aber die schwungvolle „Feelgood-Romanze“. als die er auf dem Backcover beworben wird.",Christoph Haas,"Graphic Novel, Französischer Comic, lesbisch, Buch, Kultur, taz, tageszeitung",2024-03-12,CONTROL_International_Womens_Strike_2017_2024,single,True,1,"De, En, La"
https://taz.de/Kunstausstellung-Kryptomania/!5997262/,Die Tageszeitung (taz),Kunstausstellung „Kryptomania“: Glitch im Verwertungszyklus,"Diese Kunstausstellung in Friedrichshafen nähert sich humorvoll dem Thema Blockchain. Das Publikum muss sich durchschlagen wie durch einen Dschungel.

Der Bitcoin ist sicher. So hat es zumindest das Portal „Bitcoin Uptime“ errechnet: 99,9887091422 Prozent der gesamten Zeit war das Netzwerk der virtuellen Währung erreichbar. Doch was heißt schon sicher? Sobald man die Kriterien ändert, um die zwischenzeitlich massiv abgestürzte Digitalwährung zu bewerten, geraten sicher geglaubte Annahmen rasch ins Wanken.

„Kryptomania. Die Verheißungen der Blockchain“ im Zeppelin Museum Friedrichshafen nähert sich dem viel diskutierten wie kaum durchdrungenen Thema künstlerisch, technisch und gesellschaftlich an. Aufgebaut ähnlich einem Dschungel, durch den sich das Publikum mehr assoziativ denn chronologisch durchschlägt. So greift die Ausstellungsarchitektur auch formal eine der im Titel anklingenden Verheißungen auf: Alles dezentral. Zwar gibt es Kapitel, die Themen und Aspekte bündeln. Doch überschneiden sich diese im Vorbeilaufen, grätschen Aspekte des einen Schwerpunkts in die Videoarbeit des anderen und vice versa.

Ein walisischer Schafbauer berichtet, sein Geld heute vor allem mit dem Mining, also dem „Schürfen“ virtueller Währungen zu verdienen. Auf dem Hometrainer nebenan lässt sich ein Missverständnis hierzu schnell ausräumen – es gibt keine virtuelle ohne physische Welt. Alles Gold, das digital generiert wird, benötigt derzeit Unmengen an realer Energie. Für Bitcoin, Ethereum oder Doge­coin müsste man wohl Jahre strampeln.

Widersprüche aus Heilsversprechen und Horrorvisionen

Dem utopischen Potenzial stehen handfeste Hürden im Weg. „Selbst der durchschnittliche Krypto-Mensch weiß nicht im Detail, wie Blockchain funktioniert“, sagte der Gaming-Star und Politkommentator Steven Kenneth Bonnell II einmal, „Ich sehe nicht, wie wir hier mehr Vertrauen haben können und nicht weniger.“ Vertrauen scheint das Kernproblem zu sein, auch in Friedrichshafen. Unbestechlich ausformuliert von Besucherinnen und Besuchern auf großen Mitmach­tafeln: Wem oder was vertraust du? „Niemand!“ Oder: „Meiner Freundin Anne.“ Diese Gleichzeitigkeit widersprüchlicher Aspekte zeichnet die Ausstellung aus.

Dabei bildet die Möglichkeit, Informationen fälschungssicher und für immer nachvollziehbar zu speichern, eine wichtige Eigenschaft der Blockchain-Technologie. Eine vorsichtige Utopie gegen Fake News – ob die jene erreicht, die ohnehin nicht mehr an der realen Welt interessiert sind, steht auf einem anderen Blatt. Wer an Elon Musk denkt oder an autokratische Staaten weltweit, möchte derzeit eher nicht auf die demokratisierenden Potenziale einer virtuellen Technologie allein hoffen. Aber die Verheißungen, das zeigt diese Ausstellung, rufen laut.

Die Widersprüche aus Heilsversprechen und Horrorvisionen muss die Kunst nicht auflösen. Besonders pointiert hier in Form des „Non-Fungible-Comic“ von Julia Schneider aka docjsnyder und Noëlle Kröger, die einige ihrer giftgrünen und schwarzen Grafiken großformatig präsentieren. Darin überlegen sie in poppig vereinfachten Text-Bild-Kombinationen, wie und ob Non Fungible Tokens (NFTs), also die digitalen Unikatkunstwerke, tatsächlich die Verwertungszyklen zugunsten von Künstlerinnen und Künstlern umgestalten könnten: „Des Kaisers neue Kleider oder der Ausdruck einer digitalen Revolution?“

Zeitkarten der MuseumsaufseherInnen werden zu NFTs

Einer Art Hacking-Strategie für den analogen Raum bedient sich Looty. Das Kunstkollektiv spürt Raubkunst in britischen Museen auf – darunter die zum allgemein bekannten Unrechtssymbol gewordenen Benin-Bronzen –, scannt sie durchs Vitrinenglas ab und lässt die Bilder anschließend ins Ursprungsland respektive dessen Nachfolgestaat restitutieren – auch in Form von NFTs.

Unmittelbar partizipieren kann man an „SHIFT“ von Géraldine Honauer. Die Schweizer Künstlerin macht gestempelte Zeitkarten der MuseumsaufseherInnen zu virtuellen NFTs, die während der Ausstellungsdauer kostenfrei erworben werden können. Bei späterem Wiederverkauf fließt ein Teil der Erlöse als Tantiemen an die Beteiligten.

Lässt sich dem Hype um virtuelle Währungen und NFTs noch eine ironische Überhöhung abtrotzen? Florian Meisenberg wirft seinen Schnuckicoin ins Rennen: Eine Installation als spekulative Anordnung des Künstlers in von Galeristen unabhängiger Autarkie. Die blonde Blockfrisur auf dem krakeligen Selbstporträt lässt Meisenberg unzweifelhaft erkennen, links und rechts pflastern Eukaryot-ähnliche NFTs das Bild.

Auf dem Boden davor ein schwarzer Trichter. Wirft man Geldmünzen hinein, sind die bald darauf weg – verschwunden in der Black Box. Doch das Hineinwerfen erzeugt einen hörbaren Ton und hernach Energie, die zur Generierung der künstlereigenen Währung herangezogen werden soll. Für eine Handvoll Taler entsteht so ein völlig frei drehender, zumindest künstlerisch wertvoller Schnuckicoin.",Katharina J. Cichosch,"Kunst, Blockchain, Kryptowährung, Künste, Kultur, taz, tageszeitung",2024-03-12,CONTROL_International_Womens_Strike_2017_2024,single,True,1,"De, En, La"
https://taz.de/Stefan-Gelbhaar-ueber-Verkehrssicherheit/!5994863/,Die Tageszeitung (taz),Stefan Gelbhaar über Verkehrssicherheit: „Dramatische Unfälle vermeiden“,"Ein tödlicher Autounfall in Berlin wirft Fragen über Verkehrssicherheit auf. Nicht nur Gesundheitstests seien wichtig, betont Grünen-Politiker Gelbhaar.

taz: Herr Gelbhaar, nach dem tödlichen Unfall auf der Leipziger Straße in Berlin hat Ihre Fraktion verpflichtende Gesundheitstests für ältere Au­to­fah­re­r:in­nen gefordert. Warum?

Stefan Gelbhaar: Gesundheitstests in bestimmten Intervallen sind seit langem ein Thema, unabhängig von diesem Unfall. Fahranfänger und Menschen in höherem Alter verursachen pro gefahrenem Kilometer die meisten Unfälle im Straßenverkehr – die Älteren trotz langjähriger Fahrerfahrung. Das kann an verminderter Sehkraft liegen, die Reaktionsfähigkeit nimmt im Alter ab … Da ist kein Vorwurf dabei, aber es ist eben so. Ab dem Erhalt des Führerscheins ist es daher sinnvoll, in bestimmten Abständen die Gesundheit zu testen, insbesondere die Sehkraft. Da geht es aber nicht nur um ältere Menschen. Einen Grauen Star kann man auch schon in jungen Jahren kriegen.

Es wird davon ausgegangen, dass der 83-jährige Autofahrer auf der Leipziger Straße auf den Radweg ausgewichen ist, um einen Stau zu umfahren, und dabei eine Frau und ihr Kind erfasst hat. Beide starben. Der Fahrer hat also mutmaßlich bewusst Verkehrsregeln gebrochen. Eignet sich der Fall, um die Debatte über verpflichtende Gesundheitstests anzustoßen?

Der Tod zweier Menschen gebietet zum einen: innehalten. Da sind zwei Menschen gestorben. Die Angehörigen sind massiv traumatisiert, viele Menschen sind betroffen. Vorschnelle Forderungen helfen nicht, im Gegenteil. Zum anderen muss man präzise untersuchen, was passiert ist. Lässt sich daraus vielleicht allgemein ableiten, wie solche Unfälle reduziert werden können? Im deutschen Straßenverkehr sterben täglich sieben bis acht Menschen, im Durchschnitt. Diese Zahl ist viel zu hoch. Also muss alles auf den Tisch, was hilft, diese dramatischen Unfälle zu vermeiden.

Würde bei verpflichtenden Gesundheitstests auch die psychische Gesundheit der Au­to­fah­re­r:in­nen untersucht?

Das Verkehrsministerium ist einen Vorschlag schuldig, wissenschaftlich fundiert und alltagstauglich. In welchen Zyklen sind zum Beispiel Sehtests beim Optiker sinnvoll und machbar? Das ist wirklich relevant für die Verkehrssicherheit in Deutschland. Wenn ein Fahrer viele Punkte in Flensburg gesammelt hat, wird ihm unter Umständen die Fahrerlaubnis entzogen. Um sie wieder zurück zu erhalten, muss er medizinisch-psychologische Untersuchungen erfolgreich absolvieren. Regelmäßige Gesundheitstests hingegen überprüfen die Reaktionsfähigkeit, die Hörkraft oder, wie gesagt, die Sehkraft.

Welche Möglichkeiten gibt es noch, Menschen im Straßenverkehr besser zu schützen – auch vor mutwilligen Regelbrüchen?

Das große Thema ist die Infrastruktur: Fuß- und Radwege können von der Fahrbahn der Autos abgegrenzt werden. Auf der Schönhauser Allee in Berlin gibt es zum Beispiel Bodenschwellen zwischen der Spur für Autos und dem Fahrradweg. Auf der Holzmarktstraße stehen Poller. Beide haben eine sehr klare Abgrenzungsfunktion. Fehlverhalten, fahrlässig oder bewusst, wird damit verhindert und schwere Unfälle werden reduziert.

Was ist mit Tempolimits?

Nicht nur die erlaubte Geschwindigkeit ist wichtig, sondern auch die Kontrolle dieser Geschwindigkeit. Es hilft nicht, Tempo-30-Schilder aufzuhängen, wenn alle wissen, dass das eh nicht kontrolliert wird. In Berlin zum Beispiel sollte dort, wo viele Unfälle passieren oder viele Menschen unterwegs sind, konsequenter die Geschwindigkeit kontrolliert werden. Der aktuelle Senat lässt die Verkehrssicherheit schleifen.",Nanja Boenisch,"Verkehrssicherheit, Verkehrstote, Unfall, Bündnis 90/Die Grünen, Autofahrer, Verkehr, Öko, taz, tageszeitung",2024-03-12,CONTROL_International_Womens_Strike_2017_2024,single,True,1,"De, En, La"
https://taz.de/Ukrainische-Fussball-Liga/!5994854/,Die Tageszeitung (taz),Ukrainische Fußball-Liga: Alarm auf der Tribüne,"In der Ukraine wird wieder vor Zuschauern gekickt. Auch wenn das zur Ablenkung dienen soll, ist der Krieg bei den Spielen allgegenwärtig.

RIWNE taz | Die Zuschauer sind zurück in den Stadien der Ukraine. Zwei Jahre nach Beginn des russischen Angriffs auf die Ukraine gab es erste Spiele, bei denen wieder Zuschauer zugelassen waren. Eine der ersten Partien, zu denen Fans zugelassen wurden, fand in Riwne in der Westukraine statt. „So viele Zuschauer haben wir das letzte Mal 2019 vor der Coronapandemie im Stadion gesehen“, meint Alexander Kutscherenko, Fußballer beim Erstigaklub Weres Riwne. In der Tat galten für die Spiele der Saison 2020/21 noch Coronabeschränkungen. Dann flogen schon Raketen und Bomben auf ukrainische Städte.

Als im August 2022 der Spielbetrieb wieder aufgenommen worden ist, wurden Fangesänge bei Weres Riwne vom Band eingespielt – so wie man es auch zu Coronazeiten gemacht hat. Vor zwei Wochen nun wurden die Spieler vor der Partie gegen den FK Kolos, einen Dorfklub aus der Gegend um Kyjiw, wieder von echten Fans mit ihren Trommeln im Stadion begrüßt. Doch nicht überall konnte man sich dazu durchringen, Fans wieder zuzulassen. Beim Spiel Dnipro gegen Minaj in Frontnähe ließen die örtlichen Behörden keine Zuschauer zu. Das war wohl auch besser so: das Spiel musste zweimal wegen Luftalarm unterbrochen werden.

Etliche Fußballklubs fordern schon seit der Wiederaufnahme des Spielbetriebs, zumindest einen Teil der Tribünen mit Zuschauern besetzen zu dürfen. Ums Geld geht es dabei nur am Rande. Die Einnahmen aus Eintrittsgeldern decken gerade einmal die Betriebskosten am Spieltag selbst.

Die Vereine wollten einfach, dass die Stadien in Kriegszeiten nicht still und leer sind. Sie erinnerten daran, dass Präsident Wolodymyr Selenskyj den Restart der Liga als Versuch einer teilweisen Rückkehr zum „normalen Leben“ bezeichnet hatte. Weres Riwne gehörte von Anfang an zu den Klubs, die sich für Fans auf den Tribünen ausgesprochen haben.

Bedenken der Militärs

Es ist der erste Verein in der Ukraine, der eine Aktiengesellschaft gegründet hat, dessen Anteile frei gehandelt werden können. Weres hat es sogar geschafft, einen Teil seines neuen Stadions mit 10.000 Sitzplätzen während des gerade tobenden Krieges fertigzustellen. „Wenn große Konzerte stattfinden dürfen, Theater und Kinos geöffnet sind, warum gibt es dann ein Zuschauerverbot im Fußball?“, fragte Klub-Präsident Igor Na­dein und stellte fest: „Fußballer spielen für ihre Fans.“

Vor allem Militärs und Beamte aus der Verwaltung hielten nichts von solchen Ideen. Einige Spielorte in der Eliteliga wie Dnipro, Kryvyi Rih, Olexandrija, Odessa, Kyjiw oder Poltawa können von russischen Raketen innerhalb von 10 bis 15 Minuten erreicht werden. Spieler und Schiedsrichter lassen sich dann schnell und problemlos in einen Luftschutzbunker ­evakuieren. Wie aber ist das dann bei mehreren Hundert oder gar Tausenden Fans möglich? Diese Frage stand im Raum.

Und doch kam man Nadein und anderen Klubpräsidenten entgegen. Im Winter 2024 hat das Sportministerium neue Regelungen für die Durchführung von Sportwettkämpfen erarbeitet. So soll ein Luftschutzkeller nicht weiter als 500 Meter vom Stadion entfernt liegen. Er sollte in 10 Minuten in normalem Schritttempo zu erreichen sein. Es werden nur so viele Zuschauer zugelassen, wie in dem Schutzraum Platz haben. Werden mehr als 1.000 Zuschauer erwartet, müssen alle Fans durch Metalldetektoren ins Stadion geschleust werden. Und ohne Zustimmung der örtlichen Militärverwaltung geht sowieso gar nichts.

Weres Riwne durfte 1.200 Tickets für das Spiel gegen Kolos verkaufen. Die Karten für umgerechnet 5 Euro waren schnell verkauft. Die Spieler meinten nach der Partie, sie seien überwältigt gewesen von der Stimmung. Der Krieg hat natürlich auch seine Rolle gespielt an jenem Nachmittag.

Gedenkminute für die Gefallenen

Die Spieler liefen in Nationalflaggen gehüllt aus dem Tunnel aufs Feld und wie mittlerweile vor jedem Spiel wurde die Nationalhymne gespielt. Auch eine Gedenkminute für die im Krieg mit Russland Gefallenen wurde abgehalten. Den symbolischen Anstoß führte der ehemalige Weres-Torhüter Swjatoslaw Sirota aus. Der wurde an der Front verwundet und lief in Uniform aufs Feld. Auftritte von Veteranen gehören bei Spielen in der Ukraine mittlerweile zum Alltag.

Doch in Riwne gab es noch mehr Symbolik. In der 24. Minute sang das ganze Stadion das Lied „Two Colors“, die inoffizielle Hymne des Klubs, dessen Farben – wie im Lied – Rot und Schwarz sind. Rot und Schwarz, das waren auch die Farben der Ukrainischen Aufständischen Armee, die sich in den 1940er Jahren zunächst den deutschen Besatzern angeschlossen und später gegen die Wehrmacht und die Sowjetarmee auch in der Gegend um Riwne für eine unabhängige Ukraine gekämpft hat. Einen Luftalarm hat es gottlob an diesem Tag nicht gegeben.

Am Ende hat Weres Riwne mit 0:2 gegen die Gäste verloren. Dennoch war sich Jewgenyj Kutschin, der Pressesprecher des Klubs, nach dem Spiel sicher: „Nächstes Mal werden nicht weniger Leute ins Stadion kommen als heute. Die Leute vermissen Fußball.“",Juri Konkewitsch,"Krieg in der Ukraine, Sport, Schwerpunkt, taz, tageszeitung",2024-03-12,CONTROL_International_Womens_Strike_2017_2024,single,True,1,"De, En, La"
https://taz.de/Ukrainische-Gelaendegewinne/!5994812/,Die Tageszeitung (taz),Ukrainische Geländegewinne: Russland ist verwundbar,"Trotz der lahmenden Unterstützung macht die Ukraine Geländegewinne und trifft das russische Hinterland. Die Partner sollten der Ukraine vertrauen.

Die Debatten über Kriegsverlauf oder gar Kriegsende in der Ukraine nehmen dieser Tage international merkwürdige Wendungen an. Der Papst rät den Ukrai­ne­r:in­nen, die weiße Flagge zu hissen, der deutsche Kanzler Olaf Scholz verstrickt sich in einem nicht enden wollenden Debakel um die Nichtlieferung von Taurus-Marschflugkörpern, der ungarische Präsident Victor Orbán plaudert nach einem Besuch bei Ex-US-Präsident Donald Trump aus, dass dieser keinen Cent für die Ukraine ausgeben will. Sofern er erneut Präsident der USA werden würde.

Während diese Akteure suggerieren, das Kriegsgeschehen könnte sich an ihren Äußerungen entscheiden, ­werden Tatsachen in der Ukraine selbst geschaffen. Einmal mehr wird klar, dass der ukrainische Präsident Wolodymyr Selenskyj nicht darauf warten will, ob ihm die Verbündeten, die EU oder gar die Weltgemeinschaft vertrauen und entsprechend handeln oder sich lieber in Verzögerungsdiskussionen suhlen.

Es ist ein äußerst geschickter Schachzug, dem Aggressor Putin nur wenige Tage vor den sogenannten Präsidentschaftswahlen in Russland zu zeigen, dass die Ukraine noch immer zu strategisch wichtigen Angriffen in der Lage ist. Bestes Beispiel sind Bilder einer brennenden Ölraffinerie in der russischen Region Nischni Nowgorod, verursacht offenbar durch einen ukrainischen Drohnenangriff.

Die Strategie der kleinen Nadelstiche, wie sie über den Kriegsverlauf hinweg mehrfach zum Einsatz kam, scheint aufzugehen.

Russland ist verwundbar. Auch wenn internationale Partner dies in den vergangenen Wochen häufig anders darstellten. Braucht es noch mehr Vertrauensbeweise aus der Ukraine?

Die vollmundigen Ankündigungen, etwa seitens der EU-Partner, Waffen sowie Munition zu schicken, sollten dringend an Fahrt aufnehmen. Die USA haben am Dienstagabend deutscher Zeit bekanntgegeben, der Ukraine Waffen im Wert von rund 300 Millionen US-Dollar aus den Pentagonbeständen bereitzustellen. Das ist nicht genug, doch das 60-Milliarden-Dollar-Paket von Joe Biden wird von den Republikanern blockiert. Innenpolitischer Zwist dieser Art sowohl in Deutschland als auch in den USA muss zu einem Ende kommen. Unwägbarkeiten gibt es an der tatsächlichen Front genug.",Tanja Tricarico,"Waffenlieferung, Russland, Olaf Scholz, Krieg in der Ukraine, Europa, Politik, Schwerpunkt, taz, tageszeitung",2024-03-12,CONTROL_International_Womens_Strike_2017_2024,single,True,1,"De, En, La"
https://taz.de/Umbau-der-fossilen-Industrie/!5994867/,Die Tageszeitung (taz),Umbau der fossilen Industrie: Grüner soll die Aussicht sein,"Die Klimaschutzverträge kommen – in Deutschland können sich Firmen um Subventionen bewerben. Die Bedingung? Sie müssen ihren CO2-Ausstoß reduzieren.

BERLIN taz Die hiesige Industrie arbeitet größtenteils mit fossilen Energien. Doch in gut 20 Jahren soll sie überwiegend klimaneutral sein. Damit die Unternehmen diesen Übergang schaffen und nicht abwandern, wird ihnen der Staat ab jetzt zusätzliche finanzielle Unterstützung anbieten. Das Instrument der sogenannten Klimaschutzverträge, das Bundeswirtschaftsminister Robert Habeck (Grüne) am Dienstag präsentierte, geschieht auch mit Blick auf die Subventionen an die Wirtschaft, die in den USA gezahlt werden.

In Deutschland produzierende Firmen, beispielsweise der Stahl-, Zement-, Chemie- oder Glasindustrie, die viel Energie verbrauchen und hohe Emissionen verursachen, können sich ab jetzt im Rahmen von Ausschreibungen um staatliche Zuschüsse bewerben. Die günstigsten Gebote für die Einsparung von klimaschädlichem Kohlendioxid erhalten den Zuschlag. Unternehmen bekommen eine Förderung, wenn sie in der Produktion etwa Erdgas durch grünen Wasserstoff ersetzen. Der Staat übernimmt dabei vorübergehend die im Vergleich zur konventionellen Herstellung höheren Kosten. Sinken die Produktionsausgaben unter eine vorher vereinbarte Schwelle, müssen die Firmen Geld zurückzahlen. Habeck sprach von einem „superkosteneffizienten“ Verfahren – der Staat werfe kein Geld zum Fenster hinaus.

Dieser Mechanismus der staatlichen Förderpolitik ist neu. Im vergangenen Jahr nahmen knapp 100 Firmen an einem Vorverfahren teil. Diese können sich nun an der ersten Ausschreibungsrunde beteiligen. Voraussichtlich drei weitere Runden mit anderen Unternehmen werden folgen. Die Verträge zwischen Staat und Wirtschaft haben eine Laufzeit von 15 Jahren.

Vier Milliarden Euro in der ersten Runde

Für die erste Runde stehen vier Milliarden Euro zur Verfügung. 19 weitere Milliarden Euro sind im Haushaltsplan 2024 für die Zukunft schon festgelegt. Da es auch in früheren Bundesetats bereits Verpflichtungen für dieses Programm gab, konnte Habeck von einem „mittleren zweistelligen“ Milliardenbetrag sprechen, der im Klima- und Transformationsfonds der Bundesregierung insgesamt für die Klimaschutzverträge zur Verfügung stehe. Für das Wirtschaftsministerium genießt das Programm eine hohe Priorität – anscheinend hat es deshalb die jüngsten Kürzungen in Klimafonds und Haushalt mehr oder weniger unbeschadet überlebt.

Nach Ansage von Habeck ist Deutschland das „erste Industrieland“ weltweit und der „erste EU-Staat, der dieses innovative Instrument zur Dekarbonisierung seiner Industrie einsetzt“. Weil es sich um Subventionen handelt, die Unternehmen anderer Staaten benachteiligen können, brauchte es eine Genehmigung durch die Europäische Kommission.

Die Klimaschutzverträge richten sich an Großunternehmen, aber auch an mittlere Firmen. Diese können sich zu Konsortien zusammenschließen, um an den Ausschreibungen teilzunehmen. Bis 2045 soll das Programm den Ausstoß von etwa 350 Millionen Tonnen Kohlendioxid vermeiden helfen. Das ist ungefähr die Hälfte der derzeitigen Gesamtemission Deutschlands in einem Jahr.

Obwohl es sich um ein massives Subventionsprogramm handelt, hat auch die FDP ihren Segen erteilt. Lukas Köhler, Fraktionsvize der Liberalen im Bundestag, nannte die Verträge mit Blick auf die Ausschreibungen ein „wettbewerbskonformes Instrument“. Außerdem sei die „Technologieoffenheit“ gewährleistet. Soll heißen: Nicht nur neue Produktionsverfahren mit grünem Wasserstoff erhalten Geld, sondern auch solche mit blauem Wasserstoff, welcher aus fossilem Erdgas gewonnen wird. Diesen Punkt kritisiert dagegen die Umweltorganisation Greenpeace. Deutschland-Chef Martin Kaiser fordert, dass nur mit Wind- oder Solarenergie erzeugter, grüner Wasserstoff eingesetzt werden dürfe.

„Fairer Deal zwischen Industrie und Staat“

„Es ist höchste Zeit, dass vor allem die energieintensive Industrie mit Maßnahmen unterstützt wird, die Planungssicherheit zu stabilen und wettbewerbsfähigen Preisen gewährleistet“, sagte Jürgen Kerner, der Zweite Vorsitzende der Industriegewerkschaft Metall. „Die Bundesregierung muss sich stärker um den Erhalt von gefährdeten Industriearbeitsplätzen bemühen.“ Zustimmung zu den Klimaverträgen signalisierte auch der Geschäftsführer des Verbandes der Chemieindustrie, Wolfgang Große Entrup: „Es wäre klug, sie als langfristiges Instrument zu etablieren.“ Das Deutsche Institut für Wirtschaftsforschung in Berlin lobte das Verfahren als „fairen Deal zwischen Industrie und Staat“.

Neben den Klimaschutzverträgen existieren weitere EU-genehmigte Subventionsprogramme. Aus diesen soll Thyssenkrupp in Duisburg 2 Milliarden Euro erhalten, um Stahl mittels grünen Wasserstoffs herzustellen anstatt mit Kokskohle. Die Firma Northvolt bekommt fast 1 Milliarde Euro für eine neue Fabrik für E-Auto-Batterien in Schleswig-Holstein – mittels eines Programms, das die Subventionen Chinas und der USA in diesem Sektor ausgleichen soll.

Wir würden Ihnen hier gerne einen externen Inhalt zeigen. Sie entscheiden, ob sie dieses Element auch sehen wollen.",Hannes Koch,"Klimaneutralität, Klimaschutzziele, Stahlindustrie, CO2-Ausstoß, CO2, Klimawandel, Ökonomie, Öko, Schwerpunkt, taz, tageszeitung",2024-03-12,CONTROL_International_Womens_Strike_2017_2024,single,True,1,"De, En, La"
https://taz.de/Bezahlkarte-fuer-Gefluechtete/!5994899/,Die Tageszeitung (taz),Bezahlkarte für Geflüchtete: Grüne wollen „ganz in Ruhe“ beraten,"Die FDP drängelt und schließt Kompromisse aus. Trotzdem wird die Ampel im Bundestag keinen schnellen Beschluss zur Bezahlkarte fällen.

BERLIN taz | Die FDP wollte schnell fertig werden, die Grünen nehmen aber Tempo raus: Der Bundestag wird in der laufenden Sitzungswoche keine Gesetzesgrundlage zur Bezahlkarte für Asyl­be­wer­be­r*in­nen schaffen. „Es stellen sich noch Fragen“, sagte Grünen-Fraktionschefin Britta Haßelmann am Dienstag. „Wir gucken uns das gerade ganz in Ruhe an auf Ebene der Berichterstatterinnen und der stellvertretenden Fraktionsvorsitzenden. Dort wird gründlich beraten.“

Damit stellte sie sich gegen FPD-Fraktionschef Christian Dürr, der vergangene Woche gefordert hatte, im Schnellverfahren bis spätestens Freitag im Parlament abzustimmen.

Die Mi­nis­ter­prä­si­den­t*in­nen der Länder hatten sich schon im Herbst darauf geeinigt, bundesweit Bezahlkarten für Geflüchtete einzuführen. Statt Bargeld sollen sie finanzielle Leistungen über eine Karte erhalten und mit dieser einkaufen. Je nach Ausgestaltung sind solche Karten nur regional gültig und nicht dafür geeignet, Geld abzuheben. Strittig war lange Zeit, ob für die flächendeckende Einführung ein Bundesgesetz geändert werden muss. Am 1. März gaben aber die Grünen in der Bundesregierung ihren Widerstand in der Frage auf und das Kabinett einigte sich auf einen Formulierungsentwurf für den Bundestag.

Im Parlament wird ab dieser Woche aber weiterverhandelt. Auch nach Ansicht der zuständigen Berichterstatterin der Grünen, der Abgeordneten Stephanie Aeffner, gibt es noch einiges zu klären. „Wie stellen wir sicher, dass Menschen weiterhin Verträge für Internet, Telefon, Strom oder Rundfunkgebühren abschließen können, Dinge, für die man ein Konto und Geld braucht? Wie können Geflüchtete, die hier studieren, ihre Kopierkarten weiterhin mit Bargeld aufladen oder in der Mensa essen?“, so ­Aeffner zur taz.

Auch viele Sozialkaufhäuser und Secondhandläden hätten kein Kartenlesegerät, so dass Menschen nicht mehr ohne Weiteres an günstige Kleidung kämen.

Kabinettsbeschluss mit offener Frage

Aeffner befürchtet, „dass wir Menschen über die Bezahlkarte von gesellschaftlicher Teilhabe ausschließen und damit auch Integrationschancen zerstören“. Auch auf die Behörden könnten ihr zufolge aufwendige Verfahren zukommen. „Denn diese müssen sicherstellen, dass Geflüchtete ihre Bedarfe decken können, wozu auch Verträge und entsprechende Abbuchungen von einem Konto gehören.“ Die Karte müsse so ausgestaltet werden, dass Asyl­be­wer­be­r:in­nen weiterhin am gesellschaftlichen Leben teilnehmen können.

Dass es grundsätzlich noch Gesprächsbedarf gibt, hatte sich schon im Kabinettsbeschluss angedeutet. Darin hatte das von Hubertus Heil (SPD) geführte Ministerium für Arbeit und Soziales einen Prüfauftrag formuliert: Im parlamentarischen Verfahren solle die offene Frage geprüft werden, ob bestimmte Gruppen wie Erwerbstätige, Azubis oder Studierende von der Bezahlkarte ausgenommen werden.

FDP-Fraktionschef Dürr gab sich am Dienstag dennoch genervt vom grünen Redebedarf: „Ich rufe alle Koalitionspartner auf, dass das Thema Bezahlkarte so schnell wie möglich rechtssicher abgeschlossen wird“, sagte er. Kompromisse schloss er aus: Inhaltlich könne es gegenüber dem Regierungsbeschluss „gar keine Abschwächung geben“.

Druck machen im Hintergrund auch Unternehmensvertreter, die mit der Bezahlkarte so schnell wie möglich Geld verdienen wollen. Seit Anfang März gelten für das Lobbyregister des Bundestags verschärfte Regeln; registrierte Lob­by­is­t*in­nen müssen seitdem offenlegen, für welche Gesetzesvorhaben sie bei Abgeordneten werben. Unter den seitdem aktualisierten Einträgen befindet sich der der Publk GmbH aus Niedersachsen, die Systeme für Bezahlkarten anbietet. Als Inhalt der Lobbyarbeit hat das Unternehmen angegeben: „Vortrag von Sachargumenten hinsichtlich Beschleunigung des Gesetzgebungsverfahrens“.",Tobias Schulze,"Ampel-Koalition, Bundestag, Asylpolitik, Grüne, FDP, Flucht, Deutschland, Politik, Schwerpunkt, taz, tageszeitung",2024-03-12,CONTROL_International_Womens_Strike_2017_2024,single,True,1,"De, En, La"
https://taz.de/Brand-in-Ankunftszentrum-Tegel/!5998142/,Die Tageszeitung (taz),Brand in Ankunftszentrum Tegel: Brandursache unklar,"In Berlin-Tegel ist eine Schlafhalle für Hunderte Flüchtlinge abgebrannt. Nach bisherigem Stand wurde niemand verletzt.

BERLIN taz | Bei einem Feuer im Ankunftszentrum Tegel auf dem ehemaligen Flughafen ist eine Leichtbauhalle am Dienstagnachmittag abgebrannt. Etwa 100 Feuerwehrleute waren im Einsatz, die Rauchsäule war zeitweise laut RBB kilometerweit zu sehen. Menschen seien nach aktuellem Stand nicht verletzt worden, teilte die Feuerwehr auf X, vormals Twitter, mit. Ein Polizeisprecher sprach von mehreren Personen mit dem Verdacht auf Rauchgasvergiftung.

Die Brandursache war zunächst unklar. Die betroffenen 300 ukrainischen Kriegsflüchtlinge könnten in anderen Hallen untergebracht werden, da die rund 7.000 Plätze derzeit nur mit 4.500 Menschen belegt seien, sagte eine Sprecherin des Landesflüchtlingsamts. Die Linken-Abgeordnete Elif Eralp zeigte sich gegenüber der taz schockiert über den Brand. „Zugleich denke ich, dass diese Form der Massenlagerunterbringung solche Risiken bewirkt“, Lager wie Tegel sollten aufgelöst und die Menschen in Wohnungen untergebracht werden.

Auch ProAsyl erklärte auf X anlässlich des Brandes: „Gemeinsam mit den Flüchtlingsräten und Initiativen vor Ort kritisieren wir die Zustände im überfüllten Camp schon seit Langem und haben vor Missständen gewarnt.“ Tareq Aloaws von ProAsyl war gegen 16 Uhr vor dem abgezäunten Gelände und berichtete in einem Video, Sicherheitskräfte ließen weder NGO-Mitarbeitende noch Journalisten herein. Er forderte den Senat auf, den Zugang von Journalisten sofort zu gewährleisten. Eine Pressekonferenz mit der zuständigen Senatorin vor Ort ist angekündigt.",Susanne Memarnia,"Berlin-Tegel, Flughafen Tegel, Flucht, Brand, Flüchtlingslager, Berlin, Schwerpunkt, taz, tageszeitung",2024-03-12,CONTROL_International_Womens_Strike_2017_2024,single,True,1,"De, En, La"
https://taz.de/Gangs-vertreiben-Henry-Regierung/!5994815/,Die Tageszeitung (taz),Gangs vertreiben Henry-Regierung: Haiti braucht eine Zäsur,"Nach der Machtübernahme krimineller Banden ist Haitis Ministerpräsident zurückgetreten. Das Land braucht einen Neuanfang, finanziert vom globalen Norden.

Die Banden in Haiti haben gesiegt. Der Ministerpräsident Ariel Henry ist, mit der kleinen Einschränkung, er werde sein Amt erst an einen neuen Ministerpräsidenten übergeben, zurückgetreten.

Der Sieg schwer bewaffneter Gangs über einen vor fast drei Jahren durch die USA und die internationale Gemeinschaft per Twitter ernannten und seither gestützten Ministerpräsidenten ist keine politische Kleinigkeit. Man kann das Ereignis durchaus mit dem Sieg der Taliban in Afghanistan vergleichen. Die Großmacht USA musste gegenüber wild gewordenen Gangstern klein beigeben.

Denn nun wird mit einer Eile gehandelt, die eher ohnmächtig wirkt und vor allen Dingen von einem Interesse getrieben ist: Haiti so zu beruhigen, dass von dort keine Fluchtbewegungen kommen. Deshalb will man das entstandene Machtvakuum so schnell wie möglich füllen.

In einer Nacht-und-Nebel-Sitzung haben die Karibikstaaten in Anwesenheit von US-Außenminister Blinken einen Notfallplan erarbeitet, der die Einsetzung eines Präsidialrates vorsieht, der eine neue Regierung bilden soll. In 24 Stunden sollen die benannten haitianischen Gruppierungen ihren Vertreter benennen, sonst sind sie raus.

Das alles dient dazu, einen politischen Rahmen für die kenianische Polizeimission zu bauen, die die Gangs mit finanzieller Unterstützung der USA bekämpfen soll.

Die wesentliche Lektion der haitianischen Katastrophe besteht jedoch darin, dass es keine militärische Lösung für das Gangproblem gibt. Denn schon eine wesentlich besser ausgestattete Militärmission der UNO, die nach 13 Jahren 2017 zu Ende ging, ist an dieser Aufgabe gescheitert. Sie hatte nur zwei Banden zu bekämpfen, jetzt reden wir von 200.

Es braucht glaubwürdige haitianische Vertreter, die nicht in die Ganggewalt verstrickt sind und die ein Projekt zur Stärkung der Autonomie durchführen können, das von außen ­finanziert werden muss. Es wäre eine Reparation für all den Schaden, den die internationalen Interventionen und die Kolonialgeschichte angerichtet haben.",Katja Maurer,"Haiti, Bandenkriminalität, Kolonialismus, UN-Mission, Amerika, Politik, taz, tageszeitung",2024-03-12,CONTROL_International_Womens_Strike_2017_2024,single,True,0,"In, The, To"
https://taz.de/Jahresbericht-der-Wehrbeauftragten/!5994898/,Die Tageszeitung (taz),Jahresbericht der Wehrbeauftragten: Nicht wirklich eine Zeitenwende,"Fehlendes Personal, sexuelle Übergriffe und rechtsextreme Vorfälle – an den Problemen der Bundeswehr hat sich wenig geändert.

Wie geht es mit der Zeitenwende voran? Die Wehrbeauftragte des Bundestages, Eva Högl (SPD), legte dazu am Dienstag ihren Jahresbericht vor. Im vergangenen Jahr seien zwar mit großen Beschaffungen erste Weichen der Zeitenwende gestellt worden – echte Verbesserungen bei der Personalnot, mangelndem Material oder maroder Infrastruktur gebe es jedoch nicht. Gleichzeitig stieg die Zahl sexueller Übergriffe gegen Soldatinnen, und auch rechtsextremistische Vorfälle sind weiterhin ein Problem.

Auf 171 Seiten stellt Högl für die Einsatzbereitschaft der Bundeswehr ein zwiespältiges Zeugnis aus. Den Begriff der Kriegstüchtigkeit, den Verteidigungsminister Boris Pistorius (SPD) nutzt, vermeidet sie. Das zentrale Problem der Bundeswehr ist laut Bericht die sinkende Zahl an Soldatinnen und Soldaten. Ende des vergangenen Jahres waren es etwa 1.500 weniger als im Vorjahr. Auch die Zahl der Bewerbungen ist rückläufig. Über 20.000 Stellen sind unbesetzt. „Die Bundeswehr altert und schrumpft“, moniert Högl. Dabei soll das Heer bis 2031 von aktuell etwa 181.500 auf 203.000 Soldatinnen und Soldaten anwachsen. Mit dem bisherigen Herangehen sei das Ziel laut Högl nicht mehr zu erreichen.

Eine Gruppe, bei denen die Bundeswehr attraktiver werden will, sind Frauen. Zwar ist die Zahl der Soldatinnen im Jahr 2023 leicht gestiegen, doch mit 13,4 Prozent liegt der Anteil unter der anvisierten Quote von 15 Prozent, die in diesem Jahr auf 20 Prozent erhöht wurde. Der Anteil von Frauen in Führungspositionen ist weiterhin verschwindend gering. Ein Konzept, wie die gesetzliche Frauenquote erreicht werden soll, gibt es nicht.

Ein Grund für die anhaltende Unattraktivität der Truppe für Frauen ist die seit Jahren steigende Zahl an sexuellen Übergriffen innerhalb der Truppe. Laut Bericht gab es im vergangenen Jahr 385 meldepflichtige Ereignisse, nach 357 Vorfällen im Jahr 2022. Högl geht allerdings von einer hohen Dunkelziffer aus. Frauen fürchteten sich, Übergriffe anzuzeigen, auch aus Angst vor beruflichen Nachteilen, berichtet die Wehrbeauftragte. Das müsse für Vorgesetzte eine größere Rolle spielen, forderte Högl. Dass Führungspositionen in der Bundeswehr weitestgehend männlich besetzt sind, scheint ein Teil des Problems zu sein. Seit 2023 ist zumindest eine neue Dienstvorschrift in Kraft, die härtere Sanktionen und Maßnahmen zur Prävention vorsieht.

Auch Rechtsextremismus bleibt weiterhin ein Problem innerhalb der Bundeswehr. 2023 gab es mit 204 sogenannten meldepflichtigen Ereignissen einen Fall mehr als im Vorjahr. Als meldepflichtiges Ereignis listet der Bericht beispielsweise den Fall eines Soldaten auf, der in der Kaserne den Hitlergruß zeigte und sinngemäß sagte, der Holocaust sei nur erfunden. Der fragliche Soldat wurde aus der Bundeswehr entlassen.

Seit dem vergangenen Jahr können solche verfassungsfeindlichen Soldatinnen und Soldaten schneller entlassen werden. Doch noch immer dauerten solche Verfahren zu lange, kritisierte Högl.

Zu der Frage, welche Konsequenzen die mögliche Einstufung der gesamten AfD als gesichert rechtsextrem auf die Anzahl der als rechtsextrem geltenden Soldatinnen und Soldaten haben könnte, wollte sich die Wehrbeauftragte am Dienstag nicht äußern.",Moritz Huhn,"Bundeswehr, Verteidigung, Eva Högl, Deutschland, Politik, taz, tageszeitung",2024-03-12,CONTROL_International_Womens_Strike_2017_2024,single,True,1,"De, En, La"
https://taz.de/Klimaziele-der-Europaeischen-Union/!5998121/,Die Tageszeitung (taz),Klimaziele der Europäischen Union: Plan für Hausdämmung,"Das EU-Parlament will mit neuen Regeln energetische Sanierungen vorantreiben. Individuelle Pflichten für Eigentümer gibt es aber nicht.

BERLIN taz | Die Energiesanierung von Gebäuden soll schneller vorangehen. Dafür hat das EU-Parlament am Dienstag mit Beschluss der Gebäude-Richtlinie gestimmt. Die neuen Regeln sollen auch dazu beitragen, dass die EU ihre Klimaziele erreicht. Nach Angaben der EU-Kommission sind Gebäude für rund 40 Prozent des Energieverbrauchs und rund ein Drittel der Treibhausgasemissionen verantwortlich. Nun müssen die EU Mitgliedstaaten dem Vorhaben noch zustimmen. In den meisten Fällen ist das Formsache.

Nach den neuen Regeln kommen Eigentümerinnen und Eigentümer aber keine individuellen Pflichten zu. Ob sie ihre Wohn- und Gewerbegebäude beispielsweise dämmen, um eine Energieeinsparung zu erreichen, bleibt freiwillig.

Die Debatte über die „Richtlinie über die Gesamtenergieeffizienz von Gebäuden“ wurde kontrovers geführt. Als das EU-Parlament vor etwa einem Jahr schon einmal einen Beschluss dazu fasste, bekamen viele Hausbesitzerinnen und Besitzer Angst, sie könnten sich die erforderliche teure Renovierung gar nicht leisten.

Denn das Parlament wollte festlegen, dass die am schlechtesten isolierten Gebäude schon bis 2030 hätten saniert werden müssen. Bundesbauministerin Klara Geywitz (SPD) sagte damals dazu: „Ich werde keinen Vorschlag unterstützen, der einen technischen Sanierungszwang für einzelne Gebäude vorsieht.“

Energieverbrauch bis 2030 um 16 Prozent verringern

In dem nun beschlossenen abgeschwächten Kompromiss gibt es keine Pflichten für einzelne Eigentümer, wohl aber Ziele, die die nationalen Regierungen für den gesamten Wohnungsbestand ihres Landes erreichen müssen. Demnach soll beispielsweise Deutschland den Energieverbrauch von Wohngebäuden bis 2030 um 16 Prozent verringern, bis 2035 um 20 bis 22 Prozent.

Die Hälfte der Einsparung soll erreicht werden, indem man schlecht isolierte Häuser zuerst saniert. Im Einzelnen kann das bedeuten: Dämmung von Kellern, Außenwänden und Dächern, sowie den Einbau neuer Fenster.

Auch Nichtwohngebäude wie Gewerbebetriebe sollen einen Beitrag leisten. In diesem Segment müssen die EU-Staaten jeweils 16 Prozent der am schlechtesten isolierten Gebäude bis 2030 renovieren lassen. Wie sie diese Ziele schaffen, dürfen die Regierungen selbst entscheiden. Ob das jedoch klappt, erscheint zumindest fraglich.

Denn ohne individuelle Sanierungspflicht können die Staaten nur das freiwillige Engagement der Immobilienbesitzer unterstützen. Das genau fordert die Richtlinie auch: Sie verlangt die intensive Beratung und finanzielle Unterstützung der Immobilienbesitzerinnen und Besitzer durch öffentliche Stellen. Nur für Neubauten sieht die Richtlinie eine härtere Regelung vor. Ab 2030 dürfen neu errichtete Gebäude keine Treibhaus­gas­emissionen mehr verursachen. (mit afp)

Wir würden Ihnen hier gerne einen externen Inhalt zeigen. Sie entscheiden, ob sie dieses Element auch sehen wollen.",Hannes Koch,"Gebäudesanierung, Europäische Union, Klimawandel, Ökologie, Öko, Schwerpunkt, taz, tageszeitung",2024-03-12,CONTROL_International_Womens_Strike_2017_2024,single,True,1,"De, En, La"
https://taz.de/Krieg-im-Osten-der-DR-Kongo/!5994817/,Die Tageszeitung (taz),Krieg im Osten der DR Kongo: Rebellen auf dem Vormarsch,"Während internationale Truppen die Millionenstadt Goma schützen, erobern die M23-Rebellen andere Gebiete. Kongos Armee setzt ihnen nichts entgegen.

KAMPALA taz | Vom Kivusee zum Edwardsee erstreckt sich inzwischen das Gebiet, das die Rebellenbewegung M23 (Bewegung des 23. März) im Osten der Demokratischen Republik Kongo kontrolliert. Fast ohne Widerstand sind die M23-Kämpfer in den vergangenen Tagen durch die menschenleere Savannenlandschaft des Virunga-Nationalparks hinter den Vulkanen nördlich der Millionenstadt Goma durchmarschiert, wo sonst Löwen Antilopen jagen.

Diese unbewohnte und geschützte Tiefebene erstreckt sich wie eine natürliche Grenze zwischen dem bewaldeten und hügeligen Verwaltungsbezirk Rutshuru, wo die M23 an der Grenze zu Ruanda und Uganda ihre Hauptquartiere haben, und den dicht besiedelten Bergen hinter Kanyabayonga weiter nördlich. Quer durch dieses Gebiet führt eine der wichtigsten Handelsstraßen Ostkongos.

Diese Gegend in der Tiefebene des Nationalparks, die nun von den Tutsi-geführten M23-Rebellen eingenommen wurde, galt bislang als Versteck für die ruandische Hutu-Miliz FDLR (Demokratische Kräfte zur Befreiung Ruandas). Sie verfeuern dort die Bäume des Nationalparks zu Holzkohle und nehmen damit enorm viel Geld ein. In der FDLR-Führungsriege tummeln sich noch immer zahlreiche Täter des Völkermords in Ruanda 1994, die damals nach Kongo flüchteten und dort die FDLR gründeten.

Der Vorstoß in dieses FDLR-Kerngebiet gehört zur Strategie, bestätigt die M23 gegenüber der taz. Es zirkulieren sogar Gerüchte, FDLR-Präsident Victor Byiringiro, mittlerweile über 70 Jahre alt, sei in den vergangenen Tagen auf der Flucht gestorben. Die M23 verneint gegenüber der taz, ihn ausgeschaltet zu haben.

Armee spricht von einem „strategischen“ Rückzug

Aus Kreisen der kongolesischen Armee heißt es wiederum, man habe einen „strategischen“ Rückzug angetreten, weil Stellungen in der heißen Tiefebene des Nationalparks nicht zu verteidigen sind. Dort gibt es keinen Tropfen Wasser und keine Fluchtmöglichkeiten. So konnten die M23-Kämpfer rund 40 Kilometer bis in das Fischerdorf Vitshumbi am Südufer des Edwardsees einfach durchmaschieren, ohne einen einzigen Schuss abzugeben.

Denn auch die UN-Blauhelme sind nach dem Rückzug von Kongos Armee nicht eingeschritten. Ein Video, das auf den sozialen Medien viral ging, zeigt eine Handvoll UN-Blauhelme in ihrer Basis im Ort Rwindi, die sich hinter ihren Sandsäcken wegducken, während Hunderte Rebellen in einer langen Kolonne vorbei­stolzieren.

Den Rebellen ist es gelungen, bis an den Fuß des Berghangs vorzustoßen, auf dem das dicht besiedelte Gebiet weiter nördlich um Kanyabayonga liegt, sowie weiter westlich eine ganze Reihe von Kleinstädten wie Mweso, Nyanzale und Kibirizi einzunehmen.

Für Kongos Regierung ist dies ein harter Schlag. Seit Februar kontrolliert die Armee nur noch die Provinzhauptstadt Goma und das unmittelbare Umland bis zur Kleinstadt Sake weiter westlich; ringsum herrscht die M23 und hat Goma praktisch umzingelt. Die Kampfmoral der Armee sei am Boden, melden Quellen aus Militärkreisen.

Die Militärführung in Kongos ferner Hauptstadt Kinshasa, wo seit den Wahlen vom Dezember 2023 immer noch keine neue Regierung gebildet werden konnte, hat in den vergangenen Monaten sämtliche verfügbaren Kräfte und finanzielle Ressourcen mobilisiert, um den Vormarsch der Rebellen zu stoppen – offenbar vergeblich.

Söldner aus Osteuropa wurden angeheuert, Truppen aus Burundi kamen dazu, lokale „patriotische“ Milizen (waza­lendo) wurden in den Dienst der Armee gestellt. Über 3.000 Soldaten aus Südafrika, Malawi und Tansania sind rund um die Millionenstadt Goma postiert, als offizielle Interventionstruppe der Regionalorganisation SADC (Entwicklungsgemeinschaft des Südlichen Afrika). Statt Goma anzugreifen, erobern die Rebellen nun handstreichartig das Hinterland, wo sie niemand aufhält.

Angola will Verhandlungen mit Ruanda einfädeln

Bisher hat Kongos Präsident Félix Tshisekedi sämtliche Verhandlungen sowohl mit der M23 als auch mit Ruanda, das die M23 militärisch ausstattet, kategorisch abgelehnt. Doch in Anbetracht der Lage ist es nun Angola als Mediator der Afrikanischen Union (AU) gelungen, Tshisekedi und seinem ruandischen Amtskollegen Paul Kagame die Zusage für ein Treffen abzuringen. Dies gab Angolas Außenminister am Montag nach einem Gespräch mit Kagame bekannt.

Unterdessen wird die humanitäre Lage immer schlimmer. Die Provinz Nord-Kivu zählte bereits zu Jahresbeginn 2,5 Millionen Kriegsvertriebene; nun sind über 200.000 dazugekommen. Hilfswerke melden, die Menschen in Gomas Vertriebenenlagern am Stadtrand hätten kein sauberes Wasser und nicht genug Nahrung. Das Internationale Komitee vom Roten Kreuz (IKRK) schlägt in einem neuen Bericht Alarm über die starke Zunahme der Zahl von Menschen mit Schusswunden in den Flüchtlingslagern. Nachts ziehen bewaffnete und unbezahlte Soldaten und Milizionäre durch die Camps, mehrmals sind Granaten in Flüchtlingslagern gelandet.

Seit Dienstag ist Ramesh Rajasingham, Chef des humanitären UN-Koordinierungsbüros OCHA aus Genf, in Goma zu Besuch, um sich ein Bild zu machen. Er bezeichnet die Lage als „dramatisch und komplex“.",Simone Schlindwein,"M23-Rebellen, Ostkongo, Nord-Kivu, Goma, Demokratische Republik Kongo, Afrika, Politik, Schwerpunkt, taz, tageszeitung",2024-03-12,CONTROL_International_Womens_Strike_2017_2024,single,True,1,"De, En, La"
https://taz.de/Krieg-in-der-Ukraine/!5994890/,Die Tageszeitung (taz),Krieg in der Ukraine: Den Krieg nach Russland tragen,"Koordinierte Angriffe aus der Ukraine und russischen Exilkämpfern: All das soll Putins Verwundbarkeit zeigen – wenige Tage vor den russischen Wahlen.

KYJIW/LUZK taz | Es war einer der intensivsten Angriffe auf Russland aus der Ukraine in der jüngsten Zeit. Zehn russische Regionen seien in den letzten 24 Stunden von Drohnen angegriffen worden, berichtete am Dienstagmittag der oppositionelle russische Telegram-Kanal Astra. Betroffen waren in der Nacht die Gebiete Belgorod, Orel, Nischni Nowgorod, Kursk, Woronesch, Tula, Brjansk, Leningrad und Moskau. In den Regionen Orel und Nischni Nowgorod gingen eine Raffinerie und ein Öldepot in Flammen auf.

Am Dienstagmorgen überschritten dann drei Einheiten der bewaffneten russischen Opposition die ukrainisch-russische Grenze in den Gebieten Belgorod und Kursk. Videos zeigen Kämpfer der „Russischen Freiheitslegion“ auf Panzern bei der Überquerung der Grenze.

Der frühere Abgeordnete der russischen Staatsduma, Ilja Ponomarjow, der jetzt in der Ukraine lebt, berichtete auf seiner Facebook-Seite, die Ortschaft Lozowaja Rudka sei „vollständig unter der Kontrolle der Befreiungskräfte“. Die „Russische Freiheitslegion“, das „Russische Freiwilligenkorps“ und das „Sibirische Bataillon“ seien „im Rahmen einer gemeinsamen Operation in die Regionen Kursk und Belgorod der Russischen Föderation eingedrungen“.

Zeigen, dass Russland verwundbar ist

Am frühen Nachmittag meldete die „Russische Freiheitslegion“ die Einnahme des russischen Dorfes Tetkino. In einer Videobotschaft erklärten ihre Kämpfer, sie würden „zu den Wahlen“ gehen. „Wir kommen, um euch von Armut, Elend und Diktatur zu befreien“, so die Legion. Die Kämpfer erklärten, sie träumten von einem Russland, das von Putins Diktatur befreit sei, und würden „alles tun, um diese Träume zu verwirklichen“.

Denys Sokolov vom „Sibirischen Bataillon“ erläuterte gegenüber nv.ua die Ziele des Angriffs: Zum einen wolle man der Ukraine helfen, außerdem wolle man den Bewohnern Russlands, seinen Behörden und seinem Militär zeigen, dass sie verwundbar sind und dass man den Krieg „auf das Territorium des Aggressors verlagern wird“.

Nach Angaben des Telegram-Kanals Rusnews hat der Bürgermeister von Kursk für alle SchülerInnen der Stadt Unterricht im Homeoffice angeordnet. Nach Angaben des Gouverneurs von Belgorod gibt es in der Stadt Schebekino Sachschäden an Gebäuden und Verletzte unter der Zivilbevölkerung.

Offiziell hält sich die Ukraine in der Bewertung der Angriffe zurück. Die von den Kämpfern benutzten Waffen seien von diesen erbeutet worden, zitiert das Portal rbc.ua Andri Jusow vom ukrainischen Verteidigungsnachrichtendienst. Und im Büro des ukrainischen Präsidenten heißt es, die Ukraine sei nicht direkt in die Ereignisse in Belgorod verwickelt, beobachte sie aber „mit Interesse“, berichtet „Suspilne“.

Gleichwohl ist nur schwer vorstellbar, dass bewaffnete Einheiten von Exilrussen ohne Wissen der ukrainischen Führung die ukrainisch-russische Grenze überquert haben. Die „Russische Freiheitslegion“ gehört zur „Internationalen Legion der Ukraine“, die von der ukrainischen Regierung Ende Februar 2022 aufgestellt wurde, um am Abwehrkampf gegen die russische Invasion auch ausländische Kämpfer beteiligen zu können.

Angriff war gut vorbereitet

Zuletzt wurde die „Freiheitslegion“ im Sommer 2023 auf russischem Gebiet aktiv. Dass sie jetzt erneut in Erscheinung tritt, ist kein Zufall. Wenige Tage vor den Präsidentschaftswahlen in der Russischen Föderation soll bewiesen werden, dass das Putin-Regime die russischen Grenzen nicht kontrolliert – ein Signal auch an wankelmütige westliche Unterstützer der Ukraine, das zeigen soll, dass Putin nicht allmächtig ist.

Der Angriff ist offensichtlich gut vorbereitet, denn er fällt zusammen mit einer Welle ukrainischer Drohnenangriffe in Russland und einem Stillstand an der Kriegsfront in der Ukraine, wo Russland nach der Einnahme der Stadt Awdijiwka bei Donezk im Februar zwar weiter massiv angreift, aber nicht mehr nennenswert vorankommt. Die ukrainischen Gegenschläge in Russland erinnern an die Kriegstaktik von 2022, als die Ukraine in der Defensive steckte und mit gezielten Angriffen auf militärische Ziele innerhalb Russlands reagierte, um die russische Logistik zu schwächen.

Im Gebiet Iwanow stürzte am Dienstag außerdem ein russisches Militärtransportflugzeug vom Typ Il-76 ab. 15 Menschen seien an Bord gewesen, berichtet das russische Verteidigungsministerium. Ukrainische Quellen sprechen von einem erfolgreichen Drohnenangriff – 700 Kilometer tief im russischem Gebiet.",Bernhard Clasen,"Russland, Wladimir Putin, Krieg in der Ukraine, Europa, Politik, Schwerpunkt, taz, tageszeitung",2024-03-12,CONTROL_International_Womens_Strike_2017_2024,single,True,1,"De, En, La"
https://taz.de/Landtagswahl-in-Thueringen/!5994897/,Die Tageszeitung (taz),Landtagswahl in Thüringen: Björn Höcke sucht Asyl in Greiz,"Thüringens AfD-Vorsitzender tritt zur Landtagswahl nicht in seinem bisherigen Wahlkreis an. Dort wäre ein Sieg über die CDU wohl zu unsicher.

DRESDEN taz | Der AfD-Politiker Björn Höcke flieht aus seinem eigenen Wahlkreis. Bei der Landtagswahl am 1. September will er nicht wieder im Eichsfeld im nordwestlichsten Zipfel Thüringens antreten. Stattdessen hofft der Rechtsextreme auf das Direktmandat im Luftlinie rund 175 Kilometer entfernten Greiz, das zum sächsisch-thüringischen Vogtland zählt.

Das hat politisches Kalkül. AfD-Landessprecher Torben Braga spricht selbst von wahltaktischen Überlegungen: Es sei nun einmal schwer, im Eichsfeld ein Direktmandat zu erringen. Bei der Landtagswahl 2019 holte Björn Höcke im Eichsfelder Wahlkreis nur 21 Prozent der Erststimmen. Sieger blieb der CDU-Aufsteiger Thadäus König mit 49 Prozent.

Das strukturkonservative katholische Eichsfeld zeigt sich seit jeher renitent gegen Verführer und Ideologen jeglicher Couleur. Schon die NSDAP hatte es schwerer als anderswo, sich hier gegen die christliche Zentrumspartei durchzusetzen. Auch zu DDR-Zeiten herrschte in vielen Dörfern nach wie vor der Pfarrer, auch über die wenigen SED-Genossen.

Trotz des AfD-Umfragehochs kneift nun ihr Thüringer Spitzenkandidat vor dieser immer noch wahrscheinlichen regionalen CDU-Übermacht. Zwar führt Höcke auch die AfD-Landesliste an. Es könnte aber durchaus passieren, dass diese gar nicht ziehen wird: Dann nämlich, wenn die Partei deutlich mehr als die bisherigen elf Direktmandate gewinnt. Dann müsste ein Abgeordneter für Höcke zurückziehen, um ihm eine Peinlichkeit zu ersparen.

Auch in Greiz kein Selbstläufer

Thüringens Ministerpräsident Bodo Ramelow (Linke) spottete denn auch auf der Plattform „X“: Wie schon bei der Ministerpräsidentenwahl 2020 kneife Höcke in Bewährungssituationen. „Der Ungewählte – nun bekommt der Begriff einen Sinn!“, so Ramelow. Er sei ein „wahrhaft teutonischer Held“, legte Innenminister Georg Maier nach.„Höcke sucht sich schwächere Gegner“, titelte die Nachrichtenplattform T-Online.

Mehrere AfD-Kreisverbände hatten Höcke „Asyl“ angeboten, darunter der Saale-Orla-Kreis und das Altenburger Land. Warum die Wahl auf die 20.000-Einwohner-Stadt Greiz und den dortigen Wahlkreis Greiz II fiel, begründet die AfD nicht.

Zwar hatte sie 2019 dort gegenüber der CDU aufgeholt, der AfD-Bewerber lag nur noch fünf Prozent hinter dem jetzt erneut antretenden Unionskandidaten Christian Tischner. 2021 holte bei der Bundestagswahl der stellvertretende AfD-Bundessprecher Stephan Brandner im Wahlkreis Gera-Greiz-Altenburger Land mit 29 Prozent das Direktmandat. Tischner aber führt das auf die geringe Popularität des damaligen CDU-Spitzenkandidaten Armin Laschet im Osten zurück.

„Schwarz“ sei Greiz seit 1990 immer gewesen, erinnert Tischner. Seither amtiert Deutschlands dienstälteste Landrätin Martina Schweinsburg hier. Nur darf sie mit 65 Jahren nicht erneut bei der Kommunalwahl Ende Mai antreten. Stattdessen will die bekannt streitlustige und erzkonservative CDU-Kandidatin am 1. September nun im Nachbarwahlkreis Greiz I das Direktmandat für den Landtag erringen.

Rechte Szene

Doch verbessert Björn Höcke mit der Kandidatur im Wahlkreis Greiz II seine Chancen auf ein Direktmandat wirklich entscheidend? Extremistische Spießgesellen findet er in der Region sicherlich. Die taz hatte nach Aufdeckung der geplanten Reichsbürger-Verschwörung Ende 2022 schon über Verstrickungen der Region im ehemaligen Fürstentum Reußen recherchiert. Ein Frank Haußner beispielsweise gilt als führender Kopf der „Patrioten Ostthüringen“ und der Gruppe „Freies Thüringen“.

Auch Holger Steiniger, stellvertretender Vorsitzender der Linken im Kreisverband Greiz, spricht von einem „starken rechten Milieu“. Jeden Sonnabend schwappe eine Gruppe junger Trommler aus dem sächsischen Plauen herüber. Bekannt ist seit Jahrzehnten der 2014 noch von der AfD zur NPD gewechselte und dann parteilose ehemalige Kreisrat und Kameradschafter David Köckert.

Sowohl Steiniger als auch Tischner rechnen jedoch auch mit „Protestwahlverhalten“ zu Gunsten Höckes. Sie beide nennen, jeder aus seiner Sicht, eine „große Unzufriedenheit“ als Auslöser dafür. Der Linke macht auch die rigide CDU-Politik gegen Flüchtlinge verantwortlich, der CDU-Mann das „ostdeutsche Sozialgefüge“ mit Altersarmut und Nachwende-Enttäuschungen, aber auch Gefühle der Gängelei bei den Bürgern, namentlich durch die Berliner Ampel.

Abschreckung unwahrscheinlich

„Ich kann mir nicht vorstellen, dass Höcke zur ostthüringischen Mentalität einen guten Zugang hat“, sagt Tischner. Er spricht von Bauernschläue der Vogtländer. „Wir merken schon, wenn wir instrumentalisiert werden.“

Aufgetreten ist der AfD-Chefideologe in Greiz noch nicht. Manche in Greiz hoffen, seine Radikalität könnte potenzielle AfD-Wähler noch abschrecken. Tischner ist da weniger optimistisch und fürchtet, dass die Hetze Höckes ihre Wirkung auf Bürger leider nicht verfehlen werde.

Einig sind der Linke Steiniger und der CDUler Tischner sich darin, einen Prestigeerfolg der Höcke-AfD verhindern zu wollen. Ein Bündnis „Alle gegen die AfD“ wird es aber nicht geben. Tischner lässt durchblicken, dass jedes Kreuz auf dem Wahlzettel, das nicht bei ihm gesetzt werde, aus seiner Sicht eine indirekte Stimme für Höcke sei. „Jeder aus seiner Position“, sagt auch Holger Steiniger. Man könne nicht von allen Linken-Genossen offene Unterstützung für den CDU-Kandidaten Tischner erwarten.",Michael Bartsch,"Thüringen, Björn Höcke, Rechtsextremismus, Schwerpunkt Wahlen in Ostdeutschland 2024, Landtagswahl Thüringen, Deutschland, Politik, Schwerpunkt, taz, tageszeitung",2024-03-12,CONTROL_International_Womens_Strike_2017_2024,single,True,1,"De, En, La"
https://taz.de/Landwirt-Influencerin-Marie-Hoffmann/!5995150/,Die Tageszeitung (taz),Landwirt-Influencerin Marie Hoffmann: „Ich bin ja Quereinsteigerin“,"Marie Hoffmann ist Landwirtin und Influencerin. Viele ihrer 600.000 Fol­lo­wer:­in­nen haben nichts mit Landwirtschaft zu tun. Wie geht das zusammen?

wochentaz: Frau Hoffmann, wie passt das zusammen: Landwirtin und Influencerin?

Marie Hoffmann: Besser, als man denkt! Die Landwirtschaft ist ja das Thema, über das ich auf Social Media berichte, und der Grund, warum Leute sich für meine Inhalte interessieren. Und ein Handy kann man sehr einfach mit auf den Acker nehmen.

Parallel arbeiten Sie noch auf einem Hof?

Im Mai bin ich in den elterlichen Betrieb eines Schulfreundes eingestiegen. Wir ergänzen uns gut: Ich habe schon viel Praxiserfahrung und die theoretische Ausbildung, mein Kumpel hat das betriebswirtschaftliche Wissen und ebenfalls viel Praxiserfahrung.

Was ist das für ein Betrieb?

Reiner Ackerbau. Wir bewirtschaften 120 Hektar Land, dazu gehört auch Wald und ein Naturschutzgebiet. Dann haben wir 10 Hektar für Grünspargel, das ist unser größtes Standbein. Der Rest ist Roggen, Weizen, Mais, seit letztem Jahr auch Raps. Ab diesem Jahr wollen wir auch noch Hülsenfrüchte, also Ackerbohnen, Erbsen oder Lupinen anbauen – die können Stickstoff aus der Luft aufnehmen und damit einen Beitrag zum Klimaschutz leisten.

Wann haben Sie angefangen, landwirtschaftliche Inhalte auf Social Media zu teilen?

Schon während meines Bachelors. Je mehr ich gelernt habe, desto mehr habe ich auch mit meinen eigenen Vorurteilen aufgeräumt und gemerkt, wie viel Unwissen herrscht. In den Medien hört man immer wieder: Landwirtschaft soll das Insektensterben verursachen, den Klimawandel verantworten und so weiter. Dabei hat die Landwirtschaft das Potenzial, fast alle diese Probleme zu lösen.

Wie denn zum Beispiel?

Unsere Böden sind die größten CO2-Speicher, die es gibt. Wir wollen deshalb auf regenerative Landwirtschaft setzen. Die Idee dabei ist, den Boden als eigenes Ökosystem in Ruhe zu lassen und ihn nicht durch Bodenbearbeitung zu zerstören. Dadurch kann sich Humus aufbauen. Der besteht aus organischen Kohlenstoffverbindungen und kann so CO2 aus der Luft einspeichern und das Klima schützen. Das ist auch super für den Artenschutz, zum Beispiel können Wildbienen ihre Nester im Erdreich anlegen und Nester von Bodenbrütern, wie dem Kiebitz, werden nicht zerstört. Und wir werden resi­lien­ter: Wenn der Boden nicht mehr fein bearbeitet wird, dann kann er nicht so leicht vom Wind abgetragen werden und Starkregen besser aufnehmen.

Wie setzen Sie das Konzept auf Ihrem Hof um?

Mit Direktsaat. Das bedeutet, dass wir den Boden nach der Ernte nicht umpflügen, sondern direkt neu säen. Wir probieren dafür auch immer neue Techniken aus, zuletzt eine Agrardrohne, mit der wir schon eine Zwischenfrucht in unsere Felder gesät haben, bevor der Weizen überhaupt geerntet wurde. Das war sehr erfolgreich.

Warum machen das dann nicht alle so?

Es gibt auf jeden Fall Böden, die dafür besser geeignet sind als andere. In den ersten Jahren der Umstellung hat man außerdem oft Ertragseinbußen. Neue Techniken kann sich auch nicht jeder Betrieb leisten.

Womit verdienen Sie dann Ihr Geld, mit der Landwirtschaft oder mit den sozialen Medien?

Vom Betrieb lasse mir momentan kaum etwas auszahlen, weil wir erst mal investieren wollen, um den Betrieb für die Zukunft sicher aufzustellen. Wir haben ja nur Ackerbau, sind ein eher kleiner Hof und zu dritt, viel Geld bringt das nicht. Und mein Kumpel, mit dem ich das mache, hat noch einen anderen Job. Nur für seine Eltern ist der Hof aktuell die Haupteinnahmequelle.

Ist Social Media für Sie nur Mittel zum Zweck, um in der Landwirtschaft zu arbeiten?

Nein. Es ist schon mein Traum, irgendwann von der Landwirtschaft zu leben. Aber ich mache die Erklärvideos sehr gern. Und ich kann von dem Geld, das ich mit Social Media verdiene, gut leben. Das ist eine gute Einnahmequelle.

Wie denn?

Ich habe Werbekooperationen, zum Beispiel für Technik, die ich selbst ausprobiere. Das meiste Geld verdiene ich über Vorträge, Paneldiskussionen und Beratung von landwirtschaftlichen Unternehmen. Ich versuche Lösungskonzepte vorzustellen, die für mehr Effizienz und Nachhaltigkeit sorgen. Wie zum Beispiel Möglichkeiten, um Dünger präziser einzusetzen. Wir nutzen auf unserem Hof beispielsweise intelligente Applikationskarten, also eine Software, die genau sagen kann, wie viel Dünger welche Pflanze braucht. Viele wissen gar nicht, wie innovativ die Landwirtschaft ist.

Sie reden schon wieder über Landwirtschaft. Reden Sie nicht gern über sich selbst?

Nein, ich mache ja auch keinen Content über meine Person. Ich nutze Social Media als Plattform, um über die Landwirtschaft aufzuklären. Darüber identifiziere ich mich. Ohne die Landwirtschaft wäre ich nur ein halber Mensch.

Wie kamen Sie zur Landwirtschaft?

Meine Mama ist Lehrerin, mein Papa gelernter Zimmermann. Ich bin zwar auf dem Dorf und mit Pferden aufgewachsen, aber nicht auf einem landwirtschaftlichen Betrieb. Mein Großvater hat mich da rangeführt: Er hat auf einem großen Gut gearbeitet. Als ich ein Kind war, war er zwar schon pensioniert, aber hatte zu vielen Betrieben einen guten Draht.

Und der hat Sie mitgenommen?

Genau. Mit elf Jahren habe ich dann angefangen, auf Höfen auszuhelfen, habe Tiere versorgt und seit ich 16 bin Trecker gefahren. Nach dem Abi bin ich ein Jahr in die USA auf eine Farm, danach in Deutschland Agrarwissenschaften und Agrarwirtschaft studiert. Ab diesem Jahr fange ich an zu promovieren.

Und jetzt halten Sie jeden Tag ihr Gesicht in die Kamera.

Am Anfang habe ich mich das nicht getraut und nur Bilder mit Erklärtexten dort gepostet. Dann habe ich irgendwann während der Arbeit gemerkt, dass ich was zeigen will, aber es praktisch nicht hinkriege, auf dem Acker einen Text ins Handy zu tippen. Irgendwann habe ich das Handy deshalb hingestellt und angefangen, auf Instagram Storys hochzuladen. Das hat die Inhalte viel nahbarer gemacht und die Videos wurden oft geschaut.

Auf welchen Plattformen sind Sie inzwischen?

Auf Instagram, Tiktok und Facebook. Auf Facebook schreibe ich noch ausführlichere Texte, aber die Videos sind überall die gleichen.

Was genau versuchen Sie zu vermitteln?

Ich will einen Einblick in den tollsten Beruf der Welt geben und zeigen, was wir mit der Landwirtschaft alles verändern können. Dafür filme ich, wie die Arbeit auf dem Acker aussieht, und poste Ernteberichte. Aber ich bespreche auch technologische Entwicklungen und erkläre solche Dinge wie Staunässe.

Wieso kommt das so gut an? Immerhin folgen Ihnen mehr als eine halbe Million Menschen.

Ich erkläre es nicht zu kompliziert und setze nicht voraus, dass jemand schon alle Informationen hat. Ein Vorteil ist, dass ich selbst immer auch aus der Verbraucherinnenbrille auf Themen schauen kann. Ich bin ja Quereinsteigerin und habe deshalb ein Gefühl dafür, was Menschen ohne landwirtschaftlichen Hintergrund verstehen können. Außerdem probiere ich oft neue Sachen aus und berichte darüber. Zum Beispiel über die Agrardrohne. Dafür habe ich dann Kooperationen mit Maschinenherstellern, die mir die zur Verfügung stellen.

Ist das dann nicht einfach Werbung?

Nein, bei Maschinentests ist vertraglich immer festgelegt, dass ich auch Nachteile nennen kann, und das mache ich auch ehrlich. Wenn ich das nicht dürfte, würde ich mich nicht auf die Kooperation einlassen. Letzten Sommer habe ich zum Beispiel einen Roboter getestet, der selbstständig die Aussaat übernimmt. Hier gab es aber auch einige ökologische Nachteile, das habe ich dann auch so sagen dürfen.

Was gehört noch zu deiner Arbeit auf Social Media?

Ich sitze viel am Schreibtisch, schneide meine Videos und mache Community Management. Das ist ganz schön viel Arbeit, meistens verbringe ich meine Abende damit, Kommentarspalten zu moderieren und Fragen zu beantworten.

Was ist das für eine Community?

Vor allem eine, die sich für die Landwirtschaft und den Naturschutz interessiert, einige haben auch selbst einen landwirtschaftlichen Hintergrund. Es sind aber immerhin auch 30 Prozent, die gar keine Berührungspunkte mit der Landwirtschaft haben. Zumindest laut einer Umfrage, die ich in meiner Story gemacht habe. Das ist, wenn man Filterblasen und Algorithmen bedenkt, schon ziemlich viel für so ein spezielles Thema wie die Landwirtschaft. Darunter sind auch Veganerinnen und Veganer – da entstehen dann schon mal hitzigere, aber meistens sehr konstruktive Diskussionen unter den Beiträgen.

Ernähren Sie sich selbst vegan?

Nein, aber ich esse meistens vegetarisch. Und Fleisch esse ich eigentlich nur von selbst geschossenen Tieren.

Sind Sie stolz auf ihre vielen Follower?

Ja, da steckt natürlich schon viel Arbeit drin. Aber es spielen auch immer Algorithmen eine Rolle, also vielleicht hatte ich auch einfach Glück. Wirklich stolz bin ich darauf, dass ich neue Dinge ausprobiere und das anderen erklären kann.

Wie war die letzten Wochen die Stimmung auf Ihren Accounts?

In letzter Zeit war es sehr hitzig, weil wegen der Bauernproteste viele ­Gruppen aufeinandergetroffen sind und das Thema medial in den Fokus gerückt ist. Da gab es schon auch einige Vorwürfe und sehr viel Unverständnis. Viele haben uns vorgeworfen, nur für billigen Diesel auf die Straße zu gehen. Ich habe dann sachlich versucht, die Hintergründe der Proteste zu erklären.

Sie haben auch zu den Bauernprotesten aufgerufen. Warum?

Mich hat die Herangehensweise der Politik gestört: Der Umweltschutz ist eines der wichtigsten Ziele für mich und viele meiner Berufskolleginnen und Kollegen. Aber fest steht auch, dass wir ohne den Traktor nicht arbeiten können. Den Agrardiesel streichen, bevor es eine klimafreundliche Alternative gibt, belastet nur die Branche finanziell, bringt aber dem Klimaschutz nichts. Die Alternativen gibt es bereits, wie zum Beispiel pflanzliche Fette wie HVO und Öle, diese müssen aber auch einen wirtschaftlichen Anreiz durch gesetzliche Hilfestellung erfahren.

Bei einigen Protesten ging es mehr um den Sturz der Ampelregierung als um Klimaschutz.

Ja, das hat sich auch in einigen Kommentaren unter meinen Beiträgen gezeigt, nachdem ich dazu aufgerufen habe, gegen Rechtsextremismus zu stehen. Das hat mir echt zu denken gegeben. Meistens steckten hinter ­diesen Accounts aber Leute, die mir gar nicht folgen und die gezielt genau solche Beiträge kommentieren. Ich habe weiter versucht, meine Reichweite ­dafür zu nutzen, den Dialog mit der Politik zu suchen, und nicht den Sturz der Ampelregierung zu propagieren.

Sie haben sogar eine Petition gegen die Kürzung der Subventionen in den Bundestag gebracht. Können Sie sich vorstellen, in die Politik zu gehen?

Jetzt gerade nicht. Vielleicht, wenn ich mal alt und weise bin. Aber ich will erst mal viel mehr Wissen erlangen, mehr Erfahrungen sammeln. Ich habe aber auch das Gefühl, dass es in der Politik oft um interne Machtkämpfe geht. Wenn ich mich deshalb nicht mehr mit der Sache an sich beschäftigen könnte, würde mich das frustrieren. Da bleibe ich lieber parteiunabhängig.

Brechen Sie mit Klischees?

Ich denke schon. Wenn Playmobil einen Bauern auf den Markt bringen würde, wäre die Figur wahrscheinlich männlich, mit Latzhose, Gummistiefeln und Mistgabel. Aber das stimmt ja längst nicht mehr. Landwirtschaft ist eine tolle Wissenschaft, das weckt auch Begeisterung bei jungen Menschen und bei Frauen wie mir.

Erleben Sie als Landwirtin in der Öffentlichkeit auch Sexismus?

Klar, ich habe oft mit sexistischen Kommentaren zu tun. Irgendwer wirft mir vor, dass ich nur erfolgreich bin, weil ich eine blonde junge Frau bin.

Wie ironisch, meistens ist das doch ein Grund, weshalb einem als Frau wenig zugetraut wird.

Das Aussehen von Frauen steht eben meistens im Vordergrund, egal was sie ansonsten für Kompetenzen haben – leider.

Die Bild bezeichnet Sie als „schönste Landwirtin Deutschlands“. Was denken Sie über solche Zeilen?

Es nervt mich, dass mein Aussehen in den Fokus gestellt wird. Darum geht das doch gar nicht. Wenn auf meinem Account ein junger, gut aussehender Mann in die Kamera sprechen würde, würde da keiner drüber reden. Aber ich habe auch nicht das Gefühl, nur darauf reduziert zu werden. Am Ende geht es auch immer um meine Arbeit. Und diejenigen, die mich kennen, mir schon lange folgen und mit mir ins Gespräch kommen, wissen das.

Wenn alle Videos gepostet sind, auf dem Acker nichts mehr zu tun ist, was tun Sie dann eigentlich?

Irgendwas zu tun ist eigentlich immer. Aber wenn ich mal abschalten will, liebe ich es zu reiten. Meine Familie hat eigene Pferde und ich nehme oft meinen kleinen Hund mit. Und ich spiele Klavier, aber ich weiß auch nicht, ob man das als Hobby bezeichnen kann.

Was spielen Sie denn?

Sehr gern Stücke von dem italienischen Komponisten Ludovico Einaudi. Der hat zum Beispiel den Soundtrack für den Film „Ziemlich beste Freunde“ geschrieben. Der ist toll.

Fahren Sie auch mal in den Urlaub?

Ich reise sehr gerne, um landwirtschaftliche Projekte in anderen Ländern kennenzulernen. Dieses Jahr fliege ich noch nach Kalifornien zu einem Hof, der intelligente Mikrobewässerungssysteme verwendet. Die haben dort noch deutlich mehr mit Trockenheit zu tun und sind deshalb schon weiter, was effiziente Bewässerung angeht.

Klingt eher nach Bildungsurlaub.

Ich werde mir auch noch den Grand Canyon und so anschauen.

Was wünschen Sie sich für die Zukunft?

Mein größter Wunsch ist, dass die Potenziale des wichtigsten Berufs der Welt gesehen werden. Landwirtschaft könnte im Klimawandel der Gamechanger sein. Ich wünsche mir, dass hier wissenschaftsbasierte Entscheidungen getroffen werden und dass wir wertgeschätzt werden.

Und etwas, das nur Sie selbst betrifft?

Ich könnte mir vorstellen, irgendwann einen kleinen Resthof zu kaufen mit einer Wildtierauffangstation. Es wäre mein Traum, auf dem Hof zu leben, auf dem ich auch arbeite.",Anna Lindemann,"wochentaz, Influencer, Landwirtschaft, Landleben, Social Media, Stadtland, Alltag, Gesellschaft, Schwerpunkt, taz, tageszeitung",2024-03-12,CONTROL_International_Womens_Strike_2017_2024,single,True,1,"De, En, La"
https://taz.de/Vorwaerts-Oder-zurueck/!5994894/,Die Tageszeitung (taz),Vorwärts! Oder zurück?: In einem aufgewühlten Land,"Wirtschaftsminister Habeck und Sachsens Ministerpräsident Kretschmer sprechen über Transformation. Doch hat die Gegenwart überhaupt Raum für Zukunft?

Zufälligerweise, und das ist jetzt echt nicht erfunden, habe ich mir vor ein paar Tagen die dunkelblaue Suhrkamp-Ausgabe von Hans Jonas’ „Das Prinzip Verantwortung“ noch mal aus dem Schrank geholt, auf der Suche nach Rat. Darum steckte sie am Montagabend in meiner Tasche – aber leider kein Block: Die Mitschrift des „5. Gesprächs zur Transformation“, zu dem Wirtschaftsminister Robert Habeck (Grüne) sich den sächsischen Ministerpräsidenten Michael Kretschmer (CDU) in sein Berliner Ministerium eingeladen hatte, steht deswegen nun auf den Seiten des Taschenbuchs, kleiner und ordentlicher als sonst, weil so wenig Platz war.

So zufällig wie passend. Denn wo besser ließen sich Gedanken zur Transformation, also zur Zukunft, festhalten als in einem Buch, das sich mit der Frage nach dem richtigen politischen Handeln von Menschen befasst, die über die Technologie zur Selbstzerstörung verfügen und die, erstmals in der Geschichte, weit über sich selbst hinaus denken müssen und können.

Über „Wertschöpfung und Wertschätzung“ wollten Habeck und Kretschmer reden, auch das eine gute Wahl. Denn wie wir mit der Aussicht, dass uns die Grundlagen unseres Wohlstands (stabiles Klima, Bodenfruchtbarkeit) abhanden kommen, neue Modelle für Wertschöpfung entwickeln können, ist grundlegend. Und wie wir bei dem brutalen Neuanfang, den wir dazu wagen müssen, wertschätzend mit unseren Zeitgenossen, aber auch mit unserer eigenen Vergangenheit als Indus­trienation umgehen, ebenso.

Wohl deshalb war die Hütte voll. Unter dem zahlreich erschienenen, nicht nur graumelierten, sondern sogar auffallend jungen Publikum, das vor dem Gespräch bei Baguette mit Olivenpaste und Tomatenspießchen zusammenstand, flirrte es. Man war gespannt, was diese beiden so unterschiedlichen Politiker sich wohl zu sagen hätten. „Eigentlich mögen die sich ja“, war sich ein junger Lobbyist sicher, der kurz vor sieben in Richtung „Ludwig-Erhard-Saal“ schlenderte.

So sah es auch aus, als die beiden erschienen, in etwa gleich groß, Habeck ohne Schlips, Kretschmer mit, nahmen sie scherzend Platz auf der Bühne. Das Blau im Hintergrund traf in etwa das des Jonas’schen Suhrkamp-Bandes – aber das war’s schon mit der Gemeinsamkeit. Denn Habeck und Kretschmer sprachen nicht über Verantwortung für die Zukunft. Vielmehr konnte man ihnen dabei zuhören, wie sie mühsam versuchten, das zu erhalten, was politische Gestaltung überhaupt möglich macht: den demokratischen Diskurs.

Sich in der Sorge treffen

Er finde es stark, sagte Habeck, wie gesprächsbereit Kretschmer immer wieder sei in seinem Bundesland, „das seine demokratischen Herausforderungen hat“. Parteien könnten verschiedener Meinung sein, sagte Kretschmer, „aber sie seien deshalb keine Feinde, keine Gegner“. Man müsse andere Meinungen „anständig besprechen“, in der Lage sein, „auch einmal die Position des anderen einzunehmen“. Immer wieder bedankten sie sich artig für die Einladung des einen und das Erscheinen des anderen. Die drohenden Wahlerfolge der AFD in Sachsen, in Brandenburg und Thüringen bildeten den Hintergrund des Gesprächs. In der Sorge davor treffen sich die beiden. Sie lässt keinen Raum für eine radikal streitbare Diskussion.

Habeck erklärte, wie er sich ein effektives Subventionsmodell für die Transformation der deutschen Industrie vorstellt, auf Basis von Steuergutschriften. Er sei „sehr motiviert, diese Debatte zu führen“. Kretschmer sagte dazu nichts. Ihn beschäftigt, dass vor allem die Arbeitnehmerinnen so viel Teilzeit arbeiten, eine Ursache für den Fachkräftemangel. Dazu sagte Habeck nichts. Er spricht über das Strommarktdesign, über die Schuldenbremse, über Digitalisierung. Kretschmer spricht über das Lieferkettengesetz, Handelsabkommen und Agrardiesel.

Habecks Leitfrage könnte lauten: 'Schaffen wir es in dieser doofen Ampel (er mag offenbar das Wort „doof“), die Wirtschaft wenigstens so zu drehen, dass sie in die richtige Richtung schaut?' Kretschmers roter Faden führt zurück in eine Zeit, in der Globalisierung vor allem eine Chance war und nicht ständig Problem und Verantwortung. Der eine steckt tief in der Gegenwart, der andere im Gestern. Vielleicht lässt sich über Zukunft gerade einfach nicht sprechen in diesem verunsicherten und aufgewühlten Land.

Dementsprechend waren Wein und Häppchen nach der Debatte wieder nachgefragt, die Gäste aber ratlos. Die beiden hätten gar nicht übers Klima gesprochen, nicht über die inhaltlichen Differenzen zwischen Grünen und CDU, wunderte man sich an einem Stehtisch.

Der Politik-Leistungskurs des Beethoven-Gymnasiums aus Berlin-Lankwitz aber war angetan. Habeck und Kretschmer hätten sachlich und freundlich miteinander gesprochen, nicht so wie im Fernsehen. Ob grünes Wachstum möglich ist oder die Zukunft in „Degrowth“ liegt, darüber hätten die Schüler zwar gerne mehr erfahren; zufrieden waren sie aber doch – „wir machen das ja jetzt im Unterricht.“

Vielleicht lese ich als nächstes Mal wieder „Das Prinzip Hoffnung“.",Heike Holdinghausen,"Zukunftsvision, Robert Habeck, Michael Kretschmer, Alltag, Gesellschaft, taz, tageszeitung",2024-03-12,CONTROL_International_Womens_Strike_2017_2024,single,True,1,"De, En, La"
https://taz.de/Antiquar-ueber-Kunsthandel/!5994332/,Die Tageszeitung (taz),Antiquar über Kunsthandel: „Lesen und lernen und lieben“,"Heribert Tenschert ist Antiquar und sammelt und verkauft kostbarste Druckwerke. Gerade im Angebot: ein Messbuch für 680.000 Euro. Wie kam er dazu?

Ein Stand auf der Antiquariatsmesse in Stuttgart, Ende Januar. Einer der wichtigsten Orte für Menschen, die sich für sehr alte und sehr kostbare Druck­erzeugnisse interessieren. Hier residiert für drei Tage Heribert Tenschert, der wohl berühmteste Antiquar Europas, wenn nicht der Welt, der die seltensten Werke zu Preisen anbietet, für die sich der Ausdruck „Schnäppchen“ eher weniger eignet.

Im Messekatalog hat Tenschert nur ein einziges Buch annonciert: ein überreich illuminiertes Messbuch ganz auf Pergament, gedruckt im Jahr 1527. Der Preis für dieses Unikat: 680.000 Euro. Aber Tenschert hat ein paar mehr Bücher mitgebracht. Der Antiquar bittet an das verglaste Regal, in dem Bücher in prachtvollen Einbänden zu bewundern sind. Tenschert stellt jedes einzelne vor.

Manche der ausgestellten Bücher besitzen noch die ursprünglichen metallenen Beschläge und Schließen, so ein Werk aus dem Jahr 1395. Ein anderes Buch ist mit Goldplatten versehen, die es 30 Kilogramm schwer machen. Heribert Tenschert kennt jedes Detail. Er weiß zu berichten, dass für das auf Pergament hergestellte Missale – die lateinische Bezeichnung für Messbuch – von 1527 eine Herde von 200 oder 300 Kälbern sterben musste, denn die Blätter des Bandes wurden aus der Haut der Tiere gewonnen.

Der Antiquar weist auf einen Inkunabeleinband von 1495 hin, gebunden zur Hälfte in Schweinsleder, er stellt ein Werk vor, das der Königsbuchbinder Gomar Estienne um 1548/49 gebunden hat, darin die erste illustrierte Vergil-Ausgabe überhaupt, erschienen 1502 in Straßburg mit 214 Holzschnitten.

Und dann gibt es noch dieses vergoldete Exemplar, hergestellt für den Landgrafen von Hessen mit 25 illuminierten Holzschnitten und datiert auf 1578 …

Es wird einem ganz wirr im Kopf ob des Goldes, der Pracht, der Schönheit, der Druckermarken, der Jahreszahlen …

Jetzt aber Schluss, schließlich haben wir nicht ewig Zeit. Heribert Tenschert, ein mittelgroßer Mann mit vollem Haar, lässt sich in einem Sessel nieder.

wochentaz: Herr Tenschert, verkaufen Sie Bücher oder eher Kunstwerke?

Heribert Tenschert: Es ist beides. Ich würde um Gottes willen das Buch als Bezeichnung bewahren wollen, aber tatsächlich bewegt es sich in Richtung von Kunstwerken.

Das Missale kostet 680.000 Euro. Wie kommt dieser Preis zustande?

Es ist weder billig noch teuer, da es sich um ein einzigartiges Stück handelt. Insofern ist dieser Preis so berechtigt wie zu niedrig wie zu hoch. Aber man muss sagen, dass ich natürlich Anhaltspunkte aus der Vergangenheit habe. Dieses Exemplar wurde 1990 für über 500.000 Schweizer Franken angeboten und verkauft. Wenn Sie bedenken, was ich nach 34 Jahren dafür verlange, dann können Sie sehen, dass das keineswegs ein überrissener Preis ist. Außerdem ist es natürlich mit den 150 von einem Meister illuminierten Illustra­tio­nen und dem Umstand, dass es von diesem Buch nur dieses eine Exemplar auf Pergament gibt, auch unter dem Aspekt der Einzigartigkeit zu sehen.

Wer kauft solche Bücher? Eher Museen oder Privatsammler?

Werke dieser Art oder teure Manuskripte habe ich meist an Privatsammler verkauft. Aber für das Missale gibt es jetzt interessanterweise sogar Interesse von einer deutschen öffentlichen Institution.

Es wird gerne diskutiert, ob es richtig ist, dass einmalige Werke in privaten Sammlungen verschwinden, anstatt sie der Öffentlichkeit in Museen präsentieren. Geht es den Sammlern um eine Kapitalanlage oder um das Werk?

Ich mache das jetzt seit 47 Jahren und kann darüber, so glaube ich, eine einigermaßen autoritative Antwort geben. Die Menschen sind wirklich an den Büchern interessiert. Es ist nicht so wie bei der zeitgenössischen Kunst, wo das meiste nur noch Gegenstand von Spekulation ist. Überhaupt nicht. Derartige Bücher kaufen Leute, die sich auf Dauer für diese Dinge begeistern. Was die Kritik daran betrifft, dass Sammlungen besser in öffentliche Einrichtungen gehören statt in private Bibliotheken: Das Gegenteil ist richtig. In den Institutionen verschwinden solche Objekte häufig und werden nie gezeigt.

Weil sie in Magazinen landen …

Genau. Das Objekt wird dann unter die Obhut von Kuratoren gebracht, für die es eine Zumutung darstellt, wenn man dergleichen Dinge ausstellt. Wenn Sie sich an Besitzer privater Bibliotheken wenden, dann gibt es in der Regel überhaupt keine Probleme, diese Objekte etwa bei Ausstellungen zugänglich zu machen. Die verbreitete Einstellung, dass solche Buchkunst in öffentliche Hand gehört, ist von Anfang bis Ende ein Irrtum.

Wo bewahren Sammler ein 500.000-Euro-Buch auf? Im Safe? Oder in einer Vitrine?

Auf ihren Regalen – Bücher werden nicht gestohlen.

Viele stellen sich solche Sammler als eher ältere Herrschaften vor. Gibt es auch Jüngere, die von solchen Unikaten begeistert sind und das nötige Geld besitzen?

Natürlich, und es werden Gott sei Dank immer mehr: Die Jüngeren beginnen zu erkennen, was die letzten 1.000 Jahre bieten, so unermesslich viel Schöneres als die Gegenwart.

Sie sind selbst nicht nur Händler, sondern auch Sammler. Sie besitzen eine der größten Stundenbuch-Sammlungen der Welt.

Ja, die größte Sammlung von gedruckten Stundenbüchern. Es handelt sich dabei um die am reichsten illustrierten Bücher des 15. und 16. Jahrhunderts. Das bedeutet, dass der ursprüngliche Anlass eines Andachtsbuchs hinter den Illustrationen zurücktritt. Ich habe 430 gedruckte Stundenbücher. Das ist so viel wie die Bibliothèque nationale de France und die British Library in London zusammen haben. Insgesamt hat es wohl so etwa 750 dieses Genres gegeben. Davon haben wir dann 60 Prozent.

Sie müssen erklären, was ein Stundenbuch ist.

Stundenbuch heißt das Buch deshalb, weil es als Hauptbestandteil eine bestimmte Abfolge von Gebetsstunden, die dem Tag zugeordnet werden, enthält. Der Tag ist in acht Gebetsstunden unterteilt. Das beginnt um Mitternacht mit Matutin, geht dann weiter um drei Uhr in der Frühe mit Laudes, setzt sich fort mit Prim, Terz, Sext, Non und so weiter. Also sind die 24 Stunden des Tages durch acht Gebetsanlässe unterteilt, die alle drei Stunden zu verrichten sind.

Man kommt nicht in den Tiefschlaf.

Nein. Aber natürlich hat man bestimmte Dinge dann zusammengefasst. Ein Stundenbuch enthält immer einen Kalender, Auszüge aus den vier Evangelien, es gibt sodann die so genannten Bußpsalmen, das Totenoffizium und weitere Dinge. Aus all dem entsteht im 14. Jahrhundert das Stundenbuch als Handschrift. Es wird dann im späten 15. Jahrhundert von Pariser Druckern aufgenommen und weiterentwickelt.

Sie besitzen auch eine Bibliothek mit mehreren hunderttausend Bänden. Ist es da nicht ein Widerspruch, einerseits Bücher zu sammeln und diese andererseits verkaufen zu müssen? Schlagen da zwei Herzen in Ihrer Brust? Sie haben ein wunderschönes Exemplar für Ihre Sammlung gefunden und Sie verkaufen es dennoch?

Selbstverständlich sind da zwei Herzen, die in meiner Brust schlagen. Aber ich habe das Problem auf meine Weise gelöst. Ich habe in den letzten 30 Jahren neben meinem normalen Antiquariatsgeschäft, hauptsächlich mit mittelalterlichen illuminierten Manuskripten und dergleichen, insgesamt zehn große Sammlungen aufgebaut. Die Sammlung der Stundenbücher ist also nur eine von zehn. Dazu gehört die denkwürdigste Sammlung von französischen illustrierten romantischen Büchern auf der Welt. Wir besitzen die bei Weitem größte Sammlung von französischen illustrierten Büchern des 18. Jahrhunderts, 2.500 Werke in 7.000 Bänden. Und es sind nicht nur diese 2.500 Werke, es sind die distinguiertesten Exemplare, die davon in den letzten 40, 45 Jahren auf den Markt gekommen sind. So habe ich meinen Sammeleifer einerseits gehütet und bewahrt, konnte aber trotzdem meinen Geschäften nachgehen.

Tut es dennoch immer noch ein bisschen weh, wenn Sie etwas verkaufen?

Ja. Ich habe zum Beispiel heute zwei meiner schönsten Einbände verkauft, um die es mir ein wenig leidtut, ganz abgesehen davon, dass das ein lieber, sehr guter Kunde ist, dem ich die Objekte zu meinem Einstandspreis verkauft habe.

Eine ganz einfache und zugleich schwierige Frage: Warum sammeln Sie?

Bei mir war es schon in der Kindheit so, dass ich etwas gesammelt habe. Ich glaube, dass das angeboren ist. Ich habe keine andere Erklärung. Ich kann auch nicht bestätigen, dass Männer dieses Sammel-Gen häufiger in sich tragen als Frauen. Einige meiner größten Sammler sind Sammlerinnen. Sie sind genauso begeistert, hartnäckig und scharf auf diese Bücher wie Männer.

Würden Sie sich selbst als fanatischen Sammler bezeichnen?

Bei bestimmten Gebieten würde man mein Verhalten wahrscheinlich als fanatisch bezeichnen.

Bieten Sie bei Auktionen telefonisch?

Ja, sicher. Und dort, wo es wirklich wichtig ist, kriege ich die Sachen auch. Aber an einem bestimmten Punkt muss ich nicht mehr fanatisch sammeln. Da kann ich mich zurücklehnen und nur noch auswählen, denn das meiste besitze ich ja schon. Das wenige, das noch infrage kommt, kann ich in Ruhe angehen.

Und wie ist es bei Ihren Kunden? Gibt es da welche, die so begierig sind, dass sie sofort kaufen wollen?

Die gibt es natürlich. Ich bin dann auch gehalten, das in ruhigeres Fahrwasser zu lenken. Es gibt nichts Schlimmeres als Eifersüchteleien unter Kunden, nach dem Motto: ‚Warum hast du das dem verkauft, wo doch ich das haben wollte?‘. Man muss über fanatische Sammler aber auch froh sein, ich brauche doch meine Kundschaft.

Haben Sie schon erlebt, dass sich zwei Kunden um dasselbe Buch gestritten haben?

Auf einigen Messen habe ich das schon erlebt.

Und wie lösen Sie das Problem?

Derjenige, der mir sympathischer ist, erhält das Buch.

Viele Buchläden, vor allem aber Antiquariate befinden sich derzeit in einer schweren Krise, auch wegen der Transparenz des Internets. Manches Traditionsunternehmen mussten schon schließen. Betrifft Sie die Krise?

Nein. Zum Glück betrifft mich das nicht, weil wir – Entschuldigung, wenn ich das so sage – auf einem Niveau arbeiten, in dem das Internet überhaupt keine Rolle spielt. Ich versuche von besonders bedeutenden Büchern noch die schönsten Exemplare zu bekommen und anzubieten. Ich bemühe mich auch darum, Dinge über ein Buch herauszufinden, die vorher unbekannt waren.

Können Sie etwas zu Ihrem Umsatz sagen?

Wir haben in den Jahren vor Corona durchaus achtstellige Umsätze gemacht. Während der Pandemie 2020 bis 2022 leider nur noch etwa zehn bis zwölf Prozent davon. Aber das wird sich wieder ändern.

Sie haben 1977 in Rot­thalmünster, in Bayern, als Antiquar angefangen. Wie sind Sie auf das Metier gestoßen?

Bücher habe ich immer schon gerne gehabt und immer gerne und vielfältig gelesen. Ich habe in den 1960er Jahren damit begonnen, nach Erstausgaben meines Hausgottes, des Schriftstellers Rudolf Borchardt, zu jagen. Als ich in Freiburg studierte, habe ich selbstverständlich die Antiquariate besucht und mir dort gewisse Kenntnisse angeeignet. Damals habe ich natürlich andere Bücher gesammelt als heute. Dinge, die mir erreichbar waren, wie zum Beispiel Bücher aus dem Georg-Müller- oder dem Insel-Verlag. Dann stand die Entscheidung an, ob ich meine Dissertation in der Romanistik beenden sollte. Ich habe mich dagegen entschieden. Ich beschloss, mein Leben den Büchern zu widmen. Ich bin dann nach Bayern, wo ich herkam, zurückgegangen, dorthin, wo meine Mutter und meine Großeltern damals noch lebten. 1977 habe ich Knall auf Fall entschieden, mit dem Antiquariat anzufangen.

Mit welchen Büchern?

Ich hatte mir als Student und Hilfs­assistent an der Universität eine kleine Sammlung aufgebaut. Die habe ich im ersten Katalog angeboten. Der hatte einen geradezu niederschmetternden Erfolg. Das war Ermutigung genug, um weiterzumachen. Ich bin dann sehr, sehr schnell vom 20. ins 19., 18., bis hinauf ins 15. Jahrhundert gestiegen. So hat sich diese gesamte Palette entwickelt. Die Handschriften kamen 1980 hinzu.

Haben Sie, was Stundenbücher, mittelalterliche Handschriften und seltenste Werke in alten Einbänden betrifft, überhaupt noch einen Konkurrenten?

Ich kenne niemanden, der das auf diese Art und Weise macht. Es gibt natürlich ab und zu einen Händler, der ein Stundenbuch-Manuskript verkauft. Aber ich glaube schon, dass, wenn man die fünf bedeutendsten Antiquariate mit ihren entsprechenden Beständen zusammenzählt, dies etwa der Hälfte von dem entspricht, was wir anbieten können. Das sind rund 300.000 Bände. Davon sind so etwa 25.000 besondere, außergewöhnliche Bücher. Die anderen sind aber durchaus auch interessant. Und dazu kommen noch 100.000 Kataloge zwischen 1643 und 2000. Man wird schon sagen können, dass wir ein Alleinstellungsmerkmal haben.

Verfügen Sie über eine besondere Methode, wie Sie an diese Seltenheiten herankommen? Oder sind es Wissenschaft, Handwerk und eine lange Erfahrung, die dabei die größte Rolle spielen?

Die lange Erfahrung ist das Allerwichtigste. Dazu kommt das Erkenntnisinteresse. Man kann oft noch sehr viel über ein Buch herausfinden, selbst wenn die pfiffigsten Kollegen vorher schon dran waren. Ich habe erst letzthin herausgefunden, dass ein wunderbares Stundenbuch tatsächlich der englischen Königin Katharina von Aragon, der Frau von Heinrich VIII., gehört hat. Abgesehen von diesem Erkenntnisinteresse und der Erfahrung ist ein tiefergehender Sinn für Ästhetik unentbehrlich. Wenn Sie diese drei Dinge kombinieren, dann haben Sie mich.

Dennoch sei mir die Frage erlaubt: Haben Sie auch mal so richtig ins Klo gegriffen, also einen absoluten Fehlkauf getätigt?

Natürlich gibt es Käufe, nach denen man sich sagt: Das war eigentlich nicht auf meiner normalen Höhe. Aber einen richtig schlimmen Fehlkauf habe ich nie getan.

Fehlt Ihnen noch ein Buch?

Ja, die Gutenberg-Bibel. Die werde ich wahrscheinlich auch nicht mehr kriegen. Obwohl ich letzthin an dem einzigen Exemplar in privater Hand dran war.

Was war Ihr bisher bestes Geschäft?

Ich habe eine Reihe guter Geschäfte gemacht. Einmal habe ich ein Manuskript für 600.000 Euro gekauft und für das Siebenfache verkauft.

Und was machen Sie, wenn Sie keine wertvollen Bücher sammeln oder verkaufen? Bleibt noch Zeit für andere Beschäftigungen im Leben?

Ja – lesen und lernen und lieben.

Herr Tenschert, Sie sind jetzt 76 Jahre alt. Das Leben ist endlich. Was soll eines Tages aus Ihrer wunderbaren Sammlung werden?

Ja, darüber habe ich mir schon Gedanken gemacht, wobei ich der Überzeugung bin, dass ich nicht sterben werde. Aber es ist nicht ausgeschlossen, dass das Ganze in eine Stiftung übergeführt wird. Dort sollen die Dinge nach meinen Vorstellungen präsentiert werden – besser, anders als in einem Museum.",Klaus Hillenbrand,"wochentaz, Antiquariat, Kunsthandel, Gespräche, Alltag, Gesellschaft, taz, tageszeitung",2024-03-12,CONTROL_International_Womens_Strike_2017_2024,single,True,1,"De, En, La"
https://taz.de/Ausstellung-Hello-Luebeck/!5984286/,Die Tageszeitung (taz),Ausstellung „Hello Lübeck!“: Partizipation für alle,"Werke anfassen und Wände bemalen erlaubt: Die neue Leiterin der Lübecker Kunsthalle St. Annen, Noura Dirani, spielt mit den Konventionen von Museen.

Von Mangel an Ambition kann man da wirklich nicht sprechen: Vom „Ort des lebendigen Austauschs“ war die Rede, als, spät im alten Jahr, eine Ausstellung in der Lübecker Kunsthalle St. Annen zur Eröffnung anstand: „Hello Lübeck!“ ist die überschrieben und läuft dort noch bis in den Juli. Mitte April wird ein erweiternder zweiter Teil eröffnet, auch das eine Form von Austausch. Mit dem „Hallo“ meint Noura Dirani, seit Oktober Chefin des Hauses, es erkennbar ernst: Die Kunsthalle soll sich öffnen – zur Stadt hin, zu den Menschen, für einen „Dialog mit der ganzen Gesellschaft“.

Warum der sinnvoll, ja: notwendig sein könnte? Vielleicht hat das damit zu tun, unter Lübecks Museen das eine ausdrücklich zeitgenössischer Kunst gewidmete zu sein. Dem mitunter hartnäckige Schatten werfenden Alten freilich lässt sich auch hier nicht entkommen: „Vor über 500 Jahren wurde hier die St.-Annen-Kirche gebaut. Daher hat die Kunsthalle auch ihren Namen“, so steht es in einer ebenfalls neuen Broschüre für Kinder. Darin erkunden die gezeichneten Figuren „Ki“ und „Ku“, eben, die laufende Ausstellung und ermutigen etwa dazu, sich Gedanken zu machen zu den Kunstwerken (und sie dann auch gleich aufzuschreiben): „Das war aber spannend! Was fandest du am tollsten?“

Nicht ganz nebensächlich, erklären Ki und Ku kleinen und nicht ganz so kleinen Be­su­che­r:in­nen auch gleich noch den Clou von „Hello Lübeck!“: Bei dieser Ausstellung darf Hand angelegt werden, also genau das, was normalerweise Pfui ist im Museum. Das beginnt schon beim Reinkommen: Im Foyer hat Andreas Angelidakis seine Arbeit „The Beach“ installiert, eine Ansammlung von Schaumstoff-Möbel-Modulen, Würfel, Säulen, auch ein paar Rundbögen, überzogen mit bedrucktem Kunststoff. Sie dürfen bewegt werden, rekombiniert, auch gestapelt und wieder umgeschmissen – das alles sollen die insgesamt 68 Elemente abkönnen.

Oder es lässt sich einfach eine temporäre Sitzecke daraus bauen, für eine hier verbrachte Mittagspause. Denn das ist die nicht ganz so offensichtliche Neuerung: Das St.-Annen-Foyer soll künftig wahrgenommen werden als „barrierefreier und kostenfrei zugänglicher ‚Open Space‘“, teilt die Kunsthalle mit, als „Treffpunkt und Ort des Austauschs für alle“ – und das eben auch über die Laufzeit von „Hello Lübeck!“ hinaus: „The Beach“ hat man für den dauerhaften Verbleib angekauft.

Knete und Eis

Die Ausstellung nun liefert immer noch ein paar konventioneller dargereichte, also bitte nicht zu befingernde Kunstwerke: Wem es etwa oben zu trubelig geworden ist, der:­die kann im Untergeschoss bei sachte massagestudiotauglicher elektronischer Musik und wechselnd beleuchteten Metallobjekten, nun, chillen. Aber doch bitte Abstand halten von Tatjana Buschs Installation „Fuse“, die ist es nämlich, die da gerade gezeigt wird. Die üblichen Regeln, also: Abstand, Andacht vielleicht, gelten auch in der kleinen Abteilung, in der Artefakte aus anderen Lübecker Museen mit Zeitgenössischem in Dialog treten sollen: Das kann ein gemeinsames Motiv sein, muss aber nicht; es sind jedenfalls eher thematische, inhaltliche Verbindungen, die sich da aufspüren lassen.

Ausnahmsweise mal wirklich im Mittelpunkt stehen aber Angebote der Partizipation; erinnern Sie sich noch an dieses einstige Ausstellungsmacher:innen-, aber vielleicht vor allem Förderantragsteller:innen-Buzzword? Benjamin Butter ermutigt das Publikum gleich zum Bemalen von Wänden und Boden. Genauer: Er breitet großflächig Papier aus auf dem Boden eines Raumes und im unteren Bereich aller vier Wände und reicht dazu Wachsmalstifte.

Echter Sachbeschädigung wird also vorgebeugt, was bleibt, ist ein – durchaus im psychologischen Sinne regressiver – Bruch mit den Gepflogenheiten, die an so einem Ort sonst herrschen. Nicht jede:r, ist anzunehmen, wird es als pure Bereicherung empfinden, aus der passiven Betrachtendenrolle herausgebeten zu werden, das ist ein wenig wie mit allzu nahe kommenden Schau­spie­le­r:in­nen im vierte Wände einreißenden Theater.

Schon im Vorfeld hat der Künstler Christian Jankowski Kinder und Jugendliche aus Lübeck zu Mitwirkenden gemacht: Für „Kneaded City“ konnten sie sich selbst als Bestandteil einer fantastischen, vielleicht auch einer geträumten Stadt einerseits in Textform definieren: „Ich als Mülleimer für alles“, lautet dann die eher depressive Variante, „Ich als Denkmal zum Machen von Erinnerungsfotos“ lässt sich dagegen beinahe schon lesen als kritische Anmerkung zur – auch lokalen – Fremdenverkehrswirtschaft.

Und verbirgt sich in „Ich als Sportplatz für Trend-Mode außerhalb der Standardgrößen“ nicht ein ganzes antinormativ-politisches Programm? Zu diesen und weiteren solcher Minimal-Vignetten fertigten sie andererseits aber auch gleich noch eine entsprechende Knetfigur an, und beides wird nun ausgestellt.

Von Knete zu Wasserfarben: Verschiedenfarbige Eiswürfel hat die Künstlerin Stephanie Lüning angefertigt, für die verschiedenen Farben sorgen ausschließlich Pflanzenbestandteile, die sie in der unmittelbaren Umgebung gesammelt hat. Auf ein flaches rundes, mit Papier überzogenes Podest können die Be­su­che­r:in­nen nun so ein gefrorenes Ding legen – und zusehen, wie daraus allmählich ein runder Fleck wird.

Sie können sich währenddessen aber auch vom – ebenfalls von Lüning bunt gefärbten – Peddigrohr nehmen und mit den dünnen Pflanzensträngen zwei der in die Wand gebohrten Löcher verbinden – was ein wenig erinnert ans Verbindungen herstellende „Fräulein vom Amt“ im ganz frühen Telefonzeitalter. Die so nun nach und nach wie bunt überwuchert wirkenden Bohrungen ergeben übrigens das Wort „Hope“; um das zu lesen, braucht es aber etwas Abstand von der Wand.

Streng genommen sind Lünings und Butters Mitmach-Arbeiten Teil der neu geschaffenen „Kinder-Kunsthalle“, die fortan fester Bestandteil von St. Annen sein soll, und das mag man­che:r einleuchtend finden: Es hat ja doch etwas von Kunstunterricht. Gut möglich ist freilich auch, dass nicht alle Be­su­che­r:in­nen der Ansatz der Ausstellung insgesamt überzeugt: Wird das ehrwürdige Haus hier nicht zu einer Art Bällebad? Partizidingsbums, schön und gut – aber kommt am Ende die Kunst zu kurz?

Nun wird eine solche Wahrnehmung sich ja durch kein Argument aushebeln lassen: Wer aufs klassische Museums-Dispositiv abonniert ist, der:­die muss wohl jede Abweichung davon als Schwächung, als Irrweg wahrnehmen. Freilich: Häuser, in denen so ein Mensch ohne eine einzige Irritation durch die Räume gelangen kann, weil alles ist, wie es immer war: Sie stellen immer noch die große Mehrzahl. Jeder Ennui angesichts von vermeintlich zu viel Dialog oder Partizipation ist doch zuallererst – geschmäcklerisch.

In Lübeck brächte solches Ressentiment so ei­ne:n Be­su­che­r:in zudem um die Beschäftigung mit einer wirklich relevanten Frage, nämlich: Wer bestimmt, was – und wen – wir im Museum sehen können? Eher didaktisch geht sie, im Erdgeschoss, Ahmet Öğüt an: Seine Fotoarbeit „Appointed Curators“ zeigt die wenig einladend vor der Brust verschränkten Arme nicht identifizierbarer Menschen; es sind Kurator:innen, also diejenigen, die darüber wachen, was Teil einer Ausstellung wird, was gezeigt wird und was im Depot bleibt.

Ebenfalls von Öğüt stammt dann eine Arbeit, die die Hürden auf dem Weg in den Ausstellungskanon und Fragen der Repräsentation maximal verbindet mit dem verspielten Mitmach-Ansatz der Ausstellung: „Jump-up“. Drei Bilder hängen da an der Wand, aber das so weit oben, dass, wer sie auf Augenhöhe haben möchte, Trampolin springen muss – davon stellt der Künstler drei in den Raum. Aber das zu tun, womöglich vor den Augen Fremder, das ist natürlich eine echte Herausforderung, nicht nur für ­Verfech­te­r:in­nen des streng kontemplativen Kunstgenusses.",Alexander Diehl,"Lübeck, Kunst, Ausstellung, Partizipation, Kunsthalle, Kultur, Nord, taz, tageszeitung",2024-03-12,CONTROL_International_Womens_Strike_2017_2024,single,True,1,"De, En, La"
https://taz.de/Behandlung-von-Fruehchen/!5996668/,Die Tageszeitung (taz),Behandlung von Frühchen: Krankenhaus-Roulette im Norden,"Klinik Itzehoe muss die Versorgung von sehr kleinen Frühgeborenen einstellen, weil sie zu wenig Fälle behandelt. Ähnliche Häuser dürfen weitermachen.

HAMBURG taz | Es ist womöglich das Aus für die Frühchenstation in Itzehoe: Die Krankenkassen haben dem Klinikum Itzehoe Anfang des Jahres mitgeteilt, die Kosten für geplante Frühgeburten in der Gewichtsklasse bis 1.250 Gramm Geburtsgewicht nicht mehr zu übernehmen. Die Begründung lautet grob gesagt: Sie behandeln zu wenige.

Denn ab diesem Jahr gilt eine neue Mindestmenge. Diese legt der Gemeinsame Bundesausschuss (G-BA) fest. 25 Frühgeborene unter 1.250 Gramm Geburtsgewicht pro Jahr müsste Itzehoe nun behandeln – das ist nicht mehr einzuhalten. Zuvor waren es 20, auch das hat das Krankenhaus nicht einhalten können.

Von Juli 2022 bis Juli 2023 gab es in Itzehoe nur acht Frühgeburten in dieser Gewichtsklasse, noch weniger als im vorigen Berechnungsjahr. „Wir haben aber insgesamt eine steigende Gesamtgeburtenzahl“, sagt Georg Hille­brand, Chefarzt der Klinik für Kinder- und Jugendmedizin. Bei solch kleinen Zahlen spiele auch der Zufall eine Rolle, sagt er, und verweist auf die stabilen Frühgeborenenzahlen der Jahre zuvor.

Die Klinik stellte für das Jahr 2024 deshalb eine positive Prognose auf und gab an, die Mindestmengen anzustreben. Die Krankenkassen glaubten diese Prognose dem Klinikum jedoch nicht. Vor drei Monaten informierte der Verband der Ersatzkassen VDEK die Klinik darüber, dass sie ab diesem Jahr Frühgeburten unter 1.250 Gramm Geburtsgewicht nicht mehr abrechnen darf, sofern es keine Notfälle sind.

Klage vorm Sozialgericht

Nun klagt die Klinik vor dem Sozialgericht Itzehoe gegen den Bescheid und die in ihren Augen fehlende Begründung. „Wir glauben, dass unsere Prognose gültig ist und nicht korrekt widerlegt wurde“, sagt Hillebrand.

Denn es geht bei der Entscheidung der Krankenkassen nicht nur um harte Zahlen. Falls das so wäre, hieße das in Schleswig-Holstein für drei von fünf Perinatalzentren das Aus. Denn auch Heide und Flensburg verfehlen die Mindestmengen seit Jahren.

Die Krankenkassen haben aber die Macht, Ausnahmegenehmigungen zu erteilen. Wenn das zuständige Bundesland die Versorgungssicherheit gefährdet sieht, kann es einen solchen Antrag bei den Krankenkassen stellen. Das sei passiert, sagt Christian Kohl, Sprecher des Ministeriums für Justiz und Gesundheit Schleswig-Holstein. Entscheiden können die Länder eine Ausnahme „jedoch nicht allein, sondern im Einvernehmen mit den Landesverbänden der Krankenkassen und den Ersatzkassen“, so schreibt es der Gesetzgeber vor.

Auch die Krankenkassen, sagt Hillebrand, haben letztendlich gegen den Willen der Landesregierung entschieden und genehmigten nur den Perinatalzentren in Heide und Flensburg eine Ausnahme. Diese Zentren kamen im vergangenen Berechnungszeitraum auf 18 beziehungsweise 13 Fälle. Itzehoe ging in diesem Jahr leer aus. Warum, ist unklar. Über die Gründe schweigt der VDEK gegenüber der taz und beruft sich auf das laufende Gerichtsverfahren.

Von außen sind die Gründe schwer nachzuvollziehen. Finanziell macht es für die Krankenkassen auf den ersten Blick keinen Unterschied, ob ein Frühchen in der Universitätsklinik Kiel oder in Itzehoe abgerechnet wird. Frühchen werden pro Fall pauschal abgerechnet. Wenn es in einer Klinik weniger Frühgeburten gibt, trägt nur die Klinik das finanzielle Risiko.

Grundsätzlich setzen sich die Krankenkassen jedoch schon seit Jahren und auch in Bezug auf die Krankenhausreform für mehr Zentralisierung und Spezialisierung ein, auch, um die Effizienz zu erhöhen. Die Krankenhausdichte sei zu hoch, heißt es. Erhöhungen der Mindestmengen bieten sich an, um kleinere Kliniken zu schließen, und das mit höherer Behandlungsqualität zu begründen. Im G-BA, der die Mindestmengen festlegt, kommen acht von 13 Mitgliedern aus Krankenkassenverbänden oder -vereinigungen. Die Kassen haben also die Mehrheit.

Wie viele kleine Frühchen eine Klinik behandeln muss, um genug Erfahrung für ausgezeichnete Versorgung zu haben, darüber streiten Ex­per­t*in­nen allerdings seit der Einführung 2009. Damals wurden 14 Frühchen unter 1.250 Gramm Geburtsgewicht pro Jahr als Mindestmenge festgelegt. Der G-BA argumentiert, dass Mindestmengen Erfahrung bündeln, die Qualität steigern und sozusagen „Exzellenzzentren“ herausbilden.

Der Verband Leitender Kinder- und Jugendärzte und Kinderchirurgen Deutschlands veröffentlichte vor Kurzem ein Positionspapier, in dem er darauf verweist, dass erst ab 100 Fällen die Überlebenschance von Frühgeborenen wirklich steigt – und damit die Erhöhung auf 25 Fälle pro Jahr kaum einen Qualitätsunterschied macht. Andere Forschung kommt zu dem Schluss, dass Ergebnisqualität und Fallzahl nicht per se zusammenhängen.

Klinikdirektor Hillebrand will, dass deshalb auch andere Faktoren als die Mindestmengen in die Entscheidung einbezogen werden. Die Vergleichsdaten des Instituts für Qualitätssicherung und Transparenz im Gesundheitswesen sprechen tatsächlich für Itzehoe. Was das Überleben von Frühgeborenen angeht, liegt Itzehoe über dem Durchschnitt, anders als Heide und Flensburg. „Wir haben uns hier bewusst spezialisiert“, sagt Hillebrand.

Präzedenzfall möglich

Wie schlimm sich die Schließung der Frühchenstation für die Versorgung von Schwangeren in Schleswig-Holstein darstellt, ist letztlich schwer zu sagen – vor allem langfristig. Ministeriumssprecher Kohl schreibt, dass laut einer Versorgungsbedarfsanalyse „vier Perinatalzentren Level 1 in SH den Wegfall eines Hauses kompensieren könnten, wenngleich der Wegfall vom Gesundheitsministerium nicht befürwortet wird“.

Da allerdings auch Heide und Flensburg die Mindestmengen nicht erreichen, könnten die Krankenkassen in Zukunft auch diesen Kliniken die Ausnahmegenehmigung verweigern. Die Level-1-Versorgung Schleswig-Holsteins wäre dann nur noch in den Unikliniken Kiel und Lübeck gewährleistet.

Sollte das Sozialgericht im Klageverfahren zugunsten des Klinikums entscheiden, wäre ein Präzedenzfall geschaffen, auf den sich auch andere kleinere Kliniken berufen könnten. Die Entscheidung wird nach Auskunft des Gerichts allerdings noch dauern.

Deshalb läuft ein Eilverfahren, in dem eigentlich schon im Februar entschieden werden sollte, ob Itzehoe bis zum Abschluss des Klageverfahrens erst mal weiter Frühchen behandeln darf. Noch hat das Gericht nichts entschieden. „Wir haben hier das Equipment und das Personal, also haben wir entschieden, erst mal weiterzumachen“, sagt Hillebrand – und hofft, dass die Krankenkassen erst mal auch weiter zahlen.",Theresa Moosmann,"Klinik, Krankenhausreform, Krankenhäuser, Frühchen, Krankenkassen, Bundesministerium für Gesundheit, Nord, taz, tageszeitung",2024-03-12,CONTROL_International_Womens_Strike_2017_2024,single,True,1,"De, En, La"
https://taz.de/Berliner-Nahverkehrslobbyist/!5995820/,Die Tageszeitung (taz),Berliner Nahverkehrslobbyist: „Ich bin kein Fahrradhasser“,"Fahrgastvertreter Jens Wieseke im Interview über Fehler der Grünen in der Verkehrspolitik, Streiks im ÖPNV und das Pünktlichkeitselend der Tram.

taz: Herr Wieseke, wir sitzen in Ihrem Wohnzimmer, da erübrigt sich die klassische Einstiegsfrage, wie Sie als Nahverkehrslobbyist zum Interview angereist sind. Wie bewegen Sie sich denn normalerweise in der Stadt?

Jens Wieseke: Fifty-fifty mit dem ÖPNV und dem Auto. Ich arbeite im Briefzentrum 10 der Deutschen Post, Nähe Südkreuz, muss aber auch oft zu meinen Kollegen ins Briefzentrum Schönefeld. Gelegentlich muss ich auch in Zustellstützpunkte fahren. Das kann am Nordbahnhof sein, aber auch mal in Vierlinden bei Seelow. Meine Schwester wohnt in Mahlsdorf, mein Freund in Ahrensfelde – insgesamt ist diese Stadt so groß und wenig kompakt, dass das Auto doch an vielen Stellen einen zeitlichen Vorteil bietet. Ich nutze es aber auch, weil ich eine Gehbehinderung mit besseren und schlechteren Phasen habe.

Sie wohnen am Engelbecken, der U-Bahnhof Heinrich-Heine-Straße ist nur ein paar Minuten entfernt. Wer Sie kennt, weiß aber, dass Sie sich weigern, die U8 zu nutzen.

Ja, die U8 tue ich mir nicht mehr an. Wenn ich zum Alex will, nehme ich den etwas weiteren Weg zur U2 in Kauf, zum Märkischen Museum oder zum Spittelmarkt.

Wieso?

Als ich 2001 hierher gezogen bin, war die Situation grundsätzlich in Ordnung. In den letzten 15 Jahren hat dann ein Abwärtstrend eingesetzt, und mittlerweile macht es einfach keinen Spaß mehr. Ich habe keine Lust, morgens in der U-Bahn als erstes zu sehen, wie sich jemand einen Schuss setzt. Ich bin nicht das typische Ziel für Kriminalität und weiß mich hoffentlich zu schützen, aber es ist ein subjektives Gefühl völligen Unwohlseins.

Dann ist die Initiative für Sauberkeit und Sicherheit auf der U8, die der Regierende Bürgermeister Kai Wegner und Verkehrssenatorin Manja Schreiner (beide CDU) gerade ausgerufen haben, ja genau Ihr Ding.

Ich finde es vollkommen richtig, dass sich Herr Wegner und Frau Schreiner das auf die Fahnen geschrieben haben. Ich weiß noch, wie Sigrid Nikutta, als sie 2010 als BVG-Chefin anfing, von uns wissen wollte, wo dringend etwas unternommen werden müsste. Wir sagten: U8, Schönleinstraße. Und Sie wissen, wie der bis heute aussieht. Einen Fahrstuhl hat er übrigens auch noch nicht – dabei gibt es im benachbarten Graefekiez immer wieder Initiativen, das Auto zurückzudrängen. Das passt nicht zusammen.

Kann die Sauberkeitsinitiative überhaupt Erfolg haben?

Wenn die Leute den Eindruck haben, auf einem Bahnhof passiert etwas, erhöht das die subjektive Sicherheit. Und wenn jetzt regelmäßig abends um zehn sauber gemacht wird, ist das eine Botschaft. Ich halte es da mit der Broken-Windows-Theorie. Wobei man auf einem U-Bahnhof wie Heinrich-Heine-Straße mit seinem Drogenpublikum auch morgens um zwei ein Reinigungsteam durchschicken könnte. Die Clubs in der Nachbarschaft gehören zur Kultur unserer Stadt, aber wenn das im Umfeld bestimmte Probleme erzeugt, muss ich mich eben darum kümmern.

Und was ist Ihr Eindruck nach ein paar Wochen? Sie haben es sich jetzt sicher doch mal angeschaut, oder?

Ich habe „mutig“ den Schritt auf die U8 gewagt und muss sagen, dass es sauberer geworden ist. Nun muss dafür gesorgt werden, dass das dauerhaft so bleibt. Auf Grund von Problemen mit der Infrastruktur musste allerdings die BVG den Takt auf der U8 von 5 auf 6 Minuten ausweiten.

An diesem Dienstag wird mal wieder die S-Bahn von der GDL bestreikt, während die Verhandlungen zum Manteltarifvertrag der BVG laufen, hat Verdi schon mehrfach Busse, Trams und U-Bahnen lahmgelegt. Ist das aus Ihrer Sicht legitim bei der BVG?

Ich denke, die Berliner Probleme erforderten keinen Streik, da ging es um den bundesweiten Kontext. Ein stillstehender Bus Unter den Linden macht in den Nachrichten mehr Eindruck als einer in Pirmasens. Das ist eben Solidarität unter Gewerkschaftern. Was die Forderungen angeht, vertraue ich der Expertise meiner Gewerkschaft Verdi. Klar ist: Gute Arbeitsbedingungen, um die ja in diesem Fall gerungen wird, kosten schlicht und ergreifend Geld. Als Busfahrer im Straßenverkehr unterwegs zu sein, ist ein harter, stressiger Job, da muss auch das Umfeld stimmen. Die BVG ist ein Player in einem ausgedünnten Arbeitsmarkt und muss ihrem Personal etwas bieten, um es zu halten.

Und der Streik bei der S-Bahn?

Bei den Tarifkämpfen bei der Deutschen Bahn muss man eine Verhärtung der Positionen konstatieren. Leider sind dabei die Fahrgäste die Leidtragenden. Niemals würde ich die Tarifautonomie in Frage stellen. Allerdings fordern die Fahrgastverbände schon lange einen verlässlichen Notfahrplan. So etwas ist in Italien seit 1990 Pflicht und hat sich bewährt. Aber dazu müsste sich der Bund bewegen und im Rahmen der Daseinsvorsorge so etwas gesetzlich absichern. Mich irritiert aber auch, dass es aus dem Aufsichtsrat der Deutschen Bahn nur dröhnendes Schweigen zu hören gibt. Von Stefan Gelbhaar (Bundestagsabgeordneter der Grünen aus Berlin und Aufsichtsratsmitglied der DB), der sonst um jeden Meter Radweg in seinem Wahlkreis kämpft, habe ich jedenfalls noch nichts gehört, wie man dieses Problem lösen könnte.

Streiks im ÖPNV sind immer ein bisschen zweischneidig. Irgendwann fangen sie an, das Bild von einem zuverlässigen Verkehrsmittel als Alternative zum Auto zu unterhöhlen.

Wenn bei der Berliner S-Bahn gestreikt wird, kann das ruhig die Stadtbahn betreffen, aber auf den Außenästen muss es noch ein Angebot geben, damit zumindest eine U-Bahn-Linie erreicht werden kann. Bei einem BVG-Streik kann der 147er bei mir um die Ecke ausfallen, d'accord. Aber es gibt Gegenden in der Stadt, da sind die Menschen ohne Notfahrplan aufgeschmissen. Da muss dann eben aus Kladow alle 20 Minuten ein Bus bis zum S-Bahnhof Spandau fahren. Auch Kliniken müssen erreichbar bleiben. Es geht um Daseinsvorsorge.

Wie soll das funktionieren?

Entweder setzt das Unternehmen Kollegen ein, die ohnehin nicht streiken, oder es vereinbart mit der Gewerkschaft, dass bestimmte Linien auch bei Streik aufrechterhalten werden. Dass so etwas zulässig ist, muss aber der Bund erst regeln. Da erwarte ich auch vom Senat, eine solche Initiative auf den Weg zu bringen.

Vor kurzem wurde eine Pünktlichkeitsbilanz des Berliner ÖPNV veröffentlicht. Die Zahlen waren so schlecht wie lange nicht. Am unpünktlichsten war 2023 ausgerechnet die Tram, die die IGEB doch als Lösung für so viele Probleme betrachtet.

Sehen Sie sich nur mal die Verlängerung der M10 an, also im Prinzip alles, was nach der Wende von der Eberswalder Straße bis heute zur Turmstraße gebaut wurde. Da ist keine Kreuzung dabei, die sauber ist. Jede ist auf ihre Art schlecht gelöst, an keiner hat die Straßenbahn Vorrang. Dann ist an kritischen Stellen die Spur nicht frei, weil sie vom Autoverkehr mitgenutzt wird, und es ergeben sich enorme Rückstaus. Das ist einfach nur erbärmlich, und da wundert mich die schlechte Pünktlichkeit in keiner Weise. Ein Freund, der in Österreich Straßenbahnplanung gemacht hat, sagte mir mal, er staune immer, welche Ressourcen Berlin für den Ausbau eines Verkehrsmittels verschleudert, das eigentlich hochleistungsfähig und schnell ist, aber in der Praxis die Lebenszeit von tausenden Menschen auffrisst.

Was könnte man denn konkret verbessern auf einer Linie wie der M10?

Wenn ich schon eine Mittelhaltestelle westlich vom U-Bahnhof Eberswalder Straße anlege, wieso dann nicht für beide Richtungen? Das ist alles so halbgar, weil man dem Autoverkehr nichts wegnehmen will. Im Großstadtalltag wird es immer genug Behinderungen geben – sagen wir mal, weil eine Touristengruppe die Bahn aufhält. Aber dass die Tram an jeder einfachen Kreuzung Vorrang hat, das geht. Aber die Verwaltung hat das nicht gewollt, egal wer am Köllnischen Park gerade regiert hat…

…dem Sitz der Senatsverkehrsverwaltung…

…und jetzt ist es am Dampfen. Frau Schreiner, die das Problem übernommen hat, verspricht nun, Vorrangschaltungen zu reaktivieren, die zur Fußball-WM 2006 eingeführt und dann wieder abgeschaltet wurden. In homöopathischen Dosen zwar, aber immerhin. Doch das kann nur der Anfang sein.

Ihr Verband schreibt, mit Vorrangschaltungen lasse sich der Personalbedarf bei der BVG „sofort um hunderte Köpfe reduzieren“. Ist das nicht ein bisschen dick aufgetragen?

Es gibt begründete Aussagen, dass die BVG um die 300 Fahrerinnen und Fahrer anderweitig einsetzen könnte, wenn überall Vorrang gelten würde. Die BVG selbst spricht von 100. Außerdem könnten Fahrzeuge eingespart werden, und damit zum Beispiel Personal in den Werkstätten.

Das müsste doch im ureigensten Interesse der BVG sein.

Genau. Aber Sigrid Nikutta hat sich um dieses Thema zu spät gekümmert, Eva Kreienkamp (BVG-Chefin von 2020 bis 2023) war eine ziemliche Fehlbesetzung, und Rolf Erfurt (seit 2019 Vorstand Betrieb bei der BVG) hatte deshalb zu viele Baustellen. Ich hoffe, dass Henrik Falk (der neue BVG-Chef) jetzt mal auf den Tisch haut und zur Politik sagt: So nicht, Leute. Gebt mir die Ressourcen, schaltet mir die Straßen frei, dann kriege ich das auch hin. Es gibt ja noch viele andere Stellschrauben für einen effizienteren Verkehr, wir als IGEB haben da konkrete Vorschläge gemacht.

Zum Beispiel?

Zum Beispiel fordern wir, für die M10 am Hauptbahnhof, aber auch an anderen kritischen Stellen im Straßenbahnnetz Gleiswechsel einzurichten.

Was heißt das?

Die Zukunft der Straßenbahn gehört den Zweirichtungsfahrzeugen. Die können dank eines solchen Gleiswechsels einfach wieder zurückfahren, wenn die Strecke durch den Marathon oder eine andere Großveranstaltung unterbrochen ist. Damit kann die Tram ihre Fahrgäste so nah wie möglich an das betroffene Gebiet heranführen. Das Netz wird dadurch resilienter, und man kann das Personal viel effizienter einsetzen.

Sie haben jetzt das frühere Führungspersonal der BVG kritisiert. In einem persönlichen Positionspapier haben Sie kürzlich vor allem mit der grünen Verkehrspolitik der letzten Jahre abgerechnet.

Ich hatte nach der Wahl 2016 große Erwartungen. Ich bin zu Zeiten eines Michael Cramer in die IGEB eingetreten – mit Leuten wie ihm bei den Grünen war völlig klar, dass der ÖPNV einen ganz hohen Stellenwert für die Verkehrswende hat. Aber dann wurde 2016 Regine Günther Verkehrssenatorin, eine Frau, die nicht kommunizieren konnte und völlig kritikunfähig war. So hat Frau Günther mich zeitweise auf Twitter geblockt, weil ich sie dort kritisiert habe – das war wirklich lächerlich. Der Wissenschaftliche Dienst des Bundestags hat übrigens klargestellt, dass so etwas bei einem persönlichen Account eines Mandatsträgers nicht geht, wenn der für die politische Arbeit genutzt wird.

2021 folgte Bettina Jarasch als Verkehrssenatorin.

Ja, darauf mussten wir bis zur Wahl warten, weil die Grünen es nicht geschafft haben, Frau Günther trotz fehlender Eignung abzusägen, auch nicht nach dem viel kritisierten Rauswurf ihres Staatssekretärs, Jens-Holger Kirchner. Mit Frau Jarasch habe ich dann zum ersten Mal persönlich gesprochen, als wir uns in einem katholischen Gottesdienst begegnet sind. Die Wege des Herrn sind bekanntlich unergründlich. Sie brachte tatsächlich einen anderen Kommunikationsstil rein und rief mich auch schon mal an, um sich etwas aus unserer Sicht erklären zu lassen. Genau dazu ist die IGEB ja mal gegründet worden.

In Ihrem Papier kritisieren Sie die grüne Verkehrspolitik als „im Kern unsozial“.

Ein harter Satz, ich weiß. Aber wissen Sie, auch wenn ich von meinem Habitus klar zur Mittelschicht gehöre, bezeichne ich mich auf meinem X-Account als „Briefträger mit Abitur“, und ich kenne durch meinen Beruf viele systemrelevante Leute. Das ist eben nicht nur die berühmte Krankenschwester, sondern auch der Briefzusteller oder die Verteilkraft bei der Post. Und ich kenne deren Arbeitswege. Diese Leute haben vielleicht Kinder und leben in einer Großsiedlung am Stadtrand, das sind berlinweit hunderttausende Menschen, die hart produktiv arbeiten und bei den Grünen nicht im Fokus stehen.

Für mich ist klar: Verkehr ist nicht nur Ökologie, sondern auch angewandte Sozialpolitik. Da beziehe ich mich auch gern auf die katholische Soziallehre, die sagt, dass ich den Menschen Möglichkeiten geben muss. In diesem Fall heißt das, sie müssen gut an ihren Arbeitsplatz kommen. Der Wohnungsmangel führt ja auch dazu, dass Arbeitswege immer weiter werden: Wenn ich eine bezahlbare Wohnung im Märkischen Viertel finde, nehme ich die, auch wenn ich in Adlershof arbeite.

Und die Grünen sehen das nicht?

Manche von ihnen sagen mir Dinge wie: „10 Kilometer auf dem Fahrrad sind für den Alltag normal.“ Das mag für einige gelten, aber nicht unbedingt für die alleinerziehende Mutter, die im Falkenhagener Feld wohnt und in Schöneberg im Schichtdienst arbeitet. Maximal kann ich hoffen, dass die mit dem Rad zur Haltestelle fährt.

Ist es ein Problem, dass Verkehrssenatorin Schreiner ebenso wenig wie ihre Vorgängerinnen vom Fach ist?

Nein, entscheidend sind die Staatssekretäre und Abteilungsleiter. Die müssen Ahnung haben. Mit einer Person an der Spitze, die Generalist ist und Akten frisst, die sich einarbeitet und zuhören kann, habe ich überhaupt kein Problem. Es muss auch einen Bänderdurchschneider geben, der die Politik dann verkauft.

Von den Magnetschwebeträumen der CDU halten Sie aber auch nicht viel, oder?

Die CDU kann, was die Grünen nicht können: sich als Macherpartei darstellen. Magnetschwebebahn, das klingt für viele hip und modern, aber es lenkt von den tatsächlichen Problemen ab, etwa davon, dass wir dringend den Berliner Nordosten erschließen müssen. Ich glaube aber, dass die Senatorin sich von der populistischen Verkehrspolitik ihrer Fraktion freischwimmen will. Das Schreiner-Bashing mache ich nicht mit, ich bin von ihr in der Summe angenehm überrascht.

Auch davon, dass Schreiner die Tempo-30-Abschnitte auf Hauptverkehrsstraßen massiv reduziert?

Natürlich will sie sich auch mit der Rückkehr zu Tempo 50 profilieren, aber da erfüllt sie einfach die Agenda, für die die CDU gewählt worden ist. Das kann man ihr nicht vorwerfen. Trotzdem verstehe ich die Befürchtungen vieler Menschen, dass der Ausbau der Radinfrastruktur stockt oder gar fallen gelassen wird.

Sie haben nicht den Eindruck, dass die Mobilitätswende zurückgedreht werden soll?

Ich habe den Eindruck, dass dem Mobilitätsgesetz eine zarte Novellierung durchaus guttun würde, auch im Abschnitt zur Entwicklung des Radverkehrs. Ein Gesetz ist ja etwas Lebendiges.

Da schreit jetzt die Fahrrad-Bubble auf.

Soll sie. Ich bin eben der Sprecher eines Fahrgastverbands, da liegen mir die Interessen der Fahrgäste näher als die der Radfahrer. Wobei ich natürlich weiß, dass auch unter den Fahrgästen viele Radfahrer sind. Und ich bin definitiv kein Fahrradhasser, mir geht es nur um Ausgewogenheit. Wenn auf der Kantstraße ein Pop-up-Radweg angelegt wird und dann der Expressbus nach Spandau im Stau steht, macht mich das stinkig. Oder wenn der Schienenersatzverkehr für die Nordsüd-S-Bahn nicht mehr am Bahnhof Oranienburger Straße halten kann, weil das Bezirksamt die Tucholskystraße unabgestimmt zur Fahrradstraße umgewidmet hat.

Ihr Verhältnis zu den RadaktivistInnen soll ja nicht so gut sein.

Das bezog sich in erster Linie auf Heinrich Strößenreuther…

…den Initiator des Volksentscheids Fahrrad.

Der hat mich gleich bei unserer ersten Begegnung 2016 im Rahmen eines Streitgesprächs mit einer Unmenge von Beleidigungen überschüttet, das verstieß gegen jede bürgerliche Konvention. Anlass war, dass die IGEB auf seine Forderung nach einem „Gesetz zur Förderung des Radverkehrs“ mit einer Pressemitteilung antwortete: „IGEB begrüßt Initiative für Fahrradverkehr, kann den Gesetzentwurf aber nicht unterstützen“. Richtigerweise gab es dann auch kein sektorales Radverkehrsgesetz, sondern ein Mobilitätsgesetz.

Die IGEB hat eine beachtliche Außenwirkung, aber nur rund 200 Mitglieder und zwei Dutzend Aktive. Warum zieht das Thema nicht so viele Menschen an wie das Fahrrad?

Das Fahrrad ist halt hip, als Radfahrer bin ich selbst aktiv, unabhängig und zumindest auf kurzen Wegen schneller. Beim ÖPNV bin ich quasi nur passiver Nutzer. Ich gebe auch zu, dass der Einsatz für den ÖPNV manchmal fast sektiererisch wirken kann, wobei unsere Arbeit gar nicht so viel mit den Expertenforen zu tun hat, an die da viele gleich denken. Herr Strößenreuther hat mich als Pufferküsser bezeichnet. Das bin ich nicht. Auch wenn ich in den 80ern mal unerlaubterweise eine S-Bahn nach Oranienburg gefahren habe, weil mein Onkel Triebfahrzeugführer war. Ich will ganz einfach – Achtung, jetzt wird es pathetisch – eine funktionierende Stadt.

Aber Sie hatten schon sehr früh einen Bezug zum Thema, oder?

Ja, es gibt da eine gewisse frühkindliche Prägung durch ein großes, privat gebautes Straßenbahnmodell aus der Zeit um 1930, das in der Familie weitergereicht wird und das in meinem Wohnzimmer einen Ehrenplatz hat. Das bekommt mal mein kleiner Neffe, die Erbfolge ist klar geregelt (lacht).

Machen Sie eigentlich dort Urlaub, wo besonders interessante Trams fahren?

Nö. Ich bin ein Kulturmensch: Ich fahre zum Beispiel nach Wien und gehe ins Konzert eines Freundes. Aber natürlich fallen mir anderswo Dinge auf. Für mich als Gehbehinderten ist die Pariser Metro mit ihren endlosen Wegen und Treppen ein einziger Graus. In Turin habe ich beobachtet, wie die schicke neue U-Bahn die Straßenbahn kannibalisiert hat. Und beim Zugfahren in den USA war ich erstaunt, was für eine bauliche Katastrophe viele Bahnhöfe sind. In Chicago liegt der Bahnsteig auf Schienenhöhe! Aber die Angestellten kompensieren das durch ein extrem hohes Maß an Zugewandtheit und Hilfsbereitschaft.

Sie müssen ja qua Amt über den hiesigen Nahverkehr meckern. Aber viele BesucherInnen sagen oft, wir wüssten gar nicht, wie gut wir es hätten.

Die Wahrheit liegt wohl auch da wieder in der Mitte. Viele Probleme im Nahverkehr sehen die Gäste nicht, denn die liegen oft außerhalb des S-Bahn-Ringes. Unser Hauptproblem in Berlin ist und bleibt aber, dass wir uns selbst ausbremsen.",Claudius Prößer,"ÖPNV, Manja Schreiner, BVG, S-Bahn Berlin, Grüne Berlin, Bettina Jarasch, Regine Günther, Berlin, taz, tageszeitung",2024-03-12,CONTROL_International_Womens_Strike_2017_2024,single,True,1,"De, En, La"
https://taz.de/Bewegungstermine-in-Berlin/!5997280/,Die Tageszeitung (taz),Bewegungstermine in Berlin: Go Film The Police!,"Am 15. März ist der internationale Tag gegen Polizeigewalt, die weltweit Machtverhältnisse aufrecht erhält. Es gibt Möglichkeiten, dagegen vorzugehen.

Bereits seit 1997 begehen linke Gruppen international am 15. März den Tag gegen Polizeigewalt. Das Motto in diesem Jahr: All Cops Are Borders. Denn egal ob zwischen Staaten, ökonomischen Klassen oder den Kategorien weiß-deutsch und migrantisch: Überall sind es Polizist:innen, die die Machtverhältnisse aufrecht erhalten. Gewalt ist dabei ein untrennbarer Teil des Systems, weshalb der Staat ja auch das Gewaltmonopol beansprucht – also das alleinige Recht, Gewalt zur Erhaltung der Verhältnisse und Spielregeln anzuwenden.

Aus herrschaftskritischer Perspektive ist diese Gewalt schon grundsätzlich ein Problem. Minimalkonsens sollte aber sein, diese Gewalt wenigstens dann zu verurteilen, wenn sie exzessiv geschieht. Wenn Polizeibeamte also wieder einmal freidrehen, egal ob auf einer Demo, bei einer Polizeikontrolle, bei einem Einsatz gegen psychisch labile Menschen oder bei einer Abschiebung. Wenn sie mal wieder schießen, schlagen, treten, beleidigen, racial profilen oder sonstwie erniedrigen und verunsichern, einfach weil sie es mit bestimmten Menschen machen können. In diesen Fällen handelt es sich vermutlich um – genau, Polizeigewalt.

Mit der Polizeigewalt ist es nur so eine Sache: Befindet man sich selbst auf der privilegierten Seite der gesellschaftlichen Machtverteilung, bekommt man sie allzu selten mit. Die Gewalt – ob „exzessiv“ oder „legitim“ – ist dann schließlich dazu da, ei­ne:n selbst zu beschützen. Blöd nur, dass umgedreht auch die politischen Einflussmöglichkeiten sinken, je weiter unten man sich auf der gesellschaftlichen Machtskala befindet. Diejenigen, die unter Polizeigewalt leiden, haben deshalb oft keine Stimme, sie anzuklagen. Man könnte es für ein cleveres System halten.

Gated-Community-Mentalität

Im Görlitzer Park soll nun eine weitere dieser Grenzen errichtet werden, die von Po­li­zis­t:in­nen beschützt werden soll. Genauer handelt es sich um einen Zaun, bei dessen Bau Bürgermeister Kai Wegner (CDU) offenbar von der Idee geleitet wird, man könne armutsbedingte Probleme wie Drogenhandel, Obdachlosigkeit und Kriminalität einfach aussperren. Es ist auch diese Gated-Community-Mentalität, gegen die sich der diesjährige Protest gegen Polizeigewalt richtet. Denn alle Grenzen sind letztlich doch nur dafür da, um sie in Solidarität mit den Betroffenen einzureißen (Freitag, 15. 3., Görlitzer Park, Pamukkale, 16 Uhr).

Polizeigewalt ist ein internationales Problem. In Tunesien etwa eskaliert die Gewalt gegen Schwarze Menschen und Geflüchtete seit über einem Jahr – Präsident Kais Saïed hob seine rassistische Hetze auf ein neues Level. Willkürliche Verhaftungen und Gewalt stehen seither auf der Tagesordnung. Die EU hält all das nicht davon ab, munter weiter mit Tunesien zusammenzuarbeiten, damit dort die menschenfeindliche europäische Migrationspolitik aufrecht erhalten wird. In einer Gedenkveranstaltung soll an die Opfer der rassistischen Gewalt erinnert und ein sofortiger Abschiebestopp sowie Bewegungsfreiheit gefordert werden (Freitag, 15. 3., Görlitzer Park, Pammukale, 15 Uhr).

Am Abend des Aktionstages veranstaltet das Bündnis Go Film The Police eine Info- und Diskussionsveranstaltung über die Frage, wie man sich gegen die Brutalität der Polizei wehren kann. Die Kampagne Go Film The Police will Zeu­g:in­nen eskalierender Polizeiaktionen ermuntern, den Einsatz zu filmen, um die Beweislage zu verbessern – einen Leitfaden, auf was darauf zu achten ist, findet sich hier. Außerdem setzt sich die Kampagne dafür ein, dass das Wegnehmen von Handys und das Löschen von Videos durch Be­am­t:in­nen verboten wird. Nach der gemeinsamen Diskussion wird es Poetry Slams und Musik geben (Freitag, 15. 3., Nachbarschaftshaus, Urbanstraße 21, 18 Uhr).",Timm Kühn,"Polizeigewalt, Rassismus, Racial Profiling, Görlitzer Park, taz Plan, Berlin, Schwerpunkt, taz, tageszeitung",2024-03-12,CONTROL_International_Womens_Strike_2017_2024,single,True,1,"De, En, La"
https://taz.de/Debatte-um-die-Alte-Muenze/!5997327/,Die Tageszeitung (taz),"Debatte um die Alte Münze: Kein Club, nirgends","Weder „House of Jazz“ noch Zentrum der freie Kulturszene: Die Diskussion um die Zukunft der Alten Münze in Mitte erreicht das Abgeordnetenhaus.

BERLIN taz | Die umstrittene Zukunft der Alten Münze am Molkenmarkt in Mitte beschäftigt nun auch den Kulturausschuss des Abgeordnetenhauses. Neue, in groben Zügen seit Dezember bekannte Pläne sehen vor, hier alles anders zu gestalten als bislang angedacht. Der vor acht Jahren entwickelte Plan, in der Alten Münze ein Zentrum für Jazz und improvisierte Musik zu errichten, wurde gekippt.

Die Koalition der Freien Szene, der der ehemalige Kultursenator Klaus Lederer von den Linken noch versprach, an dem Ort künftig eine wichtige Rolle spielen zu können, soll nun nichts mehr zu melden haben. Stattdessen wird den privatwirtschaftlichen Spreewerkstätten, seit mehr als zehn Jahren Zwischennutzer der Alten Münze, in Aussicht gestellt, langfristig als einziger Hauptmieter den Ort zu gestalten und weiterentwickeln zu dürfen.

Der Vorstoß der CDU hatte zu Unmut bei Grünen und Linken geführt. Bei der Sitzung des Kulturausschusses – vor Ort in der alten Münze selbst – wurde das dann auch mehrfach deutlich. Was die SPD von alldem hält, war bislang kaum bekannt. Immerhin stammt die Idee für ein Jazzzentrum am Molkenmarkt von einem SPD-Mann, dem einstigen Kulturstaatssekretär Tim Renner.

Zwei Wortmeldungen aus der Ecke der SPD ließen erkennen, dass auch der SPD nicht ganz klar ist, was genau die CDU mit der Alten Münze vorhat. Soll nun das gesamte Areal der Liegenschaft mit einer potenziellen Nutzfläche von 16.500 Quadratmetern von der landeseigenen Berliner Immobilienmanagement GmbH (BIM) an die Spreewerkstätten vermietet werden? So habe man das eigentlich nicht verstanden und damit hätte man auch ein Problem, war den Äußerungen seitens der SPD-Abgeordneten zu entnehmen.

Ganzer Kuchen für die Spreewerkstätten

Den Antworten der Senatsfinanzverwaltung auf eine schriftliche Anfrage des Sprechers für Kulturfinanzierung der Grünen-Fraktion und ehemaligen Finanzsenators Daniel Wesener ist freilich zu entnehmen, dass die Spreewerkstätten sehr wohl den ganzen Kuchen bekommen sollen.

In der Anhörung am Montagnachmittag positionierten sich auch die diversen Stakeholder, denen unter Klaus Lederer ein Mitspracherecht versprochen wurde, noch einmal. Felix Richter, Geschäftsführer der Spreewerkstätten, schilderte die „prekäre Situation“, in der man sich befinde, da befristete Mietverträge bislang immer nur alle sechs Monate verlängert würden. Der Plan der CDU sieht nun vor, bis zu 30 Jahre lang an Richter zu vermieten.

Chris Benedict von der Koalition der Freien Szene forderte einen Projektbeirat, in den auch weiterhin andere Akteure als ausschließlich die Spreewerkstätten eingebunden sind. Und Kathrin Pechlof von der Berliner IG Jazz erklärte, für den Jazz hätte die Alte Münze „ein idealer Standort sein können“.

CDU-Kultursenator Joe Chialo, aus dessen Verwaltung es zuletzt hieß, man sehe sich gar nicht mehr zuständig für die Alte Münze, führte als Hauptgrund für die Änderung der einstigen Pläne die „schlimme Lage“ des Berliner Haushalts an. Soll heißen: Geld für Träumereien habe man nicht mehr. Tatsächlich gab die Kulturverwaltung an, die 47 Millionen Euro, die für die Renovierung der Alten Münze nach einem Abgeordnetenhausbeschluss von 2018 bereitgestellt wurden, würden nicht mehr ansatzweise reichen. Inzwischen rechne man mit Kosten von 247 Millionen Euro.

Indirekte Subventionen für Privatwirtschaft

Selbst wenn die Spreewerkstätten mit weniger Geld bei der Renovierung auskommen sollten als die öffentliche Hand – wie Christian Goiny, der Sprecher für Haushalts- und Clubpolitik der CDU-Fraktion, glaubt – stellt sich die Frage, wie das gehen soll, mit 47 Millionen Euro den angeblichen Renovierungsbedarf in Höhe von 247 Millionen Euro zu decken. Können die Spreewerkstätten zaubern?

Die 47 Millionen Euro würde Grünen-Politiker Daniel Wesener von den Grünen nun am liebsten als Sondervermögen bewahren, wie er klar machte. Er jedenfalls stelle sich die Frage, ob mit diesem Geld, das eigentlich für die Kultur vorgesehen war, nicht indirekt vor allem ein privatwirtschaftliches Unternehmen subventioniert würde.

Für dieses privatwirtschaftliche Unternehmen sprachen sich dann noch einmal die CDU-Politiker aus, die maßgeblich die neuen Pläne für die Alte Münze vorangetrieben haben. Robbin Juhnke, der kulturpolitische Sprecher der Unionsfraktion, erklärte, Klaus Lederers Versprechungen seien „nie realistisch“ gewesen.

Christian Goiny wiederum wiederholte die Erzählung, bei einer Verwirklichung von Lederers Vision würde ein Ort der für Berlin immens wichtigen Clubkultur verdrängt. Die Spreewerkstätten seien ein Clubbetrieb, der in der Alten Münze einen sozialen Ort geschaffen habe und nun von der Freien Szene und Oppositionsparteien diskreditiert werde. Außer von der AfD wohlgemerkt, die angab, hinter den neuen CDU-Plänen zu stehen.

(Pseudo-)Protest-Rave vor den Toren

Goiny betonte dabei, nie gesagt zu haben, dass er von einem Zentrum für Jazz in der Alten Münze nichts halte, weil für ihn Berlin keine Jazzstadt sei. Demnach muss der Christian Goiny von der CDU, den der Berliner Kurier vor ein paar Jahren mit diesen Worten zitierte, ein anderer Christian Goiny von der CDU gewesen sein. Die 12,5 Millionen Euro, die der Bund für ein Jazzzentrum in Berlin in Aussicht stellte, seien immerhin nicht verloren, glaubt Kultursenator Joe Chialo. Das Geld würde wahrscheinlich auch bei Planungen an einem anderen Ort abgerufen werden können.

Letztendlich ist der vermeintlich von Verdrängung betroffene wichtige Ort Berliner Clubkultur nicht einmal ein Club: Die Alte Münze verfügt lediglich über eine Clubfläche für Events. Und nur, weil hier die queere Partyreihe „Pornceptual“ gastiert, wird sie noch nicht zu einem Ort der Subkultur, den Spreewerkstätten-Chef Felix Richter in ihr sehen will.

Welch Ausmaße der erklärte Kampf für die Clubkultur inzwischen angenommen hat, konnte man am Montag am Eingang zur Alten Münze erkennen. Dort fand ein (Pseudo-)Protest-Rave statt, bei dem auf Pappschildern etwa „Subkultur in Mitte sichern“ oder „Alte Münze muss bleiben“ stand. Gegen Ende der Sitzung legte sich gar Trockeneisnebel über den Platz und ein paar der Demo-Raver tanzten.",Andreas Hartmann,"Freie Szene, Joe Chialo, Kulturpolitik, Clubszene, Berlin, taz, tageszeitung",2024-03-12,CONTROL_International_Womens_Strike_2017_2024,single,True,1,"De, En, La"
https://taz.de/EU-Gesetz-zur-Plattformarbeit/!5994862/,Die Tageszeitung (taz),EU-Gesetz zur Plattformarbeit: Ende der Scheinselbständigkeit,"Wer für Uber oder den Kurierdienst fährt, ist auf dem Papier bisher häufig selbständig. Das neue EU-Gesetz zur Plattformarbeit soll das ändern.

BRÜSSEL taz | Rückschlag für die FDP, Erfolg für Kurierfahrer und Online-Lieferanten: Die EU hat sich doch noch auf ein Gesetz zur so genannten Plattformarbeit geeinigt. Damit wird die Scheinselbständigkeit für Uber-Fahrer und Deliveroo-Kuriere eingedämmt. Die Beschäftigten sollen mehr Rechte und eine bessere Sozialversicherung bekommen.

Dass doch noch eine Einigung zustande kam, ist eine Überraschung. Neben Frankreich hatte sich auch Deutschland enthalten – wegen des Widerstands der FDP. Diesmal reichte das so genannte „German Vote“ (die Enthaltung) aber nicht zur Blockade. Denn 25 EU-Staaten stimmten zu, so dass die nötige qualifizierte Mehrheit erreicht wurde.

Das Gesetz soll dafür sorgen, dass Beschäftigte bei Online-Plattformen unter bestimmten Bedingungen als voll angestellt gelten und damit auch mehr Rechte genießen. Bislang sind etwa Uber-Fahrer oder Fahrradkuriere auf dem Papier häufig selbständig und deshalb auch nicht über ihren Arbeitgeber sozialversichert.

Das soll sich nun ändern. Dafür wird die Beweispflicht umgekehrt – künftig müssen die Plattformen beweisen, dass ihre Mitarbeiter tatsächlich selbständig tätig sind. Ansonsten gelten sie als Festangestellte. Doch statt der zunächst geplanten einheitlichen EU-Regeln sollen die nationalen Regeln der 27 EU-Staaten maßgeblich sein.

Der belgische EU-Vorsitz lobte die Einigung als Meilenstein auf dem Weg zum „sozialen Europa“. Bundesarbeitsminister Hubertus Heil (SPD) sprach von einem Durchbruch: „Scheinselbstständigkeit und prekäre Arbeitsbedingungen werden so zurückgedrängt.“ Die FDP sei nicht kompromissfähig und könne daher auch nicht mitgestalten.

Auch Soloselbständige gestärkt

Lauter Beifall kam von den Gewerkschaften. „Diesmal hat die FDP es nicht geschafft, ein wichtiges europäisches Gesetzgebungsvorhaben zu blockieren“, freute sich Verdi-Chef Frank Wernicke. Auch Soloselbständige würden gestärkt. „Wir haben gewonnen“, hieß es beim Europäischen Gewerkschaftsbund EGB. Dies sei ein wichtiger Erfolg, da die Zahl der Online-Arbeiter ständig ansteige.

Nach Angaben der EU arbeiten knapp 30 Millionen Menschen als sogenannte Plattformarbeiter. Seit der Vorlage des Gesetzentwurfs vor 800 Tagen sei ihre Zahl um mehr als ein Drittel gestiegen, teilte der EGB mit. Denn immer mehr Menschen shoppen online – und lassen sich ihre Bestellungen dann von Kurieren anliefern.",Eric Bonse,"Selbständigkeit, Plattformökonomie, Europapolitik, Arbeit, Öko, taz, tageszeitung",2024-03-12,CONTROL_International_Womens_Strike_2017_2024,single,True,1,"De, En, La"
https://taz.de/Evakuierung-von-SOS-Kinderdorf/!5998137/,Die Tageszeitung (taz),Evakuierung von SOS-Kinderdorf: Kritik an Kinder-Rettung aus Gaza,"Dutzende palästinensische Waisen und mehrere Familien wurden aus Rafah evakuiert – zum Missfallen einiger Minister der Netanjahu-Regierung.

BERLIN dpa/taz | Im Rahmen einer humanitären Hilfsaktion sind Kinder und Mitarbeiter aus dem SOS-Kinderdorf Rafah im Süden des Gazastreifens vorübergehend nach Bethlehem im Westjordanland evakuiert worden. „Wir sind erleichtert, dass unsere intensiven Bemühungen gestern endlich Erfolg hatten, und danken allen Beteiligten“, sagte ein Sprecher des Auswärtigen Amts am Dienstag.

Demnach sind 68 palästinensische Kinder und elf lokale Mitarbeitende sowie deren Familien evakuiert worden. Nach Angaben der Organisation „SOS-Kinderdörfer weltweit“ handelt es sich insgesamt um 95 Personen. Die Organisation hatte sich Mitte November mit der Bitte um Hilfe für Rafah an Außenministerin Annalena Baerbock (Grüne) gewandt.

Aus Reihen der israelischen Regierung wurde Kritik laut, dass Pa­läs­ti­nen­se­r*in­nen evakuiert werden, während mehr als hundert israelische Geiseln weiter festgehalten werden. „Ich verlange vom Premierminister Aufklärung darüber, wer diesen unmoralischen Befehl gegeben hat“, schrieb Finanzminister Bezalel Smotrich auf X. Israelischen Medien zufolge wurde die Operation vom Nationalen Sicherheitsrat genehmigt, nicht aber vom Kabinett.

Der Minister für Nationale Sicherheit, Itamar Ben Gvir, verurteilte die Aktion laut der Nachrichtenseite Times of Israel ebenfalls. Er sprach demnach von einer „falschen humanitären Maßnahme“. „So wird ein Land, das nach dem absoluten Sieg strebt, nicht geführt“, sagte Ben Gvir dem Bericht zufolge. „Im Krieg muss man den Feind vernichten, ohne dabei scheinheilig zu sein.“

Die SOS-Kinderdörfer helfen nach eigenen Angaben vernachlässigten, notleidenden Kindern und Familien sowohl in den Palästinensergebieten als auch in Israel. Demnach sind sie seit 1968 in den Palästinensergebieten tätig.

Wir würden Ihnen hier gerne einen externen Inhalt zeigen. Sie entscheiden, ob sie dieses Element auch sehen wollen.",Jannis Hagmann,"Israel, Palästina, Gazastreifen, Nahost-Konflikt, Nahost, Politik, Schwerpunkt, taz, tageszeitung",2024-03-12,CONTROL_International_Womens_Strike_2017_2024,single,True,0,"In, The, To"
https://taz.de/Kritik-an-Ungarn-Geldern/!5998141/,Die Tageszeitung (taz),Kritik an Ungarn-Geldern: Von der Leyen muss mit Klage rechnen,"Hat sich EU-Kommissionspräsidentin von der Leyen von Ungarn erpressen lassen, um der Ukraine zu helfen? Das EU-Parlament will Klarheit und klagt.

BRÜSSEL taz | Knapp zwei Monate vor der Europawahl legt sich das EU-Parlament erneut mit Kommissionspräsidentin Ursula von der Leyen an. Der Rechtsausschuss des Parlaments hat sich nun dafür ausgesprochen, gegen die Freigabe von 10 Milliarden Euro an Ungarn aus EU-Fördermitteln zu klagen. Von der Leyen habe die Auszahlung nicht ausreichend begründet und gefährde damit die Rechtsstaatsregeln, hieß es.

Für eine Klage vor dem Europäischen Gerichtshof fehlt allerdings noch grünes Licht von Parlamentspräsidentin Roberta Metsola. Dieses wird am kommenden Donnerstag erwartet. Theoretisch hat das Parlament sogar noch Zeit bis zum 25. März, wenn die Klagefrist abläuft. Mit einem Urteil wird aber erst in ein oder zwei Jahren gerechnet. Also lange nach der Europawahl und der Ernennung einer neuen EU-Kommission.

Aus Sicht der Abgeordneten des Parlaments hat die Klage grundsätzliche Bedeutung. Es gehe darum, den Ermessensspielraum der Kommission bei der Freigabe von EU-Geldern zu klären, sagten mit der Klage befasste Abgeordnete. Die Brüsseler Behörde kann bei Rechtsstaatsbedenken große Milliarden-Beträge aus dem EU-Budget einfrieren, diese aber auch wieder freigeben. Das EU-Parlament hat kein Mitentscheidungsrecht.

Im konkreten Fall geht es um 10 Milliarden Euro, die von der Leyen nur einen Tag vor dem EU-Gipfel im Dezember „aufgetaut“ hatte. Beim EU-Gipfel machte Ungarns Regierungschef Viktor Orbán dann überraschend den Beginn von EU-Beitrittsgesprächen für die Ukraine frei. Von der Leyen habe sich von Orbán „erpressen“ lassen, um der Ukraine zu helfen, heißt es vor allem bei den Grünen.

Verfehlte Rechtsstaatspolitik von der Leyens?

„Es kann nicht sein, dass die EU-Kommission 10 Milliarden an Viktor Orbán in einem Kuhhandel freigibt“, erklärte der Grünen-Abgeordnete Daniel Freund. „Diese Klage ist die Antwort des Europaparlaments auf die verfehlte Rechtsstaatspolitik von Ursula von der Leyen.“ Ähnlich äußerte sich sein Parteifreund Sergey Lagodinsky. Ungarn dürfe nicht weiter „Mittel zur Erpressung der EU“ haben.

Vor zwei Jahren hatte das Parlament schon einmal gegen von der Leyen geklagt. Damals warf es der CDU-Politikerin vor, dass sie den neuen Rechtsstaatsmechanismus nicht nutze und Verstöße in Ungarn und Polen unbeantwortet lasse. Die Untätigkeitsklage wurde jedoch eingestellt, weil schließlich doch noch EU-Gelder eingefroren wurden. Man habe von der Leyen erfolgreich „zum Jagen getragen“. Nun müssten die Regeln geklärt werden, sagte ein Insider.",Eric Bonse,"Ursula von der Leyen, Europäische Kommission, Europäisches Parlament, Ungarn, Krieg in der Ukraine, Europa, Politik, Schwerpunkt, taz, tageszeitung",2024-03-12,CONTROL_International_Womens_Strike_2017_2024,single,True,1,"De, En, La"
https://taz.de/Landwirtin-ueber-ihr-Influencer-Dasein/!5995150/,Die Tageszeitung (taz),Landwirtin über ihr Influencer-Dasein: „Ich bin ja Quereinsteigerin“,"Marie Hoffmann ist Landwirtin und Influencerin. Viele ihrer 600.000 Fol­lo­wer:­in­nen haben nichts mit Landwirtschaft zu tun. Wie geht das zusammen?

wochentaz: Frau Hoffmann, wie passt das zusammen: Landwirtin und Influencerin?

Marie Hoffmann: Besser, als man denkt! Die Landwirtschaft ist ja das Thema, über das ich auf Social Media berichte, und der Grund, warum Leute sich für meine Inhalte interessieren. Und ein Handy kann man sehr einfach mit auf den Acker nehmen.

Parallel arbeiten Sie noch auf einem Hof?

Im Mai bin ich in den elterlichen Betrieb eines Schulfreundes eingestiegen. Wir ergänzen uns gut: Ich habe schon viel Praxiserfahrung und die theoretische Ausbildung, mein Kumpel hat das betriebswirtschaftliche Wissen und ebenfalls viel Praxiserfahrung.

Was ist das für ein Betrieb?

Reiner Ackerbau. Wir bewirtschaften 120 Hektar Land, dazu gehört auch Wald und ein Naturschutzgebiet. Dann haben wir 10 Hektar für Grünspargel, das ist unser größtes Standbein. Der Rest ist Roggen, Weizen, Mais, seit letztem Jahr auch Raps. Ab diesem Jahr wollen wir auch noch Hülsenfrüchte, also Ackerbohnen, Erbsen oder Lupinen anbauen – die können Stickstoff aus der Luft aufnehmen und damit einen Beitrag zum Klimaschutz leisten.

Wann haben Sie angefangen, landwirtschaftliche Inhalte auf Social Media zu teilen?

Schon während meines Bachelors. Je mehr ich gelernt habe, desto mehr habe ich auch mit meinen eigenen Vorurteilen aufgeräumt und gemerkt, wie viel Unwissen herrscht. In den Medien hört man immer wieder: Landwirtschaft soll das Insektensterben verursachen, den Klimawandel verantworten und so weiter. Dabei hat die Landwirtschaft das Potenzial, fast alle diese Probleme zu lösen.

Wie denn zum Beispiel?

Unsere Böden sind die größten CO2-Speicher, die es gibt. Wir wollen deshalb auf regenerative Landwirtschaft setzen. Die Idee dabei ist, den Boden als eigenes Ökosystem in Ruhe zu lassen und ihn nicht durch Bodenbearbeitung zu zerstören. Dadurch kann sich Humus aufbauen. Der besteht aus organischen Kohlenstoffverbindungen und kann so CO2 aus der Luft einspeichern und das Klima schützen. Das ist auch super für den Artenschutz, zum Beispiel können Wildbienen ihre Nester im Erdreich anlegen und Nester von Bodenbrütern, wie dem Kiebitz, werden nicht zerstört. Und wir werden resi­lien­ter: Wenn der Boden nicht mehr fein bearbeitet wird, dann kann er nicht so leicht vom Wind abgetragen werden und Starkregen besser aufnehmen.

Wie setzen Sie das Konzept auf Ihrem Hof um?

Mit Direktsaat. Das bedeutet, dass wir den Boden nach der Ernte nicht umpflügen, sondern direkt neu säen. Wir probieren dafür auch immer neue Techniken aus, zuletzt eine Agrardrohne, mit der wir schon eine Zwischenfrucht in unsere Felder gesät haben, bevor der Weizen überhaupt geerntet wurde. Das war sehr erfolgreich.

Warum machen das dann nicht alle so?

Es gibt auf jeden Fall Böden, die dafür besser geeignet sind als andere. In den ersten Jahren der Umstellung hat man außerdem oft Ertragseinbußen. Neue Techniken kann sich auch nicht jeder Betrieb leisten.

Womit verdienen Sie dann Ihr Geld, mit der Landwirtschaft oder mit den sozialen Medien?

Vom Betrieb lasse mir momentan kaum etwas auszahlen, weil wir erst mal investieren wollen, um den Betrieb für die Zukunft sicher aufzustellen. Wir haben ja nur Ackerbau, sind ein eher kleiner Hof und zu dritt, viel Geld bringt das nicht. Und mein Kumpel, mit dem ich das mache, hat noch einen anderen Job. Nur für seine Eltern ist der Hof aktuell die Haupteinnahmequelle.

Ist Social Media für Sie nur Mittel zum Zweck, um in der Landwirtschaft zu arbeiten?

Nein. Es ist schon mein Traum, irgendwann von der Landwirtschaft zu leben. Aber ich mache die Erklärvideos sehr gern. Und ich kann von dem Geld, das ich mit Social Media verdiene, gut leben. Das ist eine gute Einnahmequelle.

Wie denn?

Ich habe Werbekooperationen, zum Beispiel für Technik, die ich selbst ausprobiere. Das meiste Geld verdiene ich über Vorträge, Paneldiskussionen und Beratung von landwirtschaftlichen Unternehmen. Ich versuche Lösungskonzepte vorzustellen, die für mehr Effizienz und Nachhaltigkeit sorgen. Wie zum Beispiel Möglichkeiten, um Dünger präziser einzusetzen. Wir nutzen auf unserem Hof beispielsweise intelligente Applikationskarten, also eine Software, die genau sagen kann, wie viel Dünger welche Pflanze braucht. Viele wissen gar nicht, wie innovativ die Landwirtschaft ist.

Sie reden schon wieder über Landwirtschaft. Reden Sie nicht gern über sich selbst?

Nein, ich mache ja auch keinen Content über meine Person. Ich nutze Social Media als Plattform, um über die Landwirtschaft aufzuklären. Darüber identifiziere ich mich. Ohne die Landwirtschaft wäre ich nur ein halber Mensch.

Wie kamen Sie zur Landwirtschaft?

Meine Mama ist Lehrerin, mein Papa gelernter Zimmermann. Ich bin zwar auf dem Dorf und mit Pferden aufgewachsen, aber nicht auf einem landwirtschaftlichen Betrieb. Mein Großvater hat mich da rangeführt: Er hat auf einem großen Gut gearbeitet. Als ich ein Kind war, war er zwar schon pensioniert, aber hatte zu vielen Betrieben einen guten Draht.

Und der hat Sie mitgenommen?

Genau. Mit elf Jahren habe ich dann angefangen, auf Höfen auszuhelfen, habe Tiere versorgt und seit ich 16 bin Trecker gefahren. Nach dem Abi bin ich ein Jahr in die USA auf eine Farm, danach in Deutschland Agrarwissenschaften und Agrarwirtschaft studiert. Ab diesem Jahr fange ich an zu promovieren.

Und jetzt halten Sie jeden Tag ihr Gesicht in die Kamera.

Am Anfang habe ich mich das nicht getraut und nur Bilder mit Erklärtexten dort gepostet. Dann habe ich irgendwann während der Arbeit gemerkt, dass ich was zeigen will, aber es praktisch nicht hinkriege, auf dem Acker einen Text ins Handy zu tippen. Irgendwann habe ich das Handy deshalb hingestellt und angefangen, auf Instagram Storys hochzuladen. Das hat die Inhalte viel nahbarer gemacht und die Videos wurden oft geschaut.

Auf welchen Plattformen sind Sie inzwischen?

Auf Instagram, Tiktok und Facebook. Auf Facebook schreibe ich noch ausführlichere Texte, aber die Videos sind überall die gleichen.

Was genau versuchen Sie zu vermitteln?

Ich will einen Einblick in den tollsten Beruf der Welt geben und zeigen, was wir mit der Landwirtschaft alles verändern können. Dafür filme ich, wie die Arbeit auf dem Acker aussieht, und poste Ernteberichte. Aber ich bespreche auch technologische Entwicklungen und erkläre solche Dinge wie Staunässe.

Wieso kommt das so gut an? Immerhin folgen Ihnen mehr als eine halbe Million Menschen.

Ich erkläre es nicht zu kompliziert und setze nicht voraus, dass jemand schon alle Informationen hat. Ein Vorteil ist, dass ich selbst immer auch aus der Verbraucherinnenbrille auf Themen schauen kann. Ich bin ja Quereinsteigerin und habe deshalb ein Gefühl dafür, was Menschen ohne landwirtschaftlichen Hintergrund verstehen können. Außerdem probiere ich oft neue Sachen aus und berichte darüber. Zum Beispiel über die Agrardrohne. Dafür habe ich dann Kooperationen mit Maschinenherstellern, die mir die zur Verfügung stellen.

Ist das dann nicht einfach Werbung?

Nein, bei Maschinentests ist vertraglich immer festgelegt, dass ich auch Nachteile nennen kann, und das mache ich auch ehrlich. Wenn ich das nicht dürfte, würde ich mich nicht auf die Kooperation einlassen. Letzten Sommer habe ich zum Beispiel einen Roboter getestet, der selbstständig die Aussaat übernimmt. Hier gab es aber auch einige ökologische Nachteile, das habe ich dann auch so sagen dürfen.

Was gehört noch zu deiner Arbeit auf Social Media?

Ich sitze viel am Schreibtisch, schneide meine Videos und mache Community Management. Das ist ganz schön viel Arbeit, meistens verbringe ich meine Abende damit, Kommentarspalten zu moderieren und Fragen zu beantworten.

Was ist das für eine Community?

Vor allem eine, die sich für die Landwirtschaft und den Naturschutz interessiert, einige haben auch selbst einen landwirtschaftlichen Hintergrund. Es sind aber immerhin auch 30 Prozent, die gar keine Berührungspunkte mit der Landwirtschaft haben. Zumindest laut einer Umfrage, die ich in meiner Story gemacht habe. Das ist, wenn man Filterblasen und Algorithmen bedenkt, schon ziemlich viel für so ein spezielles Thema wie die Landwirtschaft. Darunter sind auch Veganerinnen und Veganer – da entstehen dann schon mal hitzigere, aber meistens sehr konstruktive Diskussionen unter den Beiträgen.

Ernähren Sie sich selbst vegan?

Nein, aber ich esse meistens vegetarisch. Und Fleisch esse ich eigentlich nur von selbst geschossenen Tieren.

Sind Sie stolz auf ihre vielen Follower?

Ja, da steckt natürlich schon viel Arbeit drin. Aber es spielen auch immer Algorithmen eine Rolle, also vielleicht hatte ich auch einfach Glück. Wirklich stolz bin ich darauf, dass ich neue Dinge ausprobiere und das anderen erklären kann.

Wie war die letzten Wochen die Stimmung auf Ihren Accounts?

In letzter Zeit war es sehr hitzig, weil wegen der Bauernproteste viele ­Gruppen aufeinandergetroffen sind und das Thema medial in den Fokus gerückt ist. Da gab es schon auch einige Vorwürfe und sehr viel Unverständnis. Viele haben uns vorgeworfen, nur für billigen Diesel auf die Straße zu gehen. Ich habe dann sachlich versucht, die Hintergründe der Proteste zu erklären.

Sie haben auch zu den Bauernprotesten aufgerufen. Warum?

Mich hat die Herangehensweise der Politik gestört: Der Umweltschutz ist eines der wichtigsten Ziele für mich und viele meiner Berufskolleginnen und Kollegen. Aber fest steht auch, dass wir ohne den Traktor nicht arbeiten können. Den Agrardiesel streichen, bevor es eine klimafreundliche Alternative gibt, belastet nur die Branche finanziell, bringt aber dem Klimaschutz nichts. Die Alternativen gibt es bereits, wie zum Beispiel pflanzliche Fette wie HVO und Öle, diese müssen aber auch einen wirtschaftlichen Anreiz durch gesetzliche Hilfestellung erfahren.

Bei einigen Protesten ging es mehr um den Sturz der Ampelregierung als um Klimaschutz.

Ja, das hat sich auch in einigen Kommentaren unter meinen Beiträgen gezeigt, nachdem ich dazu aufgerufen habe, gegen Rechtsextremismus zu stehen. Das hat mir echt zu denken gegeben. Meistens steckten hinter ­diesen Accounts aber Leute, die mir gar nicht folgen und die gezielt genau solche Beiträge kommentieren. Ich habe weiter versucht, meine Reichweite ­dafür zu nutzen, den Dialog mit der Politik zu suchen, und nicht den Sturz der Ampelregierung zu propagieren.

Sie haben sogar eine Petition gegen die Kürzung der Subventionen in den Bundestag gebracht. Können Sie sich vorstellen, in die Politik zu gehen?

Jetzt gerade nicht. Vielleicht, wenn ich mal alt und weise bin. Aber ich will erst mal viel mehr Wissen erlangen, mehr Erfahrungen sammeln. Ich habe aber auch das Gefühl, dass es in der Politik oft um interne Machtkämpfe geht. Wenn ich mich deshalb nicht mehr mit der Sache an sich beschäftigen könnte, würde mich das frustrieren. Da bleibe ich lieber parteiunabhängig.

Brechen Sie mit Klischees?

Ich denke schon. Wenn Playmobil einen Bauern auf den Markt bringen würde, wäre die Figur wahrscheinlich männlich, mit Latzhose, Gummistiefeln und Mistgabel. Aber das stimmt ja längst nicht mehr. Landwirtschaft ist eine tolle Wissenschaft, das weckt auch Begeisterung bei jungen Menschen und bei Frauen wie mir.

Erleben Sie als Landwirtin in der Öffentlichkeit auch Sexismus?

Klar, ich habe oft mit sexistischen Kommentaren zu tun. Irgendwer wirft mir vor, dass ich nur erfolgreich bin, weil ich eine blonde junge Frau bin.

Wie ironisch, meistens ist das doch ein Grund, weshalb einem als Frau wenig zugetraut wird.

Das Aussehen von Frauen steht eben meistens im Vordergrund, egal was sie ansonsten für Kompetenzen haben – leider.

Die Bild bezeichnet Sie als „schönste Landwirtin Deutschlands“. Was denken Sie über solche Zeilen?

Es nervt mich, dass mein Aussehen in den Fokus gestellt wird. Darum geht das doch gar nicht. Wenn auf meinem Account ein junger, gut aussehender Mann in die Kamera sprechen würde, würde da keiner drüber reden. Aber ich habe auch nicht das Gefühl, nur darauf reduziert zu werden. Am Ende geht es auch immer um meine Arbeit. Und diejenigen, die mich kennen, mir schon lange folgen und mit mir ins Gespräch kommen, wissen das.

Wenn alle Videos gepostet sind, auf dem Acker nichts mehr zu tun ist, was tun Sie dann eigentlich?

Irgendwas zu tun ist eigentlich immer. Aber wenn ich mal abschalten will, liebe ich es zu reiten. Meine Familie hat eigene Pferde und ich nehme oft meinen kleinen Hund mit. Und ich spiele Klavier, aber ich weiß auch nicht, ob man das als Hobby bezeichnen kann.

Was spielen Sie denn?

Sehr gern Stücke von dem italienischen Komponisten Ludovico Einaudi. Der hat zum Beispiel den Soundtrack für den Film „Ziemlich beste Freunde“ geschrieben. Der ist toll.

Fahren Sie auch mal in den Urlaub?

Ich reise sehr gerne, um landwirtschaftliche Projekte in anderen Ländern kennenzulernen. Dieses Jahr fliege ich noch nach Kalifornien zu einem Hof, der intelligente Mikrobewässerungssysteme verwendet. Die haben dort noch deutlich mehr mit Trockenheit zu tun und sind deshalb schon weiter, was effiziente Bewässerung angeht.

Klingt eher nach Bildungsurlaub.

Ich werde mir auch noch den Grand Canyon und so anschauen.

Was wünschen Sie sich für die Zukunft?

Mein größter Wunsch ist, dass die Potenziale des wichtigsten Berufs der Welt gesehen werden. Landwirtschaft könnte im Klimawandel der Gamechanger sein. Ich wünsche mir, dass hier wissenschaftsbasierte Entscheidungen getroffen werden und dass wir wertgeschätzt werden.

Und etwas, das nur Sie selbst betrifft?

Ich könnte mir vorstellen, irgendwann einen kleinen Resthof zu kaufen mit einer Wildtierauffangstation. Es wäre mein Traum, auf dem Hof zu leben, auf dem ich auch arbeite.",Anna Lindemann,"wochentaz, Influencer, Landwirtschaft, Landleben, Stadtland, Alltag, Gesellschaft, Schwerpunkt, taz, tageszeitung",2024-03-12,CONTROL_International_Womens_Strike_2017_2024,single,True,1,"De, En, La"
https://taz.de/Mangelnder-Spass-am-Lernen-in-der-Schule/!5994758/,Die Tageszeitung (taz),Mangelnder Spaß am Lernen in der Schule: Elende Wissens-Bulimie,"Den Spaß am Lernen entdeckte ich erst spät im Leben. Leider kann ich meine Tochter nicht damit anstecken. Der Fehler liegt im Schulsystem.

„Wer nicht von dreitausend Jahren, Sich weiß Rechenschaft zu geben, Bleib im Dunkeln unerfahren, Mag von Tag zu Tage leben.“ – Mein halbes Leben habe ich im Dunklen verbracht, ohne auch nur dieses Goethe-Zitat zu kennen. Ich bin klargekommen. Trotzdem wünsche ich mir für meine Tochter etwas anderes.

Ich weiß gar nicht, wann ich im Leben festgestellt habe, dass ich gerne lerne. Während meiner Schulzeit jedenfalls nicht.

Mein Interesse für Geschichte beispielsweise habe ich eigentlich erst entdeckt, als ich während des Corona-Homeschoolings meine Tochter Olivia irgendwie für das Thema Antike begeistern musste, ohne selber auch nur zu wissen, wann die eigentlich war. Das Schulmaterial war dafür nutzlos. Da brauchte ich schon die Hilfe von Monty Pythons „Life of Brian“ und Michael Köhlmeiers Nacherzählungen griechischer Sagen (die als Verfilmung wohl eine FSK-18-Kennzeichnung haben müssten).

Ich habe mich seitdem oft gefragt, ob ich das Thema Griechen und Römer in meiner Schulzeit verschlafen habe oder ob es einfach nicht auf dem Lehrplan der Haupt-und Realschule stand. Seit ich nun also selber ein bisschen über Geschichte wissen möchte, gehe ich meiner Tochter auf den Senkel, indem ich sie ungefragt mit meinen neu erworbenen Kenntnissen belästige. Glotze ich mich im Wohnzimmer bei Funk durch „Musste wissen Geschichte“, spürt sie sofort meine Erwartung, sie möge auch „von sich aus“ Feuer fangen und verkrümelt sich. Auf meine Versuche, ihr Spielfilme zu bestimmten historischen Themen unterzujubeln, fällt sie schon lange nicht mehr rein.

Später besuchte ich übrigens ein Gymnasium. Ich hatte begriffen, wie es funktioniert: Im Unterricht einigermaßen aufpassen und zu den Klausuren auswendig lernen, was abgefragt wird. Direkt danach konnte alles wieder vergessen werden, denn es ging nie um die Zusammenhänge der Themen untereinander. Genau diese geschichtlichen Zusammenhänge sind es, die mich heute faszinieren und durch die ich die Bedeutung der einzelnen Ereignisse überhaupt erst begreife.

Meine Tochter konnte ich mit dieser Faszination leider nicht anstecken. „Es ist nicht Schule“, sagt sie, wenn sie eines ihrer Pfadfinder-Revolutionslieder singt und ich dazu mit einer Russland-Lektion ankomme. „Ja, EBEN“ denke ich dann und könnte ins Kissen beißen. Mit gequältem Gesichtsausdruck hört Olivia dann manchmal aber doch ein bisschen zu – mir zuliebe. Immerhin hat sie erlebt, wie viel witziger mit dem entsprechenden Hintergrundwissen ihre Känguru-Kultbücher sind.

Zum Beispiel, wenn das Gespenst des Kommunismus dem Känguru und Marc Uwe beim Versuch einen Joint zu drehen von seinen Verfolgungsängsten erzählt. Trotzdem wäre es ihr lieber, ich ließe sie mit meinen Zusatzinformationen in Ruhe. Ich wünschte so sehr, ich könnte ihre Einstellung zum Lernen verändern, weg von der Gute-Schulnoten-Wissens-Bulimie. Aber es scheint ein Trauma zu sein.

Wenn ich allerdings merke, wie widerwillig ich mich selber zum Elternabend schleppe, scheint mir meine eigene Einstellung zur Schule auch nicht optimal. Da sitzen wir Eltern dann genau wie unsere Kinder in diesem trostlosen Raum und hoffen, dass es bald vorbei sein möge. Neulich traute sich eine Mutter (trotz böser Blicke) zu fortgeschrittener Stunde zu fragen, wie wir mit dem massiven Unterrichtsausfall im Fach Englisch umgehen könnten. Die Antwort lautete: „Kein Problem: Alle Klassenarbeiten sind geschrieben, die Konferenzen durch, die Noten stehen fest.“ Der Fehler liegt eben einfach im System.

In den Gesprächen beim Rausgehen konnte ich mich dann damit trösten, dass mein Kind nicht das einzige ist, das auf den Vorschlag seiner übermotivierten und förderverkrampften Eltern, wenigstens mal die Netflix-Serien auf Englisch zu streamen, nur milde lächelnd die Augen verdreht.",Birte Müller,"Lernen, Schule, Noten, Wissen, Schwer mehrfach normal, Nord, Serie, taz, tageszeitung",2024-03-12,CONTROL_International_Womens_Strike_2017_2024,single,True,1,"De, En, La"
https://taz.de/Rechtsextreme-Mitarbeitende-bei-der-AfD/!5998132/,Die Tageszeitung (taz),Rechtsextreme Mitarbeitende bei der AfD: Bundestag prüft mehr Sicherheit,"Laut einer Recherche beschäftigt die AfD im Parlament etliche Rechtsextreme. Das Bundestagspräsidium prüft nun, die Sicherheitsmaßnahmen zu erhöhen.

BERLIN taz | Es sind bekannte Namen wie Mario Müller, Benedikt Kaiser oder Jonas Schick: Seit Langem stellen AfD-Abgeordnete im Bundestag Rechtsextreme als Mitarbeitende ein. Diese gehen im Parlament dann ein und aus. Auch angesichts der Verhandlung vor dem Oberverwaltungsgericht Münster über die Einstufung der AfD als rechtsextremen Verdachtsfall wächst nun im Bundestagspräsidium der Druck, hier die Regeln nochmal schärfer zu fassen.

Schon 2018 hatte die taz erstmals zu rechtsextremen Mitarbeitenden bei AfD-Abgeordneten recherchiert: Aufgedeckt wurde, dass 58 Mitarbeitende und 9 Abgeordnete Verbindungen zu Personen oder Organisationen der extremen oder neuen Rechten hatten. Eine Recherche des Bayerischen Rundfunks liefert nun noch einmal ein Update, wonach die Zahl weiter angestiegen ist: Mehr als 100 Personen sollen die AfD-Abgeordneten inzwischen beschäftigen, die in Organisationen aktiv sind, die der Verfassungsschutz als rechtsextrem einstuft – darunter Identitäre, radikale Burschenschafter oder Neonazis.

Die Zahlen alarmieren auch das Bundestagspräsidium. Vizepräsidentin Aydan Özoguz (SPD) sagte am Dienstag gegenüber der taz: „Mittlerweile sollte jedem klar sein, dass die AfD unsere Demokratie nicht nur von außen, sondern auch von innen angreift.“ Und die AfD-Abgeordneten zögerten offenbar nicht, ihre Rechte zu missbrauchen. „Daher brauchen wir nun Regeln für etwas, das jahrzehntelang Konsens aller Parteien und Fraktionen war: Wer in der Herzkammer der Demokratie arbeitet, sollte Respekt vor unserer Verfassung haben“, betonte Özoguz. „Man kann nicht gleichzeitig Mitglied einer Organisation sein, die unsere Demokratie abschaffen möchte oder die Würde von Menschengruppen aufgrund ihrer Herkunft oder Religion missachtet.“

Auch Yvonne Magwas (CDU), ebenfalls Vizepräsidentin, attestierte der AfD „Abgründe an Menschenfeindlichkeit“. Das Präsidium müsse „hier aktiv werden“. Ihre grüne Präsidiumskollegin Katrin Göring-Eckardt macht konkrete Vorschläge. „Es kann nicht sein, dass Verfassungsfeinde aus dem Inneren des Bundestages arbeiten und versuchen, von dort unsere Demokratie auszuhöhlen – bezahlt mit Steuerzahlergeld“, sagte die Grüne der taz.

Göring-Eckardt fordert schärfere Hausregeln

Göring-Eckardt plädiert daher für eine Nachschärfung der Hausregeln. Wenn etwa verfassungsfeindliche Mitarbeitende mit Steuergeldern bezahlt würden, sollten die Auszahlungsregeln „dringend überprüft“ werden, so Göring-Eckardt. Gleiches gelte für die Zuverlässigkeitsüberprüfungen von Personen, die Hausausweise beantragen. „Die Bundestagspolizei braucht dafür alle in den Sicherheitsbehörden vorliegenden relevanten Informationen, um hier sichere Entscheidungen treffen zu können.“ Alle rechtsstaatlich möglichen Instrumente sollten „ausgeschöpft“ werden, so Göring-Eckardt.

Auch Bundesinnenministerin Nancy Faeser (SPD) plädierte am Dienstag für eine Überprüfung der Sicherheitsregeln für das Parlament. „Es muss alle Demokraten umtreiben, dass rechtsextremistische Netzwerke bis in den Bundestag reichen“, sagte sie der Rheinischen Post.

Die 78 AfD-Bundestagsabgeordneten bekommen pro Monat jeweils 25.800 Euro für Mitarbeitende – pro Jahr macht das knapp 25 Millionen für die gesamte Fraktion. Dazu kommen Angestellte der Fraktion selbst. Die Abgeordneten können im Sinne des freien Mandats selbst entscheiden, wen sie beschäftigen. Dass die AfD-Leute bekannte Rechtsextreme anstellen, verstößt eigentlich gegen eine parteiinterne „Unvereinbarkeitsliste“, die etwa eine Zusammenarbeit mit den Identitären untersagt. Offensichtlich gilt dies aber nur auf dem Papier.

Zuletzt hatte auch Bundestagspräsidentin Bärbel Bas (SPD) erklärt, man sei „nicht naiv“ und erkenne „die akuten Bedrohungen für unser Parlament“ durch Demokratiefeinde. Ein Sprecher der Bundestagsverwaltung sagte am Dienstag der taz, dass Bas derzeit zu „Sicherheitsfragen“ im Gespräch mit den Vorsitzenden der sicherheitsrelevanten Ausschüsse sei. Mit Hannes Gnauck sitzt etwa ein AfD-Abgeordneter im Verteidigungsausschuss, der zugleich selbst vom Verfassungsschutz als Rechtsextremist erfasst ist, als Vorsitzender der als „gesichert rechtsextrem“ eingestuften AfD-Parteijugend.

Bereits vor einem Jahr hatte der Bundestag seine Regeln verschärft – damals vor allem als Reaktion auf Feueralarm-Aktionen der Letzten Generation in Bundestagsgebäuden und auf Festnahmen von terrorverdächtigen Reichsbürgern, die auch einen Bundestagssturm geplant haben sollen. Mit dabei war auch die frühere AfD-Abgeordnete Birgit Malsack-Winkemann.

Seitdem sind etwa stichprobenartige, anlassunabhängige Sicherheitskontrollen auch von Hausausweisbesitzenden an den Parlamentseingängen möglich. Auch gibt es nun für Personen, die langjährige Hausausweise besitzen, jährliche Zuverlässigkeitsüberprüfungen. Zudem wurde der Aufenthalt von Personen im Bundestagsgebäude während Plenarsitzungen eingeschränkt und die Zusammenarbeit mit der Polizei intensiviert. Präsidentin Bas legte zuletzt auch einen Entwurf für ein neues Gesetz für die Bundestagspolizei vor, das derzeit im Parlament beraten wird.

Und in Einzelfällen gibt es auch jetzt schon Hausverbote – etwa im Fall des besagten Mario Müller, der bei dem AfD-Abgeordneten Jan Wenzel Schmidt angestellt und wegen Körperverletzungen verurteilt ist. Zuletzt soll Müller auch beim „Geheimtreffen“ von Rechtsextremen in Potsdam aufgetreten sein. Er dürfe auch als Gast nicht das Parlament betreten, hatte ein Sprecher zuletzt der taz mitgeteilt.",Konrad Litschko,"Bundestag, Bärbel Bas, Rechtsextremismus, Identitäre Bewegung, Alternative für Deutschland (AfD), Deutschland, Politik, Schwerpunkt, taz, tageszeitung",2024-03-12,CONTROL_International_Womens_Strike_2017_2024,single,True,1,"De, En, La"
https://taz.de/Ukraine-Exporte-ueber-das-Schwarze-Meer/!5994885/,Die Tageszeitung (taz),Ukraine-Exporte über das Schwarze Meer: Der Seeweg ist wieder offen,"Militärische Erfolge ermöglichen der Ukraine deutlich mehr Exporte über das Schwarze Meer. Dabei geht es auch um Getreidelieferungen.

ODESSA/KYJIW taz | Im Winterdunst ist zwar nicht viel zu sehen von der Bucht von Odessa, aber dass Passanten überhaupt wieder zu Fuß an das obere Ende der großen Treppe über dem Hafen dürfen, ist durchaus symbolisch: Der Weg übers Meer ist wieder offen. Weiter geht es an der Treppe jedoch nicht. Eine Polizistin wacht über das Flatterband. Ein Schild weist an, dass fotografieren verboten ist.

Der ukrainische Getreideexport über das Schwarze Meer hat im Januar 2024 wieder Vorkriegsniveau erreicht. Und auch im Februar wurden insgesamt „über 8 Millionen Tonnen verschiedener Produkte exportiert, davon mehr als 5 Millionen Tonnen Agrargüter“, sagte Denis Marchuk, stellvertretender Vorsitzender des ukrainischen Agrarverbands, Anfang März in Kyjiw.

Dies sei eine der stärksten Exportleistungen seit Beginn der russischen Invasion. „Wir beobachten einen erheblichen Aufschwung der Geschäftstätigkeit, der auf das Vertrauen und die Sicherheit zurückzuführen ist, die die Streitkräfte der Ukraine im Schwarzen Meer vermittelt haben.“

Inzwischen verschiffe die Ukraine wieder 80 Prozent ihrer Agrargüter über das Schwarze Meer. Rund 10 Prozent würden über die Donauhäfen abgewickelt. Nur noch etwa 3 bis 5 Prozent dieser Produkte würden über Polen transportiert. Das entspreche einer Menge von etwa 300.000 bis 350.000 Tonnen pro Monat. An den polnischen Grenzübergängen zur Ukraine gibt es seit Monaten Proteste polnischer Bauern gegen eine angebliche Überflutung des Marktes mit billigerem ukrainischem Getreide.

Russische Schwarzmeerflotte hat teils die Kontrolle verloren

Verglichen mit der Situation von 2022, als die Ausfuhr aus den ukrainischen Schwarzmeerhäfen praktisch blockiert war, ist das ein riesiger Unterschied. Seinerzeit war die Nahrungsmittelsicherheit von Hunderten Millionen Menschen direkt bedroht. Die Preise stiegen. Eine Zwischenlösung bot der unter türkischer Vermittlung vereinbarte Getreidedeal: Russland erlaubte eine begrenzte Zahl von Schiffen auf festgelegten Routen. Die Türkei sollte mit Inspektionen garantieren, dass nichts Kriegswichtiges transportiert wird. Doch im Juli 2023 kündigte der Kreml einseitig den Deal und drohte damit, alle Schiffe zu versenken, die ukrainische Häfen anlaufen.

Die russische Schwarzmeerflotte hat jedoch die Kontrolle über den westlichen Teil des Schwarzen Meeres verloren und gerät auch im zentralen Teil immer mehr unter Druck. Und das gegen einen Kriegsgegner, der praktisch keine Marine besitzt.

Verluste häufen sich. Schon zum Jahreswechsel waren nach ukrainischen Angaben rund 20 Prozent der russischen Schiffe außer Gefecht gesetzt. Seitdem sind weitere gesunken. Nun soll laut einem Bericht der kremlnahen Zeitung Iswjestija wohl der russische Marinechef Nikolai Jewmenow seinen Posten verlieren. Kremlsprecher Dmitri Peskow wollte das nicht kommentieren. Es gebe geheime Dekrete, sagte er.

Am 5. März versenkte die Ukraine die Korvette „Sergei Kotow“ vor Feodossija auf der Krim. Mitte Februar hatte es das Landungsschiff „Zesar Kunikow“ rund 17 Kilometer von Jalta entfernt erwischt. In beiden Fällen kamen wohl Überwasserdrohnen zum Einsatz. Auch in den Häfen sind die russischen Schiffe nicht sicher: So blieb vom Landungsschiff „Nowotscherkassk“ nicht viel übrig, nachdem es offenbar von einem Marschflugkörper im Hafen von Feodossija getroffen wurde. Videos von einer enormen Explosion deuteten darauf hin, dass das Schiff wohl Munition geladen hatte.

Die Exporte bringen dem Staat Steuern

Besonders schmerzhaft dürften auch die Angriffe auf Sewastopol gewesen sein: Dort wurden im Trockendock liegend das U-Boot „Rostow am Don“ und die „Minsk“ zerstört. Außerdem wurde das Hauptquartier der Flotte selbst getroffen. Anfang September hatte die Ukraine auch mehrere Gasförderplattformen im Schwarzen Meer südlich von Odessa wieder unter ihre Kontrolle gebracht, auf denen die Russen Radarsysteme installiert hatten.

In der ukrainischen Regierung ist man entsprechend positiv gestimmt. „Von Juli bis Januar haben mehr als 660 Schiffe den neuen Getreidekorridor bereits passiert und rund 20 Millionen Tonnen Fracht in 32 Länder der Welt transportiert“, so Premierminister Denys Shmyhal.

Im Januar beliefen sich die gesamten ukrainischen Exporte demnach auf einen Wert von 3,1 Milliarden Dollar, davon seien 1,9 Milliarden Dollar Exporte auf dem Seeweg gewesen. Das bringt dem Staat Steuern. „Für eine bessere Unterstützung des Militärs, für Drohnen und Munition, für innovative militärische Verteidigungsprodukte und vieles mehr“, so Shmyhal.

Auch in der Luft hat Russland Verluste

Auch die russische Luftwaffe erlebt derzeit schwierige Zeiten. Und das, obwohl die Ukraine noch keinen einzigen der versprochenen F16-Jets bekommen hat. Wie Präsident Selenskyj Anfang März in einer seiner Videobotschaften mitteilte, seien in der zweiten Februarhälfte allein 13 russische Flugzeuge abgeschossen worden.

Oft geschah das bei Einsätzen in Frontnähe, wo die russischen Streitkräfte ihre lokale Luftüberlegenheit für Bombenangriffe auf die Frontstellungen der Ukrainer nutzten. Das Kyjiwer Center for Defense Strategies geht davon aus, dass die russischen Piloten höhere Risiken eingehen mussten, weil Awdijiwka unbedingt eingenommen werden sollte.

Möglicherweise folgenreich dürfte für Russland auch der Verlust von inzwischen drei A50-Flugzeugen sein. Diese Maschinen sind das russische Äquivalent zu den amerikanischen Awacs und dienen der Luftraumüberwachung. Mit ihrem auf den Rumpf montierten Radarteller können die A50 Hunderte Kilometer weit sehen.

Das ist wichtig, um gegnerische Flugzeuge oder Raketen frühzeitig zu erkennen, aber auch, um die eigenen zu koordinieren. Die A50 sind nicht nur teuer, sondern auch selten, auch sind ihre Crews schwierig zu ersetzen. Beobachter gehen davon aus, dass die russische Luftwaffe nur eine niedrige zweistellige Anzahl besitzt und davon auch nicht alle einsatzfähig waren.",Marco Zschieck,"Getreide, Odessa, Marine, Export, Krieg in der Ukraine, Europa, Politik, Schwerpunkt, taz, tageszeitung",2024-03-12,CONTROL_International_Womens_Strike_2017_2024,single,True,1,"De, En, La"
https://taz.de/Weltbank-Vize-ueber-Klimafinanzierung/!5994612/,Die Tageszeitung (taz),Weltbank-Vize über Klimafinanzierung: „Wir müssen für eine bessere Welt kämpfen“,"Wenn die Klimakrise nicht bewältigt wird, gibt es keine Sicherheit, sagt Axel von Trotsenburg. Vor allem in den afrikanischen Ländern fehle das Geld.

taz: Herr van Trotsenburg, angesichts der Klimakrise hat die Weltbank bei ihrem Treffen im Oktober in Marrakesch eine Reform ihrer Arbeit beschlossen. Ihre Mission, „die extreme Armut zu beenden“, enthält nun auch die Formel „auf einem bewohnbaren Planeten“. Die Weltbank soll etwa über Geldgarantien mehr Handlungsspielraum bekommen, um Kredite an Länder zu geben, die vom Klimawandel am härtesten getroffen werden. Wird die Mission damit konkret?

Axel van Trotsenburg: Wir wollen das Garantiegeschäft entscheidend ausbauen, auch als Instrument dafür, mehr Privatinvestitionen in Entwicklungsländer zu bringen. Auch die „Climate Resilient debt clauses“ wurden jetzt verabschiedet, also die Möglichkeit, eine Kreditrückzahlung bei Klimanotlagen zu stunden. Aber das Wichtige, was in diesem Jahr passieren wird, ist: Die Ressourcen für IDA, die Internationale Entwicklungsgesellschaft, werden aufgestockt. Das ist unser Fonds, der teils zinsfreie Kredite und Zuschüsse für die ärmsten Länder gibt.

Und wie steht es um die versprochene Umschichtung von Mitteln in Richtung Klima­krise?

Wir haben bei der COP 28 zugesagt, unser Klimaengagement neuerlich zu steigern – und wir sind dabei weitergekommen. Letztes Jahr gingen für die Weltbankgruppe an die 38 Milliarden Dollar in diesen Bereich, das sind 40 Prozent aller Finanzzusagen. Und wir möchten im nächsten Fiskaljahr 45 Prozent erreichen. Wir sind auch im Loss-and-Damage-Fonds engagiert. Bei der COP in Dubai wurden wir gefragt, ob die Weltbank diesen Fonds einrichten könne. Wir planen, das dem Board vor der Frühjahrstagung vorzulegen.

Ein weiteres Element des Reformprozesses war die neue Finanzierung durch sogenanntes hybrides Kapital, durch das Ausgeben von Anleihen der Weltbank. Deutschland hat dafür ein Zusage gemacht. Was machen die anderen Länder?

Wir sind im Kontakt mit verschiedenen Ländern und haben es sehr begrüßt, dass Deutschland als erstes Land eine Hybridkapitalzusage gemacht hat.

Wie groß ist denn die Bereitschaft des Privatkapitals, in Entwicklungsländern einzusteigen?

Über welches Privatkapital reden Sie? Man muss unterscheiden: Die Finanzierung für Entwicklung läuft insbesondere durch einheimische Investitionen, von Einheimischen. Dazu kommt ausländisches Privatkapital, dann bilaterale Investitionen, dann kommt die multilaterale Komponente dazu. Das meiste private Kapital ist in asiatische Länder geflossen, auch aus Deutschland, weil die Investitionen dort am rentabelsten sind.

Und was ist dagegen zu sagen?

Nichts. Aber es sollten in allen Entwicklungsländern und vor allem in Afrika mehr Investitionen getätigt werden. Wir glauben, dass es da sehr viele Möglichkeiten für den Privatsektor gibt. Noch dazu sollte man überlegen, dass Millionen Arbeitsplätze in Afrika geschaffen werden müssen, denn es ist ein sehr junger Kontinent. Und dafür braucht man den Privatsektor, denn das wird die öffentliche Hand nicht schaffen. Das bedeutet aber auch, dass die Länder selbst die Rahmenbedingungen dafür schaffen müssen. Das einheimische Privatkapital sollte mit Investitionen Vorreiter sein, sodass sich auch ausländisches Kapital zunehmend engagiert. Aber es ist ganz wichtig zu betonen, dass die Rahmenbedingungen stimmen müssen.

Sie haben schon 2019 von den Staaten der Welt gefordert, tatsächlich klimagerechtere Politik zu machen. Sie haben von privaten Kapitalgebern gefordert, mehr in die Transformation zu investieren. Wo stehen wir da?

Bei der Halbzeitüberprüfung der 17 UN-Nachhaltigkeitsziele in New York im vergangenen Jahr wurde festgestellt, dass nur 15 Prozent der Ziele erreicht wurden. Das heißt: Wir sind off track. Wir müssen unsere Anstrengungen in allen Bereichen verstärken. Zum ersten Mal seit Jahrzehnten hat die extreme Armut wieder zugenommen. Kinder waren nicht mehr in der Schule. Und es besteht das Risiko, dass gerade viele Mädchen permanent aus der Schule raus sind. Die Learning poverty – dass die Kinder vielleicht in der Schule sind, aber nichts lernen – hat auch wieder zugenommen. Vor allem in Asien sind allerdings auch große Erfolge bei der Armutsbekämpfung erzielt worden. Trotzdem gibt es riesige Herausforderungen. Als Welt, die so vernetzt ist, kann man sich nicht einfach davon abkapseln. Das ist ein Appell an alle OECD-Länder, weiter stark engagiert zu bleiben – insbesondere auf dem afrikanischen Kontinent.

Man muss auch sehen: Ein nicht bewältigtes Klimaproblem wird auch Sicherheitsfragen aufwerfen. Wenn die Klimafrage nicht entsprechend behandelt wird, wird vor allem in den ärmsten Ländern die extreme Armut zunehmen. Mit extremer Armut kommen auch gesellschaftliche Spannungen. Und der nächste Schritt ist Unsicherheit in den Ländern. Es gibt ganz klare Verbindungen – den Nexus, wie wir sagen – zwischen Sicherheit, humanitärer Hilfe und Entwicklung. Das kann man nicht mehr getrennt behandeln.

Die Premierministerin von Barbados, Mia Mottley, hat zum Umbau der internationalen Finanz- und Kreditinstitutionen aufgerufen, die sogenannte Bridgetown-Initiative. Sehen Sie das als Rebellion gegen die Weltbank oder als eine Form der Aufforderung an Sie zu handeln?

Die Frage ist angesichts der Herausforderungen doch: Wie kann man die internationale Gesellschaft mobilisieren? Auch multilaterale Organisationen brauchen diese Unterstützung, damit sie mehr machen können. Diese Bridgetown-Initiative ist gut, weil Aufmerksamkeit geschaffen wird. Denn die kritische Masse fehlt noch.

Welche Hoffnung hält Sie am Laufen?

Meine Hoffnung? Idealismus. Den habe ich, seit ich klein war. Wir haben eine Grundsatzverpflichtung, für eine bessere Welt zu kämpfen. Die Weltbank macht das jeden Tag. Man muss kämpfen. Man kriegt nichts geschenkt, aber man kann eine Veränderung herbeiführen. Und das hält mich motiviert.

Wie geht das, wenn es vielen im Moment schwerer fällt, kämpferisch zu sein und idealistisch?

Man muss nur in die Länder reisen, die heute fragile Staaten sind. Dann weiß man, dass wir unheimlich privilegiert sind. Und wenn wir darauf zurückblicken, wie groß die Hilfsbereitschaft nach dem Zweiten Weltkrieg war, anderen Ländern beim Wiederaufbau zu helfen, dann muss man konstatieren: In schwierigeren Lagen waren die Leute wesentlich großzügiger als heute.

Was würden Sie Leuten mitgeben, die engagiert sind, aber auch skeptisch auf die Zukunft blicken?

Vor über 60 Jahren schrieb der Nobelpreisträger Gunnar Myrdal ein Buch unter dem Titel „Asian Drama“. Darin attestierte er dem ganzen asiatischen Kontinent, dass er unmöglich zu entwickeln sei. Schauen Sie, wo wir heute sind. Es ist auch in Afrika möglich. Aber wir müssen investieren.

Wir würden Ihnen hier gerne einen externen Inhalt zeigen. Sie entscheiden, ob sie dieses Element auch sehen wollen.",Barbara Junge,"Finanzierung, Weltbank, Klimawandel, Ökologie, Öko, Schwerpunkt, taz, tageszeitung",2024-03-12,CONTROL_International_Womens_Strike_2017_2024,single,True,1,"De, En, La"
https://taz.de/Asyl-in-Deutschland/!5994705/,Die Tageszeitung (taz),Asyl in Deutschland: Verbannt per Bezahlkarte,"Das Aus für Bargeld nimmt Geflüchteten ein Minimum an Freiheit und Teilhabemöglichkeiten. Ein Theaterstück in vier Akten.

Die Bezahlkarte für Geflüchtete ist die Antwort auf eine Frage, die niemand gestellt hat. Ein Theaterstück, das die Bühne für ein Publikum beleuchtet, das längst erkannt hat, dass der Kaiser keine Kleider trägt. Die Politik löst mit der Bezahlkarte Probleme, die so real sind wie die Monster unter dem Bett, während mit ihr die echten verfassungswidrigen Ungeheuer – Ungleichheit, Diskriminierung und Ausgrenzung – frei herumlaufen, ungezähmt und ungehindert. Und so steht Frau Bezahlkarte stolz im Rampenlicht, umjubelt von all jenen, die noch nie etwas von dem Grundrecht auf Gewährleistung eines menschenwürdigen Existenzminimums gehört haben.

In einem bemerkenswerten Akt der Einigkeit hat die Bundesregierung beschlossen, dass die Bezahlkarte offiziell im Asylbewerberleistungsgesetz (AsylbLG) bundesweit geregelt werden soll. Das AsylbLG, ein Sondergesetz der Leistungsgewährung im Sozialrecht für Asylsuchende und Geflüchtete, wird seit drei Jahrzehnten liebevoll vom Gesetzgeber gepflegt. Mit Hingabe werden die verfassungsrechtlichen Lücken gestopft, doch der bräunliche Grundton bleibt bestehen. Während andere Bedürftige in Deutschland Anspruch auf Bürgergeld oder eine Rentenaufstockung nach dem Sozialgesetzbuch haben, müssen sich Asylsuchende mit Leistungen begnügen, die aktuell mit knapp 20 Prozent unter dem liegen, was allgemein als menschenwürdiges Existenzminimum angesehen wird. Für ukrainische Geflüchtete gilt das AsylbLG nicht.

Die Bezahlkarte, die als Brückenbauerin zwischen Integration und Gesellschaft angepriesen wird, steuert gerade darauf zu, das Gegenteil zu bewirken: Sie wird die Geflüchteten endgültig aus der gesellschaftlichen Teilhabe verbannen.

Erster Akt: Der Rahmen

Der Vorhang hebt sich, die Bühne zeigt ein Büro, im Hintergrund sieht man Umrisse des Reichstagsgebäudes. Im Mittelpunkt steht ein antikes Schreibpult, hinter dem der Gesetzgeber sitzt. Eine Tafel dahinter zeigt das Grundgesetz, eine leuchtende Inschrift hebt Artikel 1 in Verbindung mit Artikel 20 hervor. Der Gesetzgeber beginnt zu sprechen, seine Stimme hallt durch den Raum: „Das Grundgesetz verpflichtet uns, doch es gibt uns auch Freiraum. Es fordert die Sicherung des Existenzminimums, lässt uns aber die Wahl der Mittel – ob in Geld, Sachwerten oder Dienstleistungen.“

Ein Schatten fällt über die Szene: „Doch unser Gestaltungsspielraum ist begrenzt. Wir müssen Bedarfe realistisch erfassen und Leistungen transparent bemessen. Migrationspolitische Überlegungen dürfen nicht dazu führen, dass wir verfassungswidrig handeln.“

Plötzlich ändert sich die Beleuchtung, und vier Schatten treten auf die Bühne, jeder repräsentiert ein Problem der Bezahlkarte. Sie bewegen sich um den Gesetzgeber herum, flüstern: Verlust der Autonomie und Entscheidungsfreiheit, keine Teilhabe, Unterdeckung des existenznotwendigen Bedarfs. Der Gesetzgeber blickt in die Ferne, während die Schatten verblassen. Er murmelt: „Ob unsere Pläne für die Bezahlkarte diesen strengen Anforderungen standhalten?“

Zweiter Akt: Das Dilemma

Eine Straßenszene mit kleinen Geschäften, Flohmärkten. Orte, wo das Leben pulsiert und Schnäppchen zu finden sind. Die Bezahlkarte kann man hier nicht nutzen, zahlen geht nur bar.

Auf der Bühne erscheint eine Szene aus Hamburg; hier dürfen Geflüchtete maximal 50 Euro in bar abheben. Überweisungen sind nicht möglich. Im Hintergrund wird der Vorschlag, den Kauf von Tabak und Alkohol technisch zu unterbinden, durch eine Gruppe dargestellt, die im Supermarkt steht und unfähig ist, sich zu bewegen. Die Ungleichbehandlung wird durch ein geteiltes Licht dargestellt, das diejenigen mit Bezahlkarte von den anderen trennt, die frei herumlaufen.

Ein Schauspieler tritt vor: „Das grundrechtlich geschützte Existenzminimum umfasst mehr als nur die Sicherung der physischen Existenz. Es geht auch um die soziokulturelle Teilhabe, die es Menschen ermöglicht, am politischen, kulturellen und sozialen Leben teilzunehmen.

Dritter Akt: Die Mauer muss weg

Eine Mauer teilt die Bühne – auf der einen Seite die weite Welt, auf der anderen ein durch Mauern begrenzter Raum, der thüringische Landkreis Greiz. Eine Schauspielerin bewegt sich über die Bühne, bis sie abrupt vor der Mauer stehen bleibt. Stimme aus dem Off: „Im Landkreis Greiz sehen wir, wie der Einsatzbereich der Bezahlkarte beschränkt wird, denn sie funktioniert nur dort. Das ist nicht tragbar.“

Vierter Akt: Justitia spricht

Auf der Bühne tritt eine Richterin in roter Robe vor. Sie sagt: „Wir müssen unsere Diskussion über die Bezahlkarte auf eine Basis aus Fakten und verfassungsrechtlichen Grundsätzen stellen. Die verbreitete Annahme, dass Geflüchtete ihre Sozialleistungen ins Ausland transferieren, ist nicht stichhaltig. Tatsächlich führt die Bezahlkarte aber zu einer erheblichen Einschränkung der Geflüchteten, indem sie ihnen die grundlegende Freiheit nimmt, über ihren Alltag und ihre Bedürfnisse selbst zu entscheiden.“ Und während sich die Bühne verdunkelt, fallen Sparkassenkarten vom Himmel, im Hintergrund erscheint der Slogan: Die Lösung für alle!

Die Bezahlkarte für Geflüchtete ist die Antwort auf eine Frage, die niemand gestellt hat. Ein Theaterstück, das die Bühne für ein Publikum beleuchtet, das längst erkannt hat, dass der Kaiser keine Kleider trägt. Hinter der Bühne klopfen sich Regierungsmitglieder von SPD, Grünen und FDP gegenseitig auf die Schulter; die Luft ist vor Selbstbeweihräucherung dick. Sie geben vor, die Flucht­ursache schlechthin gefunden und beseitigt zu haben. Dort, wo Dystopie die Realität trifft, murmelt die Ironie leise über die seltsame Art von Erbarmen, die wir den Schwächsten unter uns zu bieten haben.

Wir würden Ihnen hier gerne einen externen Inhalt zeigen. Sie entscheiden, ob sie dieses Element auch sehen wollen.",Farnaz Nasiriamini,"Asylsuchende, Geflüchtete, Flucht, Deutschland, Politik, Schwerpunkt, taz, tageszeitung",2024-03-12,CONTROL_International_Womens_Strike_2017_2024,single,True,1,"De, En, La"
https://taz.de/EU-geht-gegen-Einschuechterungsklagen-vor/!5994714/,Die Tageszeitung (taz),EU geht gegen Einschüchterungsklagen vor: Es hagelt Ohrfeigen,"SLAPP-Klagen bringen unliebsame AktivistInnen und JournalistInnen zum Schweigen. Eine EU-Direktive soll das ändern, doch sie geht nicht weit genug.

Es sei beängstigend gewesen, als die erste Abmahnung der Jungen Alternative (JA), der Jugendorganisation der AfD, ankam. Maurice Conrad (ist auch als Ko­lum­nis­t*in für taz tätig, Anm. d. Red.) fühlte sich machtlos und gedemütigt. Conrad ist Aktivist*in, Mitglied des Mainzer Stadtrats und der AfD wohl ein Dorn im Auge. „Sie wollten 1.000 Euro von mir und dass ich eine Unterlassungserklärung unterschreibe. Das hat mich ziemlich eingeschüchtert.“

Auslöser für die Abmahnung war ein Tweet, in dem sich Maurice zu einem Treffen der JA in Sachsen äußerte, bei dem offen über die Errichtung von Lagern für JüdInnen und MigrantInnen geredet wurde. „Sie haben diese Äußerungen gar nicht bestritten. Es ist eine Medienstrategie der neuen Rechten, stattdessen gegen Nebenschauplätze juristisch vorzugehen.“ Der Nebenschauplatz in diesem Fall: Conrad schrieb im Tweet von Mitgliedern der JA. Diese vertritt jedoch die Meinung, dass es sich nur um TeilnehmerInnen des Treffens handelte, die diese Äußerungen tätigten, und nicht um ihre Mitglieder.

Vorgehen wie diese werden SLAPPs (Strategic lawsuit against public participation) genannt, „Strategische Klage gegen öffentliche Beteiligung“. Diese juristischen Ohrfeigen sollen einschüchtern, damit sich kritische Stimmen aus dem öffentlichen Diskurs zurückziehen. Betroffen sind davon nicht nur politische AktivistInnen wie Conrad, sondern auch JournalistInnen und WissenschaftlerInnen.

Emotionaler und zeitlicher Stress

„Das Hauptziel ist es, dem Beklagten finanzielle, emotionale und zeitliche Kosten aufzubürden und ihn so davon abzuhalten, weiter über dieses Thema öffentlich zu sprechen. Ob er gewinnt oder verliert, ist dem Kläger dabei eigentlich egal“, sagt der Medienwissenschaftler Uwe Krüger. Unter seiner Leitung publizierte die Universität Leipzig kürzlich eine Studie zu SLAPP-Klagen. Anhand des Beispiels der Adelsfamilie der Hohenzollern untersuchte sein Team, wie Einschüchterungsklagen wirken.

Die Familie verschickte laut einem Interview mit Georg Friedrich Prinz von Preußen in der Welt bereits 120 Klagen und Abmahnungen gegen Redaktionen und HistorikerInnen, unter anderem um gegen Darstellungen über das Verhältnis des damaligen Kronprinzen zum Nationalsozialismus vorzugehen. Trotzdem fanden sich nur zehn Personen, die sich zu einer Teilnahme an der Studie bereiterklärten. Laut Medienwissenschaftler Krüger ein Indiz dafür, dass SLAPPs wirken. „Es zeigt, dass man das Thema gerne ganz aus seinem Leben raushaben möchte oder nicht riskieren möchte, noch mal verklagt zu werden“, sagt er.

Dass Einschüchterungsklagen ein immer größeres Problem für „Public Watchdogs“ darstellen, ist auch in Brüssel angekommen. Neue EU-Richtlinien sollen JournalistInnen, AktivistInnen und WissenschaftlerInnen besser vor SLAPPs schützen. Zentral dabei ist, dass die beklagten Parteien künftig die Möglichkeit haben, das Verfahren vorzeitig einstellen zu lassen. Wird eine Abweisung der Klage beantragt, kommt es zu einer sogenannten Beweisumkehr. Heißt: Der Kläger muss beweisen, dass es sich nicht um eine unbegründete Klage handelt. Außerdem soll den Opfern von SLAPPs mehr finanzielle Hilfe geboten werden.

Uwe Krüger begrüßt diese EU-Direktive, sieht sie jedoch auch nicht unkritisch: „Sie bezieht sich nur auf Zivilsachen mit grenzüberschreitendem Bezug. Eine Klage muss also mit mehreren EU-Ländern zu tun haben. Die Hohenzollern-Geschichte zum Beispiel würde davon überhaupt nicht berührt werden.“ Die NGO „Coalition against SLAPPs in Europe“ (CASE) dokumentiert SLAPPs seit 2010 und sieht fast jedes Jahr einen Anstieg an Fällen – 135 im Jahr 2021, ein Jahr später bereits 161. Dabei würde die EU-Direktive nur bei etwa 10 Prozent der von CASE gesammelten Fällen greifen, so Uwe Krüger.

Es braucht mehr Solidarität untereinander

Was gegen SLAPPs helfen kann, ist, sich untereinander zu solidarisieren. Im Falle der Hohenzollern-Klagen sahen einige Teilnehmer der Studie der Universität Leipzig eher einen Imageverlust der Adelsfamilie als eine Einschränkung der Berichterstattung, nachdem Satiriker Jan Böhmermann das Thema öffentlich thematisierte.

Uwe Krüger dazu: „Wichtig ist eine wache Zivilgesellschaft, die aufpasst. Das hat auch bei dem SLAPP des Immobilieninvestors United Capital gegen die Leipziger Studierenden-Zeitung luhze geholfen.“ Im Dezember 2021 berichtete luhze darüber, dass United Capital Wohnungen kaufe, um diese dann in WG-Zimmer aufzuteilen und teuer weiterzuvermieten. Der Immobilienkonzern sah sich in seinen Persönlichkeitsrechten verletzt und forderte von luhze, den Artikel offline zu nehmen. Nachdem sich andere Medien mit der Studierenden-Zeitung solidarisierten und darüber berichteten, zog der Konzern die Klage kurz vor der Verhandlung zurück.

Was diese Solidarisierung angeht, ist die Medienbranche jedoch noch nicht so weit. Krüger spricht von einem vorherrschenden „Einsamer-Wolf-Denken“. „Viele sehen es als normal an, verklagt zu werden. Nach dem Motto: Gehört zum Business, das macht mir nichts aus, ich bin ein harter Hund.“ Dabei ist es wichtig, sich zu vernetzen und sich gegenseitig zu unterstützen. Kleinere Medienhäuser und freie JournalistInnen können durch solche Einschüchterungsklagen viel leichter an den Rand des Ruins gedrängt werden. Es sei außerdem nicht klar, wie hoch die Dunkelziffer ist und wie viele JournalistInnen, ForscherInnen, AktivistInnen oder KünstlerInnen unter solchen Klagen leiden.

Auch Maurice Conrad will in Zukunft besser aufpassen. „Ich kann es mir nicht leisten, alle zwei Wochen abgemahnt zu werden. Du kämpfst da gegen Leute, denen es gar nicht darum geht zu gewinnen, sondern die einfach ganz viel Druck aufbauen wollen.“

Letztendlich wird sich noch zeigen müssen, ob die neue EU-Direktive das Zeug dazu hat, die Tendenz zu SLAPP-Klagen einzudämmen. Uwe Krüger sieht die EU-Mitgliedstaaten in der Pflicht, die Richtlinien eins zu eins zu übernehmen. Sie haben nach ihrem Inkrafttreten zwei Jahre Zeit, um sie in nationales Recht umzusetzen.

Wir würden Ihnen hier gerne einen externen Inhalt zeigen. Sie entscheiden, ob sie dieses Element auch sehen wollen.",Livio Koppe,"Journalismus, Aktivismus, Klage, Pressefreiheit, Medien, Gesellschaft, Schwerpunkt, taz, tageszeitung",2024-03-12,CONTROL_International_Womens_Strike_2017_2024,single,True,1,"De, En, La"
https://taz.de/Ein-Graffiti-in-Rom-wirft-Fragen-auf/!5994751/,Die Tageszeitung (taz),Ein Graffiti in Rom wirft Fragen auf: Fußball-Fans und Märtyrer,"„Wer ist eigentlich Gabriele?“, wird die Autorin in einem Café im römischen Viertel EUR gefragt. Die Frage hatte sie sich auch schon gestellt.

Vor einigen Wochen kam meine Berliner Freundin Miriam mich in Rom besuchen. Wir fuhren ans Meer, liefen durch die Stadt, betraten kein einziges Museum, noch nicht einmal eine Kirche, aßen sehr viel und redeten. Wir sprachen über Beziehungen, das Schreiben, Bücher, Trauern, Sex und, zu meinem eigenen Erstaunen, sogar über Fußball. Anfangs unbeabsichtigt. Wir wussten gar nicht, dass wir es tun.

Wir saßen in einem Café in EUR, diesem Viertel, das einst von Mussolini für die Olympischen Spiele in Auftrag gegeben und später von Michelangelo Antonioni als Kulisse seiner Filme genutzt worden war, als sie plötzlich, aus dem Nichts, vollkommen zusammenhangslos, zwischen einer Mini-Pizza und einer Olive fragte: „Wer ist eigentlich Gabriele?“ Zuerst verstand ich nicht. Ich kenne zwei oder drei Gabrieles, keinen davon besonders gut, keinen davon so, dass ich ihn je erwähnt hätte, die Frage erschien mir kryptisch. Keine Ahnung, sagte ich, wer soll das denn sein?

„In der Stadt sind überall Graffiti, die sagen: Gabriele vive. Gabriele lebt. Hier auch schon wieder. Wer ist denn bloß dieser Gabri?“ Tatsächlich habe ich mich das auch schon oft gefragt. In meiner Straße gibt es zwei solcher Aufschriften. Gabriele vive. Gabriele vive. Jedes Mal, wenn ich daran vorbeilaufe, denke ich, dass ich es nachschauen müsste, prüfen müsste, was es mit diesem Gabriele auf sich hat, doch dann vergesse ich es immer wieder, vielleicht weil man in Rom grundsätzlich dazu neigt, vieles zu vergessen.

Glücklicherweise lebt Miriam nicht in Rom, sondern in Berlin und war dementsprechend entschlossen, es herauszufinden. So haben wir an diesem Nachmittag folgendes gelernt: Gabriele Sandri, „Gabbo“, war ein Fußballfan. Ein Lazio-Rom-Fan, um genau zu sein. Ein Ultra. Er war 26 Jahre alt, als er am Sonntag, dem 11. November 2007, an einer Autobahntankstelle von einem Polizisten getötet wurde.

Er war sofort tot

Es war ein Spieltag, Lazio gegen Juventus, Gabriele und seine Freunde waren unterwegs nach Mailand, zum Spiel, als sie an einer Raststätte in der Nähe von Arezzo auf Juventus-Fans trafen. Es brach eine Schlägerei aus. Man rief die Polizei. Es wurden Warnschüsse abgefeuert. Sandri und seine Freunde sprangen in ihr Auto und wollten davonfahren, als einer der Polizisten das Auto verfolgte und zwei Mal in Richtung des Wagens schoss. Einer der Schüsse traf Sandri in den Hals. Er war sofort tot.

Damals ging wohl eine Welle der Empörung durch das Land, ein Erdbeben, nicht nur in Fußballkreisen: Weil ein junger Mann sinnlos zu Tode gekommen war, weil man die Spiele an diesem Sonntag nur kurzzeitig unterbrach (als ein Polizist wenige Monate zuvor kurz vor einem Match getötet worden war, hatte man alle Spiele im gesamten Land abgesagt) und der Schütze, immerhin ein Vertreter des Staates, nie Reue zeigte.

Das Ereignis heizte die ohnehin angespannte Situation zwischen Ultras und Polizisten nur weiter an und vermittelte in Fußballkreisen offenbar das Gefühl, ein Fan sei in den Augen der Autorität nicht mehr als ein Punkt in einer Masse und sein Leben wenig wert. Es kam zu Protesten, Gewaltaktionen, aber auch zu unerwarteten Solidaritätsbekundungen.

Sogar Totti solidarisierte sich

Etwa vonseiten der AS Roma, dem eigentlichen Erzfeind von Lazio: Francesco Totti, der historische Kapitän der Roma-Mannschaft, war wohl nicht nur bei der Beerdigung Sandris dabei, sondern rollte einst auch während eines Spiels in Rom, direkt vor der Lazio-Nordkurve, eine Banderole aus, die sagte: „Tränen kennen keine Farbe. Gabbo, einer von uns. Die Südkurve.“ Als Totti, die römische Legende, vor einigen Jahren selbst in Rente ging, wurde ihm dafür in der „curva nord“ mit einer Gegenbanderole gedankt, auf der stand: „Die lebenslangen Feinde verabschieden Francesco Totti! Irriducibili.“

In solchen Momenten, so schlossen Miriam und ich aus unserer Recherche, lebt Gabriele vielleicht wirklich. Als Fußball-Märtyrer, der eine Brücke schlägt zwischen Ufern, die sonst nie zueinanderfinden. Was man gegen die offen ausgelebten faschistischen Affinitäten seines Vereins Lazio tut, das haben wir wiederum nicht herausgefunden. Vielleicht steht das an einer anderen Hauswand.",Annabelle Hirsch,"Fankultur, Italien, Rom, Lazio Rom, Kolumne La Strada, Kolumnen, Gesellschaft, Serie, taz, tageszeitung",2024-03-12,CONTROL_International_Womens_Strike_2017_2024,single,True,1,"De, En, La"
https://taz.de/Expertin-ueber-Tod-in-sozialen-Medien/!5994447/,Die Tageszeitung (taz),Expertin über Tod in sozialen Medien: „Trauer braucht keine smarte Lösung“,"Ein Mensch stirbt, doch sein Instagramprofil bleibt. Elaine Kasket gibt Tipps, wie sich der digitale Nachlass regeln lässt.

wochentaz: Was passiert mit meinen Social-Media-Profilen nach meinem Tod?

Elaine Kasket: Alle Plattformen haben gemeinsam, dass persönliche Daten gespeichert bleiben, solange Sie als Nutzer nicht aktiv werden. Wenige Leute wissen, dass sie ihr digitales Erbe aktiv organisieren müssen. Was genau mit den Profilen passiert, hängt vom konkreten sozialen Medium ab.

Nehmen wir Facebook als Beispiel.

Bei Facebook werden Konten standardmäßig in den Gedenkzustand versetzt, wenn das Unternehmen über den Tod einer Nutzerin informiert wird. Es sei denn, man hat zu Lebzeiten in den Einstellungen einen Nachlassverwalter benannt und die Option angekreuzt: „Ich möchte, dass meine Daten gelöscht werden, sobald ihr einen verifizierten Bericht über meinen Tod erhaltet.“ Solche Gedenkeinstellungen gibt es aber nicht bei allen Plattformen.

Wer hat die meiste Macht über mein digitales Erbe?An der Spitze der Machthierachie stehen die Tech-Unternehmen. Sie kontrollieren, wo Ihre Daten gespeichert werden. Die Firmen sind oft mächtiger als Aufsichtsbehörden und Angehörige. Viele Gesetze, die solche Fälle betreffen, sind nicht explizit auf Digitalthemen zugeschnitten, sondern regeln Verträge oder geistiges Eigentum. Die Datenschutz-Grundverordnung in Europa, kurz DSGVO, schließt noch nicht die Daten von Verstorbenen ein. Wie viel Macht Angehörige haben, hängt davon ab, ob eine Kontaktperson für den Nachlass benannt wurde. Manchmal kommen als zusätzliche Faktoren auch böswillige Akteure ins Spiel, die sich als der Verstorbene ausgeben.

Wenn ich den Account einer Verstorbenen hacke und lösche, weil es mich zum Beispiel schmerzt, die Geburtstagserinnerungen zu sehen, handle ich dann illegal?

Es ist immer illegal, die Identität einer anderen Person zu benutzen, um sich in ein Konto einzuloggen. Einige von uns machen das ganz beiläufig, aber es ist, als würde man die Post eines anderen öffnen. Oft geben sich Angehörige als die verstorbene Person aus, um den digitalen Nachlass zu regeln.

In Deutschland hat der Bundesgerichtshof 2018 ein wegweisendes Urteil gefällt, nachdem Eltern Zugang zu den Face­book-Nachrichten ihrer verstorbenen Tochter verlangt hatten. Was ist da passiert?

Das Mädchen ist auf Bahngleisen verunglückt, es ist unklar, ob es sich um einen Unfall oder Suizid handelte. Ihre Eltern wollten wissen, ob sie gemobbt wurde oder andere Probleme hatte. Deshalb forderten sie Zugang zu ihrem Facebook-Messenger. Sie bekamen recht. Der Richter sagte in seinem Urteil, dass das wie mit einer private Kiste mit Briefen sei. Die wäre auch an die Eltern gegangen.

Ein Erfolg?

Viele Da­ten­schüt­zende waren im Gegenteil sehr besorgt. Es handelt sich ja auch um einen Eingriff in die Privatsphäre aller Personen, mit denen das Mädchen geschrieben hat. Wenn jedes Mal, wenn jemand stirbt, die nächsten Angehörigen automatisch Zugang zu allen Daten haben, dann haben sie Zugang zu potenziell sensiblen Informationen anderer. Die Datenethikkommission urteilte im Jahr 2020, dass die Analogie mit der Kiste voller Briefe eine falsche Anwendung aus dem analogen Zeitalter sei.

Wurde in anderen Ländern anders entschieden?

In einem kanadischen Fall hinterließ ein Ehemann seiner Frau den Wunsch, einen Roman zu beenden, den er bereits zu 95 Prozent geschrieben hatte. Seine Frau hatte das Passwort für die Cloud verloren, in der er den Roman gespeichert hatte. Sie verklagte Apple und erhielt vier Jahre später die Zugangsdaten. Der Wunsch nach Zugriff kann aber auch schreckliche Gründe haben. In einem Fall wollte eine Familie auf die Facebook-Fotos ihrer Tochter zugreifen und die 72 Bilder mit dem Ex-Freund löschen, weil er ihr Mörder war. Bei Frauen, die ermordet werden, ist der Täter meistens ein Mann, mit dem sie eine Beziehung hatten oder haben. Wenn Sie also eine Frau sind und ermordet werden, haben Sie höchstwahrscheinlich Fotos des Mörders auf Ihren Social-Media-Konten. Die Familie wendete sich am Ende an einen Experten im Bereinigen von digitalen Profilen.

In Ihrem Buch schreiben Sie: „Die Toten kaufen keine Produkte und klicken nicht auf Werbung.“ Warum behalten Tech-Unternehmen dann die Daten von Verstorbenen und nehmen sogar die Mühe auf sich, vor Gericht um sie zu kämpfen?

Unternehmen, die ihre Kunden besser verstehen wollen, können aus den Daten der Toten Erkenntnisse über die Lebenden gewinnen. Denn die Profile von Verstorbenen enthalten Informationen über andere, noch lebende Personen. Darüber hinaus läuft das ganze Big-Data-Modell darauf hinaus, Daten zu horten, um mehr Verknüpfungen herzustellen.

Wie viel Speicherplatz verbrauchen Daten Verstorbener?

Das ist schwer zu quantifizieren. Carl Öhman und David Watson haben vor einigen Jahren Schlagzeilen gemacht, weil sie den wahrscheinlichen Wendepunkt identifiziert haben, an dem die Zahl der Toten die Zahl der Lebenden auf Facebook übersteigen wird – wenn es Face­book bis dahin gibt. Es soll irgendwann im dritten Quartal dieses Jahrhunderts geschehen. Aber im Grunde wissen wir es nicht genau. In jedem Fall ist es teuer, diese Daten zu speichern. Server brauchen Kühlung und Energie.

Sollten wir aus Klimaschutzgründen möglichst viel löschen?

Diese Daten einfach ohne eine gesellschaftliche Debatte zu löschen, ist nicht erstrebenswert. Online-Daten sind ein wichtiges kulturhistorisches Archiv unserer Zeit. Ganze Bewegungen wie MeToo haben online stattgefunden. Wir müssen also diskutieren: Was behalten wir und wie? Dennoch glaube ich, dass wir der Umwelt zuliebe auch darüber nachdenken müssen, welche Daten wir loswerden wollen.

KI-Anwendungen lernen immer besser, Sprache, Stimme und Mimik von Personen zu imitieren. Mit genug Dateninput lassen sich daraus immer bessere Avatare von verstorbenen Personen erstellen. Meine Mutter kann mir in ihrer Videoversion vielleicht noch zehn Jahre nach ihrem Tod Ratschläge zu meinem Liebeskummer geben.

Ich habe das Gefühl, wir reden diese Entwicklung im Moment herbei. Also den Einsatz von KI, um geliebte Personen neu zu erschaffen und zu verewigen. Das Thema wird gerade riesig, aber ich glaube nicht, dass es eine gute Antwort ist. Nicht nur, weil der CO₂-Fußabdruck auch für die Entwicklung und das Training von KI unglaublich groß ist. Mir geht es eher darum: Warum brauchen wir plötzlich solche künstlichen Fortsetzungen geliebter Menschen?

Weil wir sie vermissen?

Wir können Verlust nicht vermeiden, wenn jemand stirbt. Warum denke ich, dass ich so wichtig bin, dass es mich für immer geben muss? Warum halte ich meine Liebsten für so unfähig, damit fertig zu werden, dass es mich nicht mehr gibt? Trauer ist kein Problem, für das wir eine smarte Lösung finden müssen.

Mittlerweile gibt es einen Markt dafür, digitale Hinterlassenschaften zu regeln. Unternehmen bieten an, die Kommunikation mit Facebook, Instagram und so weiter zu organisieren.

Der Staat stellt die Geburtsurkunde aus, und der Staat stellt auch die Sterbeurkunde aus. Dazu braucht es eine digitale Sterbeurkunde, die wasserdicht ist, also eine Art Code enthält, der bestätigt, dass die Person mit dieser Identität tot ist. So können wir Missbrauch und Fälschung besser vermeiden. Diesen Service sollte auch der Staat übernehmen, weil er allen zur Verfügung stehen sollte und nicht nur den Leuten, die ein Unternehmen dafür bezahlen können.

Was kann ich heute schon tun, um meinen digitalen Nachlass zu regeln?

Fragen Sie sich: Welcher von Ihren digitalen Accounts ist wirklich wichtig? Und wozu haben Angehörige keinen Zugang? Gibt es zum Beispiel emotional wertvolle Dinge wie Fotos, oder ein unfertiges Buch?

Und was mache ich dann mit meinen Erkenntnissen?

Gehen Sie davon aus, dass Ihre Angehörigen nicht darauf zugreifen können, wenn es sich auf einem kennwortgeschützten Konto befindet. Benennen Sie Nachlassverwalter. Ich würde davon abraten, eine Liste mit Passwörtern zu hinterlassen, da diese in die falschen Hände geraten könnte. Sie können aber eine Liste der Konten irgendwo aufbewahren. Wenn es etwas gibt, das Ihre Angehörigen wirklich haben sollten, dann ist es am sichersten, es herunterzuladen und lokal zu speichern. Im Prinzip ist es dasselbe wie bei der Frage: Was würden Sie mitnehmen, wenn Ihr Haus abbrennen würde?",Enno Schöningh,"Zukunft, wochentaz, Internet, Tod, Nachlass, Digitaler Fingerabdruck, Facebook, Alltag, Gesellschaft, Schwerpunkt, taz, tageszeitung",2024-03-12,CONTROL_International_Womens_Strike_2017_2024,single,True,1,"De, En, La"
https://taz.de/Krieg-in-Gaza/!5997329/,Die Tageszeitung (taz),Krieg in Gaza: Hilfslieferung in See gestochen,"Eine 200-Tonnen-Hilfslieferung für Gaza ist unterwegs. Die Kämpfe im Norden sowie im Roten Meer weiten sich aus. Die jüngsten Entwicklungen.

LARNAKA/JERUSALEM/BEIRUT/WASHINGTON afp dpa taz | Das Schiff „Open Arms“ der gleichnamigen Hilfsorganisation ist am Dienstag mit großer Verspätung aus dem zyprischen Hafen von Larnaka in Richtung Gazastreifen in See gestochen. Ursprünglich sollte es am Wochenende auslaufen. Die Nichtregierungsorganisation zeigte in einem Video auf X, ehemals Twitter, den Moment des Ablegens des Schiffes. Auch der zyprische Regierungssprecher, Giannis Antoniou, bestätigte der Deutschen Presse-Agentur den Beginn der Fahrt.

Das Schiff – ein umgebauter Schlepper – zieht eine Plattform, auf die Hilfsgüter geladen worden sind. Es handele sich um rund 200 Tonnen Trinkwasser, Medikamente und Lebensmittel, hieß es aus Regierungsquellen. Die Fahrt ist eine Probefahrt entlang der Route eines geplanten Hilfskorridors, den EU-Kommissionspräsidentin Ursula von der Leyen und der zyprische Präsident Nikos Christodoulidis vergangenen Freitag in Larnaka angekündigt hatten.

Der Hafen von Larnaka liegt rund 400 Kilometer von Gaza entfernt. Diese Fahrt könnte bis zu 60 Stunden dauern, da das Schiff langsam fährt. Die Route ist nicht ungefährlich: Im östlichen Mittelmeer wehen oft starke Winde, es gibt auch starke Strömungen und keine anderen Inseln, die im Falle eines Sturms Schutz bieten könnten.

Wo und wie das Schiff nach Ankunft in den Gewässern vor Gaza seine Fracht löschen soll, ist unklar. Das Anliefern der Güter gilt als große Herausforderung, weil es in Gaza nur einen kleinen Fischerhafen gibt, der nicht tief genug für Frachtschiffe ist. Das US-Militär will deshalb gemeinsam mit internationalen Partnern einen temporären Hafen einrichten.

Angriffe in der Tiefe des Libanon

Währenddessen gehen auch die Gefechte zwischen Israel und der libanesischen Hisbollah weiter. Israels Armee hat nach eigenen Angaben nun auch Stellungen der Schiiten-Miliz in der Tiefe des Nachbarlandes angegriffen. Die Luftwaffe habe zwei Stellungen der proiranischen Hisbollah in der Bekaa-Ebene im Nordosten des Libanons attackiert, teilte Israels Militär am Montagabend mit und bestätigte damit libanesische Berichte.

Die Angriffe seien, so das israelische Militär, Vergeltung für frühere Angriffe der Hisbollah-Miliz. Es sei erst das zweite Mal seit Beginn des Krieges gegen die mit der Hisbollah verbündete islamistische Hamas im Gazastreifen vor gut fünf Monaten, dass Israels Militär das etwa 100 Kilometer nördlich der Landesgrenze gelegene Gebiet angegriffen habe, berichtete die israelische Nachrichtenseite „Ynet“ am Abend.

Am Dienstagmorgen wurde nach Angaben des israelischen Militärs ein Sperrfeuer von etwa 70 Raketen aus dem Libanon auf Nordisrael abgefeuert. Es handelte sich um eines der größten Sperrfeuer, das die Hisbollah während des Krieges abgefeuert hat.

Auch im Roten Meer gehen die Kämpfe weiter. US-Streitkräfte haben eigenen Angaben zufolge erneut Stellungen der Huthi-Rebellen im Jemen angegriffen und dabei ein Drohnenschiff und 18 Antischiffsraketen zerstört. Es seien sechs Angriffe auf von den Huthis kontrollierte Gebiete erfolgt, nachdem ein Schiff im Roten Meer beschossen worden sei, erklärte das für den Nahen Osten zuständige US-Zentralkommando Centcom am Montagabend. Wie die britische Behörde für die Sicherheit des Seeverkehrs UKMTO mitteilte, habe das Schiff zuvor „ein Explosionsgeräusch in der Nähe“ gemeldet.

Aktionen sollen während des Ramadan eskaliert werden

Laut Centcom handelte es sich um das unter liberianischer Fahne fahrende Frachtschiff „Pinocchio“, das sich in singapurischem Besitz befindet. Zum Zeitpunkt der Explosion habe sich das Schiff südwestlich des jemenitischen Hafens Salif befunden, erklärte UKMTO. Die Besatzung sei wohlauf, das Schiff nicht beschädigt.

Die vom Iran unterstützte Huthi-Miliz bestätigte, das Schiff ins Visier genommen zu haben. Die Militäraktionen würden während des Fastenmonats Ramadan „eskaliert“ werden, hieß es in einer Erklärung. Die offizielle jemenitische Nachrichtenagentur Saba berichtete von US-amerikanischen Luftangriffen im Gouvernement Saada im Norden des Jemen.

Die Huthi-Rebellen greifen seit November Schiffe im Roten Meer und im Golf von Aden an, um sich nach eigenen Angaben mit den Palästinensern im Krieg zwischen Israel und der islamistischen Hamas im Gazastreifen zu solidarisieren. Die Huthis sehen sich als Teil der gegen Israel gerichteten und vom Iran unterstützten „Achse des Widerstands“, zu der neben der Hamas im Gazastreifen auch die Hisbollah-Miliz im Libanon gehört.

Die Huthis haben angekündigt, israelische, britische und US-Schiffe ins Visier zu nehmen sowie Schiffe mit israelischem Zielhafen. Viele Reedereien meiden deswegen inzwischen die wichtige Seehandelsroute, über die normalerweise 12 Prozent des weltweiten Seehandels abgewickelt werden.

Die USA und Großbritannien führen als Reaktion auf den Beschuss der Schifffahrt Luftangriffe auf Huthi-Stellungen aus und wollen weitere Attacken auf Handelsschiffe damit verhindern. Zudem versuchen Kriegsschiffe zweier internationaler Koalitionen, den Schiffsverkehr entlang der jemenitischen Küste zu sichern. Als Teil der EU-Mission ist die deutsche Fregatte „Hessen“ seit Ende Februar in der Region im Einsatz.

Wir würden Ihnen hier gerne einen externen Inhalt zeigen. Sie entscheiden, ob sie dieses Element auch sehen wollen.",taz. die tageszeitung,"Gaza, Israel, Huthi-Rebellen, Hisbollah, Hungersnot, Hamas, Nahost-Konflikt, Nahost, Politik, Schwerpunkt, taz, tageszeitung",2024-03-12,CONTROL_International_Womens_Strike_2017_2024,single,True,0,"In, The, To"
https://taz.de/Krise-in-Haiti/!5997205/,Die Tageszeitung (taz),Krise in Haiti: Regierung dringend gesucht,"Die Staaten der karibischen Gemeinschaft verhandeln in Jamaika über Haitis Zukunft. Mehrere Vorschläge für eine Übergangsregierung sind im Gespräch.

FRANKFURT/M. taz | Ein Ausweg aus der haitianischen Krise wird derzeit in Jamaika verhandelt: Seit Montag tagen dort die Staaten der karibischen Gemeinschaft (Caricom), die bereits vergangene Woche mit unterschiedlichen haitianischen Vertretern verhandelten, um eine Übergangslösung zustande zu bekommen. Konkret im Gespräch sind mehrere Varianten für eine Übergangsregierung.

Der wichtigste Vorschlag kommt von dem 2021 gegründeten und wesentlich von Organisationen der haitianischen Zivilgesellschaft getragenen sogenannten Montana Accord, in dem auch Vertreter des Unternehmertums, der Kirche, der Partei Famni Lavalas und der haitianischen Diaspora in den USA organisiert sind.

In einem Papier für die Sitzung der Caricom schlagen sie unter anderem die Bildung eines fünfköpfigen Präsidentschaftsrats vor, der aus Personen bestehen solle, die nachweislich weder in Verbrechen verwickelt sind, noch mit Gangs in Verbindung gebracht werden können. Die Ratsmitglieder sollen laut diesem Vorschlag nicht bei späteren Wahlen kandidieren können und auch keine eigenen parteipolitischen Interessen verfolgen.

Zum ersten Mal hat sich diese Gruppierung auch hinter den Einsatz einer internationalen Polizeimission unter der Führung Kenias gestellt. Bislang wurde diese Gruppierung von den USA, der EU und der UNO-Haiti-Vertretung allerdings weitestgehend ignoriert.

Krise „dank einer desaströsen US-Politik“

Andere politische Parteien, denen eine Nähe zu den bisherigen Regierungen unterstellt wird, haben ebenfalls einen Vorschlag vorgelegt. Die Forderungen der USA nach einer Einigung aller politischen Kräfte lehnten die Organisationen des Montana Accords bis dato ab, weil sie dann mit politischen Kräften zusammenarbeiten müssten, die für die Krise maßgeblich verantwortlich sind. Unterdessen schlagen die USA und Kanada vor, dass der Chef des Kassationsgerichts – einer Art Verfassungsgericht – übergangsweise die Präsidentschaft übernehmen soll.

Dieser Vorschlag entspräche der haitianischen Verfassung. Allerdings ist nach Jahren der systematischen Schwächung des Justizapparats die Frage offen, ob das Kassationsgericht noch die nötige Glaubwürdigkeit als unabhängiges Gremium besitzt.

Der stellvertretende US-Außenminister Brian Nichols erklärte am Wochenende „Es ist dringend. Es gibt keine schlimmere humanitäre Krise als die in Haiti.“ Diese Erklärung löste eine Debatte auf X. So kritisierte ihn die US-Journalistin Amy Wilentz, eine der renommiertesten Kennerinnen Haitis in den USA, unter anderem dafür, dass „die USA zwei Jahre lang tatenlos zugesehen haben, wie sich diese Krise entfaltet“.

Auch einer der wichtigsten haitianischen Unternehmer, der Chef des Tele-Unternehmens digicel, Maarten Boute, twitterte: „Die USA müssen ihre Rolle in der gegenwärtigen Krise Haitis anerkennen. Gangs, die vom Drogenschmuggel für den US-Konsum leben, ausgestattet mit Waffen aus den USA, sind dank einer desaströsen US-Politik immer stärker geworden.“

Inzwischen wurde der deutsche Botschafter gemeinsam mit Ver­tre­te­r:in­nen der EU am Sonntag in die Dominikanische Republik ausgeflogen. Die US-Botschaft holte ebenfalls Personal nach Hause und hat Special Forces der Marines zum Schutz vor Ort.",Katja Maurer,"Haiti, Karibik, Übergangsregierung, Amerika, Politik, taz, tageszeitung",2024-03-12,CONTROL_International_Womens_Strike_2017_2024,single,True,0,"In, The, To"
https://taz.de/Misslungene-Frisuren-und-andere-Probleme/!5994436/,Die Tageszeitung (taz),"Misslungene Frisuren und andere Probleme: Vom Ungenügen, mittelmäßig zu sein","Wenn selbst der Ethikrat an der eigenen Unzulänglichkeit verzweifelt, wird es schwierig. Wer soll einem dann den Weg aus der Misere weisen?

Als es Frühling wurde, fiel mir auf, wie lange ich den Ethikrat nicht mehr gesehen hatte. Der Ethikrat, das sind drei ältere Herren von geringer Größe, die mir gelegentlich Hinweise in Fragen praktischer Ethik geben. Ich vermisste ihn, und da er sein Büro aufgegeben hatte, begann ich auf gut Glück nach ihm zu suchen. Aber der Rat blieb verschwunden, bis ich eines Tages an einem Friseurladen vorbeiging, der lange leer gestanden hatte. Im Fenster hing ein schiefes Pappschild: „Schöne Schnitte von philosophischer Hand“ stand darauf in verwischter Schrift.

Drinnen war es dämmrig, und erst allmählich erkannte ich den Ethikrat. Eines der Ratsmitglieder saß auf einem riesigen thronartigen Friseurstuhl, das andere Mitglied rührte Farbe in einer Schale an, und der Ratsvorsitzende stand mit einem Trimmgerät neben dem Friseurstuhl. „Guten Tag“, sagte ich, „ich habe Sie vermisst.“ „Danke“, sagte der Ratsvorsitzende, „wir versuchen derzeit, unsere Angelegenheiten zu ordnen.“ Er klang ungewohnt mutlos.

Ich kam näher und betrachtete das Haar des Ratsmitglieds auf dem Friseurstuhl, das aussah, als hätten Motten darin gearbeitet. „Können Sie es erkennen?“, fragte der Ratsvorsitzende. „Nicht sofort“, sagte ich zögernd. „Es ist das Unendlichkeitszeichen“, sagte der Vorsitzende trübe. „Niemand erkennt es.“ Er wies auf ein Schild neben dem Friseurstuhl: „Nur hier: Philosophische Symbole gegen geringen Aufpreis“. Das Ratsmitglied glitt unauffällig vom Friseurstuhl und verschwand im Hinterzimmer.

„Ist dies eine ästhetische Feldforschung?“, fragte ich, denn der Rat verfolgte in der Regel einen praktischen Zugang zur Philosophie. „Nein“, sagte der Ratsvorsitzende und begann die Haare am Boden zusammenzufegen. „Wir beenden unsere philosophische Laufbahn.“ „Wie bitte“, rief ich, „das geht nicht. Ich brauche doch Ihre Hinweise.“ „Selbstverständlich geht es, Frau Gräff“, sagte der Ratsvorsitzende erbittert. „Wir sind es leid, dass unsere Antworten bestenfalls vorläufig sind. Wir sind es leid, dass wir unsere Arbeit nicht anfassen können, keine Mauer, kein Baum, kein Garnichts.“

Er hielt inne. „Wir sind es leid, dass niemand Epiktet kennt“, sagte eines der Ratsmitglieder, das in der Regel schwieg. „Wir mussten erkennen, dass wir nie den Rang eines Zenon erreichen werden“, sagte der Vorsitzende. „Aber auch unsere Haarschnitte sind bestenfalls mittelmäßig.“ Der Rat stellte sich wie ein griechischer Chor vor mir auf. „Was raten Sie uns?“, fragte der Vorsitzende. „In dieser schwierigen Lage“, sagten die beiden anderen Ratsmitglieder.

Die Hoffnung wankt

Ich war ratlos. Ich war Expertin im Ungenügen an meiner eigenen Mittelmäßigkeit, mehr nicht. Der Ethikrat war meine Zuflucht, und ihn bedürftig zu sehen, bereitete mir Unbehagen. Wenn er wankte, wankte die Hoffnung, irgendwo in den Falten der Antike gäbe es Lösungen auch für so murksige Fälle wie mich. Der Rat sah mich fragend an. „Nun“, sagte ich zögernd und zog mein Epiktet-Exemplar aus der Tasche. „Epiktet schreibt“, ich blätterte, „bei einem jeden Vorkommnis halte Einkehr in dich selbst, und bestrebe dich, zu untersuchen, welche Möglichkeiten du hast, mit ihm fertig zu werden.“

Der Rat schwieg. Ihm Epiktet vorzulesen hieß, Eulen nach Athen zu tragen, dachte ich beschämt. Ich näherte mich dem Friseurstuhl. „Wie wäre es, wenn Sie sich bei den philosophischen Symbolen auf einfache Motive aus dem Bereich der Existenzquantoren konzentrierten“, sagte ich vorsichtig. „Zur Not könnte ich auch Ihr Modell sein.“ „Wir danken Ihnen, Frau Gräff“, sagte der Ratsvorsitzende. „Ihre Hilfe bedeutet uns viel.“ Er griff nach dem Trimmer. Mir schauderte.",Friederike Gräff,"wochentaz, Philosophie, Kolumne Ethikrat, Hamburg, Nord, Serie, taz, tageszeitung",2024-03-12,CONTROL_International_Womens_Strike_2017_2024,single,True,1,"De, En, La"
https://taz.de/Monatelanger-Streik-in-Recycling-Werk/!5997152/,Die Tageszeitung (taz),Monatelanger Streik in Recycling-Werk: Einknicken keine Option,"Seit mehr als 125 Tagen streiken Ar­bei­te­r:in­nen des Recycling-Werks Rötha. Doch der Konzern verweigert Verhandlungen. Was macht das mit der Moral vor Ort?

Es ist kurz nach 5 Uhr morgens, als Michael Hecker im Auto aus Leipzig Richtung Süden fährt, auf dem Weg zu seinem aktuellen Arbeitsplatz: dem Streik beim Recyclingunternehmen SRW. „Eigentlich ist das noch nicht meine Uhrzeit. Aber ich mache das seit mehr als vier Monaten fast jeden Tag“, sagt Hecker, eine Hand am Lenkrad, beide Augen auf der Straße. Der SRW-Streik ist seit Sonntag der längste von der IG Metall organisierte Streik in Deutschland: 124 Tage in Folge.

Doch das versetzt Michael Hecker nicht in Partylaune: „Für uns ist das eher ein bitterer Rekord, den wir kämpferisch statt feierlich begehen; fokussiert auf den Tarifvertrag“, erklärt er und nimmt die zweite Hand ans Lenkrad. Als Gewerkschaftssekretär unterstützt er die organisierten Ar­bei­te­r:in­nen bei den Verhandlungen mit dem Betrieb. Dass die Streikenden auf eine Tarifbindung bestehen, aber die Unternehmensführung diese kategorisch ablehnt, ist einer der Hauptgründe für den Streik.

Zwanzig Minuten später kommt Hecker in Espenhain an, einem Ortsteil der Kleinstadt Rötha. Es ist noch dunkel. Rechts vor dem Werkstor 5, dem Haupttor, wärmen sich vier Streikende an einer Feuertonne, links davon hat die IG Metall einen beheizten Container aufgestellt, damit die Streikenden Wind und Wetter nicht völlig ausgesetzt sind. Immer ist jemand vor Ort, rund um die Uhr im Schichtsystem. Sie zeigen demonstrativ, dass sie Maschinen fahren und den Schrott sortieren könnten, aber unter den aktuellen Bedingungen nicht wollen.

Verglichen mit der Bahn, Er­zie­he­r:in­nen oder Pflegepersonal hat SRW nur wenige Beschäftigte und kaum jemand ist vom Streik direkt betroffen. Trotzdem geht es bei dem kleinen Unternehmen bei Leipzig um große Themen: wirtschaftliche Beziehungen zu China, das Ost-West-Lohngefälle, die sozial-ökologische Transformation und auch um das Demokratieverständnis.

Harte Arbeit, schlechte Bezahlung

Laut SRW Metalfloat gehört das Werk in Espenhain mit den rund 190 Ar­bei­te­r:in­nen zu den führenden Metall- und Stahlaufbereitungsstandorten in Europa und erwirtschaftet Millionengewinne. Hier trennen die Ar­bei­te­r:in­nen Schrott in seine Bestandteile auf, um diese zur Wiederverwertung weiterzuverkaufen.

Zu den Kunden gehören Stahlwerke, Gießereien und Hütten, welche die Metalle veredeln und dann etwa an Autokonzerne liefern. Harte Arbeit von nachhaltigem Wert, aber mit gesundheitlichen Risiken. Trotzdem kommen die Schrot­te­r:in­nen nur mit zwei Nachtschichten und dem entsprechenden Zuschlag auf mehr als 2.000 Euro netto im Monat.

Im Streikcontainer riecht es an diesem Morgen nach Kaffee und ein wenig nach Lagerfeuer. Um kurz nach 7 Uhr gibt es Brötchen mit Käse, Wurst und Eiern. Die Streikenden essen, machen Witze und über eine große Box läuft Pop-Radio. Die Stimmung ist locker. Obwohl der Container die Größe einer kleinen Wohnung hat, ist es fast schon eng, so viele sind mittlerweile da. Überall an den Wänden hängen Solidaritätserklärungen anderer IG-Metall-Gruppen.

Auch René Haunschild, eckige Brille, grauer Schnauzbart, hat sich Brötchen geholt und an eine der vier Bierzeltgarnituren im Container gesetzt. Seit 14 Jahren fährt er bei SRW die großen Anlagen. Eigentlich wolle er gerne wieder in den Betrieb, da vergehe die Zeit schneller. „Hier haben wir ja nichts zu tun“, sagt er, „drinnen ist besser als draußen.“ Sein Kollege Mirko Noeseke beugt sich über den Tisch und ergänzt mit erhobenen Zeigefinger: „Aber nur zu unseren Bedingungen.“

Wie lange halten sie das noch durch? „Bis zum Ende“, ist sich Noeseke sicher. „Wir können da jetzt nicht einfach wieder reingehen.“ Das sagen auch andere Streikende. Auch wenn ihr Einkommen sich derzeit auf das Streikgeld von der IG Metall beschränkt. Es hängt davon ab, wie lange sie Mitglied bei der Gewerkschaft sind und wie hoch ihre Beiträge waren. Im Schnitt seien es aber 70 bis 80 Prozent des Nettogehalts. Allerdings, sagt einer der Streikenden, in die Rentenkasse zahlen sie, solange der Streik währt, nicht ein.

Mirko Noeseke trägt eine schwarze Mütze mit der Aufschrift „Team IG Metall“ und einen grauen Dreitagebart. Vor sich steht eine Tasse – gefüllt mit Vita Cola. Seit 17 Jahren ist er bei SRW. Als Radladerfahrer kippte er 40 Stunden in der Woche mit einer großen Schaufel Schrott auf Schubböden, die das Material dann langsam zum Trennen und Sortieren aufs Förderband schoben.

Gute Arbeit. Jedoch: Die Bezahlung knapp über dem Mindestlohn, trotz der ganzen Erfahrung. Wie groß die Lohnlücke auch zu Betrieben in Westdeutschland ist, lässt sich nicht genau beziffern. Laut IG Metall verdienten aber Ar­bei­te­r:in­nen in vergleichbaren Betrieben 600 Euro mehr bei weniger Arbeit.

Im vergangenen Jahr, als die Inflation zunehmend spürbar wurde, habe sich der Betriebsrat an die IG Metall gewandt, erzählt Michael Hecker. Er sitzt eine Bierbank daneben, direkt am Fenster, vor sich den Laptop, daneben einen Drucker – ein provisorisches Bierbankbüro.

Herr Qin schweigt

Im März 2023 habe der Betriebsrat gemeinsam mit der Gewerkschaft Forderungen an die SRW gestellt: 8 Prozent mehr Lohn, verpflichtendes Urlaubs- und Weihnachtsgeld von je 1.500 Euro, eine 38-Stunde-Woche und einen Tarifvertrag.

Schnell sei klar gewesen, dass die Tarifbindung das Problem ist. Zusätzlich erschwerten die Eigentumsverhältnisse des Unternehmens die Verhandlungen. Die SRW ist eine hundertprozentige Tochterfirma der Scholz Recycling Gruppe aus Baden-Württemberg.

Die gehört wiederum seit 2016 zur chinesischen Chiho Environmental Group. Weil der Geschäftsführer der SRW, Thomas Müller, keine Vollmacht hat, um mit seinen Beschäftigten über einen Tarifvertrag zu verhandeln, würden die gerne mit Yongming Qin sprechen, dem zuständigen Geschäftsführer der Scholzgruppe. Doch der erschien, trotz Ankündigung, nicht zu Verhandlungen.

Auch auf eine taz-Anfrage antwortet Yongming Qin nicht. Stattdessen erklärt ein Sprecher der Scholz-Gruppe, bei drei von vier Forderungen komme der Konzern den Streikenden entgegen. Aber ein Tarifvertrag? Das sei keine Option: Zum einen seien Rohstoffmärkte konjunkturabhängig. Zum anderen habe man mit Betriebsvereinbarungen gute Erfahrungen gemacht.

Zwischen den einzelnen Unternehmen und ihren Betriebsräten habe es faire Kompromisse gegeben, behauptet der Sprecher. „Warum soll man etwas ändern, was sich in der Sozialpartnerschaft bewährt hat, nur weil eine Gewerkschaft ihre Machtposition ausbauen will?“

Gewerkschaftssekretär Hecker sieht das anders: Ein Tarifvertrag biete „Rechtssicherheit und finanzielle Planbarkeit für die Kolleginnen und Kollegen.“ Bei SRW sei das von besonderer Bedeutung, denn „in der Vergangenheit hat der Arbeitgeber getroffene Versprechungen und Zusagen, das Entgelt zu erhöhen, immer wieder zurückgenommen und war wortbrüchig“, sagt Hecker.

Er könne nicht nachvollziehen, wie sich das Unternehmen verhalte. Das profitiere doch auch von einem Tarifvertrag, der es zum Beispiel attraktiver für Fachkräfte mache. Nachdem die Verhandlungen zunächst verschoben wurden und dann daran scheiterten, dass der Geschäftsführer ihnen fernblieb, kam es am 23. August zum ersten Warnstreik in der Geschichte von SRW; er dauerte anderthalb Stunden.

Die IG Metall habe neue Verhandlungstermine gefordert. „Aber von Herrn Qin haben wir bis heute keine Antwort“, sagt Hecker, dreht an einem Stift und schaut auf seinen Laptopbildschirm. Nach fünf Warnstreiks, einem Autokorso und einer Kundgebung stimmten die IG-Metall-Mitglieder bei SRW in einer Urabstimmung mit rund 89 Prozent für den Streik. Am 8. November, nachts, legten sie die Arbeit nieder. Zu Verhandlungen kam es trotzdem nicht, sagt Hecker.

Stress mit den Streikbrechern

Vor dem Fenster fahren immer wieder Lastwagen am Container vorbei auf das Betriebsgelände. Nicht alle Ar­bei­te­r:in­nen streiken. Wie viele genau noch ihrer Arbeit nachgehen und wie viele sich verweigern, darüber machen SRW und die Streikenden unterschiedliche Angaben. Laut Konzern streiken rund 90 Arbeiter:innen. Die IG Metall sagt, es seien gut drei Viertel der Belegschaft, also etwa 140.

Die Verbleibenden können bei SRW nur einen Minimalbetrieb aufrechterhalten. Auf dem Hof staple sich das Material, weil von den vier Anlagen nur eine laufe, sagen die Streikenden. Für das Unternehmen bedeute der Streik deshalb Einbußen. Wie hoch die sind, will es nicht sagen – allein schon aus „taktischen Gründen“. Für den Millionen-Konzern seien es aber nur kleine Einbußen. Es sei „wie bisher möglich, die Kunden ohne wesentliche Verzögerungen zu bedienen.“

Offensichtlich ist: Das Unternehmen scheint den Streik ignorieren zu können. Auch die Berichterstattung durch überregionale Medien hat daran bisher nichts geändert. Am Freitag ist ein Team der „Tagesthemen“ in Espenhain vor Ort und spricht mit den Streikenden.

Im Container heißt es, man rede nicht mehr mit den „Streikbrechern“. Auch nicht privat, wenn man sich begegne. Das beruhe auf Gegenseitigkeit, dabei sei der Druck für die Streikenden höher. „Wir tragen für die ja das Risiko mit. Wenn der Tarifvertrag kommt, haben die auch einen. Wenn nicht, ziehen nur wir den Kürzeren.“ Die Streikbrecher zögen das Ganze nur in die Länge.

Was die Moral stützt

Warum die nicht auch streiken? Nun, kommt die Antwort, einige hätten befristete Verträge. Die wären ihren Job sicher los. Bei den anderen gibt es Gerüchte, der Betrieb habe ihnen höhere Löhne angeboten.

Was nun geschieht, darüber machten sich alle derzeit Gedanken, sagt Betriebsrätin Kathrin Kroll. „Jedem kreist im Kopf: Wie geht es weiter?“ Aber man sei zusammengerückt.

Was die Gewerkschaft in den bisherigen vier Monaten des Streiks geleistet habe, habe die Ar­bei­te­r:in­nen positiv überrascht, sagt Kroll: der Container, das Essen und die Kontakte. Immer wieder besuchen hochrangige Po­li­ti­ke­r:in­nen den Streik, um mit der Belegschaft zu sprechen. Sachsens Ministerpräsident Michael Kretschmer (CDU) war ebenso da wie der Linkenpolitiker Gregor Gysi. Das stütze die Moral.

Doch, auch das muss man sagen, bisher hat der Streik nichts gebracht. Mehr als 125 Tage und das Unternehmen ist immer noch nicht bereit zu verhandeln. Beim bisher längsten Streik in der Geschichte der Bundesrepublik, 1991/92, dauerte es stolze 301 Tage, bis die Steinmetze der Granitindustrie im Bayerischen Wald einen eigenem Haustarifvertrag abtrotzten.

Protest vor der chinesischen Botschaft

In Espenhain ist das noch nicht in Sicht, trotz 17 Wochen im Ausstand. Ist das noch Stärke oder schon Schwäche? Michael Hecker setzt sich auf seiner Bierbank etwas aufrechter hin. „Ich sehe da nichts Schwaches“, antwortet er bestimmt. Aber er findet, eine Gesellschaft solle sich fragen, wie sie so was zulassen könne.

Die Streikenden wollen jetzt mehr machen, als nur vor dem Tor sitzen. Für diese Woche ist eine Fahrt nach Berlin geplant, um vor der chinesischen Botschaft zu protestieren. Die Hoffnung: Die politische Führung in China soll Einfluss auf den Mutterkonzern Chiho Environmental und den Geschäftsführer nehmen.

Das nennt auch Jürgen Kerner, der zweite Vorsitzende der IG Metall, eine gute Idee. Am Freitag ist auch er in Espenhain, um den Streikenden Mut zuzusprechen. Auf die Frage der taz, wie lange die IG Metall den nun längsten Streik denn noch unterstützen werde, reagiert er verdutzt.

Die Streikenden bräuchten sich keine Sorgen machen, dass der Gewerkschaft das Streikgeld ausgehe, versichert er. „Die Arbeitnehmer setzen ihre berufliche Existenz aufs Spiel, da lassen wir sie nicht allein. Es wird kein Arbeitskampf an der Finanzierung scheitern.“ Selbst wenn der Streik noch Monate weitergehen sollte, die IG Metall zahle weiter Streikgeld, Essen und Container.

Das klingt nach PR-Sprech. Aber ein Vorteil sei dabei, dass es um verhältnismäßig wenige Beschäftigte gehe. Das senkt die Streikkosten. Die IG Metall ist noch vor Verdi die größte Gewerkschaft in Deutschland und hat entsprechende Reserven. Was sie sich aber nicht leisten kann, ist einzuknicken. Welches Zeichen würde das für andere Streiks aussenden?

Um kurz nach 10 Uhr versammeln sich die Streikenden in der Sonne vor dem Werkstor 5. Außer den Lastwagen ist im Industriegebiet nicht viel los. So weit man gucken kann, stehen Zäune um den Betrieb. Große Maschinen bewegen sich auf und ab. Den SRW-Streikenden gegenüber, auf der anderen Straßenseite, stehen zwei Personen in schwarzer Arbeitskleidung. Ein Werksschutz, den die SRW seit Beginn des Streiks aufstellt. Anfangs habe der sogar Hunde gehabt.

Jürgen Kerner steigt auf ein kleines Podest und spricht über Mikrofon zu den versammelten Arbeiter:innen: Qin sei ein „Schandfleck für chinesische Eigentümer“, sagt Jürgen Kerner. „Es ist ein absoluter Bruch mit der Kultur, wenn man keinen Respekt vor der eigenen Belegschaft hat“, sagt Kerner. Das kenne er nicht mal aus dem konservativen Bayern.

Dann übernimmt Gewerkschaftssekretär Michael Hecker das Mikro. Statt im sonst ruhigen, freundlichen Ton ruft er den Streikenden energisch Durchhalteparolen zu: „Wir sind hier noch nicht fertig. Bis der Tarifvertrag vorliegt, bleiben wir hier!“ Dafür erntet er Applaus.

Über der Versammlung flattert eine IG-Metall-Fahne im Wind. Ihre rote Farbe lässt sich nur noch erahnen. Über der Feuertonne, die seit Monaten unentwegt brennt, ist sie rußschwarz geworden. So ungewiss das Schicksal der Streikenden scheint, so sicher ist das der Fahne: Sie soll ins Archiv, wenn der Streik vorbei ist – und die Schrot­te­r:in­nen einen Tarifvertrag haben.",David Muschenich,"Streik, IG Metall, Arbeitnehmerrechte, China, Nordrhein-Westfalen, Lesestück Recherche und Reportage, Reportage und Recherche, Gesellschaft, Lesestück, taz, tageszeitung",2024-03-12,CONTROL_International_Womens_Strike_2017_2024,single,True,1,"De, En, La"
https://taz.de/-Nachrichten-im-Ukraine-Krieg-/!5997486/,Die Tageszeitung (taz),+++ Nachrichten im Ukraine-Krieg +++: Ukraine feuert Drohnen auf Russland,"Mindestens 25 Drohnen sollen auf Russland abgefeuert worden sein, eine russische Ölraffinerie fing Feuer. Die Ukraine bestellt einen Vertreter des Vatikans ein.

Ukraine feuert 25 Drohnen auf Ziele in Russland

Die ukrainischen Streitkräfte haben nach russischen Angaben am Dienstag mindestens 25 Drohnen auf Ziele in Russland abgefeuert. Zudem habe die Ukraine mit sieben Raketen angegriffen, teilt das Verteidigungsministerium in Moskau mit.

Die Drohnen seien über den Regionen Moskau, Leningrad, Belgorod, Kursk, Brjansk, Tula und Orjol abgeschossen worden. „Ein Versuch des Kiewer Regimes, einen Terroranschlag mit 25 Drohnen auf Objekte auf dem Territorium der Russischen Föderation durchzuführen, wurde gestoppt“, teilt das Ministerium mit. (rtr)

Brand in russischer Raffinerie nach Drohnenangriff

Eine Raffinerie des russischen Ölkonzerns Lukoil in der russischen Region Nischni Nowgorod steht nach Angaben des Gouverneurs der Region nach dem Drohnenangriff in Flammen. „Heute Morgen wurde das Industriegebiet Kstowo, ein Brennstoff- und Energiekomplex, von Drohnen angegriffen“, schreibt Gleb Nikitin auf dem Kurznachrichtendienst Telegram. Die Arbeit in dem Werk sei wegen eines „Zwischenfalls eingestellt“, berichtet die staatliche russische Nachrichtenagentur Ria. (rtr)

Moldau bestellt russischen Botschafter ein

Wegen der Eröffnung russischer Wahllokale in der prorussischen Separatistenregion Transnistrien hat die Republik Moldau nach eigenen Angaben den russischen Botschafter einbestellt. Der russische Botschafter Oleg Wasnezow sei angewiesen worden, am Dienstag im Ministerium zu erscheinen, teilt das moldauische Außenministerium mit.

Er solle zu Medienberichten Stellung nehmen, wonach sechs Wahllokale in Transnistrien betrieben würden statt wie vereinbart nur eines in der russischen Botschaft in der moldauischen Hauptstadt Chisinau. Transnistrien hatte sich im Zuge der Auflösung der Sowjetunion von der ehemaligen Sowjetrepublik Moldau abgespalten, wird aber international nicht als eigenständiger Staat anerkannt. Die abtrünnige Region gilt seit langem als potenzieller Krisenherd um die Ukraine, der Krieg hat die Spannungen verschärft. (rtr)

Russland: Gemeinsames Marinemanöver mit China und Iran

Die russische Marine hat ein gemeinsames Manöver mit China und Iran im Golf von Oman begonnen. Die Übung konzentriere sich auf den Schutz maritimer Wirtschaftsaktivitäten, teilt das Verteidigungsministerium in Moskau mit. Der Golf von Oman ist der nordwestliche Arm des Arabischen Meeres und über die viel befahrene Straße von Hormus mit dem Persischen Golf verbunden. (rtr)

Selenskyj: Lage an der Front ist besser

Die Lage an der Front im Krieg mit Russland ist nach Angaben des ukrainischen Präsidenten Wolodymyr Selenskyj so gut wie seit drei Monaten nicht mehr. Grund sei, dass Moskaus Truppen nach der Einnahme der östlichen Stadt Awdijiwka im vergangenen Monat nicht mehr vorrückten, sagt Selenskyj in einem Interview mit dem französischen Fernsehsender BFM.

Die Ukraine habe ihre strategische Position trotz des Mangels an Waffen verbessert. Die Lage könnte sich aber wieder ändern, wenn keine neuen Lieferungen einträfen. „Wir haben sehr effizient gegen die russischen Luftstreitkräfte gearbeitet. Unsere Lage im Osten hat sich erholt. Der Vormarsch der russischen Truppen ist gestoppt worden“, ergänzt er. Die ukrainischen Streitkräfte hätten eine große Zahl russischer Flugzeuge abgeschossen und würden „im Schwarzen Meer, wo russische militärische Ziele wiederholt angegriffen wurden, weiterhin entschlossen handeln“. (rtr)

Ukraine bestellt Vertreter des Vatikans ein

Nach heftiger Kritik an Äußerungen von Papst Franziskus zu einer möglichen Kapitulation im Krieg gegen Russland hat die Ukraine den Vertreter des Heiligen Stuhls in Kyjiw ins Außenministerium einbestellt. Visvaldas Kulbokas – der Apostolische Nuntius, der den Vatikan in der Ukraine vertritt – sei darüber informiert worden, dass die Ukraine von Franziskus' Äußerungen „enttäuscht“ sei, teilte die Behörde in Kyjiw mit.

Der päpstliche Appell solle „an den Angreifer und nicht an das Opfer gehen“, kritisierte die ukrainische Seite. Zudem werde von Franziskus erwartet, dass er sich für einen „Sieg des Guten über das Böse“ einsetze, „anstatt Appelle zu senden, die das Recht des Stärkeren legalisieren und ihn dazu ermutigen, die Normen des Völkerrechts weiter zu missachten“.

Darüber hinaus betonte Kyjiw, dass die Ukraine nach Frieden strebe. Doch dieser Frieden müsse fair sein und auf der von Präsident Wolodymyr Selenskyj vorgestellten Friedensformel basieren. Diese sieht unter anderem einen Abzug der russischen Truppen vor.

Franziskus hatte in einem Interview zu dem inzwischen mehr als zwei Jahre laufenden russischen Angriffskrieg in der Ukraine gesagt: „Wenn man sieht, dass man besiegt ist, dass es nicht gut läuft, muss man den Mut haben, zu verhandeln.“ Franziskus wurde auch zu Forderungen nach „Mut zur Kapitulation, zur weißen Fahne“ gefragt. Darauf antwortete er: „Das ist eine Frage der Sichtweise. Aber ich denke, dass derjenige stärker ist, der die Situation erkennt, der an das Volk denkt, der den Mut der weißen Fahne hat, zu verhandeln.“ Vatikan-Sprecher Matteo Bruni widersprach später Darstellungen, der Papst habe die Ukraine zur Kapitulation aufgefordert. (dpa)

Beitrittsgespräche mit Bosnien-Herzegowina

Die EU-Kommission wird den Mitgliedstaaten die Aufnahme von Beitrittsverhandlungen mit Bosnien-Herzegowina empfehlen. Kommissionspräsidentin Ursula von der Leyen sagte, das Land habe gezeigt, dass es in der Lage sei, die Beitrittskriterien zu erfüllen. Vor einem Beitritt zur Europäischen Union seien aber noch weitere Fortschritte nötig.

„Die Botschaft, die aus Bosnien und Herzegowina kommt, ist eindeutig“, sagte von der Leyen. „Also muss auch unsere Botschaft klar sein. Die Zukunft von Bosnien und Herzegowina liegt in unserer Union.“ Um der EU beitreten zu können, müssen die Kandidaten einen langwierigen Prozess durchlaufen, um ihre Gesetze und Normen an die der Union anzugleichen und nachzuweisen, dass ihre Institutionen und ihre Wirtschaft demokratische Standards einhalten.

Bosnien-Herzegowina ist neben Albanien, Serbien, Kosovo, Montenegro und Nordmazedonien eines von sechs Ländern, die sich nach Kriegen und Krisen in den 90er Jahren in unterschiedlichen Phasen des EU-Beitrittsprozesses befinden. (ap)

Umfrage: Knappe Mehrheit für Wehrpflicht

Eine knappe Mehrheit der Deutschen spricht sich für eine Wiedereinführung der Wehrpflicht aus. 52 Prozent der Bürgerinnen und Bürger befürworten einen verpflichtenden Dienst bei der Bundeswehr, wie eine am Dienstag veröffentlichte Umfrage des Instituts Forsa für den Stern und den Sender RTL ergab. 43 Prozent sind dagegen, 5 Prozent äußern keine Meinung.

Wie viele Bereiche der Wirtschaft leidet die Bundeswehr unter einem akuten Bewerbermangel. Bundesverteidigungsminister Boris Pistorius (SPD) lässt derzeit prüfen, ob das vor seiner Amtszeit festgelegte Ziel einer Sollstärke von 203.000 Soldatinnen und Soldaten weiter Bestand haben wird. Derzeit sind es gut 182.000.

Die Haltung der Deutschen zur Wehrpflicht hatte in den zwei Jahren seit Beginn des Ukraine-Kriegs geschwankt. Bei der letzten Forsa-Befragung dazu im Februar 2023 hatten sich noch 45 Prozent für die Wiedereinführung der Wehrpflicht und 52 Prozent dagegen ausgesprochen. Rein rechtlich wurde die Wehrpflicht 2011 nicht abgeschafft, sondern ausgesetzt.

Bei der aktuellen Umfrage zeigt sich ein großes Gefälle nach Altersgruppen. Die stärksten Befürworter einer Wehrpflicht finden sich mit 59 Prozent in der älteren Generation (60 Jahre und darüber). Bei den 18- bis 29-Jährigen, die persönlich betroffen wären, sind hingegen 59 Prozent gegen einen militärischen Pflichtdienst.

Bei den Jüngeren gibt es allerdings Unterschiede zwischen den Geschlechtern: 52 Prozent der jüngeren Männer sind gegen die Wehrpflicht, bei den jüngeren Frauen sind es sogar 68 Prozent.

Auch bei den Anhängern der Parteien sind die Unterschiede groß. Viel Unterstützung für die Wehrpflicht gibt es bei den Wählern der Union (67 Prozent), der AfD (67 Prozent) und des Bündnisses Sahra Wagenknecht (68 Prozent). Uneinigkeit zeigt sich bei den Anhängern der Ampelkoalition: Die SPD-Wähler sind zu 51 Prozent für eine Wiedereinführung, die Wähler von Grünen (57 Prozent) und FDP (62 Prozent) mehrheitlich dagegen. (afp)",taz. die tageszeitung,"Drohnen, Drohnenangriffe, Papst Franziskus, Russland, Moldau, Transnistrien, Krieg in der Ukraine, Europa, Politik, Schwerpunkt, taz, tageszeitung",2024-03-12,CONTROL_International_Womens_Strike_2017_2024,single,True,1,"De, En, La"
https://taz.de/6-Punkte-Plan-fuer-Alleinerziehende/!5994707/,Die Tageszeitung (taz),6-Punkte-Plan für Alleinerziehende: Alleinerziehende nicht alleinlassen,"Die Linken haben einen 6-Punkte-Plan zur Entlastung Alleinerziehender vorgestellt. Es wird Zeit, dass sich etwas ändert für diese Gruppe ohne Lobby.

Unruhige Nächte, lange Tage, keine freien Wochenenden. Allein zuständig für Lohnarbeit, Care­arbeit und überhaupt alles, was im Leben so anfällt, dem eigenen und dem des Kindes. Und im schlechtesten Fall keine Oma, die wenigstens mal kurz einspringt, zum Beispiel wenn man selbst gerade Grippe hat. So sieht die Realität für viele Alleinerziehende aus.

Rund 1,6 Millionen Menschen betreuen hierzulande minderjährige Kinder allein, ganze 85 Prozent davon sind Frauen. Mehr als ein Drittel ist auf Grundsicherung angewiesen.

Für diese über alle Familienformen hinweg größte armutsgefährdete Gruppe fordert die Linkspartei nun einen 6-Punkte-Plan: Eine Kindergrundsicherung in Höhe von mindestens 328 Euro monatlich, Hilfe im Haushalt einmal pro Woche, bessere Altersvorsorge und eine reale Kitaplatzgarantie durch den Ausbau der Versorgung und die Abschaffung von Gebühren. So lauten einige der Vorschläge, die Parteichefin Janine Wissler am Montag vorstellte.

Recht hat sie damit. Schon fast traditionell fallen Alleinerziehende in der hiesigen Familienpolitik durchs Raster – und mangels Zeit und Geld bilden sie keine Gruppe, die sich darüber lauthals beschweren könnte. In der Pandemie vor schier unmenschliche Herausforderungen gestellt, kamen sie auch im Koalitionsvertrag der Ampel nur hier und dort vor.

Substanziell hat sich seitdem kaum etwas für sie getan. Zwar stieg der steuerliche Entlastungsbetrag. Beim Schutz vor häuslicher Gewalt aber herrscht Stillstand, und die geplanten Änderungen etwa im Kindschaftsrecht sowie bei der Kindergrundsicherung stoßen nicht nur bei Alleinerziehendenverbänden auf Kritik.

Der Vorstoß der Linkspartei richtet sich an Alleinerziehende als eigene Gruppe. Er will kurzfristig Erleichterung (Haushaltshilfe, yeah!) und langfristig Verbesserung (Rente, yay!). Und er pusht ein sozialpolitisch dramatisch relevantes Thema, das die Ampel längst nicht wie angekündigt umsetzen wird. Denn mehr Möglichkeiten für alleinerziehende Eltern heißt immer auch: bessere Startchancen für deren Kinder.",Patricia Hecht,"Die Linke, Alleinerziehende, Familienpolitik, Armut, Deutschland, Politik, Schwerpunkt, taz, tageszeitung",2024-03-12,CONTROL_International_Womens_Strike_2017_2024,single,True,1,"De, En, La"
https://taz.de/Chaos-und-Gewalt-in-Haiti/!5997312/,Die Tageszeitung (taz),Chaos und Gewalt in Haiti: Regierungschef kündigt Rücktritt an,"Ministerpräsident Ariel Henry soll durch einen Präsidentenrat ersetzt werden. Die USA wollen 100 Millionen Dollar für eine Sicherheitstruppe bereitstellen.

KINGSTON rtr | Angesichts eskalierender Bandenkriminalität und anarchischer Zustände hat Haitis Ministerpräsident Ariel Henry seinen Rücktritt angekündigt. „Die Regierung, die ich führe, wird unmittelbar nach der Einsetzung eines Übergangsrates zurücktreten“, teilte Henry in einer Video-Ansprache am Montagabend in der benachbarten Karibik-Insel Puerto Rico mit. „Ich bitte alle Haitianer, Ruhe zu bewahren und alles zu tun, damit Frieden und Stabilität so schnell wie möglich zurückkehren.“

Die ohnehin instabile Lage in Haiti hatte sich Anfang des Monats nach gewaltsamen Zusammenstößen und zwei Gefängnisausbrüchen weiter zugespitzt. Der berüchtigte Bandenchef Jimmy „Barbeque“ Cherizier kündigte eine Allianz mit anderen kriminellen Gangs an und erklärte, sie würden Henry stürzen. Daraufhin wurde der Notstand ausgerufen.

Henry soll nun durch einen Präsidentenrat ersetzt werden, dem zwei Beobachter und sieben stimmberechtigte Mitglieder angehören. Das Gremium soll sich unter anderem aus Vertretern der Wirtschaft, der Zivilgesellschaft und religiöser Gruppen zusammensetzen. Der Rat soll einen Übergangs-Regierungschef ernennen.

Die demokratische Wahl einer neuen Regierung soll vorbereitet werden, sie werden die ersten seit 2016 sein. Henry, den viele Haitianer für korrupt halten, hatte die Wahlen wiederholt mit der Begründung verschoben, die Sicherheit müsse erst wiederhergestellt werden.

Bandenchef: „Wir machen eine blutige Revolution“

In Jamaika trafen sich am Montag Staats- und Regierungschefs der Region, um den Rahmen für einen Übergang zu erörtern. US-Außenminister Antony Blinken sagte, der Rat habe die Aufgabe, die Grundversorgung der Haitianer sicherzustellen und die Bedingungen für freie Wahlen zu schaffen. Die USA würden 100 Millionen Dollar für den Einsatz einer Truppe, die die Sicherheit in Haiti wiederherstellen soll, bereitstellen. Zudem seien 33 Millionen Dollar für humanitäre Hilfen vorgesehen. Die Gelder müssten allerdings noch vom US-Kongress bewilligt werden.

Die USA gehen davon aus, dass haitianische Banden große Waffenarsenale angehäuft haben. Bandenführer Cherizier hat gedroht, Hotelbesitzer zu verfolgen, die Politiker verstecken oder mit Henry zusammenarbeiten.

„Wir befinden uns nicht in einer friedlichen Revolution. Wir machen eine blutige Revolution in diesem Land, denn dieses System ist ein Apartheidsystem, ein böses System“, sagte Cherizier. Die UN schätzen, dass über 362.000 Menschen vertrieben wurden, die Hälfte davon Kinder. Tausende Haitianer wurden getötet. Es gibt zahlreiche Hinweise auf Vergewaltigungen, Folter und Entführungen sowie Lösegeldforderungen.

Auf Videos, die in den sozialen Medien Haitis verbreitet wurden, waren Feiernde auf der Straße zu sehen. Menschen tanzten in einer Partyatmosphäre mit Musik auf den Straßen, Feuerwerkskörper wurden in den Nachthimmel geschossen.",taz. die tageszeitung,"Haiti, Puerto Rico, Jamaika, USA, Antony Blinken, Amerika, Politik, taz, tageszeitung",2024-03-12,CONTROL_International_Womens_Strike_2017_2024,single,True,0,"In, The, To"
https://taz.de/Die-Wahrheit/!5994715/,Die Tageszeitung (taz),Die Wahrheit: Rüffel vom Rechnungshof,"Die gänzlich wahre Moritat von einem, der auszog, um Zahlen über Zahlen zu fressen, und daran scheiterte, dass es keine Ecken zum Anbeißen gab.

Von Natur aus sind Rüffel gar nicht gemein, sondern mitfühlend und freundlich. Zu ihrem Unglück sind sie aber auch immer hungrig, weswegen Rüffel oft von Rechnungshöfen in Ministerien, Behörden und Staatsbetriebe geschickt werden. Sie sollen dort große Zahlenmengen fressen.

So war es auch bei unserem Rüffel. Und weil unser Rüffel ganz besonders hungrig war und selbst die enormsten Zahlen keine große Nummer für ihn darstellten, war er nicht irgendein Rüffel, sondern der Rüffel vom Rechnungshof. Nur sahen ihn die Menschen dort nicht besonders gern und raus durfte er nur, wenn es etwas zu rüffeln gab. Doch draußen gefiel es Rüffel noch weniger. Rüffel sind soziale Wesen, aber überall, wo er hinkam, begegneten ihm die Menschen abweisend.

Als er wieder einmal unvernichteter Dinge nach Hause kam, wartete schon sein Chef auf ihn. „Rüffel“, sagte der, „langsam musst du mal wieder Erfolge verspeisen, der Rubel muss rollen, Geld wächst nicht auf Bäumen, es wird nur aus ihnen gemacht. Kurz: Unsere Rüffel müssen Leistung bringen!“ Sonst, so der Chef, werde man sich einen neuen Rüffel suchen und ihn, den alten, zu einer dieser Brücken ins Nichts oder zu einer überteuerten Bushaltestelle schicken. Oder auf einen unbeliebten Spielplatz mit ganz komischen Geräten, wo es dann kaum etwas zu fressen gibt und nur ab und an eine Satiresendung auf der Suche nach der größten Verschwendungsfalle zu Besuch kommt.

Also zog Rüffel am nächsten Tag voller Einsparpotenzial los. Zuerst ging er zur Deutschen Bahn, hier hatten seine Vorgänger noch immer die eine oder andere Leckerei gefunden. Die Bahn wollte ihm zwar gern helfen, konnte ihm jedoch keine großen Zahlen zum Fressen geben. „Die Zahlen sollten eigentlich längst da sein“, sagte die Bahn und fuhrt fort: „Sind sie aber leider nicht.“ Und auf dem Rückweg musste Rüffel einsehen, dass die Bahn wirklich keine Zahlen zu entbehren hatte, denn selbst der ausgefallene Zug hatte noch Verspätung.

Am nächsten Tag versuchte er es bei einer anderen aussichtsreichen Futterquelle: den Krankenkassen. Hier ließ man ihn erst sehr lange warten und schickte ihn dann voller Bedauern wieder weg. „Unseren Zahlen geht es nämlich gar nicht gut, sie sind ganz blass, ja kaum zu erkennen, willst du die etwa fressen?“, fragten die Krankenkassen. Wollte Rüffel natürlich nicht. Er könne aber ruhig später, noch lieber viel später, versuchen, einen Termin zu bekommen, rieten ihm die Krankenkassen. Und auf dem Rückweg musste Rüffel einsehen, dass die Krankenkassen wirklich alle noch halbwegs gesunden Zahlen brauchten, denn die Leute schnieften und röchelten, als hinge ihr Leben davon ab.

Jetzt, dachte sich Rüffel, probiere ich mal was Neues und gehe zu einer Digital-Agentur nach Berlin! Hier war man sehr nett zu ihm, allerdings konnte Rüffel nur Einsen und Nullen finden, aber keine einzige große Zahl, nicht mal hinter dem Designerfahrrad an der Wand. Und das ging scheinbar nicht nur ihm so. „Kannst du uns nicht beim Suchen helfen?“, fragte die Digital-Agentur, „du gehst doch bestimmt auch den ganzen Tag ins Internet.“ Aber Rüffel konnte große Zahlen leider nur fressen, nicht ausspucken.

Wieder kehrte Rüffel niedergeschlagen heim. Um seinem Chef nicht gleich unter die Augen treten zu müssen, nahm er allerdings einen anderen Weg als sonst. Da kam er durch ein Viertel, in dem er noch nie gewesen war. Große Häuser standen dort in großen Gärten hinter großen Zäunen. Bei solchen Häusern, dachte sich Rüffel, gibt es sicher ganz besonders große Zahlen. Und als er die Anwohner freundlich nach den großen Zahlen fragte, schlugen die ihm ihre großen Türen vor der Nase zu, so überflüssig fanden sie es zu erwähnen, dass es hier große Zahlen gäbe.

Glücklich ging Rüffel nun nach Hause. Im Rechnungshof berichtete er seinem Chef von seiner Entdeckung. Der sah ihn mit traurigem Augen an. Er wisse selbstverständlich von den großen Zahlen in den großen Häusern. Schon oft hatten Rüffel sich dort mal so richtig sattfressen wollen, doch die Zahlen seien derart groß und gewichtig, dass kein Rüffel dort je eine Ecke zum Anbeißen gefunden habe. Und dagegen könne auch er als Chef nichts machen.

So zieht der Rüffel vom Rechnungshof bis heute hungrig durch Behörden und Ministerien, durch Verbände und Vereine. Die großen Häuser in den großen Gärten – die aber hat er nie mehr vergessen.",Ernst Jordan,"Rechnungshof, Verschwendung, Steuern, Wahrheit, taz, tageszeitung",2024-03-12,CONTROL_International_Womens_Strike_2017_2024,single,True,1,"De, En, La"
