url,publisher,title,body,authors,topics,publishing_date,event_label,event_type,is_control,topic_id,topic_label
https://fr.euronews.com/2024/03/12/la-russie-surprise-par-des-attaques-de-drones-dukraine,Euronews (FR),La Russie surprise par des attaques de drones d'Ukraine,"Le territoire russe a été la cible de plusieurs attaques de drones ukrainiens mardi. Par ailleurs, Washington a annoncé une aide militaire de 300 millions de dollars pour Kyiv.

Des bâtiments complètement détruits...Résultat des frappes russes qui, mardi matin, ont ciblé Selydove, au sud-est de l’Ukraine.

Deux femmes ont été blessées selon les autorités locales. Située près d’Avdiivka, la ville est régulièrement visée par l’armée russe.

Depuis la prise d’Avdiivka, à quelques kilomètres de là, la ville est régulièrement attaquée par l’armée russe.

Face à ces attaques, Kyiv n’hésite pas à riposter. En témoigne, ce dépôt de carburant en feu, après une attaque massive de drones ukrainiens sur le territoire russe.

D’autres villes en Russie ont également été ciblées par ces drones, qui font désormais partie de la stratégie militaire de Kyiv.

La ville russe de Belgorod en fait régulièrement de frais. Située à une cinquantaine de kilomètres avec l’Ukraine, elle a, elle aussi été la cible de drones ce mardi.

L’un d’entre eux s’est écrasé sur la mairie, faisant deux blessées, selon les autorités locales.

La frontière entre les deux pays a connu une journée mouvementée, avec également la diffusion de ces images par le ministère de la Défense russe.

Une unité de combattants russe hostile au gouvernement de Vladimir Poutine affirme avoir détruit un blindé après avoir attaqué la ville de Koursk.

Le maire de la ville n’a pas confirmé ces propos officiellement, mais a ordonné la fermeture des écoles jusqu’à vendredi.

L’armée russe cherche par ailleurs à déterminer les causes du crash de cet avion militaire, dans la région d’Ivanovo, au nord-est de Moscou. 15 personnes étaient à bord. Mais le ministère de la Défense n’a pas précisé s’il y avait des survivants.

De son côté, le président Zelensky s’est montré optimiste lors d’une interview à des médias français. Alors que son armée a récemment essuyé plusieurs revers, il a affirmé que l’avancée de la Russie en Ukraine a été stoppée.

Des propos qui coïncident avec l’annonce des Etats-Unis d’envoyer une enveloppe de 300 millions de dollars à Kyiv, la première en quelques mois.",Euronews,"Russie, Guerre Russie / Ukraine, Forces armées de l'Ukraine, avion",2024-03-12,CONTROL_International_Womens_Strike_2017_2024,single,True,1,"De, En, La"
https://fr.euronews.com/2024/03/12/le-president-polonais-andrzej-duda-exhorte-les-membres-de-lotan-a-investir-dans-la-defense,Euronews (FR),Le président polonais appelle au soutien de ses alliés de l'OTAN,"Varsovie fait pression sur les autres membres de l'OTAN pour qu'ils investissent davantage dans la lutte contre l'économie de guerre de la Russie.

Le président polonais Andrzej Duda a appelé les membres de l'OTAN à porter leurs dépenses de défense à 3 % de leur PIB, estimant que l'alliance devait faire davantage pour répondre à l'augmentation des dépenses militaires de la Russie alors que la guerre en Ukraine se poursuit.

Les remarques d'Andrzej Duda s'adressent autant à son pays, la Pologne, qu'aux autres membres européens de l'OTAN. Elles ont été prononcées juste avant que le Premier ministre polonais Donald Tusk et lui-même ne se rendent à Washington pour célébrer le 25ème anniversaire de l'adhésion de la Pologne à l'OTAN.

La Pologne a rejoint l'Alliance le 12 mars 1999, en même temps que la République tchèque et la Hongrie.

""La Pologne est fière de faire partie de l'OTAN depuis 25 ans"", a déclaré Andrzej Duda dans un discours prononcé lundi soir. ""Il n'y a jamais eu et il n'y a pas de meilleur garant de la sécurité que l'Alliance de l'Atlantique Nord"".

Une plus grande responsabilité

Alors que la guerre en Ukraine entre dans sa troisième année, le président polonais considère que les pays de l'OTAN doivent assumer ""une plus grande responsabilité pour la sécurité de l'ensemble de l'alliance et moderniser et renforcer leurs troupes de manière intensive"".

""Face à la guerre en Ukraine et aux aspirations impériales croissantes de la Russie, les pays membres de l'OTAN doivent agir avec audace et sans compromis"", ajoute-t-il.

Lundi, l'OTAN a hissé le drapeau de son 32ème membre, la Suède, au siège de l'organisation à Bruxelles. La Finlande a rejoint l'Alliance l'année dernière.

""Aujourd'hui, l'OTAN envoie un signal clair et fort en accueillant la Finlande et la Suède dans ses rangs"", a déclaré Andrzej Duda lundi. ""Il s'agit d'un événement historique. Des pays qui, jusqu'à présent, ont maintenu un statut de neutralité pendant des années, rejoignent l'alliance. L'OTAN s'en trouve considérablement renforcée. Toutefois, d'autres décisions audacieuses sont nécessaires"".

Montrer l'exemple

Bien que les membres de l'OTAN aient décidé de porter leurs dépenses de défense à 2 % du PIB à la suite de l'annexion de la Crimée par la Russie, la plupart d'entre eux n'atteignent toujours pas ce niveau de référence.

La Pologne, en revanche, consacre actuellement 4 % de son PIB à la défense - le taux le plus élevé parmi les membres de l'OTAN - afin de moderniser son armée. Les États-Unis consacrent quant à eux environ 3,5 % de leur PIB à la défense.

Andrzej Duda considère que les efforts des deux pays mettent les États-Unis et la Pologne en position de ""montrer l'exemple et d'être une source d'inspiration pour les autres"".

""La Fédération de Russie a fait passer son économie en ""mode guerre"". Elle consacre près de 30 % de son budget annuel à son armement"", ajoute le président polonais dans une tribune publiée lundi dans le Washington Post.

""Ce chiffre et d'autres données provenant de Russie sont alarmants. Le régime de Vladimir Poutine représente la plus grande menace pour la paix mondiale depuis la fin de la guerre froide"".

L'administration de Joe Biden a toutefois laissé entendre que l'objectif de 3 % fixé par Andrzej Duda pour tous les membres de l'OTAN pourrait être trop ambitieux, du moins pour l'instant.",Euronews,"Politique polonaise, Pologne, Budget, Guerre Russie / Ukraine, OTAN",2024-03-12,CONTROL_International_Womens_Strike_2017_2024,single,True,1,"De, En, La"
https://fr.euronews.com/2024/03/12/suede-les-autorites-font-la-chasse-aux-rats-avant-la-tenue-de-leurovision,Euronews (FR),Suède : les autorités font la chasse aux rats avant la tenue de l'Eurovision,"À l’approche du concours de l’Eurovision, qui se tiendra en mai prochain dans la ville suédoise de Malmö. Les autorités locales ont décidé de faire la chasse aux rongeurs qui pullulent ans la ville.

A l’approche du concours de l’Eurovision, qui se tiendra en mai prochain dans la ville suédoise de Malmö. Les autorités locales ont décidé de faire la chasse aux rongeurs, qui pullulent ans la ville.

Les professionnels spécialisés en dératisation sont accompagnés de chien et de furets pour les aider à déloger et capturer les rats.

L'opération est menée principalement dans la zone autour de l'arène Hyllie, le centre qui accueillera le festival.

bien que les agents chargés de la dératisation estiment que leur intervention est liée à la tenue de l’événement musical. Ils précisent qu'elle va également profiter aux habitants du quartier, qui sont confrontés à la prolifération des rats.

Cette technique de dératisation qui, s’appuie sur l’aide de furets et de chiens semble être plus efficace que d’autres. Auparavant, les rats parvenaient à s’enfuir et les autorités n’arriveraient pas à s’en débarrasser.",Euronews,"Concours Eurovision de la chanson, Suède, Monde animal",2024-03-12,CONTROL_International_Womens_Strike_2017_2024,single,True,1,"De, En, La"
https://fr.euronews.com/culture/2024/03/12/hayao-miyazaki-fondateur-du-studio-ghibli-pourrait-ne-pas-prendre-sa-retraite,Euronews (FR),Hayao Miyazaki pourrait ne pas prendre sa retraite après tout,"Après avoir remporté l'Oscar du Meilleur film d'animation pour son plus récent - et supposé dernier - film ""Le Garçon et le Héron"", Hayao Miyazaki n'est peut-être pas encore prêt à prendre sa retraite.

Ghibli, le studio japonais qui vient de remporter son deuxième Oscar du meilleur film d'animation pour Le Garçon et le Héron - après Le Voyage de Chihiro en 2003 - n'a pas encore annoncé ses futurs projets.

Toutefois, son fondateur, Hayao Miyazaki, qui, à 83 ans, est le réalisateur le plus âgé jamais nommé dans cette catégorie, n'exclut pas de réaliser un autre film, même s'il pourrait s'agir d'un court métrage plutôt que d'un long métrage.

Selon un de ses amis de longue date, le célèbre réalisateur est un peu gêné d'avoir déclaré il y a dix ans qu'il envisageait d'arrêter sa carrière.

""Il regrette d'avoir annoncé au monde qu'il ne ferait plus de films"", a déclaré le producteur Toshio Suzuki, cofondateur du Studio Ghibli, après cette nouvelle victoire.

Le légendaire cinéaste à l'origine de classiques tels que Princesse Mononoké et Mon Voisin Totoro a commencé à travailler sur La garçon et le Héron peu de temps après avoir annoncé en 2013 qu'il avait l'intention de se retirer du cinéma.

Dans des extraits de journal datant de cette époque et publiés dans les notes de presse du film, Hayao Miyazaki écrit : ""Il n'y a rien de plus pathétique que de dire au monde qu'on va se retirer à cause de son âge, puis de faire un nouveau come-back"".

""Une personne âgée qui se persuade qu'elle est encore capable de travailler, malgré ses oublis gériatriques, ne prouve-t-elle pas qu'elle n'est plus au mieux de sa forme ?""

Hayao Miyazaki a surmonté ces inquiétudes et a célébré sa victoire aux Oscars en privé, dans son atelier, sans participer à l'événement organisé par le studio, a déclaré Toshio Suzuki.

Toshio Suzuki a déclaré avoir passé du temps à analyser les raisons pour lesquelles le dernier film de Ghibli avait été choisi.

À l'ère des images de synthèse et de l'intelligence artificielle, Hayao Miyazaki reste fidèle au long processus de dessin à la main pour ses animations. Toshio Suzuki a déclaré que les illustrations de Ghibli étaient plus efficaces que les images de synthèse pour représenter, par exemple, la métamorphose de l'oiseau.

Lorsqu'on lui a demandé pourquoi Hayao Miyazaki s'était rasé la barbe qui le caractérisait, Toshio Suzuki a répondu : ""Il ne veut pas avoir l'air important"".

""Une nouvelle page dans l'histoire du cinéma japonais""

La 96ème édition des Oscars a été mémorable pour le Japon, puisque Godzilla Minus One a remporté le prix des meilleurs effets visuels, marquant ainsi la première victoire du Japon dans cette catégorie.

Les médias japonais ont fait l'éloge du Garçon et le Héron et de Godzilla, notant qu'une double victoire aux Oscars n'était pas arrivée au pays depuis 2009.

Un éditorial paru mardi dans le journal Yomiuri annonçait ""une nouvelle page dans l'histoire du cinéma japonais"".

Et si Perfect Days, le superbe film de Wim Wenders sur un travailleur sanitaire, nommé dans la catégorie du meilleur long métrage international, n'a finalement pas été récompensé aux Oscars, l'acteur principal japonais Koji Yakusho a quant à lui reçu le prix du meilleur acteur pour sa performance à Cannes en mai de l'année dernière.",David Mouriquand,"Japon, Les Oscars, Cinéma",2024-03-12,CONTROL_International_Womens_Strike_2017_2024,single,True,1,"De, En, La"
https://fr.euronews.com/culture/2024/03/12/quel-secret-cache-donc-letrange-photo-de-famille-de-kate-middleton,Euronews (FR),Quel secret cache donc l'étrange photo de famille de Kate Middleton ?,"Est-elle malade ? Divorcée ? Morte ? Les rumeurs se multiplient à propos de la mystérieuse disparition de la princesse de Galles, Kate Middleton. Suite aux excuses peu convaincantes qui ont été publiées, les spéculations seraient-elles fondées ?

Et si, pour une fois, les complotistes sur Internet avaient raison ? Face au mystère de plus en plus étrange de la photo de la princesse de Galles prise à l'occasion de la fête des mères, la question se pose.

Kate Middleton a présenté ses excuses après qu'une photo de famille d'elle et de ses trois enfants, publiée dimanche, a été rapidement retirée par l'Associated Press avec une notification indiquant : ""il semble que la source ait manipulé l'image"".

De nombreuses autres agences de presse ont fait de même lorsque les suspicions de retouches numériques ont été signalées en ligne. Lundi, Kate Middleton s'est rendue sur X pour s'excuser personnellement de l'incident.

""Comme beaucoup de photographes amateurs, il m'arrive d'expérimenter avec des retouches. Je voulais exprimer mes excuses pour la confusion que la photo de famille que nous avons partagée hier a causée"", écrit-elle.

""J'espère que tout le monde a passé une très bonne fête des mères"", conclut la future reine.

Des excuses peu convaincantes ?

Le mystère qui entoure cette photo réside dans le fait qu'il s'agit de la première image officielle de Kate Middleton depuis qu'elle a subi une intervention chirurgicale à l'abdomen en janvier.

La princesse de Galles n'a pas été vue en public depuis Noël, ce qui représente un délai considérable pour l'une des personnalités les plus en vue du Royaume-Uni. Lorsque cette photo a été publiée, elle a d'abord été perçue comme une réfutation des théories entourant la santé de Kate et sa position au sein de la famille royale.

L'image originale a été transmise à plusieurs agences de presse, dont AP, par Kensington Palace et est attribuée à son mari, William.

Dans son message sur X, Kate Middleton assume la responsabilité personnelle de la retouche de la photo dans Photoshop. C'est l'excuse idéale : la princesse n'est probablement pas au courant des politiques d'AP, et toute cette affaire ne serait donc qu'une simple erreur d'inattention.

Mais pour beaucoup de commentateurs, cette excuse n'a aucun sens.

D'abord, il est peu probable que l'équipe de presse sobre et impersonnelle du Prince et de la Princesse de Galles laisse Kate Middleton retoucher une photo si importante sur son ordinateur portable. Les excuses personnelles tout à fait déplacées de la part de la source supposée, ainsi que la signature lapidaire d'une seule lettre ""C"" ne sont guère plus convaincantes...

Deuxièmement, le contenu des modifications n'est pas celui auquel on s'attendrait de la part de la princesse. Le fait que les vêtements de la princesse Charlotte aient été manifestement modifiés suggère que cette photo a été lourdement retouchée, avec une expertise hors de portée d'un ""photoshopper"" amateur.

Les spéculations vont bon train

L'une des théories les plus populaires pour expliquer l'origine de l'image est celle de la TikTokkeuse Allyn Aston. Elle affirme que la photo a été prise en novembre 2023.

La vidéaste fait référence à une séance photo de novembre montrant Kate et ses enfants à la Baby Bank. Dans ce cliché, publié en décembre, Allyn Aston note qu'il existe de nombreuses similitudes avec les styles et les textures des vêtements portés par Kate et ses enfants sur la photo prise à l'occasion de la fête des mères.

Cette nouvelle image serait-elle donc une version modifiée d'une photo plus ancienne ? C'est possible. Mais le coeur du problème est que cette photo semble indiquer que le palais royal a quelque chose à cacher.

L'explication la plus simple serait que Kate Middleton ne s'est pas complètement remise de son opération - qui l'a obligée à interrompre ses fonctions royales au moins jusqu'à la fin du mois de mars - et que la famille royale a voulu publier une mise à jour rassurante sur la princesse malgré tout.

Mais s'il s'agit d'une simple convalescence, pourquoi le palais royal cache-t-il donc la vérité ? Affaire à suivre...",Jonny Walfisz,"Royaume-Uni, Kate Middleton, William, prince de Galles",2024-03-12,CONTROL_International_Womens_Strike_2017_2024,single,True,4,"Kate, Middleton, Photo"
https://fr.euronews.com/green/2024/03/12/les-eurodeputes-adoptent-des-nouvelles-mesures-pour-decarboner-les-batiments,Euronews (FR),Des nouvelles mesures de l’UE pour décarboner les bâtiments,"Le Parlement européen a adopté mardi le plan de l’UE pour réduire la consommation énergétique et les émissions de gaz à effet de serre des bâtiments.

Doubler le taux annuel de rénovation énergétique des bâtiments et créer de nouveaux emplois dans le secteur. C'est l'objectif de la nouvelle législation adoptée mardi par le Parlement européen.

Les eurodéputés ont adopté la refonte du texte sur la performance énergétique des bâtiments, la dernière et la plus controversée des trois réformes dans le secteur de l'énergie. La loi doit jouer un rôle central pour permettre à l'UE d'atteindre la neutralité carbone d'ici 2050.

""Nous ne pouvons pas faire cela demain. Nous le faisons par petits bouts. Ainsi, au fil du temps, nous améliorerons progressivement la performance énergétique des bâtiments. Et c'est un énorme avantage pour les personnes qui y vivent. Les bâtiments seront plus sains et les factures de chauffage moins élevées"", se félicite l’eurodéputé écologiste Ciarán Cuffe.

""Et je le dis aussi particulièrement avec la flambée des prix provoquée par la guerre de Poutine en Ukraine. Si nous isolons les maisons, nous isolons Poutine"".

La proposition initiale de la Commission européenne ainsi que la première position ambitieuse du Parlement européen avaient provoqué le mécontentement de nombreux députés, en particulier au sein de la délégation allemande du Parti populaire européen (PPE). Elle prévoyait l'obligation de rénover et d'améliorer l'efficacité énergétique des biens immobiliers résidentiels.

Cette annonce avait fait craindre un fardeau pour les propriétaires avec des coûts élevés, voire inabordables. Cette disposition n'est plus à l'ordre du jour mais certains eurodéputés chrétiens-démocrates allemands ne sont toujours pas convaincus.

""Je soutiens l'objectif, je pense qu'il est bon que nous fassions vraiment quelque chose dans le secteur du bâtiment, mais je pense que la façon dont cela a été décrit maintenant, que nous revenons à ces petites réglementations de micro-détail, est erronée"", assure Angelika Niebler (PPE).

Les bâtiments représentent environ 40% de la consommation énergétique et 36% des émissions de gaz à effet de serre dans l'Union. Toutes les nouvelles constructions devront être à zéro émission à partir de 2030.",Andreas Rogal,"Protection du climat, Politique de l'UE, Economie d'énergie, Gaz à effet de serre",2024-03-12,CONTROL_International_Womens_Strike_2017_2024,single,True,1,"De, En, La"
https://fr.euronews.com/sante/2024/03/12/la-revalorisation-du-ticket-restaurant-permet-au-pays-de-sortir-dune-penurie-de-sang,Euronews (FR),La revalorisation du ticket restaurant permet au pays de sortir d'une pénurie de sang,"En échange de leur sang, les donneurs ont pour habitude de recevoir un carnet de 7 tickets restaurant. En janvier dernier, la valeur de ce dernier est passé de 13 à 56 euros.

Plus de trois mois se sont écoulés depuis l'augmentation de la valeur des tickets-repas, et les donneurs continuent de se présenter en grand nombre dans les centres de transfusion sanguine. Depuis le 1er janvier, date à laquelle le montant est passé à 280 lei, les centres ne désemplissent pas et les gens doivent attendre plusieurs heures pour donner leur sang. Dans tout le pays, les stocks de sang ont été reconstitués et il n'y a pas eu de pénurie comme les années précédentes.

Les stocks de sang en Roumanie ont atteint de nouveaux sommets grâce à une augmentation considérable de la valeur des tickets-repas accordés aux donneurs. En janvier, elle est passée de l'équivalent d'environ 13 euros par ticket à 56 euros. Les centres de don ne désemplissent pas et les gens font parfois la queue pendant des heures pour donner leur sang.

Les volontaires sont encouragés à réserver sur des plateformes en ligne. Mais tout le monde ne les utilise pas. Et ils viennent dans les centres même par centaines en une journée.

Par rapport aux pénuries des années précédentes, la Roumanie déclare aujourd'hui que ses banques de sang sont pleines, après seulement les trois premiers mois de l'année. Le pays compte 42 sites de don et le ministère de la santé envisage une réorganisation du système pour faire face à la demande de sang dans les hôpitaux et à l'afflux de donneurs.

Selon les données officielles, 425 000 personnes ont donné leur sang l'année dernière.",Euronews,"Roumanie, Don du sang, Santé",2024-03-12,CONTROL_International_Womens_Strike_2017_2024,single,True,1,"De, En, La"
https://fr.euronews.com/sante/2024/03/12/une-nouvelle-etude-revele-comment-fonctionne-le-cerveau-des-polyglottes,Euronews (FR),Voici ce qui se passe dans le cerveau des polyglottes,"Une nouvelle étude s'intéresse à la manière dont le cerveau des polyglottes traite les différentes langues qu'ils comprennent.

Les personnes qui parlent plusieurs langues, appelées polyglottes, voient leur activité s'intensifier dans le ""réseau linguistique"" du cerveau lorsqu'elles écoutent les langues qu'elles parlent, avec des réponses plus fortes pour celles qu'elles maîtrisent le mieux.

Toutefois, selon une nouvelle étude, lorsqu'ils écoutent leur langue maternelle, l'activité cérébrale est similaire ou inférieure par rapport aux langues non maternelles.

""Quelque chose rend le traitement un peu plus facile - peut-être parce que vous avez passé plus de temps à utiliser cette langue - et cela se traduit par une baisse d'activité cérébrale pour la compréhension de votre langue maternelle par rapport à d'autres langues que vous parlez couramment"", explique Evelina Fedorenko, professeur agrégé de neurosciences au Massachusetts Institute of Technology (MIT) et auteur principal de l'étude, dans un communiqué.

Selon les auteurs de l'étude, si de nombreuses personnes parlent couramment plus d'une langue dans le monde, rares sont celles qui parlent cinq langues ou plus, et la plupart des recherches actuelles se concentrent sur les personnes bilingues.

Comment l'étude a-t-elle fonctionné ?

Les chercheurs américains ont utilisé l'imagerie par résonance magnétique fonctionnelle (IRMf) pour scanner le cerveau de 34 polyglottes et ont publié leurs résultats dans la revue scientifique Cerebral Cortex.

Tous les participants maîtrisaient au moins cinq langues, la plupart d'entre eux ayant commencé à les apprendre à l'adolescence ou à l'âge adulte.

Seize des participants étaient des ""hyperpolyglottes"", c'est-à-dire qu'ils parlaient 10 langues ou plus. Un membre du groupe en maîtrisait pas moins de 54. Le nombre moyen de langues parlées ou signées par les participants était d'environ 15.

Les polyglottes ont écouté des textes de la Bible ou d'Alice au pays des merveilles lus dans huit langues différentes.

Il s'agissait de leur langue maternelle, de trois langues qu'ils maîtrisaient à un degré plus ou moins élevé, et de langues qu'ils ne parlaient pas du tout. Parmi ces dernières, certaines étaient de la même famille qu'une langue qu'ils connaissaient et d'autres n'avaient aucun rapport avec elles.

Les chercheurs ont examiné le ""réseau linguistique"" de leur cerveau, c'est-à-dire les zones interconnectées des lobes frontal et temporal du cerveau qui favorisent le traitement du langage.

Que montrent les scanners ?

Le réseau linguistique, principalement situé dans la partie gauche du cerveau, s'illuminait le plus lorsque les participants écoutaient des passages dans les langues qu'ils maîtrisaient le mieux, à l'exception de leur langue maternelle.

""Au fur et à mesure que l'on progresse dans la maîtrise de la langue, on peut faire appel aux calculs linguistiques dans une plus large mesure, ce qui permet d'obtenir des réponses de plus en plus fortes"", explique Evelina Fedorenko.

""Mais si l'on compare une langue de très haut niveau et une langue maternelle, il se peut que la langue maternelle soit un peu plus facile, peut-être parce que l'on a plus d'expérience avec elle"".

Lorsque les participants écoutaient les langues qu'ils ne parlaient pas, leur cerveau réagissait davantage aux langues similaires à celles qu'ils connaissaient déjà.

Certaines limites de l'étude actuelle tiennent au fait que les compétences linguistiques ont été déclarées par les participants eux-mêmes et qu'ils n'ont pas évalué dans quelle mesure ils comprenaient les textes.

Les auteurs prévoient de mener d'autres recherches sur les personnes qui ont appris plusieurs langues à un très jeune âge, y compris les personnes qui ont émigré et sont devenues moins compétentes dans leur langue maternelle.",Euronews,"Langues, Recherche scientifique, Cerveau",2024-03-12,CONTROL_International_Womens_Strike_2017_2024,single,True,1,"De, En, La"
https://fr.euronews.com/2024/03/12/roumanie-les-freres-tate-places-en-detention-pour-agression-sexuelle,Euronews (FR),Roumanie : les frères Tate placés en détention pour agression sexuelle,"La police a annoncé avoir placé en détention l’influenceur Andrew Tate et son frère Tristan, à la suite d’une accusation d’agression sexuelle commise au Royaume-Uni. Les autorités judiciaires britanniques avaient émis deux mandats d'arrêt européens à leur encontre.

L'influenceur Andrew Tate et son frère Tristan sont détenus en Roumanie en vertu d'un mandat d'arrêt émis par les autorités britanniques.

Ils ont été placés en détention sur la base d'allégations d'agression sexuelle dans le cadre d'une affaire britannique remontant à 2012-2015.

Les deux frères de nationalités britannique et américaine, résident en Roumanie, où ils sont accusés, dans une affaire distincte, de viol, de traite d'êtres humains et de constitution d'une bande criminelle en vue d'exploiter sexuellement des femmes.

Ils ont été arrêtés près de Bucarest, en décembre 2022, et après avoir été emprisonnés puis assignés à résidence, ils attendent leur procès.",Euronews,"violences conjugales, info du jour, Politique Roumaine, violences",2024-03-12,CONTROL_International_Womens_Strike_2017_2024,single,True,1,"De, En, La"
https://fr.euronews.com/2024/03/12/transnistrie-la-moldavie-convoque-lambassadeur-de-russie,Euronews (FR),Transnistrie : la Moldavie convoque l'ambassadeur de Russie,"La Moldavie a convoqué l’ambassadeur russe dans le pays, pour protester contre la décision de Moscou d’ouvrir plusieurs bureaux de vote en Transnistrie, à l’occasion de la présidentielle russe.

À l’approche des élections présidentielles en Russie, Moscou a décidé d’ouvrir plusieurs bureaux de vote dans la région séparatiste de Transnistrie. La décision a suscité la colère des autorités moldaves, qui, ce mardi, ont convoqué l’ambassadeur de Russie.

""L'État moldave agit là où il peut contrôler l'environnement et ne tolérera donc pas de violations sur le territoire contrôlé par les autorités constitutionnelles. Comme je l'ai déjà dit, la note de protestation a été remise à l'ambassadeur Vasnetsov. Et, je le répète, chacun doit respecter l'État moldave et donc les citoyens de la République de Moldavie"", a déclaré Romanian Dorin Recean, Premier ministre de Moldavie.

L’ambassadeur russe affirme que cette décision a été prise à la demande de la Transnistrie.

""De nombreuses demandes ont été adressées à la Commission électorale centrale de la Fédération de Russie, au ministère des Affaires étrangères de la Fédération de Russie, ainsi qu'à l'ambassade. Les gens ont demandé à exercer leur droit de vote légal"", a déclaré Oleg Vasnetsov, ambassadeur de Russie en Moldavie.

Le 17 mars, principal jour du scrutin, six bureaux de vote ouvriront en Transnistrie pour les 200 000 citoyens russes qui résident dans cette région. Le désaccord entre Moscou et Chisinau porte sur le nombre de ces bureaux de vote. La Moldavie n’en souhaitait qu’un : à l’intérieur de la mission diplomatique russe.

Cet incident intervient dans un contexte tendu entre les deux pays. Il y a quelques jours, les autorités de Transnistrie ont demandé la protection de la Russie face à la Moldavie.",Euronews,"Transdniestrie, Tension diplomatique, Moldavie",2024-03-12,CONTROL_International_Womens_Strike_2017_2024,single,True,1,"De, En, La"
https://fr.euronews.com/2024/03/12/un-avion-militaire-russe-sest-ecrase-avec-quinze-personnes-a-bord,Euronews (FR),Un avion militaire russe s'est écrasé avec quinze personnes à bord,"Une enquête va être diligentée par les autorités militaires pour déterminer les causes précises du crash.

Un avion militaire russe s'est écrasé avec quinze personnes à bord, ce mardi, dans la région d'Ivanovo, au nord-ouest de Moscou,

Selon le ministère de la Défense russe, l'accident a été provoqué par l'incendie d'un des moteurs de l'avion, au moment du décollage.

De nombreuses vidéos diffusées sur les réseaux sociaux montrent l'avion, un Iliouchine 76 à basse altitude, son moteur droit en flammes, avant une explosion dans la forêt.

Une enquête va être diligentée par les autorités militaires pour déterminer les causes précises du crash.",Vera Lou Derid,"Catastrophe aérienne, Russie, avion",2024-03-12,CONTROL_International_Womens_Strike_2017_2024,single,True,1,"De, En, La"
https://fr.euronews.com/culture/2024/03/12/decouvrez-la-creme-de-la-creme-le-concours-des-sony-world-photography-awards-2024,Euronews (FR),Le meilleur des Sony World Photography Awards Open Competition 2024,"Découvrez notre sélection des meilleures photos des Sony World Photography Awards 2024.

L'Organisation mondiale de la photographie a dévoilé le nom des lauréats et la liste des candidats retenus pour la catégorie Open des prestigieux Sony World Photography Awards 2024, qui mettent en avant les meilleures images du monde entier.

La Slovène Ana Skobe présente "" Falling Out of Time "", qui capture l'élégance d'un phare dans un ciel crépusculaire, et le Britannique Ian Ford présente "" Caiman Crunch "", un moment furtif montrant un jaguar attaquant un crocodile.

Ce ne sont pas moins de 395 000 images en provenance de plus de 220 pays et territoires, qui ont été proposées dans le cadre de ce concours.

Explorez nos galeries de photos présentant les gagnants dans chacune des dix catégories, allant de l'architecture au lifestyle, en passant par le portrait, le voyage, la faune et la flore, ainsi qu'une sélection de nos images préférées qui ont été retenues dans la liste des finalistes.

Galerie des lauréats

Le nom du lauréat de ce prestigieux concours ouvert sera révélé lors de la grande cérémonie de remise des prix, qui se tiendra à Londres le 18 avril.

Les images récompensées et présélectionnées seront présentées dans le cadre de l'exposition des Sony World Photography Awards à Somerset House, à Londres, du 19 avril au 6 mai 2024, et voyageront ensuite dans différents lieux.",Theo Farrant,"Sony, immersive-tpl, Photographie",2024-03-12,CONTROL_International_Womens_Strike_2017_2024,single,True,0,"In, The, To"
https://fr.euronews.com/voyages/2024/03/12/un-phare-dans-un-ocean-de-critiques-voici-comment-fonctionne-le-classement-par-etoiles-des,Euronews (FR),Un phare au milieu des critiques: le classement par étoiles des hôtels,"Euronews Travel s'est entretenu avec Markus Luthe, président de l'Union européenne des hôtels-stars, pour savoir comment fonctionne exactement le processus de classement par étoiles.

Lorsque vous réservez un hôtel pour un prochain voyage, vous êtes-vous déjà demandé comment celui-ci était classé ? Vous n'êtes pas le seul.

En Europe, 21 pays membres et cinq pays observateurs participent à un processus d'évaluation normalisé par plusieurs organismes officiels, ce qui signifie que leurs hôtels peuvent obtenir d'une à cinq étoiles, en fonction de divers critères.

La Confédération des associations nationales d'hôtels, restaurants, cafés et établissements assimilés de l'Union européenne et de l'Espace économique européen - plus connue sous le nom de HOTREC - est l'association qui chapeaute ces organismes de classement.

Euronews Travel s'est entretenu avec Markus Luthe, membre du comité exécutif de l'HOTREC, directeur général de l'association allemande des hôtels, et président de l'association européenne des hôtels étoilés (AISBL), afin d'en savoir plus.

Comment les étoiles sont-elles attribuées aux hôtels ?

Dans toute l'Europe, 21 pays utilisent un système de classification commun qui attribue des étoiles aux hôtels. Chaque hôtel est classé sur la base de 247 critères, répartis en cinq catégories.

Sous le patronage de l'HOTREC, tous les membres de l'Union Hotelstars classent leurs hôtels sur la base d'un ensemble de critères identiques, également connus sous le nom des 21 principes de l'HOTREC.

""Chaque critère se voit attribuer des points en fonction de son importance, sur une échelle allant de 1 à 20 points. Il existe une liste de critères obligatoires pour chaque catégorie et des critères supplémentaires qui peuvent être utilisés pour obtenir plus de points"", explique M. Luthe à Euronews Travel.

""Il ne suffit pas de satisfaire aux critères de base pour intégrer une catégorie d'étoiles. Les hôtels qui répondent à tous les critères obligatoires de leur catégorie et qui offrent un niveau de service exceptionnel se voient attribuer le qualificatif de ""Supérieur"""", ajoute-t-il.

Il existe cependant des exceptions. Les hôtels comptant jusqu'à quatre étoiles peuvent obtenir ce classement, tout en fonctionnant sans restaurant.

En quoi le classement par étoiles des hôtels peut-il varier en Europe ?

Bien que l'Union Hotelstars domine la classification des hôtels dans la majeure partie de l'Europe, certains pays, dont la France et le Portugal, utilisent leur propre système national.

Dans d'autres pays, comme la Finlande et la Norvège, il n'existe aucune classification par étoiles.

À l'autre bout du spectre, l'Espagne et l'Italie utilisent respectivement 17 et 21 classifications régionales distinctes pour classer leurs hôtels.

""Nous sommes en contact étroit avec ces pays, mais chacun d'entre eux a ses propres raisons de ne pas (encore) participer à l'Union Hotelstars. Il s'agit notamment de raisons politiques structurelles, d'institutions impliquées ou de conditions de marché spécifiques"", explique M. Luthe à Euronews Travel.

Comment se déroule le processus de classement par étoiles, du début à la fin ?

Le processus d'obtention d'une classification par étoiles peut varier légèrement d'un pays à l'autre, explique M. Luthe, mais cela débute de manière très similaire dans la grande majorité d'entre eux.

Les propriétaires d'hôtels doivent remplir un questionnaire d'auto-évaluation complet, qui est ensuite soumis à l'examen de l'Union Hotelstars.

Une fois le questionnaire évalué, l'Union procède à un audit sur place afin de vérifier que les hôtels ne se donnent pas une note trop élevée.

Si l'inspection est menée à bien et validée par l'Union, le nombre d'étoiles correspondant est octroyé - mais ce n'est pas toujours aussi simple.

Selon M. Luthe, deux scénarios sont possibles si les hôtels ne méritent pas la classification qu'ils se sont attribuée, voire s'ils ne remplissent pas les conditions requises pour être classés.

""Le premier scénario est celui dans lequel un hôtel fait de la publicité en affichant des étoiles alors qu'il n'est pas classé.

Ces hôtels sont contactés et priés de retirer ces étoiles. Si l'hôtel ne donne pas suite à la demande, une requête peut être déposée auprès de l'agence nationale de protection des consommateurs ou des autorités de la concurrence"", explique-t-il à Euronews Travel.

""Le deuxième cas est celui dans lequel un hôtel en cours de classification ne remplit pas les critères de base, par exemple en matière d'hygiène ou de sécurité. Dans ce cas, l'hôtel n'obtient aucune classification"", ajoute M. Luthe.

Les hôtels qui affichent 6 ou 7 étoiles méritent-ils vraiment cette catégorie ?

Un certain nombre d'hôtels dans le monde tentent de se vendre comme étant ""au-dessus"" des classements officiels, affirmant qu'ils offrent des services 6 ou même 7 étoiles.

En Europe, les pays membres de l'HOTREC ont convenu de classer leurs hôtels exclusivement sur l'échelle traditionnelle allant jusqu'à cinq étoiles.

Bien que cela semble balayer l'hypothèse d'établissements 6 ou 7 étoiles, il existe un niveau de classement supplémentaire qui peut être attribué aux meilleurs hébergements.

Le classement 5 étoiles supérieur, explique M. Luthe, peut être attribué aux ""meilleurs établissements de chaque catégorie qui se distinguent généralement par leur niveau de service particulièrement élevé"".

""Si des hôtels de plus de 5 étoiles apparaissent parfois dans les médias, il s'agit, à notre connaissance, de messages purement publicitaires de l'hôtel ou du média, qui ne reposent pas sur un catalogue officiel de critères"", explique M. Luthe à Euronews Travel.

""Selon nous, il n'est pas non plus judicieux d'augmenter d'un ou plusieurs niveaux le nombre maximum d'étoiles que peut obtenir chaque nouvel hôtel de luxe, comme si le classement évoluait sur une échelle de Richter ouverte, ajoute-t-il, ce qui priverait le consommateur de garanties au lieu de lui apporter une transparence supplémentaire.

Quelle est la durée de validité de l'obtention des étoiles ?

Une fois obtenu, le nombre d'étoiles octroyé est valable pendant six ans maximum, selon le pays.

À l'issue de cette période, le processus recommence et un nouvel audit doit être réalisé sur place.

""Si l'hôtel a réalisé les investissements ou les ajustements nécessaires, il se verra attribuer à nouveau les mêmes étoiles"", explique M. Luthe.

""Dans le cas contraire, il a la possibilité d'être déclassé ou de procéder aux ajustements nécessaires dans un certain délai afin de rester dans sa catégorie"", ajoute-t-il.

Si un hôtel vise une catégorie supérieure, l'HOTREC s'assure qu'il effectue les ajustements et les investissements nécessaires pour atteindre la norme de la nouvelle classification.

Un autre audit permettra de s'assurer que les ajustements ont été faits et que les nouveaux critères sont respectés, puis l'hôtel pourra passer au niveau supérieur.

Quelle est l'impact réel du classement par étoiles pour les hôtels européens ?

""Dans certains pays membres de l'Union Hotelstars, la classification est gratuite, tandis que dans d'autres, il faut payer une redevance"", explique M. Luthe.

Mais quelle est l'importance réelle de ces classements pour les voyageurs ?

""Pour les clients, explique M. Luthe, le classement par étoiles reste l'un des principaux critères de choix d'un hôtel, car ils savent au moins approximativement ce qu'ils peuvent attendre d'un hôtel 3 étoiles, par exemple.

Selon l'HOTREC, les touristes bénéficient d'un système harmonisé au niveau international, qui offre une véritable possibilité de comparaison au-delà des frontières nationales.",Saskia O'Donoghue,"Tourisme, notation, Hôtellerie",2024-03-12,CONTROL_International_Womens_Strike_2017_2024,single,True,1,"De, En, La"
https://fr.euronews.com/2024/03/12/des-unites-russes-pro-ukrainiennes-affirment-mener-des-attaques-a-koursk-et-a-belgorod,Euronews (FR),Des unités russes pro-ukrainiennes affirment mener des attaques à Koursk et à Belgorod,"Plusieurs régions russes ont été bombardées par des drones ukrainiens. Des volontaires russes combattant pour l’Ukraine ont mené des attaques près de Koursk.

Neuf régions de Russie ont été touchées ce mardi par une flotte de drones ukrainiens, rapportent les autorités russes. Un dépôt de carburant à Orel, ville russe située à environ 160 km de la frontière ukrainienne, a été attaqué par un drone qui a déclenché un incendie, a annoncé le gouverneur régional, Andreï Klitskov.

""Un drone s’est écrasé à Orel. Un complexe de carburant et d’énergie a été attaqué. Les services spéciaux travaillent sur les lieux pour contenir l’incendie. Il n’y a pas de victime"", a écrit M. Klitskov sur son compte Telegram.

Des drones ukrainiens ont également attaqué dans la nuit de lundi à mardi la région russe de Belgorod, près de la ville ukrainienne de Kharkiv, sans faire de blessé, selon le gouverneur régional, qui ajoute qu’une ligne électrique a été endommagée.

Par ailleurs, un drone a été détruit au-dessus de la région de Toula, au sud de Moscou, selon le ministère régional de la sécurité cité par l’agence de presse TASS. Le gouverneur de la région de Koursk, également située près de la frontière avec l’Ukraine, a quant à lui annoncé que deux drones ukrainiens avaient été abattus par la défense russe.

Lukoil, l'une des plus grandes compagnies pétrolières de Russie, a également confirmé que les opérations dans ses unités de traitement de avaient été temporairement suspendues ""en raison de ces incidents"".

Des volontaires russes combattant pour l’Ukraine sont entrés en Russie

En plus de cette attaque, un groupe de volontaires russes combattant pour l’Ukraine ont affirmé avoir mené des offensives près de la frontière ukrainienne.

La légion Liberté de la Russie et le Bataillon sibérien ont tous deux annoncé sur leurs pages Telegram qu’ils avaient lancé des attaques en Russie depuis l’Ukraine.

""Nous avons traversé la frontière"", a affirmé l’unité baptisée légion Liberté de la Russie sur Telegram, en affirmant plus tard avoir détruit un blindé dans le village Tetkino, dans la région de Koursk. ""Nous rêvons d’une Russie libérée de la dictature de Poutine, mais nous ne nous contentons pas de rêver : nous mettons tout en œuvre pour que ces rêves deviennent réalité"", écrit la légion sur Telegram, en ajoutant : ""Les Russes voteront pour qui ils veulent et non pour qui ils devraient. Les Russes vivront librement.""

Le Bataillon sibérien affirme, lui, que ""les bulletins de vote et les bureaux de vote sont dans ce cas une fiction. Vous ne pouvez vraiment changer votre vie pour le mieux qu’avec des armes à la main"". De son côté, le Corps des volontaires russes annonce aussi être entré en Russie.

Le gouverneur russe de la région a confirmé l’attaque en cours et fait état d’un blessé léger, mais a nié toute ""percée"" des assaillants.

Côté ukrainien, 10 régions de l'Est du pays, notamment Kharkiv, ont été ciblées par des missiles russes. Plusieurs civils auraient tués et blessés. Un bilan humain devrait être présenté prochainement.

Visite d'un chef de l'état-major russe à Avdiivka

Sergueï Kirienko de l'état-major russe, se serait lui rendu à Avdiivka, prise il y a trois semaines par Moscou. Il y aurait notamment supervisé les opérations de sécurisation.

Moscou a aussi affirmé avoir pris un village dans l’est de l’Ukraine, près de la ville de Donetsk déjà sous son contrôle. ""Dans la direction de Donetsk, les unités du groupement de forces Sud ont libéré le village de Nevelské et ont occupé des lignes et positions plus favorables"", a indiqué le ministère russe de la Défense dans son rapport quotidien.

Cette information arrive au lendemain de l’annonce du président ukrainien Volodymyr Zelensky qui assurait avoir _""stoppé""_l’avancée russe.",Euronews,"Russie, Guerre Russie / Ukraine, Ukraine, Pétrole, Drones",2024-03-12,CONTROL_International_Womens_Strike_2017_2024,single,True,1,"De, En, La"
https://fr.euronews.com/2024/03/12/les-travailleurs-de-la-sante-ont-manifeste-en-roumanie,Euronews (FR),Les travailleurs de la santé ont manifesté en Roumanie,"Ils étaient environ 5000 professionnels à marcher dans les rues de Bucarest ce lundi pour protester contre les bas salaires et pour l'obtention de primes.

La marche a commencé place de la Victoire et s'est poursuivie devant les Ministères du Travail et de la Santé, avant d'aboutir devant le Palais du Parlement.

Les syndicats ont prévenu que cette manifestation était le dernier avertissement avant une grève générale.

Ils dénoncent un financement des hôpitaux qu'ils jugent trop faible et la politique du ministre de la santé auquel ils reprochent le gel de leur salaire en 2018.",Vera Lou Derid,"Santé publique, Roumanie, Marché du travail",2024-03-12,CONTROL_International_Womens_Strike_2017_2024,single,True,0,"In, The, To"
https://fr.euronews.com/2024/03/12/liran-la-russie-et-la-chine-menent-des-exercices-militaires-conjoints,Euronews (FR),"  L'Iran, la Russie et la Chine mènent des exercices militaires conjoints ","La Chine, l'Iran et la Russie ont entamé un exercice naval conjoint dans le golfe d'Oman, une voie navigable cruciale située près de l'embouchure du golfe Persique, ont indiqué des responsables mardi.

Des images diffusées par la télévision d'État chinoise et une vidéo publiée par la marine russe montrent l'exercice en cours, baptisé ""Ceinture de sécurité maritime 2024"".

La Chine a envoyé le destroyer à missiles guidés Urumqi et la frégate à missiles guidés Linyi à l'exercice. Les forces russes sont dirigées par le Varyag, un croiseur de classe Slava.

Plus de 20 navires, navires de soutien et bateaux de combat des trois pays, ainsi que des hélicoptères navals, participent à l'exercice.

La télévision d'État iranienne a cité le porte-parole de l'exercice, l'amiral Mostafa Tajaddini, qui a déclaré que l'exercice se déroulerait sur 17 000 kilomètres carrés d'eau.

M. Tajaddini a ajouté que l'exercice des trois nations - leur quatrième depuis 2019 visait également à améliorer le commerce, à lutter contre ""la piraterie et le terrorisme, à soutenir les activités humanitaires et l'échange d'informations dans le domaine du sauvetage"", entre autres objectifs.

L'Iran a renforcé sa coopération militaire avec Pékin et Moscou en réponse aux tensions avec les États-Unis régionales, notamment en raison de la fourniture de drones militaires à la Russie, actuellement utilisés dans la guerre de Moscou contre l'Ukraine.

L'Azerbaïdjan, le Kazakhstan, Oman, le Pakistan et l'Afrique du Sud sont des observateurs de l'exercice.

Depuis 2019, le golfe d'Oman a été le théâtre d'une série d'attaques que les États-Unis ont imputées à l'Iran, ainsi que de saisies de navires par Téhéran, depuis l'échec de l'accord sur le nucléaire conclu avec les puissances mondiales. Un cinquième de tout le pétrole échangé passe par le détroit d'Ormuz, l'étroite embouchure du golfe Persique.",Euronews,"Russie, Chine, Iran, Exercices militaires, Proche-Orient",2024-03-12,CONTROL_International_Womens_Strike_2017_2024,single,True,1,"De, En, La"
https://fr.euronews.com/2024/03/12/suede-la-militante-ecologiste-greta-thunberg-a-ete-evacuee-par-la-police,Euronews (FR),Suède : la militante écologiste Greta Thunberg a été évacuée par la police,"La police suédoise a évacué mardi par la force la militante pour le climat Greta Thunberg, qui bloquait avec d'autres militants pour le climat l'entrée du Parlement suédois.

Greta Thunberg et plusieurs autres militants écologistes ont été évacuées par les forces de l'ordre après avoir bloqué les entrées du Riksdag suédois dans le cadre d'une action pour le climat.

Les militants s'étaient positionnés à l'extérieur du bâtiment du parlement et refusaient de bouger. Après quelques minutes, plusieurs d'entre eux, dont Mme Thunberg, ont été emmenés par la police.

""Je pense que nos lois protègent les mauvaises choses. Je pense que nos lois devraient être là pour protéger le bien-être des gens, et non les droits des entreprises à polluer la planète"", a déclaré Greta Thunberg. L'action a commencé lundi. Selon la police, les militants n'ont pas de permis pour la manifestation et l'incident donnera lieu à un rapport de violation de la loi sur l'ordre public. Les militants ont quitté volontairement les lieux lundi matin et sont revenus mardi matin.

""Le Parlement et les représentants élus sont bien sûr un élément fondamental de la démocratie, mais le droit de manifester l'est tout autant"", a-t-elle déclaré.",Euronews,"Police, Suède, Greta Thunberg",2024-03-12,CONTROL_International_Womens_Strike_2017_2024,single,True,1,"De, En, La"
https://fr.euronews.com/business/2024/03/12/alors-que-poutine-orchestre-sa-reelection-la-resilience-de-leconomie-russe-est-un-argument,Euronews (FR),"L'économie russe, argument clé pour une réélection de Poutine","""Pour la plupart des Russes, qui choisissent d'ignorer la guerre, l'économie est vraiment la principale préoccupation"", estime un expert.

Les Russes constatent chaque jour que des produits de base importés comme les fruits, le café et l'huile d'olive, ont vu leur prix grimper en flèche. La plupart des marques internationales ont disparu, ou ont été remplacées par des équivalents russes dont les dirigeants se montrent favorables au Kremlin. Les voitures chinoises sont beaucoup plus nombreuses à circuler dans les rues. Ceux qui chercheraient un produit cosmétique particulier ne le trouveront sans doute pas.

À part cela, peu de choses ont changé sur le plan économique pour la plupart des habitants de Russie sous la présidence de Vladimir Poutine, plus de deux ans après l'envoi de troupes en Ukraine.

Et ce, malgré les sanctions radicales qui ont coupé une grande partie des échanges commerciaux entre la Russie et l'Europe, les États-Unis et leurs alliés.

Cette impression de stabilité constitue un atout majeur pour Vladimir Poutine, qui orchestre une victoire sans surprise, lors de l'élection présidentielle prévue les 15 et 17 mars, ce qui conduirait le chef de l'Etat à entamer un cinquième mandat de six ans.

L'inflation est plus élevée que la plupart des gens ne le souhaiteraient, à plus de 7 %, ce qui dépasse l'objectif de 4 % de la banque centrale. Mais le chômage reste à un niveau faible et la croissance devrait bondir de 2,6 % cette année, selon le Fonds monétaire international, soit le double des prévisions initiales. C'est bien plus qu'en Europe, où le PIB devrait augmenter de seulement 0,9 %.

""Il y a des difficultés, bien sûr - elles sont liées à la situation générale dans le monde"", a déclaré Andrei Fedotov, 55 ans, en arpentant l'artère commerciale de la rue Tverskaya, à quelques encablures du Kremlin. ""Nous le savons très bien, mais je pense que nous les surmonterons.

La hausse des prix ""me dérange, bien sûr - comme tout consommateur, je les vois augmenter"", a déclaré M. Fedotov, qui travaille dans le secteur de l'éducation. ""C'est lié à l'époque dans laquelle nous vivons et qui va finir par passer"".

Irina Novikova, 39 ans, responsable de marque, reste optimiste malgré la hausse des prix observée dans les magasins. ""Davantage de produits russes sont apparus dans les rayons, davantage de produits alimentaires. Et nous constatons tous que certains produits ont disparu"", relate-t-elle.

""Les prix ont augmenté - si j'avais l'habitude d'acheter trois articles pour un certain prix, maintenant je n'en achète plus qu'un"", a-t-elle déclaré, avant d'ajouter : ""Regardez du côté des produits russes, des magasins qui vendent des produits russes. L'industrie a peut-être souffert, nous savons qu'il y a eu des échecs, mais là encore, nous nous adaptons et nous réorientons notre réflexion, et nous commençons à nous tourner vers nos amis chinois"", a ajouté Mme Novikova.

L'économie russe tient bon

Les dépenses massives de la Russie en matière d'équipement militaire et le montant considérable des soldes versées aux soldats volontaires relancent fortement l'économie. Les prêts hypothécaires subventionnés par le gouvernement soutiennent les acquéreurs immobiliers et boostent le secteur de la construction, en plein essor, comme en attestent plusieurs projets de tours pharaoniques en cours de construction, sur les rives de la Moskova.

L'inflation fait grincer des dents, mais elle n'est pas récente. La Russie a gagné en autonomie dans la production de ses propres denrées alimentaires après 2014, lorsqu'elle a annexé la péninsule ukrainienne de Crimée, et que les sanctions occidentales qui en ont découlé ont conduit le gouvernement à interdire une large liste d'importation de denrées alimentaires en provenance d'Europe.

Les dépenses publiques prévues cette année sont environ deux fois supérieures au niveau enregistré en 2018. Cependant, le déficit reste gérable, car les impôts et les recettes issues du pétrole continuent d'alimenter les caisses.

Les importations dites ""parallèles"", qui transitent par des pays tiers tels que la Géorgie, le Kazakhstan ou l'Ouzbékistan, ont permis aux Russes aisés de continuer à acheter des produits occidentaux - des baskets aux téléphones portables, en passant par les voitures - auprès d'entreprises qui ne font plus affaire en Russie, et généralement moyennant une marge importante.

Il n'est pas difficile de se procurer un SUV de la marque BMW, même s'il coûte deux fois plus cher en Allemagne. IKEA a fermé ses 17 magasins russes, mais ses meubles et ses articles ménagers peuvent être achetés en ligne, à des prix plus élevés.

Apple a quitté le pays, mais un iPhone 15 Pro Max doté de 512 gigaoctets de mémoire se vend pour l'équivalent en roubles de 1 950 dollars (1 783 euros) sur le site de vente russe Wildberries, soit à peu près le prix de vente du téléphone observé en Allemagne.

L'économie n'est pas pour autant à l'abri de certaines tensions. Les entreprises sont confrontées à une pénurie de main-d'œuvre, puisque des centaines de milliers d'hommes ont quitté le pays après le début des combats en Ukraine pour éviter la mobilisation, et que des centaines de milliers d'autres ont signé des contrats militaires.

Pendant ce temps, les exportations de pétrole de la Russie se sont déplacées de l'Europe vers la Chine, et l'Inde, en raison des boycotts des alliés de l'Ukraine. Pour éviter les sanctions et le plafonnement des prix sur les livraisons de pétrole, la Russie a dû débourser des milliards pour acheter une flotte fantôme de pétroliers vieillissants qui ne font pas appel aux assureurs occidentaux, lesquels doivent respecter le plafonnement des prix. La Russie a également perdu son lucratif marché du gaz naturel en Europe, après avoir mis un terme à la majeure partie de ses exportations par gazoduc.

L'industrie automobile a été décimée, après le retrait d'acteurs étrangers tels que Renault, Volkswagen et Mercedes. La Chine a remplacé l'Union européenne en tant que principal partenaire commercial de la Russie, et les véhicules chinois ont rapidement conquis la moitié du marché automobile l'année dernière, selon Ward's Intelligence.

De nombreuses entreprises étrangères ont également quitté le pays ou vendu leurs activités à des partenaires locaux, à des prix défiant toute concurrence. D'autres, comme le brasseur danois Carlsberg et l'entreprise alimentaire française Danone, ont vu leurs entreprises russes saisies par le gouvernement.

""L'économie joue un rôle très important dans toutes les élections de Poutine"", a déclaré Janis Kluge, spécialiste de l'économie russe à l'Institut allemand pour les affaires internationales et la sécurité. ""Pour la plupart des Russes, qui choisissent d'ignorer la guerre, l'économie est vraiment la préoccupation la plus importante"".

La stabilité économique ""est un signal que Poutine peut utiliser pour montrer qu'il est encore capable de mobiliser les masses. Et pour cela, il faut qu'il s'agisse d'un véritable signal et pas seulement d'un chiffre manipulé"", a déclaré M. Kluge.

""Il est donc important qu'il y ait un véritable soutien, même si les électeurs n'ont aucune chance de changer de dirigeant.

Le produit intérieur brut, c'est-à-dire la production totale de biens et de services de l'économie, reste ""un chiffre abstrait"" pour la plupart des gens, et le taux de change du rouble constitue moins un symbole qu'auparavant, parce que la plupart des gens ne peuvent pas voyager et qu'il y a moins de produits importés à acheter, a déclaré M. Kluge.

""Ce qui compte, c'est l'inflation. ""Et c'est un problème auquel le régime s'est préparé.

La banque centrale a lutté contre les hausses de prix en augmentant les taux d'intérêt jusqu'à 16 %. Le gouvernement a soutenu la devise russe, en exigeant des exportateurs qu'ils convertissent en roubles les revenus étrangers issus de produits tels que le pétrole, ce qui a permis de maintenir les prix à la baisse pour les importations.

L'interdiction d'exporter de l'essence pendant six mois à partir du 1er mars contribuera à maintenir les prix des carburants à un niveau bas en Russie.

Le gouvernement a également permis d'obtenir des prêts hypothécaires pour des appartements à des taux d'intérêt faisant largement l'objet de subventions - une mesure qui accroît le sentiment d'enrichissement au sein de la population, mais qui finira par se traduire par une lourde facture pour le gouvernement.

Le pétrole reste la poule aux œufs d'or

Selon M. Kluge, le facteur clé de cette bonne santé de l'économie reste la capacité de la Russie à continuer d'exporter du pétrole et du gaz naturel vers de nouveaux clients en Asie. Tant que le prix du pétrole se maintient, la Russie peut maintenir ""indéfiniment"" le niveau élevé de ses dépenses militaires et sociales, a déclaré M. Kluge.

En janvier, la Russie a engrangé quelque 15,6 milliards de dollars de recettes d'exportation de pétrole, selon le ""Russian Oil Tracker"" de la Kyiv School of Economics. Cela représente environ 500 millions de dollars par jour.

À long terme, les perspectives de l'économie sont plus incertaines. Le manque d'investissements étrangers limitera le développement des nouvelles technologies et la productivité. Les largesses du gouvernement pourraient un jour dépasser la capacité de la banque centrale à gérer l'inflation. Dans quelle mesure ces politiques généreuses se poursuivront après les élections ? La réponse, cruciale, dépend de Vladimir Poutine.

Le principal risque qui pèse sur la stabilité actuelle serait une chute brutale du prix du pétrole, qui se négocie actuellement autour de 70 dollars le baril pour le mélange russe de l'Oural. En raison des sanctions et des boycotts, ce prix reste inférieur à celui de la référence internationale, le Brent, qui se négocie aux environs de 83 dollars le baril.

Mais pour l'instant, les finances de l'État affichent une solidité qui déjoue les pronostics.

""Je n'ai pas de bonnes nouvelles"" pour ceux qui s'attendent à ce que l'économie russe s'effondre ""demain"" en raison des sanctions, a écrit Alexandra Prokopenko, ancienne responsable de la banque centrale russe, sur X (anciennement Twitter). ""Car elle est forte et résistante"".",Euronews,"Vladimir Poutine, Guerre Russie / Ukraine, Economie russe, Economie",2024-03-12,CONTROL_International_Womens_Strike_2017_2024,single,True,1,"De, En, La"
https://fr.euronews.com/business/2024/03/12/leffondrement-de-la-production-miniere-en-europe-rend-le-continent-vulnerable,Euronews (FR),Voici pourquoi l'Europe devrait relancer son secteur minier,"La relance du secteur minier européen pourrait réduire la dépendance du continent à l'égard des minéraux rares chinois, ainsi que les risques tels que la volatilité des prix et la perte de compétitivité.

L'Europe ne représente aujourd'hui plus que 3 % de la production minière mondiale, contre 40 % au début du siècle dernier.

La domination croissante de la Chine sur la chaîne de production et d'approvisionnement des batteries et des minéraux rares rend l'Europe, ainsi que d'autres parties du monde, fortement dépendants de la Chine pour ces métaux et minéraux indispensables.

L'invasion de l'Ukraine par la Russie, qui a entraîné une série de sanctions de l'UE contre le pétrole et le gaz russes, a fait prendre conscience aux décideurs politiques de la dépendance énergétique de l'UE à l'égard de Moscou et les a poussés à rechercher des fournisseurs plus diversifiés.

La Commission européenne espère éviter une situation similaire avec le lithium et d'autres minéraux rares, qui sont essentiels à la transition verte, en proposant une nouvelle législation sur les matières premières critiques.

""Le lithium et les minéraux rares seront bientôt plus importants que le pétrole et le gaz. Rien que pour les minéraux rares, notre demande sera multipliée par cinq d'ici 2030"", a déclaré la présidente de la Commission européenne, Ursula von der Leyen, lors de son discours sur l'état de l'Union en 2022.

""Nous devons éviter de redevenir dépendants, comme nous l'avons été avec le pétrole et le gaz"", ajoute-t-elle.

La législation vise 30 matières premières que l'Union a classées comme critiques en raison de leur risque d'approvisionnement et de leur importance économique.

Pourquoi le secteur minier européen a-t-il décliné au fil des ans ?

Le secteur minier européen s'est effondré au cours des dernières décennies, principalement en raison de la diminution de l'exploitation du charbon lorsque le continent a commencé à s'orienter vers des sources d'énergie plus durables.

Depuis 2012, la production d'électricité à partir de charbon dans l'UE a chuté d'environ un tiers, ce qui a entraîné la fermeture de plusieurs centrales électriques et mines de charbon devenues inutiles.

La pandémie de COVID-19 et la guerre en Ukraine ont également entraîné une diminution de la production de métaux à forte intensité énergétique, tels que l'aluminium et l'acier, ainsi que de l'extraction de bauxite et de la production d'alumine.

Selon l'International Aluminium Institute, l'Europe, Russie comprise, a produit environ 6,50 millions de tonnes d'alumine en 2023, soit une baisse de 20,92 % par rapport aux 8,22 millions de tonnes de 2022.

En outre, l'Europe connaît un retard considérable en matière de licences et d'approbations minières : il faut parfois plus de dix ans pour obtenir un permis d'exploitation minière, ce qui décourage certaines sociétés minières. C'est encore plus compliqué depuis que l'Europe a décidé, ces dernières années, de maintenir ses objectifs ""net zéro"" pour 2030 : il devient de plus en plus difficile pour les entreprises d'obtenir l'approbation de nouvelles mines ou le maintien du soutien aux mines existantes.

En outre, l'Europe dispose de lois très strictes en matière d'environnement et de conservation et les populations locales s'opposent souvent à l'ouverture de nouvelles mines ou à l'expansion de celles qui existent déjà.

""Surtout à la lumière de la crise climatique et de l'ampleur de la perte de biodiversité, la priorité ne peut pas être simplement : plus d'exploitation minière, plus d'exploitation minière"", avance à Politico Michael Reckordt, chef de section pour les matières premières à l'ONG PowerShift.

Comment l'Europe peut-elle stimuler l'exploitation minière ?

La législation sur les matières premières critiques de l'UE vise à réduire considérablement les formalités administratives et à encourager l'innovation et l'exploration de matériaux alternatifs.

En fixant des objectifs ambitieux en matière de recyclage et de limitation des déchets, l'UE espère ainsi réduire la demande de nouvelles mines.

L'année dernière, l'Union a financé un projet nommé Susmagpro destiné à développer le recyclage des aimants en métaux rares utilisés dans les éoliennes, l'électronique et les moteurs des voitures électriques.

La Commission européenne a déclaré que l'objectif du projet était ""de développer une chaîne d'approvisionnement pour le recyclage des aimants en métaux rares dans l'UE et de faire la démonstration de ces nouveaux matériaux dans plusieurs secteurs d'application"".

En ce qui concerne l'impact des projets miniers sur l'environnement, Julia Klinger, professeur adjoint de géographie à l'université du Delaware, avance dans Politico : ""Je pense que nous devons nous pencher beaucoup plus franchement sur les impacts à long terme"".

""Si nous ne prenons pas les précautions nécessaires dès le départ, l'espoir que l'Europe devienne un continent neutre sur le plan climatique est en quelque sorte condamné d'emblée"", ajoute-t-elle.

Toutefois, pour atteindre ses objectifs en matière de climat et réduire sa dépendance à l'égard d'autres pays comme la Chine, l'Europe pourrait avoir besoin d'intensifier son activité minière pour exploiter ses propres réserves de minerais rares.

Les dangers de la dépendance à l'égard de l'approvisionnement en métaux et minéraux étrangers

En 1987, le dirigeant chinois Deng Xiaoping déclarait : ""Le Moyen-Orient a du pétrole, la Chine a des métaux rares"".

En effet, la Chine est actuellement le leader mondial de la production de minerais rares, représentant environ 60 % de la production mondiale.

""À l'heure actuelle, si nous produisons des minerais rares dans l'UE, ils doivent de toute façon passer par la Chine (ou au moins par l'Asie) pour être transformés en aimant"", explique Stéphane Bourg, directeur du Service géologique français, cité par Investigate Europe.

""Il n'existe actuellement aucune usine dans l'UE qui transforme l'oxyde de terre rare en métal de terre rare, même si de tels projets sont en cours"", ajoute-t-il.

Cette dépendance accrue de l'Europe à l'égard de la Chine pour les minerais essentiels expose le continent à des risques importants tels que la volatilité des prix, les blocages d'approvisionnement et la perte de compétitivité.

En outre, la Chine peut utiliser sa position dominante dans la chaîne d'approvisionnement des minéraux rares comme moyen de pression géopolitique. C'est ce qui s'est passé en 2010, lorsque la Chine a interrompu l'exportation de minéraux rares vers le Japon pendant environ deux mois en raison d'un désaccord sur la pêche.

Les tensions entre l'UE et la Chine se sont lentement accrues au cours des derniers mois, en raison du soutien continu de la Chine à la Russie dans sa guerre contre l'Ukraine, ainsi que de son agression envers Taïwan.

Si la situation se détériore, il pourrait être plus difficile pour l'Europe d'accéder aux métaux indispensables en provenance de Chine. C'est donc le moment ou jamais de relancer le débat sur la production européenne de métaux rares.",Indrabati Lahiri,"Marché des métaux, UE-Chine, Industries minières",2024-03-12,CONTROL_International_Womens_Strike_2017_2024,single,True,1,"De, En, La"
https://fr.euronews.com/my-europe/2024/03/12/la-commission-recommande-louverture-de-negociations-dadhesion-avec-la-bosnie-herzegovine,Euronews (FR),La Commission européenne défend la candidature d'adhésion de Sarajevo,"La Commission européenne recommande aujourd'hui aux Etats membres d'ouvrir les négociations d'adhésion avec Sarajevo.

C’est par la voix de sa présidente que la Commission a annoncé recommander l’ouverture des négociations d’adhésion avec la Bosnie-Herzégovine.

""Depuis que nous lui avons accordé le statut de candidat, la Bosnie-Herzégovine a accompli des progrès impressionnants. En un peu plus d'un an, elle a accompli plus de progrès qu'en plus de dix ans"", a précisé Ursula von der Leyen mardi devant le Parlement européen à Strasbourg.

""Bien sûr, des progrès supplémentaires sont nécessaires pour rejoindre notre Union. Mais le pays montre qu'il peut satisfaire aux critères d'adhésion et répondre à l'aspiration de ses citoyens à faire partie de notre famille"", ajoute la responsable allemande.

""L'avenir de la Bosnie-Herzégovine réside dans notre Union"".

La recommandation de la Commission devra être approuvée par les 27 dirigeants de l'UE, qui devraient se prononcer la semaine prochaine à Bruxelles lors d'un sommet.

La Bosnie-Herzégovine a obtenu le statut de candidat en décembre 2022. Elle fait partie des cinq pays des Balkans occidentaux reconnus comme candidats officiels à l'adhésion à l'UE. Jusqu'à aujourd'hui, elle était le seul Etat de la région à ne pas avoir encore entamé de pourparlers formels.

Des divisions ethniques profondes et des retards dans les réformes constitutionnelles, judiciaires et électorales ont empêché le pays de rattraper ses voisins sur la voie de l'UE.

Dans son évaluation annuelle publiée en octobre dernier, la Commission a souligné qu'il était nécessaire de poursuivre les réformes constitutionnelles et électorales et de mieux s'aligner sur la politique étrangère de l'UE avant que la candidature de la Bosnie ne puisse être avancée.

L’institution est particulièrement préoccupée par la manière dont la Republika Srpska, l'une des deux entités territoriales du pays composée principalement de Serbes, a défendu la neutralité face à l'invasion de l'Ukraine par la Russie.

Le président de la Republika Srpska, Milorad Dodik, a rencontré le mois dernier le président russe Vladimir Poutine pour la quatrième fois depuis le début de la guerre.

Malgré cela, Ursula von der Leyen assure que ""la Bosnie-Herzégovine est désormais pleinement alignée sur notre politique étrangère et de sécurité, ce qui est crucial en ces temps de troubles géopolitiques"".

De nombreux pays de l'UE, qualifiés d'""amis de la Bosnie"" : l'Autriche, la Croatie, l'Italie, la Hongrie et la Slovénie, demandent que le processus d'adhésion de Sarajevo progresse au même rythme que celui de l'Ukraine.

L'invasion menée par la Russie a relancé le processus d’élargissement de l'UE. L'intégration des Balkans occidentaux est considérée par beaucoup comme cruciale pour renforcer la pertinence géopolitique de l'Union.

Pour le ministre autrichien des Affaires étrangère,s Alexander Schallenberg, cette annonce est un ""signal fort"".

Si les dirigeants européens approuvent la recommandation de la Commission, la Bosnie-Herzégovine pourra passer à la phase suivante des pourparlers.

Mais ces discussions ne seront que le début d'un long et difficile processus de négociation qui peut prendre des années avant qu'un pays ne devienne un membre à part entière.

La Commission devrait également présenter cette semaine un projet de cadre de négociation pour l'adhésion de l'Ukraine et de la Moldavie qui devra également être approuvé par les dirigeants de l'UE.",Mared Gwyn Jones,"Elargissement de l'Union européenne, Commission européenne, Bosnie-Herzégovine",2024-03-12,CONTROL_International_Womens_Strike_2017_2024,single,True,1,"De, En, La"
https://fr.euronews.com/my-europe/2024/03/12/les-eurodeputes-sappretent-a-poursuivre-la-commission-europeenne-pour-le-deblocage-de-102-,Euronews (FR),Les eurodéputés s'apprêtent à poursuivre la Commission sur la Hongrie,"Le Parlement européen a avancé dans son projet d'intenter une action en justice contre la Commission européenne et le déblocage de 10,2 milliards d'euros de fonds de cohésion pour la Hongrie en lien avec l'Etat de droit.

Le bras de fer entre le Parlement européen et la Commission européenne sur le cas hongrois devrait connaître une nouvelle étape.

L’annonce finale est attendue dans les prochains jours après le vote positif lundi soir de la commission des Affaires juridiques du Parlement européen. L'action en justice nécessite l'approbation de la présidente de l'hémicycle, Roberta Metsola, et doit être soumise à la Cour européenne de justice au plus tard le 25 mars.

Les eurodéputés dénoncent la décision prise par la Commission européenne en décembre de débloquer 10,2 milliards d'euros de fonds de cohésion pour la Hongrie, bloqués jusque-là pour les atteintes portées par le gouvernement hongrois contre l'État de droit.

La Commission estime que le déblocage est justifié car Budapest a adopté en mai dernier une réforme qui doit renforcer l'indépendance judiciaire et atténuer l'ingérence politique dans les tribunaux, conformément aux quatre ""super jalons"" que l’institution avait imposées.

Les eurodéputés contestent cette justification. Ils estiment que la réforme n'est pas à la hauteur de la tâche. Ils regrettent aussi que l'argent ait été débloqué la veille d’un sommet crucial des dirigeants de l'UE au cours duquel le Premier ministre hongrois Viktor Orbán avait menacé de mettre son veto à des accords clés avec l'Ukraine.

Dans une résolution approuvée en janvier, les eurodéputés ont évoqué la perspective d'une action en justice et ont souligné que ""l'UE ne peut en aucun cas céder au chantage et échanger les intérêts stratégiques de l'UE et de ses alliés en renonçant à ses valeurs"".

""La Hongrie ne respecte pas les normes d'indépendance judiciaire établies dans les traités de l'UE car les mesures adoptées ne fournissent pas de garanties suffisantes contre l'influence politique et peuvent être contournées ou appliquées de manière inadéquate"", ont-ils écrit.

Quelques jours plus tard, les parlementaires ont reproché aux commissaires Didier Reynders (Justice), Nicolas Schmit (Emploi) et Johannes Hahn (Budget) d'avoir conclu ce qu'ils appellent un ""accord politique"" avec Viktor Orbán pour garantir la levée de son veto en échange des 10,2 milliards d'euros.

Les trois commissaires sont restés fermes et ont insisté sur le fait que la Hongrie avait fourni suffisamment de preuves pour démontrer qu'elle respectait les quatre ""super jalons"", qui comprenaient des mesures visant à renforcer le Conseil national de la magistrature, un conseil de surveillance autonome, et à lutter contre l'ingérence politique au sein de la Cour suprême.

""La Commission était légalement tenue de prendre une décision"", a souligné Didier Reynders.

À ce jour, la Commission retient toujours près de 12 milliards d'euros sur la part des fonds de cohésion allouée à la Hongrie et sur la majeure partie de son plan de relance et de résilience post pandémie de Covid-19 de 10,4 milliards d'euros, un blocage dénoncé à maintes reprises par le Premier ministre hongrois qui parle de ""chantage financier"".

Chaque enveloppe est soumise à différentes conditions qui nécessitent des changements législatifs dans des domaines tels que les droits LGBTQ+, la politique d'asile, les marchés publics et la lutte contre la corruption.

Dans leur résolution de janvier, les eurodéputés soulignent que les fonds qui restent bloqués ""doivent être traités comme un paquet unique et intégral, et qu'aucun paiement ne devrait être effectué même si des progrès sont réalisés dans un ou plusieurs domaines mais que des lacunes persistent dans un autre"".

La présidente du groupe Renew Europe, Valérie Hayer, appelle la Commission à maintenir une ""transparence totale"" et à fournir au Parlement toutes les informations concernant le déblocage de fonds supplémentaires.

""Il est très important que nous examinions les aspects juridiques des décisions prises par la Commission"", insiste-t-elle.

Ce n'est pas la première fois que le Parlement saisit la justice européenne pour forcer la main de la Commission. L'hémicycle avait intenté en octobre 2021 une action contre l'exécutif pour sa ""non-application"" d'un nouveau mécanisme qui liait les paiements des fonds de l'UE au respect des droits fondamentaux.",Jorge Liboreiro,"Commission européenne, Budget de l'UE, Hongrie, Ursula von der Leyen, Viktor Orbán",2024-03-12,CONTROL_International_Womens_Strike_2017_2024,single,True,1,"De, En, La"
https://fr.euronews.com/next/2024/03/12/la-comete-la-plus-brillante-connue-a-ce-jour-va-passera-devant-la-terre-pour-la-premiere-f,Euronews (FR),"Comment voir ""la comète du Diable"", qui passera bientôt","La comète 12P/Pons-Brooks ne sera pas visible à l'œil nu, mais les experts estiment qu'elle peut être observée à l'aide d'une paire de jumelles ou d'un télescope.

Pour la première fois depuis 71 ans, nous pourrions bientôt voir l'une des comètes les plus brillantes que l'on connaisse.

Selon les experts, la comète 12P/Pons-Brooks s'approche actuellement de la Terre. Pour la plupart d'entre nous, ce sera le seul et unique moment de notre vie où nous aurons l'occasion de la voir.

Selon les astrophysiciens, la comète devrait atteindre son point le plus proche du Soleil, son périhélie, le 21 avril, et sera la plus proche de la Terre le 2 juin.

Le projet de télescope virtuel, un service en ligne fourni par l'observatoire astronomique Bellatrix, en Italie, a publié des images de la comète prises dans la ville toscane de Manciano, qui bénéficie d'un des ciels les plus sombres de la péninsule italienne.

""En ce moment, une très belle comète traverse le ciel nocturne. Il s'agit de la comète 12P/Pons-Brooks"", a déclaré Gianluca Masi, directeur du projet de télescope virtuel.

""Cette comète est qualifiée de ""périodique"". Cela veut dire tout simplement qu'elle se déplace sur une orbite autour du Soleil, l'amenant périodiquement dans le système solaire interne pour rendre visite au roi, le Soleil. C'est la comète. À chaque période, et, dans ce cas, tous les 71 ans, elle revient à son périhélie"", a ajouté M. Masi.

Comment la voir ?

La comète ne sera pas visible à l'œil nu, mais selon les experts, si le ciel est suffisamment dégagé et sombre, et si les conditions météorologiques sont favorables, elle pourra être observée à l'aide de jumelles ou d'un télescope dans l'hémisphère nord d'ici la fin du mois.

Au fur et à mesure mesure qu'elle se rapprochera de son périhélie - le point le plus proche de son orbite par rapport au Soleil - elle commencera à disparaître.

En juin, seuls les habitants de l'hémisphère sud pourront la voir.

La prochaine occasion de voir 12P/Pons-Brooks se présentera autour de l'été 2095.

La comète 12P/Pons-Brooks a régulièrement montré d'énormes accès de luminosité. Ce phénomène, souvent appelé ""outbursts"", excite particulièrement les observateurs, selon Masi.

Avec une période orbitale d'environ 71 ans, c'est l'une des comètes périodiques les plus brillantes connues à ce jour.

Selon M. Masi, la comète Hale-Bopp, l'une des comètes les plus brillantes de l'histoire à passer devant la Terre, est la plus remarquable que le projet de télescope virtuel ait capturée.

Passant son périhélie en avril 1997, la comète a dominé le ciel du soir et a été visible à l'œil nu pendant une période record de 18 mois.

""Cette comète de 1997 [Hale-Bopp] était honnêtement la reine des comètes à mes yeux. Même si d'autres comètes - beaucoup plus brillantes - ont été visibles plus récemment, la comète Hale-Bopp a remporté la palme parce qu'elle a été visible pendant des mois à l'œil nu"", a ajouté M. Masi.

Pour en savoir plus sur cette histoire, regardez la vidéo dans le lecteur média ci-dessus.",Roselyne Min,"Astrophysique, Espace, Astronomie",2024-03-12,CONTROL_International_Womens_Strike_2017_2024,single,True,1,"De, En, La"
https://fr.euronews.com/culture/2024/03/12/une-etude-revele-quun-jeune-francais-sur-cinq-ne-sait-pas-reconnaitre-une-courgette,Euronews (FR),Les jeunes français ne savent pas reconnaître certains légumes,"Selon une nouvelle étude, un jeune sur cinq (âgé de 15 à 24 ans) est incapable d'identifier une courgette sur une photo, 18 % la prenant pour un concombre et 2 % pour une aubergine. Le rapport suggère également qu'un nombre important de jeunes n'ont pas une alimentation saine et équilibrée.

Le gouvernement français serait en train d'examiner des projets visant à renforcer l'enseignement de l'économie domestique après une nouvelle étude selon laquelle un jeune sur cinq ne parvient pas à identifier les légumes courants.

Une étude réalisée par Harris Interactive et intitulée ""Les Français et l'alimentation quotidienne"" met en évidence les disparités de comportement alimentaire entre les différentes tranches d'âge de la population française.

Les 15-24 ans, soit 20 % des personnes interrogées, ne savent pas faire la différence entre une courgette et un concombre. Face à l'image d'une courgette, 18 % des jeunes pensent reconnaître un concombre et 2 % une aubergine.

Chez les personnes âgées de plus de 24 ans, également interrogées sur la base des mêmes images, les résultats ne sont guère plus prometteurs : 11 % ne reconnaissent pas les courgettes et 10 % les confondent avec les concombres.

L'éducation alimentaire est ""un enjeu majeur de santé publique""

Pour les autres aliments, le pourcentage de personnes incapables de reconnaître un fruit et un légume diminue légèrement : le pamplemousse est confondu avec l'orange sanguine par 16 % des Français. Une proportion plus faible chez les jeunes de moins de 25 ans cette fois, qui sont 12% à commettre la même erreur.

Le chou-fleur a également été soumis au même test, et seulement 4 % des sondés parmi les 15-24 ans n'ont pas réussi à l'identifier, contre à peine 1 % pour l'ensemble de la population.

Suite à ces résultats, la ministre déléguée Olivia Grégoire a déclaré que le gouvernement souhaitait promouvoir une éducation alimentaire plus solide, précisant que l'éducation alimentaire est à la fois ""un enjeu majeur de santé publique"" et ""un enjeu de pouvoir d'achat"".

Le gouvernement souhaite inciter les jeunes générations à mieux manger, à cuisiner et à consommer des produits frais. 83 % des jeunes sont d'accord pour qu'il y ait une meilleure information et éducation sur les produits alimentaires à l'école.

L'étude montre que la consommation de fruits et légumes frais est moins fréquente chez les jeunes, qui se tournent davantage vers les plats transformés (23 % contre 44 %).

En effet, 89 % des 15-24 ans préfèrent les féculents (pâtes, riz, pommes de terre) et 40 % consomment des conserves et des bocaux.

Plus de la moitié des jeunes de 15 à 24 ans, soit 59 %, mangent au moins une fois par semaine dans un établissement de restauration rapide, contre 37 % de l'ensemble de la population.

Par ailleurs, seulement 46 % des personnes interrogées déclarent cuisiner tous les jours ou presque des produits frais comme les courgettes et les concombres.",Euronews,"Restauration rapide, Cuisine, Légumes, Alimentation",2024-03-12,CONTROL_International_Womens_Strike_2017_2024,single,True,1,"De, En, La"
https://fr.euronews.com/green/2024/03/12/comment-les-stations-de-ski-peuvent-sadapter-face-aux-temperatures-record,Euronews (FR),Comment les stations de ski peuvent s'adapter aux températures record?,"La saison s'est avérée difficile dans les stations de ski européennes, après des températures record cet hiver. Une étude de l'UE planche sur des pistes d'adaptation.

La hausse du mercure a de nouveau mis en difficultés de nombreuses stations de ski cet hiver. Pour faire face aux effets du réchauffement climatique, un projet de l'Union européenne étudie actuellement la manière dont les exploitants de remontées mécaniques peuvent s'adapter. À Sankt Corona am Wechsel, en Autriche, la neige est déjà en train de laisser la place aux activités estivales.

""La saison de ski se termine plus tôt que prévu"", explique Karl Morgenbesser, opérateur de remontées mécaniques à Sankt Corona am Wechsel."" C'est pourquoi notre équipe dédiée au damage est déjà sur les pistes pour les dégager, afin qu'on puisse commencer à faire du VTT"".

Les sports d'été peuvent pallier le manque de neige. Les vététistes utilisent les pistes de ski dès le mois de mars, à Sankt Corona am Wechsel. Mais il y a d'autres activités comme la luge d'été et la randonnée. Cette petite station de ski génère aujourd'hui plus d'argent avec les sports d'été qu'avec les sports d'hiver.

Le projet TranStat, cofinancé par l'UE, a établi un réseau de neuf stations d'Autriche, de Slovénie, d'Italie, de France et de Suisse, qui s'essaient à différentes perspectives de mutation.

Mais d'autres éléments que le manque de neige font aussi l'objet d'analyses, comme l'impact des résidences secondaires, qui ont fait flamber les prix de l'immobilier. Dans les deux ans à venir, TranStat compte publier un guide pour s'orienter vers des destinations de sports d'hiver plus durables.",Euronews,"Chutes de neige, Cyclisme, Sports d'hiver, Changement climatique",2024-03-12,CONTROL_International_Womens_Strike_2017_2024,single,True,1,"De, En, La"
https://fr.euronews.com/green/2024/03/12/les-dirigeants-europeens-sont-ils-depasses-par-le-changement-climatique,Euronews (FR),"Les dirigeants européens ""dépassés"" par le changement climatique ?","Si les gouvernements et les dirigeants de l'UE n'agissent pas d'urgence contre le changement climatique, les conséquences risquent de devenir ""catastrophiques"" dans les années à venir, prévient l'Agence européenne pour l'environnement.

Alors que les températures augmentent deux fois plus vite que la moyenne mondiale en Europe, l'incapacité des décideurs politiques à suivre le rythme des phénomènes météorologiques extrêmes pourrait bientôt avoir des conséquences ""catastrophiques"", prévient l'Agence européenne pour l'environnement (AEE) dans un nouveau rapport inquiétant, alors que l'exécutif européen s'apprête à dévoiler un plan de résilience au changement climatique.

Dans sa première évaluation détaillée des risques climatiques, publiée aujourd'hui (11 mars), l'agence européenne basée à Copenhague a examiné en détail la fréquence et l'intensité des sécheresses, des vagues de chaleur et d'autres phénomènes météorologiques.

Sa conclusion : il existe une menace concrète et imminente pour la vie humaine, les moyens de subsistance et l'économie au sens large.

""La chaleur extrême, autrefois relativement rare, devient plus fréquente, tandis que les régimes de précipitations changent. Les pluies diluviennes et autres précipitations extrêmes sont de plus en plus violentes, et ces dernières années ont été marquées par des inondations catastrophiques dans diverses régions"", avertit l'AEE dans son rapport.

""C'est le dernier signal d'alarme""

Blaz Kurnik, qui dirige les travaux de l'Agence sur les incidences du changement climatique et l'adaptation à ce phénomène, déclare que le climat évolue désormais très rapidement et que les risques associés pourraient encore augmenter, en particulier dans les scénarios de réchauffement les plus spectaculaires modélisés dans le rapport.

""Le risque va tout simplement plus vite que l'élaboration des politiques"", a-t-il avancé lors d'une réunion d'information précédant la publication du rapport.

Leena Ylä-Mononen, directrice exécutive de l'AEE, rappelle que 2023 était ""de loin"" l'année la plus chaude depuis le début des relevés et probablement durant les 100 000 dernières années.

Le mois dernier, la température moyenne mondiale a dépassé le seuil fixé par l'Accord de Paris, à savoir 1,5 °C au-dessus des niveaux préindustriels.

Le rapport note que des températures mondiales record ont été enregistrées chaque mois depuis juin 2023. ""C'est donc la nouvelle normalité, et cela devrait également être un signal d'alarme - le dernier signal d'alarme"", ajoute Leena Ylä-Mononen.

Le rapport de 425 pages examine l'impact de la hausse des températures moyennes sur l'eau, la production alimentaire, la santé, la demande d'énergie, les écosystèmes marins et côtiers et les zones urbaines. Il identifie les principaux impacts actuels et futurs, depuis les inondations à grande échelle observées dans l'UE ces dernières années jusqu'à la sécheresse prolongée qui touche actuellement l'Espagne.

Quelles sont les recommandations du rapport ?

La publication de ce rapport intervient à la veille de l'annonce prévue par la Commission européenne d'un plan de ""résilience climatique"", destiné à présenter les réponses politiques potentielles à l'effondrement du climat.

Parmi les domaines où une action est nécessaire, l'AEE mentionne le renforcement de la préparation aux catastrophes en cas d'inondations et d'incendies de forêt, ainsi que le renforcement des défenses côtières à mesure que le niveau de la mer monte.

L'AEE identifie les écosystèmes côtiers, marins et les forêts, en particulier dans le sud, comme les zones où une action urgente est nécessaire, la gravité des risques étant déjà critique et susceptible d'augmenter jusqu'à devenir ""catastrophique"" vers la fin du siècle.

L'impact du changement climatique sur les puits de carbone naturels, les changements dans la répartition de la faune et de la flore et les espèces envahissantes doivent également faire l'objet d'une plus grande attention et d'études plus approfondies, d'après le rapport.

""L'Europe du Sud est désormais suffisamment chaude pour que les moustiques transmettent des maladies anciennement tropicales, notamment la dengue et le chikungunya, et plusieurs épidémies se sont produites ces dernières années"", notent les auteurs.

Tous les pans de la société sont affectés

Le rapport souligne que tous les impacts actuels et les risques futurs ont des conséquences économiques directes, notamment sur le marché de l'immobilier et le secteur des assurances. Depuis 1980, les pays de l'UE ont subi des pertes cumulées de 650 milliards d'euros en raison de conditions météorologiques extrêmes, dont seulement un cinquième a été assuré.

Selon Blaz Kurnik, il s'agit probablement d'une sous-estimation. ""Si nous n'intensifions pas notre action en matière d'atténuation et d'adaptation, les pertes pourraient s'élever à 1000 milliards par an à la fin du siècle"", avertit-il.

Leena Ylä-Mononen ajoute que le rapport ne devrait pas réserver de surprises à la Commission, étant donné que l'agence de protection de l'environnement a travaillé en étroite collaboration avec les fonctionnaires de l'UE alors que l'exécutif finalise le plan de résilience climatique dont la publication est prévue pour mardi (12 mars).

La directrice de l'AEE déclare que cette crise doit figurer parmi les principales priorités de la prochaine génération de décideurs politiques de l'UE, qui prendront leurs fonctions après les élections de juin.

""J'espère que nous avons clairement fait comprendre que cette situation exige une attention et une action urgentes, non seulement au niveau européen, mais aussi de la part des États membres et au niveau régional et communautaire"", ajoute-t-elle. ""Les secteurs de l'assurance et de la finance devraient également se pencher sérieusement sur notre rapport"".",Robert Hodgson,"Sécheresse, Santé, Politique de l'UE, Economie",2024-03-12,CONTROL_International_Womens_Strike_2017_2024,single,True,1,"De, En, La"
https://fr.euronews.com/my-europe/2024/03/12/un-navire-daide-humanitaire-pour-gaza-est-parti-de-chypre,Euronews (FR),Guerre Israël-Hamas : le premier bateau d’aide humanitaire vers Gaza est parti de Chypre,"Un navire chargé d’aide humanitaire se prépare à prendre la mer à destination de la bande de Gaza depuis Chypre.

C’est une livraison très attendue, dans une zone en proie à la famine. Le premier bateau empruntant un couloir maritime entre Chypre et la bande de Gaza pour livrer de l’aide humanitaire au territoire palestinien a quitté ce mardi matin le port chypriote de Larnaca.

Le navire de l’ONG espagnole Open Arms, transportant 200 tonnes de vivres, doivent être distribuées à Gaza par l’organisation World Central Kitchen présente dans l'enclave palestinienne.

Cela fait plus de cinq mois que Nikos Christodoulides, le président chypriote, a proposé la création d’un corridor maritime pour apporter de l’aide à Gaza. Si Israël a donné son accord officiellement fin décembre 2023, les Européens ne voyaient pas avancer ce projet, jusqu’aux récentes déclarations de Joe Biden, le 7 mars. Lors de son discours sur l’état de l’Union, le président des Etats-Unis a annoncé la mise en œuvre d’une telle initiative et la création d’une jetée temporaire au large de Gaza pour y acheminer plus rapidement et plus massivement de l’aide.

Alors que l’aide fournie par voies terrestre ou aérienne demeure largement insuffisante dans la bande de Gaza, la présidente de la Commission européenne, Ursula von der Leyen, avait émis vendredi l’espoir d’une ouverture dès dimanche d’un couloir maritime, avec le soutien des Etats-Unis.

Le porte-parole de l’armée israélienne, Daniel Hagari, a indiqué ce samedi soir qu’Israël ""coordonnait la mise en place"" de cette jetée et distribuera ""les livraisons, à travers les organisations internationales"".

Selon l’ONU, 2,2 des 2,4 millions d’habitants du territoire palestinien exigu frappé par d’importantes pénuries d’eau et de nourriture sont menacés de famine, et 1,7 million ont été déplacés par les combats et les frappes israéliennes.",Euronews,"Chypre, famine, Gaza, Aide humanitaire, palestine",2024-03-12,CONTROL_International_Womens_Strike_2017_2024,single,True,0,"In, The, To"
https://fr.euronews.com/2024/03/12/guerre-israel-hamas-les-combats-continuent-entre-israel-et-le-hamas-malgre-le-ramadan,Euronews (FR),Guerre Israël-Hamas : les combats continuent entre Israël et le Hamas malgré le Ramadan,"Les combats continuent entre Israël et le Hamas malgré le début du Ramadan. L'UNRWA affirme que la bande de Gaza est en proie à la famine et réitère ses appels à un ""cessez-le-feu immédiat"".

C'est un mois de ramadan qui s'annonce tendu en Proche-Orient. Malgré les efforts des négociateurs, aucun accord de trève n'a été trouvé entre Isräel et le Hamas, et les combats dans la bande de Gaza continuent.

Désormais, un lieu concentre toute l’attention : l’Esplanade des mosquées ou Mont du Temple pour les juifs, et le troisième lieu saint de l’Islam, la mosquée Al-Aqsa. Le Hamas a appelé deux fois les musulmans palestiniens, la semaine dernière à ""marcher sur Al-Aqsa"". De son côté, la Jordanie prévient que les restrictions imposées par Israël à l’accès des fidèles à l'enceinte pourraient conduire à une ""situation explosive"".

L'agence UNRWA affirme que la bande de Gaza est en proie à la famine et réitère ses appels à un ""cessez-le-feu immédiat"" pendant le mois sacré. Depuis le début du conflit, au moins 31 000 Palestiniens ont été tués et plus 72 600 autres blessés selon le Ministère de la Santé contrôlé par le Hamas.

Côté Israélien, le bilan humain s'élève lui à 1 139 morts, et des dizaines de personnes sont toujours retenues captives dans l'enclave palestinienne.

L'Egypte intensifie ses largages d'aide humanitaire aux Gazaouis. Chaque jour, plusieurs avions de l'armée livrent ainsi des dizaines de milliers de colis remplis de nourriture et de médicaments à la population de l'enclave palestinienne.

Un navire d’aide humanitaire avec 200 tonnes d’eau et de nourriture a quitté Chypre pour la bande Gaza. Le navire affrété par l’ONG espagnole Open Arms a appareillé mardi du port de Larnaca, à Chypre. L’organisation travaille avec une autre association, World Central Kitchen, déjà présente à Gaza, qui doit réceptionner l’aide et la distribuer.

Cela fait plus de cinq mois que Nikos Christodoulides, le président chypriote, a proposé la création d’un corridor maritime pour apporter de l’aide à Gaza. Si Israël a donné son accord officiellement fin décembre 2023, les Européens ne voyaient pas avancer ce projet, jusqu’aux récentes déclarations de Joe Biden, le 7 mars. Lors de son discours sur l’état de l’Union, le président des Etats-Unis a annoncé la mise en œuvre d’une telle initiative et la création d’une jetée temporaire au large de Gaza pour y acheminer plus rapidement et plus massivement de l’aide.

Lundi soir, de nouveaux affrontements ont été enregistrés dans l'est du Liban. Selon des sources de sécurité, il s'agit d'une frappe aérienne israélienne qui visait des bâtiments appartenant au Hezbollah.

""Un avion israélien a pris pour cible un ancien bâtiment du Hezbollah près de l'hôpital Dar al-Amal"", a indiqué l'une de ces sources, ajoutant que l'aviation israélienne avait ""mené un autre raid sur un hangar à l'est de Baalbeck"". Les frappes ont été confirmées par une seconde source de sécurité.

Les échanges de tirs sont quasi-quotidiens entre l'armée israélienne et le Hezbollah, un allié du Hamas palestinien en guerre depuis le 7 octobre contre Israël dans la bande de Gaza.",Euronews,"Ramadan, Bande de Gaza, Attaque sur Gaza",2024-03-12,CONTROL_International_Womens_Strike_2017_2024,single,True,0,"In, The, To"
https://fr.euronews.com/2024/03/12/le-premier-ministre-haitien-annonce-sa-demission,Euronews (FR),Le premier ministre haïtien annonce sa démission ,"Le départ d'Ariel Henry était réclamé par des gangs qui sèment le chaos dans la capitale haïtienne

C'est le chef de l’État du Guyana et président de la Communauté des Caraïbes (Caricom), Mohamed Irfaan Ali, qui a annoncé la démission du premier ministre haïtien à l'issue d'une réunion de crise en Jamaïque.

Mohamed Irfaan Ali s'est dit ""heureux"" de pouvoir annoncer ""un accord de gouvernance transitoire ouvrant la voie à une transition pacifique du pouvoir, à la continuité de la gouvernance, à un plan d’action à court terme en matière de sécurité et à des élections libres et équitables"".

Le conseil de transition devrait inclure des membres de la société civile haïtienne.

Le pays a connu ses dernières élections en 2016 et le premier ministre aurait dû quitter ses fonctions au début du mois de février.",Euronews,"Guerre civile, Politique haïtienne, violences",2024-03-12,CONTROL_International_Womens_Strike_2017_2024,single,True,0,"In, The, To"
https://fr.euronews.com/business/2024/03/12/loud-budgeting-la-tendance-tiktok-qui-pourrait-sauver-vos-finances-cette-annee,Euronews (FR),La tendance TikTok qui pourrait sauver vos finances cette année,"La ""budgétisation à haute voix"" pourrait aider les épargnants à respecter leurs objectifs financiers, tout en renforçant l'inclusion financière et en réduisant les tabous autour de l'argent.

La ""budgétisation à haute voix"" (loud budgeting) est la dernière mode sur TikTok qui pourrait vous permettre de reprendre le contrôle de vos finances.

Inventée par l'humoriste et écrivain Lukas Battle, la budgétisation bruyante a pris d'assaut TikTok et d'autres réseaux sociaux au début de l'année. Il s'agit d'exprimer ouvertement et clairement que l'on a de l'argent, mais que l'on ne veut pas le dépenser.

Cela permet non seulement d'atténuer les tabous liés à la discussion sur les finances, mais aussi de se fixer des objectifs et des limites fermes.

""Être authentique et avoir des limites sur la manière dont nous dépensons notre argent, ainsi qu'être capable de communiquer ce message au monde qui nous entoure, nous permettra d'économiser plus d'argent et de rembourser plus de dettes"", considère Alaina Fingal, propriétaire du site web de budgétisation The Organised Money, comme l'a rapporté CNET Money.

Toutefois, il ne s'agit pas de ne plus sortir du tout ou de rejeter toutes les invitations sociales. Il s'agit plutôt de donner la priorité à celles que vous voulez vraiment accepter, plutôt qu'à celles auxquelles vous vous sentez contraint par vos proches.

""Il y a beaucoup de pression pour dépenser, surtout quand on voit tant de produits dont on fait la publicité tout le temps, ou des styles de vie qui ne sont pas très accessibles"", explique Lukas Battle à CNBC.

""Envoyons un message aux entreprises sur le niveau de l'inflation nationale. Prenons position. Ce n'est pas ""je n'ai pas assez"", c'est ""je ne veux pas dépenser"""".

Pourquoi devriez-vous essayer la budgétisation à haute voix ?

La ""budgétisation à haute voix"" met l'accent sur le partage des objectifs financiers, ouvertement et sans hésitation, avec les personnes qui vous entourent.

D'une certaine manière, elle permet également de s'affranchir des attentes de la société en matière de finances et de mode de vie et de donner la priorité à vos propres objectifs et besoins, qu'il s'agisse d'achats personnels ou de paiements plus importants comme les prêts hypothécaires.

Ce faisant, elle encourage également un sentiment de communauté financière et d'inclusion, en partageant et en reconnaissant que la majorité des gens ont des dettes, luttent contre le coût de la vie ou préfèrent s'en tenir à un budget limité pour toute une série de raisons.

Sur TikTok, des influenceurs tels que Jenny Park (@mohaewithjennypark) et Shanna Miller (@shannatravels) partagent leurs conseils en matière de budget, qui incluent l'optimisation de l'épargne-retraite et le choix de destinations de voyage moins onéreuses.

Comment les réseaux sociaux peuvent-ils nuire à vos finances ?

Lors d'une étude menée par la société de finances personnelles SoFi, 74 % des personnes interrogées ont révélé avoir acheté quelque chose qu'elles avaient vu sur Instagram, TikTok ou Facebook en 2022. Ce chiffre était de 40 % en 2017.

En outre, 56 % des personnes ont admis que plus de la moitié de leurs achats en ligne étaient impulsifs, les milléniaux constituant le groupe le plus impulsif en matière d'achats en ligne.

En revanche, 12 % des répondants de la génération Z ont déclaré qu'ils n'achetaient jamais quelque chose impulsivement en ligne, contre 10 % des baby-boomers.

L'influence des réseaux sociaux peut également aller jusqu'à dicter le type de mobilier, de décoration intérieure, de vacances ou de vêtements que les abonnés désirent.",Indrabati Lahiri,"Finance, TikTok, Média Sociaux",2024-03-12,CONTROL_International_Womens_Strike_2017_2024,single,True,1,"De, En, La"
https://fr.euronews.com/next/2024/03/12/un-nouvel-engin-autonome-porte-les-espoirs-de-la-recherche-hypersonique,Euronews (FR),Le vol d'essai d'un engin autonome annonce l'ère hypersonique,"Porté en altitude par l'énorme avion porteur Roc à six moteurs, l'engin d'essai Talon de Stratolaunch a atteint une vitesse de Mach 5, soit cinq fois la vitesse du son.

La société aérospatiale américaine Stratolaunch a réalisé avec succès le premier vol d'essai motorisé d'un nouvel engin sans pilote destiné à la recherche hypersonique.

Le terme ""hypersonique"" désigne des vols à une vitesse d'au moins Mach 5, soit cinq fois la vitesse du son.

Zachary Krevor, président-directeur général, déclare dans un communiqué que le véhicule Talon-A-1 ""a atteint des vitesses supersoniques élevées proches de Mach 5 et a recueilli beaucoup de données de grande valeur pour nos clients"".

Zachary Krevor précise qu'il ne peut pas divulguer l'altitude et la vitesse de l'engin en raison d'accords de propriété avec les clients.

L'énorme avion porteur à six moteurs de la société, baptisé Roc, a transporté le Talon en altitude avant de le lâcher au large de la côte centrale de la Californie, aux États-Unis.

Le Talon, propulsé par un moteur-fusée à carburant liquide, a terminé son vol en descendant dans l'océan comme prévu. Bien que ce modèle soit à usage unique, une future version sera capable d'atterrir sur une piste d'atterrissage pour être réutilisée.

Stratolaunch a indiqué que les principaux objectifs du vol comprenaient le largage en toute sécurité du véhicule, l'allumage du moteur, l'accélération, la montée soutenue en altitude et l'amerrissage contrôlé.

Une étape importante dans les essais hypersoniques

La société a qualifié ce résultat d'étape majeure dans le développement de la première capacité d'essai hypersonique réutilisable financée par le secteur privé aux États-Unis.

Stratolaunch a effectué deux vols de transport captif, en décembre et en février, au cours desquels le Talon a été emmené en altitude avec du carburant tout en restant attaché à l'avion de transport.

L'avion Roc, nommé d'après un énorme oiseau mythologique, a une envergure de 117 m et possède deux fuselages. Il a été développé par Paul Allen, cofondateur de Microsoft, qui est décédé quelques mois avant son premier vol en avril 2019.

Stratolaunch est basé au Mojave Air and Space Port, dans le désert de Mojave, au nord de Los Angeles.

Paul Allen avait l'intention de l'utiliser comme avion porteur pour les lancements spatiaux, en transportant des fusées chargées de satellites sous son l'aile et en les libérant à haute altitude.

Ce projet a été annulé et les nouveaux propriétaires ont alors réaffecté Stratolaunch au lancement de véhicules de recherche hypersoniques réutilisables.

Stratolaunch a annoncé avoir passé des contrats de vol avec le laboratoire de recherche de l'armée de l'air américaine et le programme Multiservice Advanced Capability Test Bed de la marine, en tant que sous-traitant de la société technologique Leidos de Reston, en Virginie.",Euronews,"Recherche scientifique, Transport aérien, avion",2024-03-12,CONTROL_International_Womens_Strike_2017_2024,single,True,1,"De, En, La"
https://fr.euronews.com/voyages/2024/03/12/quel-pays-possede-le-meilleur-passeport-pour-les-nomades-numeriques,Euronews (FR),Quel est le meilleur passeport européen pour les nomades numériques ? ,"Le Nomad Passport Index (NPI) se distingue d'autres classements de passeports en utilisant des critères plus larges, tels que la perception globale, la liberté personnelle et le taux d'imposition.

Le nomadisme numérique a récemment gagné en popularité, mais le pays d'origine d'un individu peut encore avoir une incidence considérable sur ses possibilités de voyage.

Grâce au dernier classement annuel de Nomad Capitalist, une société dont l'objectif est de ""maximiser la liberté"", vous pouvez désormais savoir exactement dans quelle mesure vos documents de voyage sont adaptés au nomadisme.

Le Nomad Passport Index (NPI) adopte une approche différente du Henley Passport Index, qui classe les passeports les plus puissants du monde et utilise les données de l'Association internationale du transport aérien.

Le NPI examine quant à lui 199 passeports mondiaux et leurs performances en termes de voyages sans visa, de perception globale et d'imposition des citoyens. Le classement met également l'accent sur la double nationalité et la liberté personnelle.

Qu'est-ce qui fait qu'un passeport est ""bon"" ou ""mauvais"" ?

L'indice de Nomad Capitalist analyse cinq critères, qui ont tous un poids statistique différent.

La capacité à voyager sans visa représente 50 % du score, la fiscalité 20 %.

Viennent ensuite la perception globale, la capacité à détenir une double nationalité et la liberté personnelle - qui englobe la liberté de la presse et le service militaire obligatoire - qui comptent toutes pour 10 % du résultat global.

Nomad Capitalist explique son fonctionnement : ""Alors que la plupart des indices - et la plupart des gens - pensent à un passeport uniquement en termes de privilèges de voyage, Nomad Capitalist reconnaît que les citoyens de différents pays doivent faire face à diverses exigences pour payer des impôts, se conformer aux réglementations, vivre librement et éviter les contrôles lorsqu'ils voyagent"".

Quels sont les meilleurs et les pires passeports du monde selon l'indice ?

C'est une bonne nouvelle pour l'Europe, puisque huit pays du continent se classent parmi les dix premiers.

La Suisse arrive en tête, suivie de près par l'Irlande et le Portugal, qui occupent respectivement les deuxième et troisième places.

Viennent ensuite le Luxembourg et la Finlande, suivis par les Émirats arabes unis, les Pays-Bas, la Norvège, l'Allemagne, et la Nouvelle-Zélande.

Les titulaires de ces passeports peuvent profiter de l'exemption de visa pour se rendre dans la plupart des pays du monde et ont plus de chances d'être acceptés par leur pays d'adoption.

En dehors des dix premiers pays, le NPI indique que la Bulgarie est un pays à surveiller pour les prochains classements.

Ce pays des Balkans a vu son passeport passer de la 42ème à la 32ème place en l'espace de deux ans. Cela s'explique sans doute en grande partie par son entrée dans l'espace Schengen, qui devrait avoir lieu dans le courant du mois.

Les pays européens, à commencer par l'Islande, l'Italie et la Grèce, occupent les positions 11 à 26 de la liste, suivis par Singapour à la 27ème place.

À l'autre extrémité du spectre, les nations les moins bien classées sur les 199 citoyennetés sont à peu près les mêmes que celles de l'indice des passeports de Henley.

L'Afghanistan arrive en dernière position, suivi de près par l'Irak, le Yémen et l'Érythrée.",Saskia O'Donoghue,"Suisse, nomades numériques, nomade, Voyage",2024-03-12,CONTROL_International_Womens_Strike_2017_2024,single,True,1,"De, En, La"
https://fr.euronews.com/2024/03/11/les-elections-au-portugal-laissent-le-pays-dans-lincertitude-quant-a-son-avenir-politique,Euronews (FR),Les élections au Portugal laissent le pays dans l'incertitude quant à son avenir politique,"Les résultats peu probants des élections législatives au Portugal laissent présager des semaines d'incertitude politique et renforcent les partis d'extrême droite en Europe.

La montée en puissance d'un parti populiste lors du scrutin de dimanche a placé la droite dure au cœur de la politique portugaise. La lutte serrée entre les deux principaux partis modérés n'a pas été résolue dans l'attente des résultats décisifs des électeurs à l'étranger. Les résultats officiels devraient être publiés dans les deux semaines à venir.

L'ascension du parti Chega, ou Assez, qui n'a que cinq ans d'existence, a été stupéfiante. Il est passé de 12 sièges sur les 230 que compte le Parlement lors des élections de 2022 à 48 sièges aujourd'hui.

Montée du populisme en Europe

Le leader de Chega, Andre Ventura, a fait cause commune avec d'autres partis d'extrême droite à travers le continent tels que la Ligue Matteo Salvini, vice-premier ministre italien et chef du parti populiste de droite, le rassemblement national de la dirigeante française d'extrême droite Marine Le Pen et le parti d'extrême droite Vox de l'espagnol, Santiago Abascal.

Comme tant de pays l'Union européenne, le Portugal opère une bascule à droite. Alors que les élections du Parlement européen se tiendront du 6 au 9 juin prochain.

Au Portugal, l'Alliance démocratique de centre-droit, dirigée par les sociaux-démocrates, a remporté 79 sièges, tandis que le Parti socialiste de centre-gauche, qui a gouverné ces huit dernières années, en a obtenu 77.Les deux partis alternent au pouvoir depuis des décennies. D'autres sièges ont été attribués à de petits partis.

Quatre sièges doivent encore être distribués. Ils dépendront des votes des Portugais vivant à l'étranger. Traditionnellement, les sociaux-démocrates et les socialistes revendiquent chacun deux de ces sièges.

Mais les temps ont changé. Certains Portugais de l'étranger sont des partisans de l'ancien président américain Donald Trump et de l'ancien président brésilien Jair Bolsonaro, et ils pourraient considérer que Chega marche dans leurs pas.

Après la publication des résultats officiels, le président portugais Marcelo Rebelo de Sousa consultera les partis pour savoir qui est le mieux placé pour former un gouvernement.

La droite modérée refuse une alliance avec Chega

Le leader des sociaux-démocrates, Luis Montenegro, a déclaré qu'il n'accepterait pas une coalition gouvernementale avec M. Chega, dont les propositions politiques sont jugées désagréables par de nombreux Portugais.

Ventura a déclaré qu'il était prêt à abandonner certaines des propositions les plus controversées de son parti - telles que la castration chimique pour certains délinquants sexuels et l'introduction de peines de prison à vie - si cela permettait à son parti de faire partie d'une éventuelle alliance gouvernementale.

Le calcul est clair : si les sociaux-démocrates et Chega s'unissent, les partis de droite disposeront d'environ 135 sièges - et d'une majorité parlementaire - contre environ 90 pour les partis de gauche.

Ce manque de clarté survient alors que ce pays de 10,3 millions d'habitants doit déployer des milliards d'euros (dollars) de fonds d'investissement de l'UE dans le cadre d'un plan de relance économique.

""Plus que le résultat des élections, je m'inquiète de la gouvernabilité, de la capacité à parvenir à un consensus"", a déclaré Luis Marques, un comptable de 49 ans.

Un éditorial du quotidien Publico a déclaré que le résultat des élections était ""u_n coup de poing dans l'estomac""_, mais que le mal était ""auto-infligé"" parce que les partis traditionnels avaient mal compris l'état d'esprit du public.

Une série de récents de scandales de corruption a terni les socialistes et les sociaux-démocrates, et Chega s'est présenté sous la bannière de la lutte contre la corruption.

La frustration du public à l'égard de la politique habituelle était évidente avant le tollé provoqué par la corruption. Les bas salaires et le coût élevé de la vie - aggravé l'année dernière par la hausse de l'inflation et des taux d'intérêt - associés à une crise du logement et aux défaillances du système de santé public ont contribué à ce mécontentement. Chega a proposé un vote de protestation contre tout cela.",Euronews,"Alliance Démocratique, Elections, Parti socialiste, Chega, Elections au Portugal, Portugal",2024-03-11,CONTROL_International_Womens_Strike_2017_2024,single,True,1,"De, En, La"
https://fr.euronews.com/my-europe/2024/03/11/lue-a-trouve-un-accord-pour-mieux-encadrer-les-droits-des-travailleurs-des-plateformes-num,Euronews (FR),L’UE a trouvé un accord pour mieux encadrer les droits des travailleurs des plateformes numériques ,"Après plusieurs semaines de blocage, les 27 Etats membres de l’union européenne sont parvenus à un accord pour encadrer et renforcer le droit des travailleurs de plateformes en ligne telles que Uber, deliverro ou encore Glovo.

Les États membres et les législateurs de l'UE se sont provisoirement mis d'accord aujourd'hui (11 mars) sur de nouvelles règles pour les travailleurs des plateformes, visant à améliorer les conditions de travail et à réglementer l'utilisation d'algorithmes par les plateformes de travail numérique.

Cet accord intervient après que plusieurs États membres ont fait échouer le mois dernier un accord politique conclu plus tôt entre les États membres et le Parlement européen.

Les règles ont été proposées pour la première fois par la Commission en décembre 2021, afin de protéger les travailleurs d'applications telles qu'Uber, Deliveroo et Glovo, qui sont souvent traités comme des travailleurs indépendants alors qu'ils sont soumis à des règles similaires à celles des employés ordinaires.

En vertu de la loi, l'utilisation d'algorithmes pour les travailleurs qui sont utilisés dans la gestion des ressources humaines sera rendue plus transparente, garantissant que les systèmes automatisés sont surveillés par du personnel qualifié et que les travailleurs ont le droit de contester les décisions automatisées.

""Il s'agit du tout premier texte législatif de l'UE visant à réglementer la gestion algorithmique sur le lieu de travail et à établir des normes minimales européennes afin d'améliorer les conditions de travail de millions de travailleurs des plateformes dans l'UE"", a déclaré Pierre-Yves Dermagne, vice-premier ministre et ministre de l'économie et de l'emploi de la Belgique, dans un communiqué.

Le texte adopté établit un équilibre entre le respect des systèmes de travail nationaux et la garantie de normes minimales de protection pour les plus de 28 millions de personnes travaillant sur des plates-formes numériques de travail dans l'UE, a déclaré le Conseil.

Les principaux éléments du compromis tournent autour d'une présomption légale qui aidera à déterminer le bon statut d'emploi des personnes travaillant pour des plateformes numériques.

Un porte-parole d'Uber a déclaré dans un communiqué que le vote d'aujourd'hui signifiait le maintien du statu quo, ""le statut des travailleurs des plateformes continuant à être décidé d'un pays à l'autre et d'un tribunal à l'autre"".

""Uber appelle maintenant les pays de l'UE à introduire des lois nationales qui donnent aux travailleurs des plateformes les protections qu'ils méritent tout en maintenant l'indépendance qu'ils préfèrent.""

Vote en plénière

Le mois dernier, l'Allemagne - qui accueille Delivery Hero et Free Now - a choisi de s'abstenir, tout comme la Grèce et l'Estonie. La France, opposée à la loi, a déclaré qu'elle ne pouvait pas soutenir le texte sur la table.

La France et l'Allemagne se sont également abstenues lors du vote d'aujourd'hui.

Lors des négociations, le Parlement a principalement opté pour une position favorable aux travailleurs, rendant plus difficile le contournement de la présomption légale par les plateformes, renforçant les exigences de transparence sur les algorithmes et augmentant les sanctions en cas de non-respect.

Le fossé entre les deux institutions a enlisé les négociations au cours de l'année écoulée.

Le texte de l'accord doit maintenant être finalisé dans toutes les langues officielles et formellement adopté par les deux institutions. Le Parlement devrait voter lors de sa session plénière d'avril.

Les États membres disposeront alors de deux ans pour transposer les dispositions de la directive dans leur législation nationale.",Cynthia Kroet,"accouchement, Politique de l'UE, UBER",2024-03-11,CONTROL_International_Womens_Strike_2017_2024,single,True,1,"De, En, La"
https://fr.euronews.com/2024/03/11/europe-la-france-et-lespagne-ont-rendu-hommage-aux-victimes-du-terrorisme,Euronews (FR),Europe : la France et l'Espagne ont rendu hommage aux victimes du terrorisme ,"À l'occasion de cette Journée européenne du souvenir des victimes du terrorisme, des commémorations ont eu lieu en Espagne et en France.

Il y’a 20 ans jour pour jour l’Espagne a été frappée par le terrorisme. Ce lundi 11 mars, le pays rend hommage aux 192 victimes de 17 nationalités, tuées dans des attentats à la bombe revendiqués par Al-Qaïda. Vers 7h30 du matin, à l'heure de pointe, dix engins avaient explosé en l'espace de quelques minutes à bord de quatre trains de banlieue dans la gare d'Atocha, à Madrid.

Depuis, le 11 mars est devenue la ""Journée européenne de commémoration des victimes du terrorisme"".

La famille royale espagnole ainsi que le chef du gouvernement Pedro Sánchez ont assisté à la cérémonie présidée par la Commissaire européenne Ylva Johansson, qui a lancé un appel pour lutter contre le terrorisme.

""Aujourd'hui, nous nous souvenons avec des mots, et demain, nous nous souviendrons en agissant, en soutenant les victimes et en luttant contre le terrorisme.""

À l'occasion de cette Journée européenne du souvenir des victimes du terrorisme, la France pays aussi frappé par le terrorisme a choisi la ville d’ Arras pour rendre hommage aux victimes. C’est dans cette ville située dans le nord de la France, qu'un un professeur de Lettres à la Cité Scolaire Gambetta-Carnot, Dominique Bernard, âgé de 57 ans, a été tué par un ancien élève radicalisé, âgé de 20 ans, et fiché S, le 13 octobre 2023.

Le Premier ministre Gabriel Attal a présidé la cérémonie à laquelle des centaines de personnes étaient présentes. La cérémonie s'est achevée au son d'une vibrante Marseillaise.",Euronews,"Union européenne, Attaque terroriste, Madrid",2024-03-11,CONTROL_International_Womens_Strike_2017_2024,single,True,1,"De, En, La"
https://fr.euronews.com/business/2024/03/11/expansion-du-corridor-gazier-meridional-priorite-des-reunions-a-bakou,Euronews (FR),Expansion du Corridor gazier méridional : priorité des réunions à Bakou,"Les réunions ministérielles à Bakou ont notamment porté sur les projets de parcs éoliens dans la mer Caspienne et sur les efforts de réduction des émissions de méthane à l’échelle mondiale.

La dixième réunion ministérielle sur le Corridor gazier méridional et la seconde réunion ministérielle du Conseil consultatif sur l’énergie verte se sont tenues à Bakou, en Azerbaïdjan, le 1er mars. Parmi les priorités à l’ordre du jour figurait l’expansion du corridor, une voie cruciale de diversification de l’approvisionnement en gaz pour l’UE et ses pays voisins.

Le président de l’Azerbaïdjan, Ilham Aliyev, a confié à Euronews : « Nous avons commencé à mettre en place un partenariat entre les pays et entre les entreprises, en convainquant les principales institutions financières internationales de nous apporter leur soutien financier. Aujourd’hui, le gazoduc de 3 500 km de long est une réalité. »

L’Azerbaïdjan est un pays qui dispose d’importantes ressources en pétrole et en gaz naturel. L’année dernière, ses exportations de gaz ont augmenté de 9 pour cent, et ont atteint 22 milliards de mètres cubes. Aujourd’hui, les principaux acheteurs en Europe sont l’Italie, la Grèce, la Roumanie, la Hongrie et la Bulgarie, et la liste devrait encore s’allonger.

« De nombreux nouveaux pays partenaires sont prêts à recevoir des volumes plus importants de gaz naturel, malgré le processus de substitution des combustibles fossiles. Mais cela demande quelques décennies. Nous souhaitons à présent développer une coopération durable. », a déclaré Kadri Simson, commissaire européen à l’énergie.",Euronews,"Développement durable, Gaz, Energies renouvelables, Azerbaïdjan",2024-03-11,CONTROL_International_Womens_Strike_2017_2024,single,True,1,"De, En, La"
https://fr.euronews.com/my-europe/2024/03/11/marie-agnes-strack-zimmermann-est-prete-a-mener-les-liberaux-lors-des-elections-europeenne,Euronews (FR),Marie-Agnes Strack-Zimmermann prête pour les libéraux européens,"La députée allemande Marie-Agnes Strack-Zimmermann, spécialiste des questions de défense, est prête à se lancer dans la course à la tête de la Commission européenne, après avoir été désignée comme candidate principale du parti libéral européen (ADLE) lors du scrutin de juin.

Marie-Agnes Strack-Zimmermann était le seul nom proposé pour diriger la candidature électorale de l'ADLE. La politicienne allemande est membre Parti libéral-démocrate (FDP) dont la formation participe à la coalition gouvernementale à Berlin.

L'ADLE est l'une des trois forces politiques qui composent le groupe centriste Renew Europe où siègent les partis politiques libéraux et pro-européens au Parlement européen.

Marie-Agnes Strack-Zimmermann, experte en matière de défense, s'est fait connaître au niveau national pour ses critiques à l'égard de la guerre menée par la Russie contre l'Ukraine.

Elle préside la commission de la Défense du Bundestag et n'a cessé de faire pression sur le chancelier Olaf Scholz pour qu'il renforce le soutien militaire à Kyiv avec davantage de livraisons de munitions et d'armes à longue portée, notamment des missiles de croisière Taurus.

Sa nomination sera officialisée par un vote des délégués de l'ADLE lors du lancement de la campagne du groupe Renew à Bruxelles le 20 mars. Un porte-parole a précisé à Euronews que sa nomination était pratiquement garantie.

""Le parti ADLE pense que Marie-Agnes a un profil fort et approprié qui est nécessaire pour transmettre notre message libéral dans la campagne européenne pour que l'Europe retrouve un avantage compétitif, pour que nos citoyens retrouvent la confiance dans les institutions européennes et pour faire de l'Europe un endroit sûr pour ses citoyens"", explique le parti dans un communiqué.

Parmi les formations membres du groupe figurent le Parti réformateur de la Première ministre estonienne Kaja Kallas et le Parti populaire pour la liberté et la démocratie du Premier ministre néerlandais sortant Mark Rutte.

Le groupe Renew Europe abrite également deux autres partis politiques, le Parti démocrate européen (PDE) et le parti Renaissance du président français Emmanuel Macron. Chacune de ses trois forces politiques présentera des candidats individuels comme tête de liste avant le vote de juin. Le PDE a déjà désigné Sandro Gozi, actuellement eurodéputé, et Renaissance a choisi Valérie Hayer qui préside le groupe Renew au Parlement européen.

Un porte-parole de Renew a souligné à Euronews que lorsque les trois partis se réuniront à Bruxelles à la fin du mois, il est probable que Marie-Agnes Strack-Zimmermann sera désignée comme le premier choix des trois, susceptible de représenter Renew Europe dans les débats électoraux et de mener le combat dans les meetings électoraux.

Les trois partis présenteront également des manifestes individuels, mais se sont mis d'accord sur ""10 priorités"" communes, qui devraient être dévoilées dans le courant du mois.

Les derniers sondages suggèrent que le groupe Renew pourrait passer de la troisième à la cinquième place lors du vote de juin, perdant ainsi sa position de faiseur de roi au profit des groupes d'extrême droite.

Dans ce contexte, Ursula von der Leyen, la tête de liste du Parti populaire européen (PPE) devrait rencontrer moins de difficulté pour s'assurer un second mandat à la tête de la Commission.

L'Europe de la liberté

Cette confirmation intervient alors que le parti FDP a lancé sa campagne électorale en vue du scrutin européen, qui aura lieu le 9 juin en Allemagne.

Marie-Agnes Strack-Zimmermann a fait de la défense et de l'économie de marché les principes fondamentaux de son programme, s'engageant à réduire la bureaucratie, à accroître les libertés individuelles et à renforcer la sécurité des Européens.

Dans son manifeste, son parti propose de soutenir davantage l'Ukraine afin qu'elle puisse ""gagner la guerre et retrouver son intégrité territoriale"", d'encourager la conclusion d'accords de libre-échange, y compris avec les États-Unis, d'adopter une nouvelle ""loi sur la réduction de la bureaucratie"" dans l'UE et de légaliser le cannabis.

Le chef du FDP, Christian Lindner, actuellement ministre des Finances, a déclaré que la campagne du parti était ""une double déclaration de guerre"" contre ceux qui sont opposés à l'unification européenne et ceux qui veulent faire de l'UE un ""piège à bureaucratie"".

La formation espère que le profil solide que Marie-Agnes Strack-Zimmermann a développé sur la politique de défense dans le contexte de l'agression de la Russie contribuera à renforcer son soutien dans les sondages.

Toutefois, les trois partis de la coalition gouvernementale allemande connaissent des difficultés politiques. Le parti de Marie-Agnes Strack-Zimmermann est confronté à une bataille difficile. Les derniers sondages situent le FDP à 5 % des intentions de vote, son niveau le plus bas depuis les élections fédérales de 2021.

Le FDP a également souvent suscité des remous à Bruxelles pour ses tentatives de dernière minute d'opposer son veto à des lois européennes majeures, notamment l'abandon progressif du moteur à combustion et, plus récemment, de nouvelles règles obligeant les entreprises à vérifier que leurs partenaires commerciaux ne portent pas atteinte à l'environnement et ne commettent pas de violations des droits de l'Homme.",Mared Gwyn Jones,"Parlement européen, Alliance des libéraux et des démocrates pour l'Europe (ALDE), Élections européennes 2024",2024-03-11,CONTROL_International_Womens_Strike_2017_2024,single,True,1,"De, En, La"
https://fr.euronews.com/2024/03/11/la-suede-met-fin-a-deux-siecles-de-non-alignement-et-de-neutralite-en-rejoignant-lotan,Euronews (FR),La Suède met fin à deux siècles de non alignement et de neutralité en rejoignant l'Otan,"La Suède devient le 32ème membre à rejoindre l’alliance Atlantique. Les opposants à cette décision dénoncent le manque de démocratie. Le peuple n’a pas été consulté.

Devenu le 32e membre de l'Otan, ce lundi 11 mars, le drapeau de la Suède a été hissé au siège de l'Alliance à Bruxelles. Stockholm avait décidé de rallier l’Otan après l'invasion à grande échelle de l’Ukraine par la Russie.

Bien que la neutralité militaire fait parti de l’identité du pays, deux tiers des citoyens soutiennent la décision du gouvernement.

Pour Magnus Petersson, professeur de relations internationales à l'université de Stockholm, la Suède jouait un rôle dans l’alliance, le pays était i impliquée dans un partenariat pour la paix après la guerre froide. Mais selon lui cette adhésion prend une autre tournure.

""Nous devons participer pleinement aux opérations de l'OTAN, deuxièmement nous nous assiérons à la table où les décisions sont prises et nous prendrons effectivement des décisions avec les autres alliés. troisièmement, bien sûr, ce qui est le plus important, c'est l'article 5, les garanties de sécurité mutuelle"".

Pour les opposants, cette décision de rejoindre l’Otan est antidémocratique, selon eux le peuple aurait dû être consulté comme cela l’a été pour d’autres décisions. Kajsa Ekis Ekman, est la rédactrice en chef du magazine suédois Parabol.

""Nous avons organisé des référendums sur l'UE (l'adhésion - note de la rédaction), sur l'euro, et nous n'avons rien dit sur l'OTAN, qui est une question beaucoup plus importante. Mais je pense qu'il a fallu une sorte de grande crise comme cette guerre entre la Russie et l’Ukraine pour convaincre cette population, parce que nous aimions la neutralité"".

Mike Winnerstig, de l'Agence suédoise de recherche en matière de défense (FOI) de Stockholm partage le même avis.

""Nous avons eu des élections générales en septembre, la décision d'adhérer à l'OTAN a été prise en mai, et cela signifie que l'opinion populaire n'avait manifestement pas grand-chose à dire sur une décision visant à modifier complètement notre politique de sécurité.""

En rejoignant l’alliance atlantique, la Suède met fin à 200 ans de non alignement et de neutralité militaire.

La ratification de cette accession a été obtenue après de longues négociations avec certains membres de l’Alliance tels que la Turquie et la Hongrie.",Euronews,"Russie, Suède, OTAN",2024-03-11,CONTROL_International_Womens_Strike_2017_2024,single,True,1,"De, En, La"
https://fr.euronews.com/2024/03/11/moscou-falsifie-les-votes-dans-les-regions-ukrainiennes-occupees,Euronews (FR),"Moscou ""falsifie"" les votes dans les régions ukrainiennes occupées","ISW: le Kremlin et les responsables de l'occupation 'vont falsifier' les votes en faveur du président russe Vladimir Poutine et de fabriquer un taux de participation élevé dans le but de légitimer l'occupation de l'Ukraine par la Russie auprès de la communauté internationale.

Les autorités d'occupation mises en place par Moscou ont ouvert le 10 mars le vote anticipé dans les territoires temporairement occupés de l'Ukraine pour l'élection présidentielle russe, qui durera jusqu'au 14 mars.

L'agence de presse du Kremlin, TASS, a rapporté le 10 mars que le vote anticipé a commencé dans la région occupée de Donetsk, mais a noté que le vote anticipé dans les zones proches de la ligne de front est en cours depuis le 25 février.

Le chef de l'administration militaire de la région ukrainienne de Louhansk, Artem Lysohor, a déclaré que 2 600 fonctionnaires de la commission électorale de la soi-disant 'République populaire de Louhansk' ont mené une campagne de porte-à-porte au cours des 20 derniers jours.

Selon le ministère russe de l'intérieur, environ 2,8 millions de résidents des territoires temporairement occupés de l'Ukraine sont désormais détenteurs d'un passeport russe. La Russie subordonne l'accès aux services dans ces régions, y compris les services sociaux et les soins de santé, à l'obtention d'un passeport russe.

Ceux qui refusent deviendront des citoyens étrangers ou des apatrides à partir du 1er juillet 2024. Il existe une possibilité réaliste que les individus soient déportés ou placés en détention après cette date s'ils n'ont pas de passeport russe, dans le cadre de ce que le ministère de la défense britannique appelle ""une politique de russification implacable"".

Institute for the Study of War continue d'estimer que le Kremlin et les responsables de l'occupation installés par la Russie ont l'intention de falsifier les votes en faveur du président russe Vladimir Poutine et de fabriquer un taux de participation élevé dans le but de légitimer l'occupation de l'Ukraine par la Russie auprès de la communauté internationale.",Oleksandra Vakulina,"Donetsk, Vladimir Poutine, Guerre Russie / Ukraine",2024-03-11,CONTROL_International_Womens_Strike_2017_2024,single,True,1,"De, En, La"
https://fr.euronews.com/my-europe/2024/03/11/lotan-est-convaincue-que-les-etats-unis-resteront-un-allie-fidele-apres-lelection-presiden,Euronews (FR),L'OTAN croit en la fidélité des Etats-Unis envers l'Alliance,"Le secrétaire général de l'OTAN, Jens Stoltenberg, est ""convaincu"" que les États-Unis resteront attachés à l'alliance militaire après l'élection présidentielle de novembre, malgré les menaces proférées par le candidat républicain Donald Trump à l'encontre des alliés.

L'OTAN est ""une bonne affaire pour les Etats-Unis"", assure le secrétaire général de l’Alliance dans une interview accordée lundi à Euronews, quelques heures après la cérémonie d’adhésion de la Suède.

""L'OTAN est importante pour l'Europe, mais aussi pour les États-Unis. Ils ont 31 amis et alliés, ce que la Russie ou la Chine n'ont pas du tout"", souligne Jens Stoltenberg, qui doit quitter son poste en octobre.

L’affirmation est une réponse de plus aux propos de Donald Trump. Le favori des républicains pour l’élection présidentielle américaine a déclaré en février lors d'un rassemblement en Caroline du Sud qu'il ""encouragerait"" la Russie à attaquer tout pays de l'OTAN qui ne contribuerait pas à hauteur de 2 % de son PIB aux caisses de l'Alliance.

Ces propos ont suscité de vives critiques en Europe, Jens Stoltenberg lui-même a mis en garde contre une atteinte à la ""crédibilité de la dissuasion de l'OTAN"" et rappelant aux États-Unis qu'une OTAN forte est dans leur intérêt, le pays n'ayant ""jamais mené une guerre seul"".

A Washington certains républicains au Congrès continuent de bloquer un projet d'aide à l'Ukraine, des voix sont ainsi favorables à des négociations de paix plutôt qu'à la poursuite du soutien militaire et financier à Kyiv.

La perspective du retour de Donald Trump à la Maison Blanche est considérée comme un catalyseur des efforts de l'Europe pour renforcer ses propres capacités de défense. La Commission européenne a récemment dévoilé de nouveaux plans pour renforcer son industrie de la défense, et les alliés de l'OTAN prévoient d'atteindre rapidement l'objectif de dépenses de l'alliance, à savoir 2 % du PIB.

""Les critiques ne sont pas principalement dirigées contre l'OTAN, mais contre les alliés de l'OTAN qui n'investissent pas suffisamment dans l'OTAN"", ajoute Jens Stoltenberg en référence aux commentaires du milliardaire américain.

Au moins 18 des 32 pays membres de l'Alliance devraient atteindre l'objectif de dépenses de 2 % cette année, la guerre en Ukraine ayant propulsé la défense et la sécurité au premier rang des priorités européennes.

L'invasion menée par la Russie a également incité la Finlande et la Suède à tourner le dos à leurs positions historiques de neutralité. Les deux pays ont demandé de rejoindre l'OTAN quatre mois seulement après le lancement de l’offensive russe.

L'adhésion de la Suède est devenue possible après la levée du veto de la Hongrie et de la Turquie.

La Suède est pour la première fois protégée par la clause de défense collective de l'OTAN, ce qui signifie qu'une attaque armée contre le pays est considérée comme une attaque contre tous les membres et permet à l'Alliance de lui venir en aide.

""L'adhésion à l'OTAN rend la Suède plus sûre et l'OTAN plus forte"", assure Jens Stoltenberg.

""Nous envoyons également un message très clair à Moscou : la porte de l'OTAN reste ouverte. Ce n'est pas à Moscou ou au président Poutine de fermer cette porte. C'est aux États-Unis et aux pays européens de décider de l'adhésion.""

L'OTAN reste ""vigilante"" à l'égard de la Russie

Interrogé sur l’éventuelle réaction du président russe, Vladimir Poutine, à la poursuite de l'expansion de l'OTAN, le secrétaire général de l’Alliance répond que ""nous devons toujours être vigilants, nous devons toujours prendre au sérieux la menace potentielle que représente la Russie"".

""En même temps, nous ne voyons pas de menace militaire imminente contre la Suède, la Finlande ou tout autre allié de l'OTAN"", poursuit-il.

La politique de défense collective de l'OTAN a permis de garantir la paix pendant 75 ans, rappelle Jens Stoltenberg, ""éliminant toute possibilité de malentendu ou d'erreur d'appréciation à Moscou, quant à notre volonté, notre disponibilité et notre préparation à protéger tous les alliés"".

""Nous ne le faisons pas pour provoquer une guerre, mais pour empêcher une guerre, pour empêcher une attaque contre un allié de l'OTAN"", précise-t-il.

Par le passé, Vladimir Poutine a en partie imputé la guerre en Ukraine à l'expansion orientale de l'OTAN, affirmant que l'Alliance avait promis de ne pas s'étendre après la Guerre froide.

Après l'adhésion de la Finlande en avril 2023, la frontière terrestre de l'Alliance avec la Russie a plus que doublé. Toutefois, la Russie ne partage que 11 % de ses frontières terrestres avec les pays de l'OTAN.

Le secrétaire général de l’Alliance réitère également sa proclamation du droit de Kiyv à frapper ""des cibles militaires russes en dehors de l'Ukraine"" dans le cadre de sa légitime défense.

""L'Ukraine a le droit de se défendre : ce droit est inscrit dans le droit international et dans la charte des Nations unies. Et les alliés de l'OTAN ont le droit d'aider l'Ukraine à faire respecter son droit à l'autodéfense"", assure-t-il.

""Et cela inclut également des frappes contre des cibles militaires russes légitimes en dehors de l'Ukraine. C'est un fait, c'est le droit international"".

La guerre aux portes de l'Europe a revigoré l'alliance militaire, mais l'a également forcée à clarifier ses lignes rouges.

Jens Stoltenberg explique qu'il n'est pas prévu d'envoyer des troupes militaires en Ukraine, et répond ainsi aux propos du président français Emmanuel Macron qui a laissé entendre que cette éventualité n'était pas à exclure.",Maria Psara,"Suède, Défense, OTAN",2024-03-11,CONTROL_International_Womens_Strike_2017_2024,single,True,1,"De, En, La"
https://fr.euronews.com/2024/03/11/le-drapeau-suedois-hisse-au-siege-de-lotan,Euronews (FR),Le drapeau suédois hissé au siège de l'OTAN,"La cérémonie officielle d’adhésion s’est tenue en présence de la princesse Victoria de Suède, du chef de l’OTAN Jens Stoltenberg et du Premier ministre suédois Ulf Kristersson.

La Suède devient officiellement le 32è pays membre de l’OTAN. Et met ainsi fin à plus de 200 ans de neutralité. Le pays scandinave, qui n’a pas connu de conflit depuis 1814, avait fait sa demande d’adhésion en mai 2022, quelques mois après l’invasion de Ukraine par la Russie.

""Sans votre soutien et votre engagement personnel, nous ne serions pas là. Je sais que vous auriez fourni les mêmes efforts pour tout pays candidat à l'adhésion. Mais si votre objectif était de nous faire sentir que nous étions spéciaux à vos yeux, vous avez vraiment réussi. Merci également à tous les alliés de l'OTAN qui ont soutenu notre adhésion et qui ont accueilli la Suède en tant que 32e membre de l'Alliance. Nous sommes humbles, mais aussi fiers"", a déclaré Ulf Kristersson, Premier ministre de la Suède.

L’OTAN demande à ses membres de consacrer au moins 2 % de leur PIB à leur défense. La Suède, qui a doublé ses dépenses militaires en 4 ans, devrait largement les atteindre cette année.

En dehors de son adhésion à l’OTAN, Stockholm a signé en décembre, un accord qui autorise les Etats-Unis à avoir accès à 17 bases militaires sur le sol suédois.",Euronews,"Russie, Suède, Bruxelles, OTAN",2024-03-11,CONTROL_International_Womens_Strike_2017_2024,single,True,1,"De, En, La"
https://fr.euronews.com/my-europe/2024/03/11/lextreme-droite-simplante-dans-le-paysage-politique-portugais,Euronews (FR),L’extrême droite s’implante dans le paysage politique portugais,"La droite représentée par l’Alliance démocratique a remporté dimanche avec une faible marge les élections législatives devant le Parti socialiste. L’extrême droite, Chega, arrive en troisième position.

En l'espace de cinq ans, l'extrême droite s'est imposée dans le paysage politique portugais. Chega a obtenu 18% des suffrages lors des élections législatives de dimanche et devient ainsi la troisième force politique pour une formation que ne comptait jusqu'à maintenant qu'un seul député.

Ricardo Borges de Castro, analyste au European Policy Centre, voit dans ce succès le signe d'un mécontentement des électeurs à l'égard des partis traditionnels et la continuité d'une vague populiste internationale.

""Le Portugal ne fait pas exception à la tendance observée dans certains pays européens, où la droite populiste, radicale et extrême progresse. Je ne sais pas si toutes les personnes qui ont voté pour Chega, 1,1 million, se reconnaissent dans les valeurs de cette famille politique d'extrême droite. Mais c'est certainement un vote de protestation car il y a beaucoup d'insatisfaction dans le pays"", explique-t-il.

Si cette tendance se confirme, le Portugal se prépare à ouvrir un nouveau chapitre de son histoire politique lors des élections européennes de juin. Le pays pourrait contribuer au renforcement de l'extrême droite au Parlement européen.

""Je m'attends à ce que Chega élise des députés européens, ce qui n'est pas le cas aujourd'hui, et devienne une force avec laquelle il faudra compter au Parlement européen. C'est aussi la tendance que nous avons observée ces dernières années au Parlement européen, à savoir un affaiblissement des partis de centre-droit et de gauche et une croissance progressive des extrêmes"", anticipe Ricardo Borges de Castro.

La coalition de droite Alliance démocratique a remporté avec une très faible marge le scrutin dimanche devant le Parti socialiste. Ce changement de majorité à Lisbonne aura un impact au Conseil européen qui rassemble les chefs d'Etat et de gouvernement de l'UE.

""S'il est confirmé que l’Alliance démocratique forme un gouvernement, il n'y aura plus que quatre chefs de gouvernement du Parti socialiste et cela aura évidemment des conséquences sur la politique portugaise dans l'UE"", explique Ricardo Borges de Castro.

Toutefois, la composition du prochain gouvernement portugais s'annonce difficile. La droite promet de ne pas collaborer avec l'extrême droite. Or, l'Alliance démocratique ne dispose pas de majorité et le soutien des libéraux ne sera pas suffisant pour obtenir le nombre de sièges nécessaires.",Isabel Marques da Silva,"Parti de droite, Portugal, Extrême droite, Élections européennes 2024",2024-03-11,CONTROL_International_Womens_Strike_2017_2024,single,True,1,"De, En, La"
https://fr.euronews.com/2024/03/11/le-gouvernement-sud-coreen-durcit-le-ton-face-a-la-demission-massive-des-jeunes-medecins,Euronews (FR),Le gouvernement sud-coréen durcit le ton face aux médecins grévistes,"Il a annoncé ce lundi s’apprêter à suspendre près de 5 000 jeunes médecins ayant cessé leur activité.

Les internes contestent une réforme supposée augmenter le nombre de praticiens, pour faire face au vieillissement de la population

Ils estiment qu'elle nuira à la qualité de l'enseignement, augmentant le nombre d'admis dans les facultés de médecine de 2000 par an.

Le gouvernement menace de les suspendre pour au moins trois mois.

Le ministre sud-coréen de la Santé a déclaré qu'il ferait preuve d'indulgence à l'égard de ceux qui abandonnent la grève avant que les procédures de suspension de leur licence ne soient terminées.

Déjà plus de 90% des 13.000 médecins en exercice du pays se sont joints à la grève pour protester contre le projet de l'exécutif.

Les médecins estiment que la décision a été unilatérale et que l'augmentation devrait être de 350 places pour ne pas affecter la qualité de la formation. Ils demandent aussi un renforcement de la protection juridique des travailleurs de la santé.",Vera Lou Derid,"Médecine, Corée du Sud, Grève",2024-03-11,CONTROL_International_Womens_Strike_2017_2024,single,True,0,"In, The, To"
https://fr.euronews.com/2024/03/11/les-importations-darmes-en-forte-hausse-en-europe,Euronews (FR),Les importations d'armes en forte hausse en Europe,"C’est une conséquence directe de la guerre en Ukraine. Les importations d’armes ont plus que doublé en Europe entre 2019 et 2023. Par ailleurs, la France est désormais le deuxième fournisseur d’armes au monde, devant la Russie.

Un bond de 94 % sur les cinq dernières années, qui s’explique principalement par les craintes d’une attaque de Moscou.

C’est ce qui ressort du nouveau rapport du SIPRI, l'Institut international de recherche sur la paix, basé à Stockholm.

L’Ukraine est ainsi devenu le quatrième importateur mondial d’armes, et le premier sur le continent européen.

Le pays représente désormais à lui seul près de 5 % des importations mondiales d’armes, contre 0,1 % dans la période antérieure à l’invasion russe.

Globalement plus de la moitié des importations d’armes en Europe, soit 55 %, proviennent des Etats-Unis, premier exportateur mondial.

Le pays est suivi par la France, qui devient le deuxième vendeur d’armes au monde. Paris a bien réussi à vendre son avion de combat, le Rafale.

La France a remplacé la Russie, dont les exportations d’armes ont chuté de 53 % entre 2014 et 2023.

D’après le rapport cette course globale aux armements, qui n’a été ralentie ni par la période Covid, ni par la récession mondiale, va se poursuivre.",Euronews,"Guerre, Union européenne, Importation",2024-03-11,CONTROL_International_Womens_Strike_2017_2024,single,True,1,"De, En, La"
https://fr.euronews.com/business/2024/03/11/la-france-detrone-la-russie-et-devient-le-deuxieme-exportateur-darmes-au-monde,Euronews (FR),La France devient le deuxième exportateur mondial d'armes,"L'augmentation des importations d'armes par les pays européens entre 2019 et 2023 est due en grande partie aux transferts massifs d'armes vers l'Ukraine en 2022 et 2023, selon une étude récente.

Les pays européens ont presque doublé leurs importations d'armes entre 2014-2018 et 2019-2023, augmentant leurs achats de 94 % au cours de la période observée, selon une nouvelle étude de l'Institut international de recherche sur la paix de Stockholm (SIPRI).

Une grande partie de cette augmentation est due aux transferts d'armes vers l'Ukraine, qui lutte toujours contre l'invasion russe et qui, entre 2022 et 2023, a reçu 23 % des importations d'armes de la région en 2019-2023.

Deux pays européens - la France et l'Italie - ont également considérablement augmenté leurs exportations au cours de la même période, trouvant des acheteurs en Europe, en Asie et au Moyen-Orient.

Il est peut-être surprenant de constater, compte tenu des conflits en Ukraine et à Gaza, que le volume global des transferts internationaux d'armes a légèrement diminué de 3,3 % entre 2014-2018 et 2019-2023.

À qui l'Europe achète-t-elle des armes ?

Le plus grand importateur en Europe a de loin été l'Ukraine avec 23 % de toutes les importations européennes entre 2019 et 2023. Viennent ensuite le Royaume-Uni (11 % de toutes les importations européennes) et les Pays-Bas (9,0 %).

55 % des importations d'armes par les pays européens entre 2019 et 2023 provenaient des États-Unis, dont les exportations vers l'Europe ont augmenté de 35 % par rapport à la période précédente, 2014-2018.

""De nombreux facteurs poussent les États européens membres de l'OTAN à importer des armes des États-Unis, parmi lesquels la volonté de maintenir les relations transatlantiques et des questions plus techniques, militaires et liées aux coûts"", explique Dan Smith, directeur du SIPRI, dans un communiqué de presse.

""Si les relations transatlantiques changent dans les années à venir, les politiques d'achat d'armes des États européens pourraient également être modifiées"".

L'essor des exportations d'armes de la France

Les États-Unis et la France dominent actuellement les exportations mondiales d'armes, Washington ayant augmenté ses exportations de 17 % entre 2014-2018 et 2019-2023 et Paris de 47 % au cours de la même période.

À eux seuls, les États-Unis sont responsables de 42 % du total des exportations d'armes dans le monde, livrant des armes à 107 États entre 2019 et 2023, soit plus que tous les autres grands exportateurs. La hausse des exportations d'armes françaises, en revanche, est principalement liée à la livraison d'avions de combat à l'Inde, au Qatar et à l'Égypte.

Pour la toute première fois, la France a devancé la Russie dans le classement des plus grands exportateurs d'armes au monde. En effet, alors que les exportations de la France ont augmenté, celles de la Russie ont diminué de moitié (-53 %) au cours de la même période. Alors que la Russie exportait vers 31 États en 2019, ce nombre est tombé à seulement 12 en 2023.

42 % des exportations d'armes de la France sont destinées à des pays d'Asie et d'Océanie, tandis que 34 % sont envoyées à des États du Moyen-Orient.

Le principal destinataire des exportations d'armes françaises est l'Inde, avec près de 30 % de l'ensemble des exportations. Le pays a été le premier importateur d'armes au monde entre 2019 et 2023 - bien que son principal fournisseur reste la Russie, qui a représenté 36 % de l'ensemble de ses importations.

""La France profite de l'opportunité d'une forte demande mondiale pour stimuler son industrie de l'armement par le biais des exportations"", explique Katarina Djokic, chercheuse au SIPRI. ""La France a particulièrement bien réussi à vendre ses avions de combat en dehors de l'Europe"".

En Italie, les exportations d'armes ont augmenté de 86 %, tandis qu'en Corée du Sud, elles ont progressé de 12 %.

En revanche, la Chine a vu ses exportations d'armes diminuer de 5,3 %, l'Allemagne et le Royaume-Uni de 14 %, l'Espagne de 2,2 % et Israël de 25 %.

À qui l'Europe vend-elle des armes ?

Ensemble, les États-Unis et l'Europe occidentale représentent 72 % de toutes les exportations d'armes en 2019-2023, tandis qu'à elle seule, l'Europe a été responsable d'environ un tiers des exportations d'armes mondiales.

Au total, cinq pays européens, figurent parmi les 10 plus grands exportateurs au monde, à savoir la France (2e), l'Allemagne (5e), l'Italie (6e), le Royaume-Uni (7e) et l'Espagne (8e). Les Pays-Bas occupent la 12ème place, suivis par la Suède (13ème), la Pologne (14ème), la Suisse (17e), l'Ukraine (18e), la Norvège (19e), la Belgique (22e) et le Belarus (23e).

Quelque 30 % des transferts internationaux d'armes ont été destinés au Moyen-Orient en 2019-2023, les trois principaux acheteurs de la région étant l'Arabie saoudite, le Qatar et l'Égypte. La majorité des importations d'armes par les États du Moyen-Orient ont été fournies par les États-Unis (52%), suivis par la France (12%), l'Italie (10%) et l'Allemagne (7,1%).

Les plus gros importateurs en 2019-2023 ont été l'Inde, l'Arabie saoudite et le Qatar, suivis par l'Ukraine, qui a reçu d'importants transferts d'armes de plus de 30 pays entre 2022 et 2023.

Les États-Unis et l'Allemagne représentent respectivement 69 % et 30 % des importations d'armes d'Israël.",Euronews,"Armes, exportation, Industrie de l'armement, Importation",2024-03-11,CONTROL_International_Womens_Strike_2017_2024,single,True,1,"De, En, La"
https://fr.euronews.com/culture/2024/03/11/oscars-2024-les-celebrites-les-mieux-et-les-moins-habillees-sur-le-tapis-rouge,Euronews (FR),Oscars 2024 : les célébrités les mieux (et les moins) habillées ,"Des robes époustouflantes d'Emma Stone, Florence Pugh et Da'Vine Joy Randolph à une certaine personne ne portant rien d'autre qu'une enveloppe, les Oscars de cette année ont donné lieu à des looks inoubliables.

Les rideaux se sont enfin refermés sur une nouvelle saison de récompenses cinématographiques.

Lors d'une 96ème édition des Oscars plutôt prévisible, ""Oppenheimer"" a raflé les prix, remportant les Oscars du meilleur film, du meilleur réalisateur, du meilleur acteur et quatre autres prix.

Pourtant, parmi les victoires attendues, une question persiste : qui a le plus illuminé le tapis rouge ?

Voici les célébrités qui, à notre humble avis, ont arboré les looks les plus inoubliables et les plus éblouissants de la soirée.

Emma Stone

La magnifique Emma Stone, qui a reçu le prix de la meilleure actrice principale pour son rôle de Bella Baxter dans ""Pauvres créatures"", a ébloui le public sur le tapis rouge dans une ravissante robe bustier vert menthe.

Cependant, lors de son discours de remerciement, elle a révélé que la fermeture éclair de sa robe avait mal fonctionné, provoquant l'ouverture du corsage dans le dos.

""Oh là là. Ma robe est cassée"", a déclaré l'actrice au public. ""Je pense que c'est arrivé pendant 'I'm Just Ken'. J'en suis presque sûre"".

Ryan Gosling

L'acteur de ""Barbie"" s'est fait remarquer sur le tapis rouge dans un élégant costume noir et argenté et une chemise déboutonnée.

Sur scène, il a fait sensation dans un costume Gucci rose éblouissant lors d'une interprétation épique de ""I'm Just Ken"".

Justine Triet

La réalisatrice et scénariste française, qui a reçu l'Oscar du meilleur scénario original pour le drame juridique ""Anatomie d'une chute"", portait un éblouissant costume rayé Louis Vuitton associé à un top en satin et à d'élégants escarpins noirs.

Da'Vine Joy Randolph

Da'Vine Joy Randolph, qui a reçu le prix de la meilleure actrice dans un second rôle pour sa performance remarquable dans ""The Holdovers"", est arrivée dans une robe à paillettes bleu pâle ornée de manches en tulle.

Colman Domingo

Le candidat au titre de meilleur acteur a foulé le tapis rouge dans un élégant costume noir Louis Vuitton à double boutonnage, rehaussé d'un nœud papillon original et accessoirisé de bijoux éblouissants signés David Yurman.

Zendaya

Zendaya a laissé tout le monde bouche bée avec son éblouissante robe Armani Privé aux motifs métalliques argentés et roses.

La star d'""Euphoria"" et de ""Dune"" a complété son look avec une coiffure chic et une boucle d'oreille en forme de goutte d'eau.

Robert Downey Jr

Robert Downey Jr. a fait vibrer la soirée dans un costume Saint Laurent entièrement noir.

Sandra Huller

La star d'""Anatomie d'une Chute"", qui a été nominée pour le prix de la meilleure actrice, a fait sensation dans une robe Schiaparelli personnalisée complétée par des bijoux Cartier.

L'actrice nous a accordé une interview l'année dernière.

Florence Pugh

Dans un clin d'œil amusant à son personnage féroce de ""Dune : Part Two"", la princesse Irulan, Florence Pugh a honoré les Oscars 2024 d'une robe argentée scintillante, créée sur mesure par l'atelier milanais Del Core.

Eugene Lee Yang

Eugene Lee Yang, qui a prêté sa voix au film d'animation ""Nimona"", nominé aux Oscars, a fait sensation dans une extravagante robe rouge signée Walter Mendez Atelier.

John Krasinski et Emily Blunt

Emily Blunt, candidate au titre de meilleure actrice dans un second rôle, a fait sensation dans une superbe robe de couture Schiaparelli avec une fente audacieuse au niveau des jambes. Et n'oublions pas son mari, John Krasinski, qui l'a parfaitement complétée dans un élégant smoking blanc.

Lupita Nyong'o

Lupita Nyong'o, qui a remporté le prix de la meilleure actrice dans un second rôle pour ""12 Years A Slave"" il y a dix ans, a gratifié la scène des Oscars d'un nouveau style.

La star du film ""Little Monsters"" a sorti le grand jeu, rayonnant d'un charme éthéré dans une robe Giorgio Armani Privé personnalisée. Ce magnifique ensemble comportait un décolleté en V plongeant, des ornements complexes en perles de cristal et des plumes bleu pâle qui ajoutaient une touche de magie à son look.

Omar Rudberg

Omar Rudberg, la star montante vénézuélo-suédoise de la série Netflix ""Young Royals"", s'est inspiré de Timothée Chalamet en adoptant un look torse nu associé à un élégant costume noir et à des chaussures de ville assorties.

Becky G

La chanteuse de ""Mamiii"" a foulé le tapis rouge dans une robe bustier Vera Wang aux épaules découvertes, avec une fente audacieuse au niveau des cuisses.

Pour compléter son ensemble, elle a porté des gants noirs sans doigts et des escarpins noirs assortis.

Ramy Youssef

Ramy Youssef, connu pour son rôle dans ""Poor Things"", a adopté un style contemporain en associant un blazer noir à une robe longue.

Margot Robbie

Margot Robbie, la star de ""Barbie"", qui n'a cessé de faire les gros titres pour son penchant pour le rose sur de nombreux tapis rouges cette saison, a surpris tout le monde en optant cette fois pour une robe noire à bretelles et à paillettes.

John Cena

John Cena, ancien catcheur de la WWE et acteur, est monté sur la scène des Oscars en ne portant rien d'autre qu'une enveloppe de prix.

D'un ton impassible, il a déclaré que ""les costumes sont si importants"" avant d'annoncer que Holly Waddington était la lauréate du prix du meilleur costume pour ""Poor Things"".",Theo Farrant,"Célébrités, Hollywood, Mode",2024-03-11,CONTROL_International_Womens_Strike_2017_2024,single,True,0,"In, The, To"
https://fr.euronews.com/2024/03/11/a-lviv-une-ong-italienne-aide-des-personnes-deplacees-par-linvasion-russe-a-se-reconstruir,Euronews (FR),"À Lviv, une ONG italienne aide des personnes déplacées par l’invasion russe à se reconstruire ","Près de 900 personnes déplacées par l'invasion russe, ont trouvé un nouveau logement dans des installations temporaires.

À Lviv, en Ukraine, près de 900 personnes déplacées par l'invasion russe, ont trouvé un nouveau logement dans des installations temporaires, gérées par la municipalité locale.

Ce programme repose sur le soutien de la congrégation salésienne et l'aide d'une ONG italienne.

Parmi les personnes déplacées, nous rencontrons Anna.

Bien qu’ayant perdu une jambe dans le conflit avec la Russie, elle a réussi à s'échapper de la région de Kharkiv, avec son fils et sa mère. Elle vit ici depuis près d'un an et elle est déterminée à laisser son passé derrière elle.

**""Nous allons de l'avant parce que vivre dans le passé n'a pas de sens. Il faut lutter et aspirer au progrès. Pour l'instant, la seule chose dont nous avons besoin, c'est la paix. Nous ne voulons plus de missiles, se sentir en sécurité nous manque.""**Anna, Ukrainienne déplacée dans son propre pays

Maksym et Valeria, tous deux âgés de 26 ans, ont également été grièvement blessés il y a un an, alors qu'ils fuyaient leur ville natale de Bakhmout, détruite et prise par la Russie.

Le père Andrei supervise l'établissement. Il explique qu'il est crucial d'essayer de reprendre une vie normale.

Cinq millions de personnes déplacées à l'intérieur de l'Ukraine ont transité par la ville de Lviv depuis février 2022.",Vera Lou Derid,"Russie, Guerre Russie / Ukraine, Ukraine",2024-03-11,CONTROL_International_Womens_Strike_2017_2024,single,True,1,"De, En, La"
https://fr.euronews.com/2024/03/11/dans-la-bande-de-gaza-pas-de-treve-pour-le-ramadan,Euronews (FR),"Dans la bande de Gaza, pas de trêve pour le ramadan","Les négociations entre Israël et le Hamas pour obtenir une trêve avant le ramadan ont échoué. Les bombardements se poursuivent dans la bande de Gaza.

À Jérusalem-Est, sur l’esplanade des mosquées, seules quelques personnes étaient présentes dimanche, veille du ramadan. Cette année, ni décoration, ni festivités particulières. Les restrictions d’accès à l’esplanade des mosquées ont tout de même été levées.

Mais les autorités israéliennes, qui sont en état d’alerte, multiplient les contrôles autour de la mosquée al-Aqsa, troisième lieu saint de l’islam.

C’est dans ce climat tendu, que Benny Gantz, ministre du cabinet de guerre israélien, a publié un message d’apaisement dimanche.

""Israël est engagé dans une sérieuse bataille ces jours-ci, qui a commencé avec l'attaque meurtrière des terroristes du Hamas contre tous les citoyens d'Israël, y compris les musulmans. Notre guerre n'est pas contre l'islam, mais contre ceux qui portent atteinte aux valeurs de l'islam. Contre ceux qui commettent des crimes contre l'humanité et qui cherchent à détruire la société israélienne et notre avenir commun"", a-t-il déclaré.

Dans la bande de Gaza, l’armée israélienne poursuit ses opérations. Dimanche, Tsahal a mené plus de 60 raids aériens qui ont fait, selon le Hamas, au moins 85 morts dans le centre et le sud du territoire, notamment à Khan Younès.

Alors que les espoirs d’une trêve pour le ramadan s’éloignent, les habitants, restent dans l’inquiétude d’une offensive à grande échelle dans la ville de Rafah, où se sont réfugiés plus d’un million et demi de Palestiniens ayant fui les combats au nord de l’enclave.

Depuis le 7 octobre, le bilan des victimes dans l’enclave palestinienne est de plus de 31 000 morts, selon le Hamas. L’ONU a mis en garde contre une “famine généralisée, presque inévitable” selon elle.",Euronews,"Ramadan, Islam, Israël, Bande de Gaza, Benny Gantz, palestine",2024-03-11,CONTROL_International_Womens_Strike_2017_2024,single,True,0,"In, The, To"
https://fr.euronews.com/2024/03/11/les-etats-unis-relancent-la-course-a-lespace-en-financant-des-entreprises-privees,Euronews (FR),Les missions sur la Lune vont se multiplier dans les prochaines années,"La mission lunaire réussie par Intuitive Machines le mois dernier a été en partie subventionnée par la NASA - et ce n'est qu'un début.

L'alunissage réussi d'Intuitive Machines le mois dernier sera le premier d'une série de tentatives menées par des entreprises privées aux États-Unis jusqu'à la fin de la décennie.

La mission lunaire a tourné court après cinq jours, en raison d'une perte d'énergie de l'atterrisseur lunaire Odysseus, le soleil s'étant éloigné du dernier panneau solaire situé à l'arrière de l'appareil.

Joel Kearns, administrateur associé adjoint chargé de l'exploration au sein de la direction des missions scientifiques de la NASA, a déclaré lors d'une conférence de presse, quelques jours après le début de la mission : ""On peut considérer cette mission comme un test de vol"".

En effet, le projet Intuitive Machines a été en partie financé par un programme relativement nouveau et peu connu de la NASA, l'initiative Commercial Lunar Payload Services (CLPS). Son objectif : confier pour la première fois la responsabilité et les aspects techniques d'un alunissage à des entreprises privées.

Nicholas Peter, président de l'Université internationale de l'espace (ISU) en France, estime que ce nouveau programme de la NASA marque le début d'une ""nouvelle course à la Lune"" pour les États-Unis, qui tentent de rivaliser avec les récents atterrissages réussis de l'Inde, du Japon et de la Chine.

""Le programme [CLPS] offre davantage de possibilités de développer des missions scientifiques sur la Lune, maintenant que cela n'est plus réservé aux organismes gouvernementaux"", explique Nicholas Peter à Euronews Next.

La nouvelle mission de la NASA

Le 3 mai 2018, la NASA a publié un nouveau communiqué dans lequel elle avance que l'exploration de la surface de la Lune se poursuivrait à l'avenir, mais d'une manière différente.

Dans la foulée, l'agence américaine a annoncé un investissement de 2,6 milliards de dollars (2,4 milliards d'euros) jusqu'en 2028 dans des contrats à durée indéterminée, destiné à un nombre restreint d'entreprises privées, afin d'""accélérer"" le retour américain sur la Lune.

""Nous nous appuierons sur les intérêts et les capacités de l'industrie américaine et de nos partenaires internationaux pour que l'innovation américaine ramène les astronautes sur la Lune et vers des destinations plus lointaines dans le système solaire, y compris Mars"", déclarait Jim Bridenstine, administrateur de la NASA, dans un communiqué de presse publié à l'époque.

L'astronef d'Intuitive Machines est le deuxième à être lancé dans le cadre du programme CLPS.

En janvier, la mission d'Astrobotic Technology, une entreprise basée à Pittsburg, a échoué en raison d'une fuite de propergol qui a empêché l'appareil d'atterrir. D'autres entreprises financées par la NASA, telles que Draper et Firefly Aerospace, travaillent sur les missions à venir.

Plusieurs d'entre elles devraient avoir lieu dans le courant de l'année, parmi lesquelles la mission VIPER d'Astrobotic vers le pôle sud lunaire, une livraison de technologie de Firefly Aerospace vers une plaine basaltique de la Lune, et une autre mission d'Intuitive Machines vers Reiner Gamma, un tourbillon lunaire.

La NASA n'a pas souhaité répondre aux questions d'Euronews Next.

Il ne s'agit plus de planter un drapeau

Chris Boger, directeur des vols spatiaux habités et de l'exploration à Draper, déclare qu'avant le nouveau programme CLPS de la NASA, il était rare qu'une mission spatiale d'une entreprise privée soit soutenue par le gouvernement.

L'agence spatiale confiait plutôt aux entreprises privées la tâche de développer une partie de l'engin spatial. Le premier contrat de Draper avec la NASA remonte à 1959 et concernait le développement du système de navigation pour le célèbre atterrissage d'Apollo.

Récemment, Chris Boger a avancé qu'il y avait eu une nouvelle ""explosion"" de l'intérêt commercial pour le retour sur la Lune. Selon lui, la NASA est donc incitée à financer davantage de missions et, par extension, à créer un espace plus porteur pour les start-ups.

Il existe d'autres raisons de vouloir retourner sur la Lune, selon Nicholas Peter de l'Université internationale de l'espace, parmi lesquelles le stockage de données dans l'espace lointain.

Il s'agit aussi d'établir une nouvelle frontière pour l'extraction des ressources. La Lune possède de l'eau et de l'hydrogène en abondance, qui, selon Nicholas Peter, deviendront de plus en plus importantes sur Terre.

""L'exploration spatiale ne consiste plus à planter un drapeau"", ajoute-t-il, faisant référence aux objectifs de l'alunissage de 1969.

Un relais, pas un sprint vers la Lune

La mission de Draper en 2025 ciblera le bassin de Schrodinger, une région de la Lune qui présente une activité volcanique récente.

Chris Boger a déclaré qu'il était ""très heureux"" pour ses collègues d'Intuitive Machines lorsqu'il a appris la nouvelle de leur atterrissage en douceur.

Il maintient que cette course à l'espace moderne est moins un sprint qu'un relais, nécessitant beaucoup de collaboration entre toutes les entreprises qui mènent les lancements.

""C'est une communauté soudée, il y a beaucoup de transparence et de partage d'informations que nous pouvons prendre en compte dans les objectifs de chaque mission"", conclut-il.",Anna Desmarais,"Espace, NASA, Lune",2024-03-11,CONTROL_International_Womens_Strike_2017_2024,single,True,1,"De, En, La"
https://fr.euronews.com/2024/03/11/legislatives-portugaises-courte-avance-du-centre-droit-montee-de-lextreme-droite,Euronews (FR),"Législatives portugaises : courte avance pour le centre-droit, montée de l'extrême droite","L’Alliance démocratique de centre-droit devance de peu le Parti socialiste avant le décompte des votes de l’étranger.

L'avenir politique du Portugal est en suspens après les élections législatives de dimanche.

L'Alliance démocratique de centre-droit, dirigée par les sociaux-démocrates, a remporté 79 sièges à l'Assemblée nationale, le Parlement portugais, qui en compte 230, après dépouillement de tous les suffrages exprimés au Portugal.

Le Parti socialiste de centre-gauche, au pouvoir depuis huit ans, a obtenu 77 sièges.

Les votes décisifs viendront des électeurs à l'étranger pour répartir les quatre derniers sièges parlementaires après une soirée électorale pleine de suspense. Ce décompte pourrait prendre plus de deux semaines.

Le parti d'extrême droite Chega est arrivé en troisième position avec 48 sièges, un résultat marquant qui représente un défi sans précédent pour la politique portugaise.

""Une chose est sûre ce soir, le système bipartite au Portugal est terminé"", a déclaré le chef de file de Chega, Andre Ventura.

Il a insisté sur le fait que les sociaux-démocrates devraient s'allier à Chega au Parlement pour créer une majorité. ""Nous avons un mandat pour gouverner"", a-t-il déclaré.

Cependant, le leader des sociaux-démocrates, Luis Montenegro, qui deviendrait probablement Premier ministre en cas de victoire de son alliance, a déclaré qu'il tiendrait sa promesse de campagne d'exclure Chega et de refuser de négocier un partage du pouvoir avec les populistes. Il a déclaré qu'il comptait former un gouvernement seul.",Euronews,"Alliance Démocratique, Parti socialiste, Elections législatives, Chega, Elections au Portugal",2024-03-11,CONTROL_International_Womens_Strike_2017_2024,single,True,1,"De, En, La"
https://fr.euronews.com/culture/2024/03/11/oscars-2024-le-film-oppenheimer-de-christopher-nolan-remporte-le-prix-du-meilleur-film-et-,Euronews (FR),"Oscars 2024 : ""Oppenheimer"" remporte sept statuettes, ""Anatomie d'une chute"" récompensé","""Oppenheimer"" de Christopher Nolan a notamment remporté les Oscars du meilleur film, du meilleur réalisateur et du meilleur acteur.

Oppenheimer, le biopic à succès de Christopher Nolan sur le père de la bombe atomique, a triomphé aux Oscars, remportant sept prix, dont ceux du meilleur film, du meilleur réalisateur et du meilleur acteur pour Cillian Murphy.

Cillian Murphy a ainsi devancé Paul Giamatti dans la course à la statuette, tant convoitée, du meilleur acteur. Il remporte son premier Oscar, alors qu'il était nommé pour la première fois. Il est le premier lauréat d'origine irlandaise dans sa catégorie.

""Je suis un Irlandais très fier d'être ici ce soir"", a-t-il déclaré, ""pour le meilleur ou pour le pire, nous vivons dans le monde d'Oppenheimer. Je voudrais dédier ce film à tous les artisans de la paix"".

Robert Downey Jr. a, lui, remporté l'Oscar du meilleur acteur dans un second rôle, également pour sa prestation dans ""Oppenheimer"".

Christopher Nolan a lui remporté son premier Oscar du meilleur réalisateur, après avoir été déjà nommé une première fois pour ""Dunkerque"". Il l'a emporté sur les réalisateurs Martin Scorsese et Jonathan Glazer.

En parlant du cinéma, il a déclaré : ""Nous ne savons pas où ce voyage incroyable va nous mener, mais savoir que vous pensez que j'en fais partie de manière significative me touche au plus haut point.""

Son film a également remporté les prix du meilleur montage, de la meilleure photographie et de la meilleure musique.

Par ailleurs, ""Pauvres créatures"" de Yorgos Lanthimos a remporté quatre prix, dont celui de la meilleure actrice pour Emma Stone, qui a battu la favorite Lily Gladstone, interprète dans ""Killers of the Flower Moon"". Il s'agit là de son deuxième Oscar de la meilleure actrice, après celui reçu pour ""La La Land"".

""La Zone d'intérêt"", drame sur l'Holocauste réalisé par Jonathan Glazer, a reçu le prix du meilleur long métrage international. Il est le premier film britannique à être récompensé dans cette catégorie. Il a également reçu le prix du meilleur son.

Dans son discours, Jonathan Glazer a abordé le conflit israélo-palestinien, dénonçant la ""déshumanisation"" dont témoignent à la fois son film et la réalité.

Le film français ""Anatomie d'une chute"" de Justine Triet a lui remporté l'Oscar du meilleur scénario original. La réalisatrice a remporté ce prix avec son partenaire et coscénariste Arthur Harari. Justine Triet devient ainsi la première femme à remporter un prix dans cette catégorie.",David Mouriquand,"Les Oscars, Hollywood, Cinéma : prix et récompenses, Cinéma",2024-03-11,CONTROL_International_Womens_Strike_2017_2024,single,True,0,"In, The, To"
