url,publisher,title,body,authors,topics,publishing_date,event_label,event_type,is_control,topic_id,topic_label
https://www.latimes.com/opinion/story/2024-03-12/kate-middleton-photo-royal-family,Los Angeles Times,Opinion: Kate Middleton messed up. But the royal family has bigger problems than one photo,"The Kate Middleton photo debacle is an unforced error from a person usually seen as picture, and princess, perfect.

Yes, Catherine, Princess of Wales, apologized on social media Monday for “any confusion” over the image manipulation that led five major news agencies to recall the family photo the royals had shared hours earlier. Yet all the #WhereIsKate speculation that has gone viral recently is about more than Middleton’s “amateur” photo editing. It’s rooted in questions of privacy and shortsighted palace media strategizing.

Understanding the furor starts with its origins. On Jan. 17 came the announcement that Kate had been admitted to a London hospital a day earlier for a “planned abdominal surgery” and would likely be recuperating “until after Easter.” The princess wanted her personal medical information to remain private.

The same day brought other unexpected royal health news: King Charles III would be hospitalized for a prostate procedure. The next month, Buckingham Palace announced that Charles, 75, had cancer and would not appear in public while undergoing treatment.

Although Charles was soon photographed leaving the hospital and has appeared in social media posts shared by the palace, Kate’s convalescence has been conspicuously image-free. Gradually, discussion of her absence morphed from chatter online, including among conspiracy theorists, to mainstream hypothesizing. Memes took off after Prince William, Kate’s husband, withdrew from attending a memorial service, citing personal reasons.

Some of the curiosity was driven by the fact that Kate for years has been a running, sailing, field-hockey-stick-wielding embodiment of fitness. There were humorous theories: Had the princess disappeared into a Willy Wonka scam event? Was she recovering from a Brazilian butt lift? But there was darker speculation, too, such as a Spanish media claim that Kate was in a coma. That drew royal pushback, though the Windsors rarely respond to media reports.

If recent quotes from unnamed “friends” are to be believed, William and Kate simply wanted her to be able to recover from surgery in peace, and not on anyone else’s timetable. If reports are to be believed now, the photo debacle was a human mistake made only in pursuit of royal perfection.

Sounds reasonable, but one doesn’t have to be generally skeptical of the palace’s motives to see how sending out a doctored image when seeking to quell rumors about Kate’s health is bad PR. The photo alone won’t break most people’s trust in the monarchy, but it’s not the royals’ only public relations problem.

Queen Elizabeth II famously said that she had to be seen to be believed. That’s how the British monarchy works. But the palace is operating under a labor shortage that is especially noticeable when it comes to the photogenic younger generation. Of the dozen royals regularly carrying out public duties on behalf of the crown, only William, 41, and Kate, 42, are younger than 50. Prince Harry and Meghan, Duchess of Sussex, are out of commission. The royal who logged the most public engagements last year was Princess Anne, the king’s 73-year-old sister.

The absence of younger “working” royals to pick up the slack is a long-term problem for the Windsors. Part of the reason William’s absence from the late February memorial service stood out was that his disgraced uncle Prince Andrew, who was dropped from public duties over his friendship with convicted sex offender Jeffrey Epstein, ended up leading the royal family entourage into the event. In a family firm, relatives remain in the picture after dismissal — even when the optics are poor.

Managing optics overall is also a challenge, partly because there is no centralized royal press operation: The teams staffing Charles and Kate are based in different palaces. That makes some sense, until different approaches, such as Charles’ and Kate’s to their health situations, conflict with, or distract from, each other.

Unless there’s more controversy to come about photos — CNN, at least, has said it is reviewing all previous handout images from the palace — sympathy for Kate’s health challenges is likely to outweigh criticism, and the Windsors will stay in their subjects’ good graces. But amid the royal health crises, the health of the monarchy overall is being tested.

Autumn Brewington, a journalist in Washington, wrote the Washington Post’s “Post Elizabeth” royal newsletter.",Autumn Brewington,,2024-03-12,CONTROL_International_Womens_Strike_2017_2024,single,True,4,"Kate, Middleton, Photo"
https://www.latimes.com/california/story/2024-03-12/chainsaw-wielding-man-continues-standoff-with-police-in-mission-hills,Los Angeles Times,"Chainsaw-wielding man in a standoff with police in Mission Hills, officials say","Los Angeles police were in a standoff with a chainsaw-wielding man Tuesday afternoon in Mission Hills, according to authorities.

The Los Angeles Police Department responded at about 3:20 p.m. to San Fernando Mission and Sepulveda boulevards after a report of an assault with a deadly weapon, according to Officer Tony Im.

The suspect was described as a Latino man in his 40s wearing a brown hat, blue pants and a blue jacket, Im said.

The man was wielding a chainsaw as a weapon, according to authorities. The SWAT team was at the scene as of 5:04 p.m.

More details about the incident, including a possible motive, weren’t available Tuesday afternoon.

“We’re not gonna know until we take him into custody safely and interview him,” Im said.",Summer Lin,,2024-03-13,CONTROL_International_Womens_Strike_2017_2024,single,True,0,"In, The, To"
https://www.latimes.com/california/story/2024-03-12/raman-pulls-past-50-percent-in-a-new-sign-she-could-avoid-runoff,Los Angeles Times,"L.A. City Councilmember Nithya Raman pulls past 50%, on verge of outright primary win","In her bid for a second term, Los Angeles City Councilmember Nithya Raman pulled above 50% for the first time since vote counting began in last week’s primary election, increasing her prospects of avoiding a Nov. 5 runoff.

The latest batch of returns, released Tuesday, showed Raman with 50.2% of the vote, compared with 39% for her nearest opponent, Deputy City Atty. Ethan Weaver. In third place was software engineer Levon “Lev” Baronian, who had about 11%.

In a statement, Raman said she’s still waiting for all the votes to be counted. Nevertheless, she called the latest batch of results “very exciting.”

“It’s been the honor of my life to serve this incredible city as a member of its council, and I very much hope to see what more we can accomplish with four more years of work,” she said.

Vote counting is expected to resume Wednesday. Raman and her two challengers were competing to represent a district that straddles the Hollywood Hills, stretching from Silver Lake in the east to the San Fernando Valley neighborhood of Reseda in the west.

Raman was running for a second four-year term in a district that is significantly different from the one that elected her in 2020. A year after she took office, the City Council redrew about 40% of the district, taking out such areas as Hancock Park and Park La Brea and adding all or part of Encino, Studio City and other neighborhoods.

A consultant for Weaver did not immediately respond to a request for comment. Under the city’s election rules, any council candidate who receives more than 50% in the primary election wins outright.

Weaver, who spent several years as a neighborhood prosecutor, had sought to make major issues of public safety and homelessness. He received huge financial support from unions that represent police officers and firefighters, as well as landlords and other businesses.

Raman worked to turn that financial help into a negative for Weaver, saying it showed that special interests were unhappy with her votes in support of new tenant protections and against police raises and digital billboards. Her supporters portrayed the race as one that would determine the future of progressive politics at City Hall.",David Zahniser,,2024-03-13,CONTROL_International_Womens_Strike_2017_2024,single,True,0,"In, The, To"
https://www.latimes.com/socal/daily-pilot/news/story/2024-03-12/huntington-beach-police-investigating-pride-flags-tagged-at-central-library,Los Angeles Times,Huntington Beach police investigating Pride flag graffiti at Central Library,"Huntington Beach police are investigating graffiti that was left at the Huntington Beach Central Library over the weekend.

Some community members have been reading restricted children’s books outside of the library each Sunday afternoon for the last four weeks, in protest of the conservative City Council majority’s direction to restrict those books and create a parent/guardian advisory board.

Wendy Rincon was arriving for what has been dubbed the Banned Books Story Hour on Sunday shortly after 12:30 p.m. As she and her husband drove up, they noticed a large LGTBQ+ Pride rainbow flag sprayed in the intersection, with the words “We Belong” written in red underneath it.

Closer to the library’s entrance, another Pride flag was tagged on a building post.

“I didn’t appreciate that,” said Rincon, who calls herself an LGBTQ+ ally. “We were there helping and trying to support our librarians, and that just goes against what we’re trying to do as a community by supporting our library. Our library is under attack, our librarians are stressed out. The last thing that anyone needs is tagging on our library.”

Huntington Beach Police Department spokesperson Jessica Cuchilla confirmed the vandalism incident was reported Sunday afternoon and that detectives were investigating.

Measure B passed in Huntington Beach last week, amending the city charter to limit flags flown on city property to government and military flags, plus the POW/MIA flag and sometimes the Olympic flag. Adding more flags to the list, including the Pride flag, would require unanimous City Council approval.

The flag issue has been discussed heavily for more than a year, as the council majority approved a similar ordinance in February 2023.

Rincon said she understood the anger behind the vandalism, if not the action. She questioned whether the tagging was the work of an LGBTQ+ ally. On the other side of the political spectrum, she said some conservatives have accused allies of “planting” the vandalism so that they could clean it up quickly and be seen in a favorable light.

“It gives everyone on both sides a chance to point fingers at one another, which just continues to inflame the divisiveness of Huntington,” she said. “It serves no purpose for the greater good. It’s not going to help me understand their side any more than it would help them understand our side. It might have made the person and people who did it feel good in the moment, but ultimately it’s not going to solve the underlying policy issues that are happening in this city.”

Pride at the Pier founder and executive director Kane Durham describes his group as a queer political advocacy nonprofit. When he heard of the vandalism at the library, he sent a call out via the Pride at the Pier Instagram page for help.

“We spent like $200 to get cleaning supplies and spent several hours scrubbing with eco-friendly chemicals, to scrub all the paint off,” said Durham, a transgender male. “I’m glad that we did. We are not here for rhetoric that claims that queer folks are the bad guys in this community.”

About 15 to 20 people spent hours Sunday trying to scrub the paint off, Durham said.

Workers from the city Public Works Department went out Monday morning to paint over the vandalism, Cuchilla said.

Durham said vandalism on the library was not supported — “the library is not our enemy” — and that his organization is using civic engagement to relay its message.

“The actions of the council majority have suggested an intent to keep queer people from being visible in Huntington Beach, and that is never going to happen,” Durham said.",Matt Szabo,,2024-03-13,CONTROL_International_Womens_Strike_2017_2024,single,True,0,"In, The, To"
https://www.latimes.com/entertainment-arts/story/2024-03-12/neve-campbell-will-return-for-scream-7-salary-dispute-is-apparently-history,Los Angeles Times,Neve Campbell will return for 'Scream 7'; salary dispute is apparently history,"The original “Scream” queen is back — Neve Campbell announced Tuesday she’d be returning to the franchise for the upcoming seventh film.

“Sidney Prescott is coming back!!!!” Campbell posted on Instagram. “It’s always been such a blast and an honor to get to play Sidney in the Scream movies. My appreciation for these films and for what they have meant to me, has never waned. I’m very happy and proud to say I’ve been asked, in the most respectful way, to bring Sidney back to the screen and I couldn’t be more thrilled!!!”

Campbell previously passed on reprising her role as final girl Sidney Prescott in the franchise’s sixth film, citing a pay dispute.

“Sadly, I won’t be making the next Scream film,” the actor said in the summer of 2022.

“As a woman I have had to work extremely hard in my career to establish my value, especially when it comes to Scream,” the actor said in a statement obtained by The Times. “I felt the offer that was presented to me did not equate to the value I have brought to the franchise.”

Campbell has portrayed Prescott from the beginning of a franchise that has spanned more than 25 years and most recently appeared in the sequel “Scream,” released in January 2022. The reboot debuted to $30.6 million in ticket sales in its opening weekend.

“Scream” creator and writer Kevin Williamson is taking over as director of “Scream 7.” Williamson wrote the first, second and fourth films in the franchise and executive produced the 2022 reboot, as well as “Scream VI.”

“It’s been nearly 30 years since my very first script, Scream, was directed by the legendary Wes Craven,” Williamson wrote in an Instagram post. “I never would have predicted what it would become. Or that I would be directing the seventh installment of the franchise. I am overcome with gratitude and excitement, and I can’t wait to take this journey with Neve and the entire Scream family as we bring back Sidney Prescott in the next chapter of the Scream franchise.”

The news comes amid lingering controversy surrounding the franchise. Melissa Barrera and Jenna Ortega, who starred in the two most recent sequels, will not return for “7.”

Barrera was fired from “Scream 7” over pro-Palestinian statements regarding the Israel-Hamas war that she shared on social media. Ortega exited the film shortly thereafter, citing her filming schedule for Netflix’s “Wednesday.”

In 1996, The Times reviewed the horror film that launched the franchise.

Longtime movie critic Kevin Thomas described it as “sensational” — a “bravura, provocative sendup of horror pictures that’s also scary and gruesome yet too swift-moving to lapse into morbidity.”

He noted that “although the film has alphabetical billing,” its star — who “barely escapes with her life” — is Campbell, who continues to display her survival skills.",Summer Lin,,2024-03-13,CONTROL_International_Womens_Strike_2017_2024,single,True,0,"In, The, To"
https://www.latimes.com/world-nation/story/2024-03-12/president-joe-biden-has-won-enough-delegates-to-clinch-the-2024-democratic-nomination,Los Angeles Times,President Biden has won enough delegates to clinch the 2024 Democratic nomination,"President Biden, who took office aiming to steady a nation convulsed by the coronavirus pandemic and the Jan. 6 insurrection, clinched a second straight Democratic nomination Tuesday and set up an all-but-certain rematch with the predecessor he blames for destabilizing the country.

Biden became his party’s presumptive nominee when he won enough delegates in Georgia’s primary. That pushed Biden’s count past 1,968 for a majority of delegates to the Democratic National Convention in Chicago this August, where his nomination will be made official. Former President Trump is expected to clinch the Republican nomination shortly.

Biden, who mounted his first bid for president 37 years ago, did not face any serious Democratic challengers to his run for reelection at age 81. That’s despite facing low approval ratings and a lack of voter enthusiasm for his presidency — driven in part by concerns over his age.

Just 38% of U.S. adults approve of how Biden is handling his job while 61% disapprove, according to a recent survey by the Associated Press-NORC Center for Public Affairs Research.

Biden and his allies are betting that over a bruising 7½-month general election, his Democratic base and independent voters fearful of a second Trump presidency will stand with him despite their misgivings. Their strategy to constantly highlight Trump’s downsides — combined with Trump’s plan to attack Biden in brutally personal terms — sets up a spiritless campaign that many Americans said they didn’t want but will have to decide in November anyway.

Biden has tried to frame the race as a battle for freedom, both at home and abroad. He contrasts his support for Ukraine and work to expand NATO with Trump’s praise for Russian President Vladimir Putin and his suggestion that he would tell Russia to attack NATO allies he considers delinquent.

Biden is pushing back on GOP-led efforts to restrict abortion rights that have also jeopardized in vitro fertilization procedures. Democrats credit the backlash to the Supreme Court overturning a federal right to abortion for electoral victories over the last two years. Trump appointed three of the justices who voted to strike down Roe vs. Wade and had taken credit for the decision.

But despite major accomplishments and what his allies see as advantages on key issues, Biden enters a rematch with Trump with vulnerabilities he can’t easily fix.

In his first two years in office, Biden signed into law long-term investments in roads, bridges and other infrastructure as well as spending to boost America’s semiconductor industry. The Senate confirmed Biden’s nominee to the Supreme Court and made Ketanji Brown Jackson the first Black woman to become a justice.

The U.S. emerged from the COVID-19 pandemic in an economic boom with low unemployment. After Trump fought his 2020 election loss on the basis of debunked theories about fraud, Biden signed an overhaul of the Electoral Count Act intended to make it harder for presidential losers to overturn election results in Congress.

And as Russia began massing troops on Ukraine’s borders, Biden administration officials warned Putin not to invade, then declassified intelligence to build international support for Kyiv. Backed by weapons and other assistance from the U.S. and Western Europe, Ukraine resisted Russian plans to replace President Volodymyr Zelensky with a puppet government and has kept most of its territory against its much larger foe.

But the botched U.S. withdrawal from Afghanistan left indelible images of desperate people trying to flee a country that American troops fought to secure for two decades and lost in a matter of months to the Taliban. Thirteen U.S. troops died in a suicide bombing outside the Kabul airport during the evacuation of American citizens and allies.

With the economic growth came surging inflation that raised basic prices for Americans and ate into the income gains many people made. Inflation has slowed from its highs two years ago, but just 34% of U.S. adults say they agree with how Biden has handled the economy, according to an AP-NORC survey.

And after campaigning to reverse Trump’s immigration crackdown, Biden’s White House struggled to process record numbers of people crossing the U.S.-Mexico border without authorization — sometimes thousands of people a day. Republican states sent migrants on buses to Democratic-led cities that struggled to shelter them.

Biden’s campaign has argued that the White House has tamped down inflation and proposed border legislation that would give agents new powers to stop migrants that Republicans helped negotiate, only to reject.

But the president can’t alter one of voters’ deepest concerns with his candidacy — his age.

Already the oldest-ever American president, Biden would be 86 if he served a full second term. Regardless of the November outcome, he or Trump would be the oldest leader ever sworn in on Inauguration Day 2025.

Just hours before clinching the nomination, Biden was the subject of hours of testimony from a special counsel who investigated his mishandling of classified documents and determined that he couldn’t prosecute the president in part because he was too forgetful. The prosecutor, Robert Hur, characterized Biden in his report as someone who presented as “a sympathetic, well-meaning, elderly man with a poor memory.”

The president’s age has become a key vulnerability on the campaign trail, though many voters share the same concerns about Trump, who is 77. The latest AP-NORC survey found that 63% say they’re not very or not at all confident in Biden’s mental capability to serve effectively as president. And 57% said the same of Trump.

In both his State of the Union speech and a new campaign ad, Biden emphasized the value of experience and mixed in a dose of humor.

As he told Congress last week: “I know I may not look like it, but I’ve been around a while. When you get to be my age, certain things become clearer than ever.”

Biden argues he’s proved to be a more effective leader than Trump. He and the Democrats also hold a significant cash advantage over Trump and the Republicans going into November, with the president raising $10 million in the 24 hours after the speech.

There’s evidence his campaign’s focus on Trump is already working. Every major Democrat took a pass on challenging Biden in the primary and no Democrat has agreed to join a well-funded effort by the group No Labels to put together a so-called unity ticket.

One of the few Democrats who did run before dropping out was Rep. Dean Phillips of Minnesota. Before Minnesota’s Super Tuesday primary last week, many people angry with Biden said they weren’t aware of Phillips’ challenge or considered it a distraction from beating Trump.

Said one voter, Aishah Al-Sehaim of St. Louis Park, Minn., “It’s not even about hope to affect change in the coming years, but simply that things don’t get more screwed up nationally and internationally.”

Biden’s allies are optimistic that a protest vote campaign over Israel’s war with Hamas will subside by November when liberals and people of color angry about the more than 30,000 people killed in Israel’s offensive after the Oct. 7 attacks will be forced to choose between him and Trump.

In 2012, then-President Obama also saw a number of “uncommitted” delegates emerge from uncontested primaries, particularly in conservative states.

“In terms of where he is now, he’s been in tougher spots and I know he feels confident,” said longtime Biden confidant and former Delaware Sen. Ted Kaufman. “I sure feel confident.”

Biden first ran for the Democratic nomination ahead of the 1988 presidential election, but flamed out when it emerged he had plagiarized speeches. His 2008 campaign ended after a poor showing in the Iowa caucuses and his 2020 effort was on life support before he turned it around with a win in the South Carolina primary, ultimately consolidating the support of the party.

“Sure beats the hell out of the alternative,” quipped Kaufman of the easier path to the nomination this time around. “That doesn’t mean it’s not tough, it doesn’t mean it doesn’t take character.”",ZEKE MILLER,,2024-03-12,CONTROL_International_Womens_Strike_2017_2024,single,True,0,"In, The, To"
https://www.latimes.com/california/story/2024-03-12/california-schools-could-ban-flamin-hot-cheetos-under-new-bill,Los Angeles Times,California schools could ban Flamin' Hot Cheetos under new bill,"The days of Flamin’ Hot Cheetos in California schools may be numbered.

A new bill aims to ban from public schools food products that contain artificial dyes, including the ingredient that makes Cheetos pop with their signature yellow and red colors.

Lawmakers argue that developing young minds are harmed by the chemical ingredients and that federal guidelines have not been updated in decades.

Assembly Bill 2316 takes aim at six synthetic food dyes — blue 1, blue 2, green 3, red 40, yellow 5 and yellow 6 — as well as coloring agent titanium dioxide, ingredients commonly used to artificially tint foods including candy, as well as drinks and some medications and vitamins.

Red 40 and yellow 6 are found in Takis, Doritos and Flamin’ Hot Cheetos, the main culprits that turn snack lovers’ fingers a powdery crimson. Blue 1 is found in Froot Loops, and other artificial dyes can be found in Jolly Ranchers, M&Ms, Sour Patch Kids and Mountain Dew.

Assemblymember Jesse Gabriel (D-Encino) introduced the bill and emphasized this is not an outright ban of any specific products, but of those chemical ingredients.

“This is not going to ban for sale in the state of California any of these foods,” Gabriel said Tuesday during a news conference touting the bill. “This is not a food ban. This is not banning Flamin’ Hot Cheetos in California.”

Flamin’ Hot Cheetos’ parent company, Frito-Lay, did not immediately respond to requests for comment.

A 2021 study from the California Environmental Protection Agency found that consuming synthetic food dyes could lead to hyperactivity and other neurological behavior in some children. Gabriel said he was diagnosed with attention deficit hyperactivity disorder as a child, and his own son has the same neurodevelopmental disorder.

Flamin’ Hot Cheetos is not only ubiquitous among many snackers, but it’s also a cultural phenomenon that has inspired art, rap videos, fashion and menu items at restaurants.

The snack’s spicy kick and neon-red dust is as popular as it is controversial, with some schools already banning the product.

Jazmín Urrea has used the crispy, dark red snack as a medium in her art. One of her pieces, called “Pasarela de Chucherias” — which translates to “a junk food path” — consists of a thick circle of Flamin’ Hot Cheetos laid flat on the floor.

The 33-year-old, who lives in South Los Angeles, applauded the proposed legislation, saying the community she grew up in and others like it are food deserts, dotted with convenience stores that sell snacks, instead of grocery stores or farmers markets, which means little access to fresh foods.

“The school should be an oasis,” she said Tuesday. ”It’s not like I want to completely ban people from having their snacks. But at least at schools, it can be more of a food oasis. Ultimately, it will make our selection of food safer.”

The Los Angeles Unified School District serves roughly 530,000 meals daily. The district did not immediately respond to requests for comment about the proposed legislation or whether any of the regular items on its menus contain the artificial food dyes targeted in the bill.

Edgar Zazueta, a spokesperson for the Assn. of California School Administrators, said there aren’t many schools that sell the snacks targeted in the ban.

“The biggest impact would be to student stores that often are selling items for their ASB [Associated Student Body] for student funds,” Zazueta said.

Gabriel’s proposed legislation arrives several months after Gov. Gavin Newsom signed into law a statewide ban against “toxic” ingredients found in some sodas and snacks. That bill goes into effect in 2027 and prompted Just Born, which makes the colorful marshmallow Peeps, to remove red dye No. 3 from its recipe.

The Assembly member says his latest bill is a means to protect children in school. Specifics about how the ingredient ban would be rolled out have not yet been revealed.

“The science here is complicated, but the purpose of the bill is not,” Gabriel said. “It is about protecting our students from chemicals that have been proven to harm children and interfere with their ability to learn.”

According to the bill language, elementary schools would be allowed to sell food items that contain the prohibited ingredients during fund-raising events either off-campus or at least 30 minutes after the end of the school day.

The bill aims to encourage manufacturers who want to continue to sell their products in schools to switch their recipes with alternative ingredients or risk school districts across the state using alternative brands that do not have artificial coloring.

“So instead of getting the color from a synthetic food dye, they could get it from beet juice, or turmeric, or pomegranate juice or any of these other natural ingredients out there,” Gabriel said. “We know these companies are capable of making a safer version of their products.”

Scott Faber with the Environmental Working Group, a nonprofit advocacy group co-sponsoring Gabriel’s bill with Consumer Reports, recommends alternative snacks that don’t have food dyes, such as Rice Krispies, Kellogg’s Eggo Waffles and Cheez-It.

He blamed the federal government for not better regulating food ingredients that could be harmful, to both children and adults.

“The truth is, the FDA is not doing their job,” Faber said during Tuesday’s briefing.

The Food and Drug Administration did not immediately respond to requests for comment.

The National Confectioners Assn., a trade organization that promotes the interests of candy companies in the U.S., said in response to Gabriel’s proposed legislation that the FDA needs to “wake up and get in the game.”

“These activists are dismantling our national food safety system state by state in an emotionally driven campaign that lacks scientific backing,” the group said in a statement. The “FDA is the only institution in America that can stop this sensationalistic agenda, which is not based on facts and science.“

The confectioners group claims that any replacement ingredients would need to be vetted by the FDA and pointed out that there are no alternatives to red dye No. 3 or titanium dioxide that have been approved by the federal government.

None of the dyes proposed in the ingredient ban are part of a natural diet, said Dana Hunnes, a senior dietitian and adjunct assistant professor at the Fielding School of Public Health at UCLA.

Instead, they’re manufactured, Hunnes wrote in an email, and “unnecessary, unhealthy, carcinogenic, likely inflammatory (which itself is a risk factor for cancer and other chronic diseases).”

Urrea, the artist, was introduced to Flamin’ Hot Cheetos before kindergarten, she said. In sixth grade, she said she fell ill after eating too many of the snacks and had to have her stomach pumped. She also had her appendix removed.

The snack has had a profound effect on her life and her art. She rarely eats Cheetos now but thinks they can be enjoyed in moderation. She said she mostly stopped eating Flamin’ Hot Cheetos after researching their ingredients in 2016 in preparation for her art piece. She said she reuses the Cheetos in her artwork.

“And it’s still holding that dye,” she said. “They haven’t disintegrated on me yet. They are in storage but very much vibrant and holding that color. That gives you something to think about.”

Times staff writer Howard Blume contributed to this report.","Nathan Solis, Cindy Carcamo",,2024-03-12,CONTROL_International_Womens_Strike_2017_2024,single,True,0,"In, The, To"
https://www.latimes.com/california/story/2024-03-12/fatal-police-shooting-of-autistic-teen-raises-concerns-about-police-response-to-mental-health-issues,Los Angeles Times,Fatal shooting of autistic teen raises concerns about police response to people with mental health issues,"Ryan Gainer, a teen with autism, was a cross-country runner who worked out his frustrations with six-mile runs and dreamed of becoming an engineer.

On Saturday afternoon, the 15-year-old became upset that his parents had demanded he complete his household chores before he would be allowed to play video games or listen to music on his computer, according to DeWitt Lacy, a civil rights attorney representing Ryan’s family.

“He got upset. Any teen would be upset by that,” Lacy said. Some people with autism experience more heightened emotions and on that day Ryan responded by breaking glass on the front door, Lacy said.

A family member called 911 for help, asking dispatch to send deputies to “take him in” because he was breaking glass and hitting his sister, according to a portion of the call released by the San Bernardino County Sheriff’s Department.

But instead a responding deputy fatally shot the teen, saying he had threatened the deputy with a garden tool.

Ryan’s death has heightened concerns from activists about law enforcement’s use of force against people suffering from mental health issues and the lack of supportive services available for families when they call police for help.

The death was not the first.

The San Bernardino County Sheriff’s Department was sued last year after deputies shot and killed Tony Garza while he was in the middle of a mental health crisis.

In 2019, an off-duty LAPD officer fatally shot 32-year-old Kenneth French, who had a cognitive disability, during an altercation inside a Costco in Corona.

Zoe Gross works as the advocacy director at the Autistic Self Advocacy Network, a nonprofit organization run by and for individuals on the autism spectrum. Gross said it’s critical that law enforcement release a fuller picture of what happened during their encounter with Ryan to better understand what could have been done differently.

“The autistic community has seen far too many cases of law enforcement profiling, targeting, and using excessive, sometimes deadly force on Black autistic people,” Gross said. “Because of the prevalence of police violence and the amount of unmet need in our communities, we must fund and implement alternatives to policing.”

Gross said these alternatives could include dispatching other types of first responders for people in crisis, such as specially trained EMTs, as well as funding community services that could provide support before people resort to calling authorities.

Lacy, the Gainer family’s attorney, said the sheriff’s department had experience with Ryan and had responded to the family’s home on previous occasions.

“Once they typed up the address, it should have clearly shown this was somebody that had some mental health issues at times,” Lacy said. “They should have used deescalating techniques. I think the shots were inappropriate and uncalled for. Nobody’s life was within imminent danger.”

Lacy added the officers “should have created time and distance and talked to Ryan using the skills they learned in the basic police academy.”

By the time deputies responded to the 911 call at the Gainer home on Iroquois Road, Ryan’s father had helped the teen calm down, Lacy said. But for an unknown reason, when a deputy appeared at the open front door, Ryan walked toward him holding a hula hoe, a type of garden tool that has a metal D-shaped fixture on the end for digging into dirt.

The deputy yelled, “Hey, get back, you’re going to get shot” as Ryan approached him carrying the tool, according to edited body-camera footage released by the sheriff’s department. Footage from another deputy’s body camera at another angle showed the deputy pointing his gun at Ryan as he ran from the teen.

At some point during the exchange, at least one deputy opened fire, striking Ryan three times, Lacy said.

The moment when shots are fired is not depicted on the either of the videos released by law enforcement. Advocates and Lacy have called on the sheriff’s department to release the full footage as well as the complete 911 calls and communication between dispatch and the deputies. It is not clear whether deputies knew about Ryan’s autism during the call.

Areva Martin, a civil rights attorney and disability rights advocate, said the sheriff’s department’s decision to only release a portion of the video was “a deliberate obfuscation of the truth.”

“The fact that Ryan, who had autism, was shot and killed while holding a gardening tool in what was clearly a state of distress, raises grave questions about the adequacy of law enforcement training and their ability to de-escalate situations involving vulnerable members of our community,” she said.

San Bernardino County Sheriff Shannon Dicus called for a strengthening of the “social safety net” for those experiencing mental health issues in a statement released over the weekend.

“Our deputies handle seemingly insurmountable calls daily. Most of these calls do not end in violence. However, this one ended in tragedy for Ryan, his family, and for the deputies who responded. Rapidly evolving, violent encounters are some of the most difficult, requiring split second decisions. While these decisions are lawful, they are awful in terms of our humanity,” Dicus said.

The sheriff’s department wrote in a news release that deputies “quickly rendered medical aid to Gainer and continued until paramedics arrived” after the shots were fired. However, Lacy disputed this, saying witnesses told him that law enforcement waited more than five minutes to render aid as the teen lay on the driveway bleeding. Deputies also prevented witnesses and Ryan’s family from trying to help the boy, at times pointing their firearms at them, Lacy said.

A medical professional later told Ryan’s parents that he died from asphyxiation that occurred after the shooting, Lacy said.

But a sheriff’s spokesperson told The Times that Ryan’s cause of death has not been determined because an autopsy has not been completed.

“It wasn’t gunshot wounds that killed him,” Lacy said. “It was the fact that officers didn’t give any care after they shot a 15-year-old autistic teen. They showed disregard for human life.”",Hannah Fry,,2024-03-12,CONTROL_International_Womens_Strike_2017_2024,single,True,0,"In, The, To"
https://www.latimes.com/california/story/2024-03-12/scott-peterson-in-a-court-as-la-innocence-project-pushes-for-dna-testing-and-missing-reports,Los Angeles Times,Scott Peterson in court as LA Innocence Project pushes for DNA testing and missing reports,"One of California’s most notorious convicted murderers, Scott Peterson, appeared in court via video Tuesday in an effort to get DNA testing of evidence that he says could exonerate him in the killing of his pregnant wife and unborn son.

Peterson’s attempt to clear his name is now backed by the Los Angeles Innocence Project, a nonprofit legal group with a reputation for exonerating wrongfully convicted criminals. Peterson appeared from Mule Creek state prison in a blue prison shirt nearly two decades after he was convicted of killing his pregnant wife, Laci, and tossing her body into San Francisco Bay on Christmas Eve 2002.

Laci Peterson, 27 vanished Christmas Eve from their Modesto home. Four days after she and their unborn son, Conner, turned up in San Francisco Bay in April 2003, Scott Peterson was arrested for murder. It would become one of the state’s highest-profile murder cases when it was revealed that he had a secret girlfriend whom he had told his wife was dead.

Peterson, now 51, was convicted in 2004 and initially sentenced to death, but that sentence was subsequently overturned and he is now serving life without parole.

In a San Mateo County courtroom Tuesday, Paula Mitchell, executive director of the Innocence Project, began what she described as one of several motions in an effort to show Peterson’s constitutional rights were violated, including a “claim of actual innocence that is supported by newly discovered evidence.”

Mitchell told the judge that for decades since Peterson’s 2004 trial, vital evidence connected to the conviction has been withheld and that prosecutors continue to thwart and delay the discovery of potentially exculpatory evidence.

“Mr. Peterson’s been waiting for 20 years for police reports and audio recordings and video recordings that should have been provided,” she said “We are eager to get our investigation underway.”

Key to the Innocence Project’s efforts is a van that was set on fire on Dec. 25, 2002 in Modesto, a day after a burglary at a home near the Petersons’ residence. Inside the van was a mattress with what one investigator has said appeared to be bloodstains. That van was found a mile from the Peterson home, raising the possibility that it could have played a role in the murder.

The Innocence Project alleges that it has evidence from the van owner that shows that the van did not have a mattress inside it before it was stolen and before Laci Peterson’s killing.

Mitchell on Tuesday also said she had given prosecutors an informal request for “very specific” items of discovery on Nov. 14, 2023, and continues to wait for access to those items including audio recordings, interviews notes and police reports.

“We spent a lot of time trying to suss out what, frankly, are very alarming deficiencies in the discovery that was provided to the defense at the time of trial,” Mitchell said.

Peterson appeared via a monitor in the courtroom and smiled at one point when asked if he could hear. His hair was pulled back into a man bun or ponytail and answered briefly when the judge asked if he understood.

Peterson has maintained his innocence since his arrest and in court papers noted that there is no physical evidence tying him to the killings.

A judge set hearings for April 16 and May 29 to discuss the wider discovery and DNA issue. The judge told prosecutors they needed to address both issues as Mitchell repeatedly expressed concerns about delays by prosecutors.

“Today’s hearing was just the first step in a long process. We have not commented on our motions, and we will continue to present our case in court — where it should be adjudicated,” Mitchell said in a statement.

Peterson was resentenced in 2021 after the California Supreme Court determined that the jury in his trial had been improperly screened for bias against the death penalty. Prosecutors settled for life without parole rather than new proceedings. He was moved off death row the following year.

Last year, a judge rejected an effort by his lawyers to get the jury verdict overturned. They had argued that a juror was biased. That juror had not divulged on a jury questionnaire that she had gotten a restraining order while pregnant.",Richard Winton,,2024-03-12,CONTROL_International_Womens_Strike_2017_2024,single,True,0,"In, The, To"
https://www.latimes.com/entertainment-arts/movies/story/2024-03-12/sydney-sweeney-immaculate-sxsw-director-michael-mohan,Los Angeles Times,Sydney Sweeney is in a new horror film. She wants to remind us how dorky she is,"In just the past few months, Sydney Sweeney has changed. Already a two-time Emmy nominee for her roles on “Euphoria” and “The White Lotus,” she starred in and produced the worldwide box-office hit “Anyone but You.”

Such is Sweeney’s current career trajectory that she is unfazed by the severe, mocking response to the recent disappointment “Madame Web,” saying, “I was just hired as an actress in it, so I was just along for the ride for whatever was going to happen.”

Now comes her intense horror film “Immaculate,” premiering Tuesday night at the South by Southwest Film and TV Festival, with Sweeney again starring and producing. The thriller reunites her with director Michael Mohan, the two having previously worked together on the Netflix high school dramedy series “Everything Sucks” and the Prime Video erotic thriller “The Voyeurs.”

“Immaculate,” with a screenplay credited to Andrew Lobel, follows a devout American woman, Cecilia, who makes her way to a remote Italian convent. She becomes pregnant while still a virgin — a seemingly miraculous event that soon takes a sinister turn. Mohan cites classics such as “Rosemary’s Baby,” “The Exorcist” and Ken Russell’s 1971 “The Devils” as inspirations; his film also features a supporting cast of European talent such as “Money Heist’s” Álvaro Morte, “White Lotus’ ” Simona Tabasco and “Amanda’s” Benedetta Porcaroli.

Sweeney, 26, recently hosted “Saturday Night Live”, only to be in Paris by Tuesday for a Miu Miu fashion show and then back in New York on Wednesday to join Mohan via Zoom for our joint interview. Just a few days later she was in Los Angeles for the Vanity Fair post-Oscars party, where she wore a dress previously worn by Angelina Jolie to the 2004 Academy Awards.

“Immaculate” will be released later this month by Neon. Though the following conversation does touch on the movie’s startling ending, there are no spoilers beyond anything that’s already in the film’s trailer.

Sydney, it’s already part of the origin story of “Immaculate” that you auditioned for this 10 years ago and then revived the project. What was it about this story that stuck with you?

SWEENEY: Originally the script was vastly different. Once I got my hands on it and we hired Michael, we drastically revised it so that it could fit who I am today and the world today. But the through line of the story always has stayed the same. And I think one of the reasons I loved it so much was that some of the scariest and most raw, guttural moments in this movie are in real life.

You and Michael had a working relationship already, but what made you turn to him to be involved?

SWEENEY: I feel like we have grown up in this industry together. Michael was one of the first filmmakers to actually believe in me to be able to have a regular role on a TV show. And I was 19 years old. After working on “Everything Sucks” and “Voyeurs,” you can just communicate with someone differently. Mike and I can just look at each other and we know what we’re thinking. We know what needs to be fixed. We know what’s working without even having to say a word. And having a filmmaker like that on your team is so beneficial to having a project just flow. And it was also my baby and I knew that he wasn’t going to come on and then push me aside.

Michael, what was your reaction when you first got the script?

MOHAN: I was terrified to read it. I knew Syd was making this movie with or without me. And we had shared some scripts before and some of the scripts that I had read I didn’t feel like I was uniquely suited to. And I didn’t want to just sign on just to sign on. I wanted to feel like I could elevate what was there. And when I read the script, the concept just felt so plausible and it felt very terrifying and prescient. The twist that the narrative takes I didn’t see coming. As someone who writes movies with twist endings, that’s a big deal.

But also, I just really wanted to work with Syd again. It’s just so easy. I don’t want to deconstruct it too much. It’s this appreciation for the craft of our crew and what they bring to it.

How did the script change from what it originally was?

SWEENEY: It drastically changed — location, age, characters, a lot of it.

MOHAN: The main thing was, in the early draft, she was a high school student. And so by changing the character to a nun, it gave us a much broader character arc to play. Even though the movie’s really short, she starts in one place that is so vastly different from where we leave her. And knowing that you’ve got an actor as good as Syd in your back pocket to perform it, she’s going to be able to accomplish it effortlessly. I just have to keep her in focus.

Anytime I would come up with a new idea, they would just immediately go, “But is it scary?” And their whole thing was just: This needs to be really scary. And I give them all the credit for pushing me in all the right ways.

Sydney, talk about your move into producing. Is this about you taking more control of the material you’re agreeing to be a part of?

SWEENEY: I am a very hands-on collaborator. I like being able to give ideas, be a part of it, help come up with solutions. It just changes the whole process. It’s so hard for me now to be on a set and not be able to help in any type of way and be able to take action. And being able to actually have a voice and have a valued opinion — it means so much.

And I still have a billion things to learn, but I love being able to be a part of the process from the beginning to the end. I’ve always built my characters from the ground up. And so I feel like I’m getting to do that on an entire script-level.

MOHAN: I also think that, quite frankly, Syd has her finger on the pulse of what her generation wants to see. And so you understand that: Hey, there aren’t rom-coms out there, so you know what? I’m going to find one, I’m going to make it my own. I’m going to make it as cinematic as I can. And of course, it was successful. You knew that.

Do you see it that way, Sydney?

SWEENEY: I mean, it definitely helps when you’re the same age as the audience.

Michael, what has it been like for you to see Sydney evolve as a performer and as a persona, a celebrity, since you first met her?

MOHAN: It’s unsurprising, to be honest. We sort of knew when we cast her in “Everything Sucks.” This is a born leader. Even back then, Syd really helped us in terms of the morale of the cast. She was the camp counselor to the rest of the kids, the actors who were younger than her. The fact that she’s doing everything right now and is everywhere and all over the place, it’s just like, of course.

I’m just glad that you’re getting roles that are even more challenging. To me, that’s the fun part, catching a movie like “Reality” or even seeing that scene in “Anyone but You” where you climb over the armrest — the physical-comedy thing where your butt is in his face. It’s just so funny. I’d never seen you do that before. And so it’s really —

SWEEENEY: How much of a dork I am. That’s the thing. I am actually super dorky. I make very sarcastic dry remarks, and everyone close to me knows in real life I’m more of a comedian than a dramatic person.

You seem really unafraid of using your body in your performances, including taking off your clothes. And this role feels different. For the most part, it’s more contained and buttoned-up. How conscious a decision was that for you?

SWEENEY: It didn’t serve the character. It’s always whether it serves the character or not. I’m living someone else’s life. So if it serves to the development or the emotional state of a character, then it makes sense. But she was a nun. It didn’t make sense.

Michael, was that something you thought about — how much you were going to lean into the exploitation side of a nunsploitation movie?

MOHAN: Well, I don’t want to be known as the guy who makes movies where Sydney gets naked. I don’t want that reputation. However, I will say, Syd, when we decided to stage the scene with you and Benedetta in a bathhouse, we knew that would have a sensual feeling to it.

SWEENEY: And it’s just like if she was in the bathhouse, she would just be wearing her overdress, her bathing dress, and no bra. And so it’s truthfully just whatever the character would do. I never think about it. I mean, the character wouldn’t wear a bra in most of the stuff, so I didn’t wear a bra. It just depends on the character. I truly just look at everything like that.

Mohan: I was probably more concerned about it than you because I remember after we shot that first take, I was like, “Oh, my God, it’s so sheer. Is this OK?” And you were like, “No, this is beautiful. Don’t overthink it.”

Now I want to ask you about some of what happens in the movie, but I don’t want you to feel like we’re spoiling anything. How are you talking about the film?

MOHAN: This is the first interview we’ve done together, so I think we’re figuring it out.

SWEENEY: We definitely don’t want to spoil the ending. We really want people to discover it for themselves. Granted, people write reviews and that’ll be out there, but we’re trying really hard not to spoil the ending. I will say that was the first take. That was one take.

MOHAN: We did shoot alternates. We covered ourselves in case audiences rejected the execution that we went for. But when we did the take, it was undeniable. We saw it and we were just like: This is unbelievable. This is what it is. And thankfully, everybody supported us.

The only thing I can say is whenever you’re on set and you see Syd do this, it’s genuinely like watching someone do a magic trick, because the instant I call cut, it’s just like, boom, back to Syd. And it’s like nothing. Sometimes as a director, the best direction you can give is to stay the f— out of someone’s way.

Sydney, where does that come from, that ability to turn a character on and off like that?

SWEENEY: When I was first starting, I had — I don’t even know that you would call him a life coach or not, not quite an acting coach, but it was my friend’s dad. So Kodi Smit-McPhee [of “The Power of the Dog”], his dad, Andy McPhee, would help Kodi build his characters. And so I started working with Andy and we would just talk character work. It wouldn’t be rehearsing, wouldn’t be running lines, it would be truly just talking about the characters and building who they were.

And the number one thing he always told me was to make sure that I separated myself as much as possible from my characters. Don’t put any of my own memories, emotions, feelings, people, relationships, anything in the thoughts of my characters, so that I can jump in and out.

Sydney, even just within the last couple weeks, it seems like your fame has grown. Does it feel to you like things are accelerating too fast?

SWEENEY: I am such a homebody that life kind of stays the same for me. I just hang out with my dog and my family and my close friends. There’s just more people who say hi to me when I go outside. That’s all.

Does it all just seem normal to you now?

SWEENEY: Nothing about this industry is normal. And I think it’s really important to remember that.",Mark Olsen,,2024-03-12,CONTROL_International_Womens_Strike_2017_2024,single,True,0,"In, The, To"
https://www.latimes.com/california/story/2024-03-12/search-continues-for-travel-nurse-swept-away-by-san-gabriel-river,Los Angeles Times,Search continues for nurse swept away by San Gabriel River,"Search efforts continue for a woman swept away by the San Gabriel River last weekend, with authorities vowing on Tuesday to find her.

The 59-year-old Asian woman, whose name has not been released, was part of a group of travel nurses hiking in the Angeles National Forest. They were believed to have been heading to the famed Bridge to Nowhere, according to Los Angeles County Sheriff’s Department personnel.

Members of the group parked their vehicles near Heaton Flats Trail, according to a sheriff’s spokesperson.

A nurse in the group called for help on Saturday at 9:51 a.m. after the woman fell into the river near the trail.

Authorities said they believe the woman was attempting to cross the river when she lost her footing and fell into the coursing water. She was last seen that day being pushed down river by the rapid waters.

Lt. Elisabeth Sachs of the San Dimas sheriff’s station said Tuesday afternoon that the search, which began Saturday, was ongoing. “We will continue to search for her until she’s found,” Sachs said.

The San Gabriel River pools near the south end of Highway 39, Sachs said, where two dams create reservoirs.

Between Saturday and Monday, the Sheriff’s Department deployed 60 personnel to the scene, authorities said. Mountain rescue teams, emergency medical technicians from the department’s special enforcement bureau, and the U.S. Forest service have lent their services as well.

Sheriff’s teams also deployed unmanned drones in the area.

San Dimas sheriff’s personnel encourage hikers to exercise extreme caution when crossing streams, rivers, or creeks.

The Sheriff’s Department offered these tips for safe crossing:",Andrew J. Campa,,2024-03-12,CONTROL_International_Womens_Strike_2017_2024,single,True,0,"In, The, To"
https://www.latimes.com/food/story/2024-03-12/michelin-just-added-10-restaurants-to-its-california-guide-and-nine-are-in-l-a,Los Angeles Times,"Michelin just added 10 restaurants to its California guide, and nine are in L.A.","California diners are awaiting the release of Michelin’s full 2024 guide, but today the global restaurant compendium released another preview of its top restaurants in the state. Out of 10 restaurants newly added to the California guide, nine are located in the Los Angeles area.

“I think for me, I’m more proud for the city of Gardena,” said Daniel Son, the chef-owner of new addition Sushi Sonagi. “It’s where my parents immigrated to first, and I feel like it’s my hometown. So I feel like it’s very great for the city and obviously L.A.”

After nearly a quarter-century in the restaurant industry, which began with Son bussing tables and washing dishes in his parents’ restaurant, the inclusion of his own sushi bar marks his first Michelin nod.

Additions — previously released last December — are highlighted as new and notable picks, though they could also garner the coveted Michelin stars or the award of Bib Gourmand, denoting value.

Of the Michelin Guide’s accolades, the most prestigious awards are the star ratings. One signifies “a very good restaurant in its category”; two translates to “excellent cuisine, worth a detour”; three stars, highest of all, means “exceptional cuisine, worth a special journey.”

Son introduced his high-end omakase in a Gardena strip mall last summer, and said that debuting any sushi restaurant — especially one located in a prolific sushi region such as L.A. — was daunting, especially considering his own Korean American twist. He wondered whether customers would understand his vision. Seeing the mention in today’s Michelin guide, however, helped confirm his decisions.

“To be a Korean American and do something that’s very Japanese but also expressing myself through my heritage, it’s been amazing,” he said. “Michelin acknowledging or including us in the guide, it just feels so relieving and I’m just really thankful.”

While a Michelin star would be nice, Son said it’s all out of his hands; he’s simply thankful for the recognition and that he’ll be focusing on spring ingredients in the coming months.

Other L.A.-area Michelin additions are Koreatown’s new, sunny Chinese and Taiwanese restaurant and teahouse Liu’s Cafe; Echo Park pizzeria and cake destination Quarter Sheets; downtown edomae-style omakase spot Sawa; Evan Funke’s Beverly Hills ode to handmade pasta and other regional Italian classics, Funke; longtime Koreatown Peruvian chicken roastery Pollo a la Brasa, a favorite of Jonathan Gold’s; West Hollywood Japanese-French bistro Amour; Echo Park’s daytime-only, seafood-focused cafe Little Fish; and kaiseki newcomer UKA, which is housed inside Hollywood cultural center Japan House. Today’s only non-L.A. Michelin addition is San Francisco’s 7 Adams, which offers a budget-friendly, five-course tasting menu in addition to a chef’s counter tasting.

“We’re so proud of our food and what we make, but we also are serving food on paper plates, and we’re just doing breakfast and lunch,” said Anna Sonenshein, co-owner of Little Fish. “It’s just not something that we even really considered.”

Sonenshein and her partner, Niki Vahle, began their operation with a pop-up centered around a light-as-air fried fish sandwich, but their new Echo Park location has allowed them to expand their menu and their vision. In late 2023 they opened within Dada Market serving fish congee, cured-trout tartines, fried-tofu sandwiches, cottage cheese pancakes and more.

They said they’ll be watching for the release of Michelin Guide’s full 2024 list amid running Little Fish and readying a new restaurant that’s planned to open in Melrose Hill later this year.

“We’re so stoked to be included with the other new L.A. additions — there’s so many of our friends on there,” said Vahle. “Rather than to see our name alongside Michelin, I think we’re more more lucky to see our name alongside all of the other places that we love and respect so much.”

The reveal date and location for the 2024 Michelin California guide have yet to be announced. The California guide, including today’s new additions, can be found here.",Stephanie Breijo,,2024-03-12,CONTROL_International_Womens_Strike_2017_2024,single,True,0,"In, The, To"
https://www.latimes.com/world-nation/story/2024-03-12/mexican-journalist-abducted-by-armed-men-in-violent-western-state,Los Angeles Times,Prominent Mexican journalist abducted by armed men in violent western state,"A prominent journalist in western Mexico was abducted by armed men and has not been seen since, prosecutors said Tuesday.

The fate of radio and television anchor Jaime Barrera gained national attention in part because his daughter, Itzul Barrera, sits on the leadership council of President Andrés Manuel López Obrador’s Morena party.

Barrera vanished Monday after leaving a radio station where he worked in the city of Guadalajara. He never arrived at a television station where he was scheduled to host a show.

On Tuesday, the chief prosecutor of Jalisco state said Barrera had been kidnapped “in a violent manner” by three or four assailants, at least one of whom carried a rifle, but did not say whether any ransom demand had been made.

Investigators “have not found any indication that he had previously received threats,” said state prosecutor Luis Joaquín Méndez.

The kidnapping occurred in broad daylight in a busy section of Guadalajara, the capital of the western state of Jalisco, just yards away from the radio station. Barrera was snatched by the assailants before he could reach his car. Jalisco is home to the drug cartel of the same name.

Mexico is one of the deadliest places in the world for reporters outside of war zones. The Committee to Protect Journalists has documented the killings of at least 55 journalists in Mexico since 2018, when López Obrador took office.",Associated Press,,2024-03-12,CONTROL_International_Womens_Strike_2017_2024,single,True,0,"In, The, To"
https://www.latimes.com/california/story/2024-03-12/proposition-1-california-gavin-newsom-2024-election,Los Angeles Times,Opposition concedes that Newsom likely to eke out a win on Proposition 1 in California,"Gov. Gavin Newsom brimmed with confidence about Proposition 1 in January as he sat in a Costa Mesa Motel 6 room that was converted into housing for homeless veterans.

“I think it’s going to win overwhelmingly,” the governor said in an interview with The Times. “Period. Full stop.”

Nearly two months later, Newsom’s cockiness appears misplaced.

Despite millions spent by his campaign, Newsom’s ballot proposal to increase care for drug addiction and fund more treatment beds has held only a narrow lead since the March 5 primary. Still too close to officially call more than a week after the election, preliminary tallies from the California secretary of state showed Proposition 1 ahead by less than a percentage point.

Even with that uncertainty, the meagerly funded opposition campaign conceded Tuesday morning that the measure was “almost certain” to pass.

“We almost took down the bear, but it looks like we will fall short,” the Californians Against Prop 1 campaign said in a statement.

Newsom’s campaign said it was “optimistic” about the outcome, but there are still ballots to be tallied. More than 1.5 million ballots remain uncounted statewide in an election expected to exceed 7.5 million votes in all, which could be one of the lowest turnouts in state history.

The Associated Press, which member news organizations rely on to read results and call elections, said in a statement that “the race could flip if ‘No’ does just 1.5 percentage points better among the outstanding votes.”

“AP has determined that is too much uncertainty to make a call at this time as results across the state are uneven.”

Pollsters say Proposition 1 — and most Democratic candidates — underperformed on election day because of lower than expected voter turnout that inflated the Republican share of the electorate. Election returns showed inland counties and parts of Southern California opposed the measure, while a majority of voters in Los Angeles and the Bay Area backed the plan.

“It was the angry versus the apathetic,” said Jim DeBoo, a consultant for Proposition 1. “Republicans are angry and they showed up.”

Though Newsom’s proposal received rare bipartisan support from Central Valley Republicans and San Francisco Democrats in the state Legislature, that political harmony didn’t extend to voters. The measure was criticized by civil rights groups on the left who were concerned about the repercussions of funding secure mental health facilities and his GOP opponents on the right who scoffed at the estimated $14-billion price tag amid a massive state budget deficit.

Proposition 1 would approve a new $6.4-billion bond to support 10,000 treatment and housing beds and reconfigure a 20-year-old tax for mental health services to also fund services for drug addiction. The plan is essential to Newsom’s strategy to address California’s homelesness crisis, a persistent obstacle for the state and political vulnerability for the Democratic governor.

Under mounting pressure to clean up encampments and get people into treatment, the governor has adopted a series of policy positions that depart from the liberal model of voluntary treatment to a more moderate approach of compelling people with severe mental illness and substance disorders into care.

Newsom signed a law last year to expand conservatorship to allow courts to appoint someone to make decisions for people struggling with severe substance use disorders. Counties began implementing his CARE Court program, which gives families an opportunity to request that courts require treatment for a loved one, last year.

The lack of treatment beds and places to house an influx of patients has been the primary argument against Newsom’s strategy. In her state of the city address days after the election, San Francisco Mayor London Breed touted that the passage of Proposition 1 would provide “a real opportunity to add hundreds more” treatment beds.

“So when the state opens the pipeline for new beds, San Francisco is ready and first in line,” Breed said.

Civil rights organizations and advocates for the disabled community opposed the measure and raised alarm bells in 2023 over a last-minute change to Proposition 1 that allows counties to use the bond money for “locked facilities,” where patients cannot voluntarily leave.

American Civil Liberties Unions in California and League of Women Voters of California urged voters to reject the measure, arguing that community mental health services are more effective than institutionalization.

“I think the governor and mayors often just want the encampments to disappear by any means necessary,” said Katherine Wolf, a doctoral student in society and environment at UC Berkeley, who said she voted against Proposition 1.

Wolf said she believes that community programs that provide stability to some mentally ill Californians will lose funding if money shifts to involuntary treatment. Similar to the ACLU and League of Women Voters, she also opposes forcing people into care.

“For them to sneak it in at the last minute after promising all summer that the bond would only be used for community-based voluntary unlocked treatment, I think is really underhanded and I think they did it specifically to avoid objections from the groups and people who they knew would object,” Wolf said.

Newsom cast the measure as an opportunity to get more people off the streets and into treatment. The measure, he argued in an interview with The Times, addressed the most important issues to voters — crime, homelessness, substance abuse and mental health — and “90% of the boxes that unite the vast overwhelming majority of Californians.”

Early polls seemed to suggest Newsom was right. A survey conducted by the Public Policy Institute of California in November, for example, suggested that two-thirds of likely voters approved of Proposition 1, 30% opposed and a mere 2% remained undecided.

But despite the governor’s bullish stance publicly, behind the scenes his campaign predicted the final result would end up tighter than polls showed and sought to lower expectations in the months and weeks before the election.

Support dropped to 59% among likely voters in a second PPIC poll conducted in February.

By the end of the month, the measure teetered with only 50% support in a UC Berkeley Institute of Governmental Studies poll co-sponsored by the Los Angeles Times. More than one-third of voters were opposed and 16% remained undecided. A large majority of Republican voters who responded to the Berkeley poll opposed the measure, raising concerns about how Proposition 1 would fare in an election with higher GOP turnout.

In a memo sent days before the election, David Binder, a pollster hired by Newsom’s campaign, suggested the PPIC polling was optimistic given low turnout and underperformance among Democrats.

“It is likely that even as yes-on-Proposition 1 may have polled in the low 60s when first introduced in 2023 that the yes vote could end up in the low 50s, given the history of erosion in support for bond and tax measures and the specifics regarding low turnout and disproportionate Republican turnout that California is experiencing for the March 5th election,” Binder wrote.

Mark DiCamillo, director of the IGS poll, said that despite the bipartisan support at the state Capitol, it should come as no surprise that Republican voters didn’t rally behind Proposition 1.

Republicans tend to oppose big-ticket ballot measures. Voters of all political affiliations who remain undecided in the final days before an election also often end up voting against a measure if their mind isn’t made up, he said. Complicated measures, such as Proposition 1, can easily confuse voters as well.

“One other difference that probably worked against it in this election was that the turnout was so low that you basically have three times as many older voters, who tend to be more conservative than younger voters,” DiCamillo said.

Newsom’s campaign said the governor intentionally chose to place the measure on the March ballot because they believed it could “withstand a more conservative electorate and still pass on election day” and due to the urgency of the issue.

Anthony York, a spokesperson for the campaign, said — and pollsters agreed — that the measure would have performed better if placed on the November ballot where Democratic turnout is projected to be higher.

But Democrats in Sacramento are also eyeing several other bond measures on housing, schools and climate to put before voters in November that could total tens of billions of dollars. With the state struggling to offset a budget deficit of at least $37.9 billion, bonds act as a method of sorts for government to take out loans paid back over time to fund big-ticket policies.

Voting on Proposition 1 in March instead of November was a strategic decision that allowed Newsom to avoid a crowded ballot in the fall, said Paul Mitchell, vice president of Political Data Inc.

“Voters do, if you accumulate ballot measures that have spending, start to kind of collectively go ‘no’ on them,” Mitchell said.

Times staff writer Hannah Wiley contributed to this report.",Taryn Luna,,2024-03-12,CONTROL_International_Womens_Strike_2017_2024,single,True,0,"In, The, To"
https://www.latimes.com/sports/dodgers/story/2024-03-12/dodgers-trajekt-arc-batting-swings-shohei-ohtani,Los Angeles Times,"How Shohei Ohtani and other Dodgers get their swings in: Games, BP... and a Trajekt Arc?","Early on this spring training, Shohei Ohtani told Dodgers coaches he wanted to take 50 at-bats before the start of the regular season.

In order to reach the mark before the team’s opening day series in South Korea next week, the two-way star knew it would take more than just a handful of Cactus League exhibition games.

That’s why, when Ohtani discussed his 50 at-bat target with reporters last month, he noted three ways he could build toward his total.

If the latter sounds out of the ordinary for traditional preseason training methods, that’s because — in the latest example of baseball’s rapid technology revolution — it very much is.

This year, the Dodgers opened a new indoor training facility at Camelback Ranch, constructing a 12,000-square-foot building where their old open-air hitting cages used to be.

The space — nicknamed “The Lab” by players and coaches — is the new technological hub of Dodgers camp, home of data-driven training tools like force plates, motion-capture cameras and biomechanical tracking systems.

Of all the new high-tech toys at the Dodgers’ disposal, though, the Trajekt Arc machine has been one of the most-lauded, allowing batters to take simulated at-bats against any MLB pitcher, and any of their specific pitches.

“It’s really cool,” said Chris Taylor, one of several players who have used the Trajekt machine extensively this spring. “I don’t even know how they do that.”

Joshua Pope, CEO and co-founder of Trajekt Sports, can explain.

A decade ago, when he was a high school student in Toronto, Pope and some friends were at a Blue Jays game, watching Marcus Stroman pitch, when they started kicking around a hypothetical bet.

“How many swings would it take,” they wondered, “to actually make contact off Stroman?”

When Pope started looking at the Statcast data behind Stroman’s pitches — which measures everything from velocity to spin rate and horizontal and vertical break — he had an epiphany.

With all that information, he realized, “you can actually visualize the trajectory of every pitch.” And if it’s possible to visualize the shape of a specific throw, he thought, then “why isn’t there a way to replicate these pitches [in real life]?”

Thus, in college at the University of Waterloo in Canada, that’s what Pope tried to achieve. Inspired by a robotic hockey slap-shot machine built by one of his professors, he started creating designs for a system that would eventually become the Arc machine.

It wasn’t a seamless process. Pope and his co-founder, Rowan Ferrabee, had to devise a way to generate life-like spin on the ball using a three-wheel pitching machine (“If you rotate the wheels off-axis,” Pope explained, “you can get the gyro spin” needed to emulate breaking pitches).

They created a ball insert that effectively replicates a pitcher’s grip, making sliders and curveballs look the same as if an actual pitcher had thrown them.

To top it all off, they added a gigantic video screen to the front of the machine. Before every “pitch,” the screen displays a video of the selected pitcher’s wind-up. Then, in the exact same spot as the pitcher’s release point, a hole opens in the screen through which the ball comes zipping out.

“It’s a great tool,” manager Dave Roberts said. “A lot of those guys are in there all the time. It just gives you that real live look at a pitcher.”

It’s not a perfect replication of a real-life at-bat, with some aspects of a delivery, such as a pitcher’s extension toward the plate, unable to be imitated.

Not all Dodgers have obsessed over the Trajekt machine, either. First baseman Freddie Freeman, for example, still prefers more traditional drills hitting balls flipped to him or placed on a tee. Others, like catcher Will Smith, have only partially incorporated it into their spring routines, using it to get looks at opposing pitchers such as Zac Gallen of the Arizona Diamondbacks

“Obviously, it’s still a machine,” Smith said. “You’re not actually seeing [the ball come out of] the hand.”

Yet, Smith noted, “it’s the best option out there.”

Taylor went a step further, hopeful the machine could help level the playing field between hitters and pitchers — who have long benefited more than their bat-yielding counterparts from technological advances in training.

“Pitchers have all these [tools] they use,” Taylor said. “So it’s nice for us to be catching up a little bit.”

To Taylor, Trajekt pitches sometimes feel “firmer and quicker” than facing a real pitcher. As a result, “guys have said when they get in the game, it slows the ball down,” Taylor added.

Gavin Lux has used the machine to accelerate his return from a torn ACL. While Lux’s defense has struggled this spring, Roberts said the infielder’s bat — Lux is batting .310 in Cactus League play — is better than he has ever seen.

“I don’t feel like I’ve skipped a beat too much on that,” Lux said. “The Trajekt machine we have has helped a ton.”

Roberts himself even stepped into the box for one pitch off the Trajekt system, cueing up a slider from Atlanta Braves ace Max Fried.

“I almost blew my back out,” the manager and former big-league outfielder said, laughing. “So that was it for me.”

For now, the machine — which is already used by more than half of all MLB teams — will only be available to Dodgers players at Camelback Ranch. While Roberts said there are plans to install one at Dodger Stadium eventually, the project won’t be complete in time for the 2024 campaign.

Nonetheless, the Trajekt is already making an impact across Dodgers spring this year, helping everyone from Lux to Taylor to Muncy and Ohtani, most of all, prepare for their early start to the upcoming season.

“It’s something we’ve made really good use of,” Muncy said. “Guys have already been taking huge advantage of it.”",Jack Harris,,2024-03-12,CONTROL_International_Womens_Strike_2017_2024,single,True,0,"In, The, To"
https://www.latimes.com/business/story/2024-03-12/stock-market-today-wall-street-rallies-to-a-record-as-big-tech-stocks-renew-their-run,Los Angeles Times,Wall Street rallies to a record as Big Tech stocks renew their run,"U.S. stocks rallied to records Tuesday, led again by technology companies, as some of Wall Street’s most influential got back in their groove.

The Standard & Poor’s 500 jumped 1.1% to top its all-time high set last week. The Dow Jones industrial average climbed 0.6%, and the Nasdaq composite jumped 1.5%.

All three indexes began the day with losses after a highly anticipated report on inflation said U.S. consumers paid prices that were a bit higher last month than economists expected. The worse-than-expected data kept the door closed on hopes that the Federal Reserve could deliver long-sought cuts to interest rates at its meeting next week.

But the inflation figures were still close to expectations, and traders held on to hopes that the longer-term trend downward means the Fed will begin the hoped-for cuts in June. That helped stock indexes to reverse their losses as the day progressed.

Plus, inflation may not be as hot in reality as the morning’s report suggested.

“January and February are notoriously noisy months for a lot of economic data,” said Brian Jacobsen, chief economist at Annex Wealth Management.

“The Fed wasn’t planning on cutting rates next week, and this report doesn’t change that. The discussion around the table will be more about the longer-term trend.”

The fear is that “sticky” inflation that refuses to go down will force the Fed to keep interest rates high, which grinds down on the economy and investment prices. The Fed’s main interest rate is already at its highest level since 2001.

“Another hotter-than-expected CPI reading may breathe new life into the sticky inflation narrative, but whether it actually delays rate cuts is a different story,” said Chris Larkin, managing director, trading and investing, at E-Trade from Morgan Stanley.

For months, traders on Wall Street have been trying to get ahead of the Federal Reserve and guess when rate cuts will arrive. They have already sent stock prices higher and bond yields lower in anticipation of it.

Through it all, the Fed has remained “nothing if not consistent in doing what it said it would do,” Larkin said. “Until they say otherwise, their plan is to cut rates in the second half of the year.”

The immediate reaction across financial markets to the inflation data was nevertheless halting and uncertain.

In the bond market, Treasury yields initially dropped and then swung higher. The yield on the 10-year Treasury eventually rose to 4.15% from 4.10% late Monday.

The price of gold, which has shot to records on expectations for coming rate cuts, also swung. An ounce for delivery in April ended up falling $22.50 to settle at $2,166.10. A measure of nervousness among U.S. stock investors, meanwhile, eased more than 8% after squiggling up and down a few times.

On Wall Street, big technology stocks did much of the market’s heaviest lifting. Oracle jumped 11.7% after reporting stronger profit for the latest quarter than analysts expected.

Nvidia also rallied 7.2% to bounce back from a rare two-day stumble. A frenzy on Wall Street around artificial intelligence technology has caused its stock to swell, making it one of the most influential on the market. It was the single strongest force pushing the S&P 500 upward on Tuesday.

New York Community Bancorp rose 5.8% after it said it had closed its previously announced deal to raise roughly $1.05 billion in cash from the sale of stock. The bank has been struggling under the weight of falling prices for commercial real estate and the growing pains associated with prior acquisitions it made. Its troubles have also led to worries about the broader regional banking industry.

3M climbed 5% after it said Bill Brown, the former chairman and chief executive of L3Harris Technologies, will take over as its CEO at the start of May.

On the losing end of Wall Street was Southwest Airlines. It dropped 14.9% after cutting its forecast for an important measure of revenue in the first three months of this year, partially because of lower-than-expected demand by some leisure travelers.

It also said Boeing had told the company that it would deliver fewer airplanes than expected this year. Shares of Boeing, which is facing criticism over safety and manufacturing quality, sank 4.3%.

All told, the S&P 500 rose 57.33 points to 5,175.27. The Dow climbed 235.83 points to 39,005.49, and the Nasdaq advanced 246.36 points to 16,256.64.

In stock markets abroad, Japan’s Nikkei 225 slipped 0.1%, retreating further from its recent records. Expectations are building that its central bank will raise interest rates, which are below zero.

Indexes jumped 3.1% in Hong Kong, 1.2% in Frankfurt and 1% in London but moved more modestly elsewhere across Asia and Europe.

Stan Choe writes for the Associated Press. AP business writers Elaine Kurtenbach and Matt Ott contributed to this report.",STAN CHOE,,2024-03-12,CONTROL_International_Womens_Strike_2017_2024,single,True,0,"In, The, To"
https://www.latimes.com/entertainment-arts/movies/story/2024-03-12/sharon-stone-identifies-producer-who-allegedly-pressured-her-to-sleep-with-her-sliver-co-star,Los Angeles Times,Sharon Stone identifies producer who allegedly pressured her to sleep with her 'Sliver' co-star,"Sharon Stone has identified the Hollywood producer and studio executive she alleges pressured her to have sex with her “Sliver” co-star William “Billy” Baldwin.

The “Basic Instinct” star said in Monday’s episode of the “The Louis Theroux Podcast” that the 1993 film’s producer, the late Robert Evans, pressured her to sleep with Baldwin to get a “better” performance from the actor. She initially told the story in her 2021 memoir, “The Beauty of Living Twice,” but named neither the producer nor the co-star in that telling.

The 66-year-old actor recalled Evans calling her into his office, which had very low couches from the 1970s or ’80s. She described an exchange that happened while she was “essentially sitting on the floor when I should have been on set.”

“He’s running around his office in his sunglasses explaining to me that he slept with Ava Gardner,” she said. “And I should sleep with Billy Baldwin because if I slept with Billy Baldwin, Billy Baldwin’s performance would get better.’”

She said that the “Chinatown” producer believed his request would give them better “chemistry on screen” and would “save the movie.” She recalled Evans telling her that “the real problem in the movie was me because I was so uptight, and so not like a real actress who could just f— him and get things back on track and the real problem was that I was such a tight-ass.”

Representatives for Baldwin did not immediately respond Tuesday to The Times’ request for comment.

The Oscar-nominated star said that she just kept thinking about the list of actors she had suggested for the part and “why they expect me to go from Michael Douglas [in ‘Basic Instinct’] to Billy Baldwin.”

“I didn’t have to f— Michael Douglas. Michael could come to work and know how to hit those marks and do that line and rehearse and show up. Now all of a sudden I’m in the ‘I have to f— people’ business.”

Stone explained that she thought Evans, who had an infamous cocaine problem, was “just high out of his mind” during the meeting.

Evans, who died in 2019 at 89, reigned as the production chief of Paramount Pictures in the late 1960s and early ’70s. The actor-turned-producer was known for saving Paramount Pictures with the now-classic films “Rosemary’s Baby,” “Chinatown” and Francis Ford Coppola’s “The Godfather.” He transformed from a sportswear mogul into a legendary independent producer. However, he fell from grace in the 1980s when he was involved in a drug scandal and later linked to the high-profile “Cotton Club” murder case. (Evans was never charged with any involvement in the crime.)

In November, Stone opened up about a separate 1980s encounter during an episode of Kelly Ripa’s “Let’s Talk Off Camera,” detailing the alleged incident of sexual harassment while also without naming the person.

According to Stone, a former head of Sony invited her to his office for a professional meeting, then exposed his penis and suggested that an act of quid pro quo could make her a star. Stone, who entered the entertainment industry when she was in her early 20s, was new to Los Angeles at the time.

Stone described a man “pacing around the office” who began showering her with compliments before taking his penis out and putting it right in her face.

“And of course, I was very young and what I do when I’m nervous ... I started laughing and crying at the same time and I couldn’t stop because I became hysterical,” Stone said. She added that the executive left through a door behind his desk, and his secretary eventually appeared and escorted Stone from the building. “But this was not the last of many weird experiences like this in my career,” she added.

The “Catwoman” actor said that during the rise of the #MeToo movement, again without naming the executive, she publicly called on him to apologize. “You know who you are,” she recalled saying. “If you want to come to me and say sorry, I will accept you. I will accept your apology.”

On the “The Louis Theroux Podcast,” Stone continued to name names but didn’t identify the Sony exec. However, she did trash disgraced movie mogul Harvey Weinstein, whom she repeatedly called a “disgusting pig,” and a violent anaconda who called her “Princess Sharon,” was “physically violent with me on more than one occasion” and threw her across rooms because she “wouldn’t do what he wanted me to do.”

Conversely, she said she had “a spectacular successful experience every time” she worked with embattled filmmaker Woody Allen, who directed her in “Stardust Memories” and worked with her on “Antz” and “Fading Gigolo.”

“I worked with him off and on all my life and never a hint of anything inappropriate ever. I’ve never seen him be inappropriate. I’ve never seen him demonstrate a whiff of impropriety towards any woman or any young girl. I’ve never seen him behave in any way that wasn’t completely professional and charming and funny and nice and good,” she said.

Stone also opened up about her Oscars loss in 1996 and said that she hasn’t had another great part since her role in the 1995 film “Casino,” explaining the challenges she’s faced in that time.

‘You have to pretend [losing] is fantastic and it’s not fantastic. And then I didn’t get any good parts ever again, for the rest of my entire life. And guess what, I hate it .... because it’s easier to say ‘she’s cold’ or ‘I don’t like her’ or ‘she’s difficult’ or ‘she must be sick’ or ‘she’s too old’ or ‘she’s hard to cast’ or ‘we don’t know what to do with her’ than ‘what if she comes in and gives another performance and she gets nominated instead of Robert De Niro, well that doesn’t go well, that’s not what we want to have happen.”

Times staff writer Emily St. Martin contributed to this report.",Nardine Saad,,2024-03-12,CONTROL_International_Womens_Strike_2017_2024,single,True,0,"In, The, To"
https://www.latimes.com/sports/story/2024-03-12/caitlin-clark-kobe-bryant-photo-trophy-shower,Los Angeles Times,How Caitlin Clark re-created iconic Kobe Bryant photo with trophy in shower stall,"Iowa superstar Caitlin Clark and her Hawkeyes teammates had just wrapped up their third straight Big Ten championship.

As Bri Lewerke watched the celebration on the Target Center floor in Minneapolis, the freelance photographer couldn’t help but think about another basketball icon — the late Kobe Bryant, who had become a huge champion for women’s sports following his 20-year career with the Lakers.

“I often think about Kobe Bryant when it comes to women’s basketball in general,” Lewerke, 29, told The Times in a phone interview. “ I often find myself just feeling sad, like we missed out on so much of Kobe’s support for the women’s game.”

Specifically, Lewerke thought about a famous photo shoot in which a stoic Bryant sat with the Larry O’Brien trophy inside the shower room at Philadelphia’s First Union Center after the Lakers defeated the 76ers to claim the 2001 NBA title.

Lewerke noticed similarities between that trophy and the one the Hawkeyes had just received, and she was inspired. Why not try to re-create the well-known Bryant photo with a new basketball icon who recently broke the all-time scoring record for NCAA Division I basketball, men’s or women’s?

“It wasn’t really planned, but it just came from the inspiration of seeing the trophy and also knowing that this was Caitlin’s senior year and after this she’s moving on to the WNBA,” said Lewerke, a Dallas-based social media manager for Spotify who does photography on the side. “I was hoping to capture that photo while we had the chance.”

Before she became a household name, Clark was a local phenomenon at Dowling High in West Des Moines, Iowa. As a junior in 2019, Clark dropped 60 points during a game against Mason City (Iowa) High, which just happens to be Lewerke’s alma mater.

Lewerke has followed Clark’s career ever since. The two women connected in person last year at the women’s Final Four in Dallas.

“We’ve kind of stayed in touch and talked about opportunities where we could photograph together and whatnot, and then she knew I was coming to the Big Ten championship,” Lewerke said. “We had been talking all weekend and she made sure that I was able to kind of follow her around after the celebration and after the game to get a bunch of photos.”

Lewerke was taking photos of Clark after the championship game when she pitched the idea of recreating the celebrated Bryant photos. Clark, who has worn Bryant’s Nike signature shoes all season, was “super-excited” about the idea and helped Lewerke gain access to the locker room for the shot, the photographer said.

Clark has retweeted several of Lewerke’s posts from the tournament, including one that shows side-by-side photos of Clark and Bryant in the same well-known pose. The Times reached out for comment from Clark through the Iowa women’s basketball team and did not receive an immediate response.

Lewerke has received “overwhelmingly positive reactions” regarding the photos, she said, although there has been some backlash as well. Some people think she shouldn’t be drawing parallels between a conference championship and an NBA title, Lewerke told The Times, while others have said the new photo is inappropriate because of the story behind the old one.

Bryant was emotional during the 2001 photo shoot, later saying, “That was about my dad.” At the time, Bryant was estranged from his parents, who did not attend his wedding in April of that year and were not on hand to see him win his second NBA title in the family’s hometown moments before the shower photos were taken.

But Lewerke stands by her work and all of the positives she feels it represents.

“I think Caitlin absolutely has the Mamba Mentality and I think if Kobe was still here he would be absolutely elated to see Caitlin Clark play and support her,” Lewerke told The Times. “It’s just heartbreaking that we never got to see that happen, but it was still amazing what Kobe did do for the women’s game while he was here. And I think my thought was more about how Kobe would’ve been honored that Caitlin is paying homage to him.”

She added: “I just think there’s a really strong connection there even though he’s not here with us. I think there’s still ways to highlight that connection and honor what he did for the women’s game, and I was just lucky to be a small part of that.”",Chuck Schilken,,2024-03-12,CONTROL_International_Womens_Strike_2017_2024,single,True,0,"In, The, To"
https://www.latimes.com/sports/usc/story/2024-03-12/usc-basketball-pac-12-tournament-bronny-james-isaiah-collier,Los Angeles Times,USC dismisses Arizona upset and instead focuses on sparking a Pac-12 tournament run,"Andy Enfield wasn’t greatly moved by a great win. The USC coach shrugged off the Trojans’ first victory over a top-five team since 2008.

“We’ve won a lot of games against good teams over the years,” Enfield told reporters after the Trojans shocked then-No. 5 Arizona at Galen Center on Saturday.

The win ended USC’s six-game losing streak in the series and signaled the start of a bigger mission. Needing a miraculous conference championship run to earn their fourth consecutive NCAA bid, the Trojans hope to carry the momentum into the Pac-12 tournament beginning Wednesday at 12 p.m. against eighth-seeded Washington at T-Mobile Arena.

The No. 9 seed Trojans (14-17, 8-12 Pac-12) are on a season-long three-game winning streak but face a daunting task in Las Vegas. Since the conference expanded in 2012, only two teams — Colorado in 2012 and Oregon in 2019 — have managed to win four games in four days to steal the Pac-12 title.

“I don’t think we can take our foot off the pedal,” junior guard Kobe Johnson told reporters Saturday, “because we still got four more games to win.”

Here are three things to watch for USC in the tournament:

Peaking at the right time

With the healthy roster they always imagined, the Trojans are averaging 75.9 points during their last 10 games with a 6-4 record. Three of the losses went to overtime or came down to a single possession.

Freshman guard Isaiah Collier’s return from a broken hand has largely fueled the resurgence. The 19-year-old who was named to the conference’s all-freshman team Tuesday is averaging almost 18 points since returning from a six-game absence. Just as important is his improving assist-to-turnover ratio: 1.8 assists to every turnover in the last six games compared to 1.1 before the injury.

Injuries to Collier and Boogie Ellis (hamstring) helped players such as Johnson and forward DJ Rodman build confidence while filling larger roles, and with the star guards back, “it’s all just putting the pieces together,” Johnson said.

The plan came together perfectly last weekend. Ellis powered the Trojans to a win against the Arizona State by scoring 20 of his 28 points in the second half. Then when the fifth-year guard struggled on offense against the Wildcats, Johnson and Rodman stepped in, scoring 19 points each to show the depth USC needs to make a long run in Las Vegas.

“It shows,” Johnson said, “that we can compete with anybody.”

Rodman quickly jumped in: “We can beat anyone.”

X-factor

Bronny James has made one three-pointer in the last six games, and he made it count. The freshman’s step-back three at the end of the first half against Arizona gave the Trojans an emotional boost and four-point lead over the Wildcats. James has faded in and out on offense while adjusting to the college game and recovering from a sudden cardiac arrest suffered last summer but enters the postseason with momentum from a five-point, six-rebound performance against Arizona.

“This,” Enfield told reporters, “is the best he’s played in a while.”

Enfield praised the off-the-bench play from James, who also had a career-high six rebounds, and sophomore Vincent Iwuchukwu as a reason for USC’s upset win. It’s the type of lift the Trojans have been waiting for on a roster of mostly young players and veterans expected to step into larger roles.

Iwuchukwu, who had four points and two rebounds while battling Arizona center Oumar Ballo, is averaging 5.7 points and 3.9 rebounds. The former five-star prospect’s USC career has been marred by medical scares and injuries from a cardiac arrest two summers ago to offseason back surgery this season. The 7-foot-1 forward has yet to have an offseason dedicated purely to improving his game.

“He’s still a developing big man,” Enfield said last month. “He has a lot of upside in his game still. And we think he’s going to be a terrific player.”

The road ahead

USC’s confidence-boosting win on senior night set up a potential rematch with top-seeded Arizona in the quarterfinals Thursday. The Trojans needed the victory to force a multiteam tiebreaker for ninth place in the conference standings with Arizona State and Stanford. USC’s 3-1 record against California, Utah and Washington — who were all tied for sixth place — boosted the Trojans to the No. 9 seed.

Washington (17-14, 9-11 Pac-12) is coming off its own marquee victory, upsetting rival Washington State in Pullman for its first ranked road win since 2017. Pac-12 sixth man of the year Koren Johnson led the Huskies with 23 points, but it wasn’t enough to save head coach Mike Hopkins’ job. A day after the victory, the school announced it will not retain Hopkins after the end of the season.

If the Trojans knock off Washington for a second time this month — following USC’s 82-75 win in Seattle on March 2 — they’ll have a rematch with Arizona. The regular-season champion Wildcats, who earned a first-round bye, have never lost consecutive games under third-year coach Tommy Lloyd.",Thuc Nhi Nguyen,,2024-03-12,CONTROL_International_Womens_Strike_2017_2024,single,True,0,"In, The, To"
https://www.latimes.com/entertainment-arts/music/story/2024-03-12/boss-dead-lichelle-laws-def-jam-first-female-rapper-was-54,Los Angeles Times,"Boss, Def Jam's first female rapper and 'Born Gangstaz' musician, dies at 54","Lichelle Laws, the musician who became Def Jam’s first female rapper under the moniker Boss (stylized as Bo$$), has died. She was 54.

Laws’s older sister Jovita Cheryl Moffett confirmed the rapper’s death in a phone call with The Times. Laws died Monday at Ascension Providence Hospital in Southfield, Mich.

No cause of death was revealed. Before her death, Laws lived with renal disease and suffered a “major stroke and seizure” in 2017, according to a 2021 GoFundMe organized by her sister Karyl Laws Addison.

News of Laws’ death spread after fellow rapper Bun B mourned the “Deeper” and “I Don’t Give a F—” artist on Instagram. Bun B (real name Bernard James Freeman) remembered Laws as “one of the best female MCs and a dear friend.”

Bun B’s Instagram announcement prompted tributes in the comments from additional hip-hop stars including Jermaine Dupri, Wu Tang’s Ghostface Killah and Jadakiss.

Def Jam also honored Boss on Instagram, sharing a photo of the rapper in a matching brown Carhart ensemble and big sunglasses. In the caption, Def Jam said Boss will “be remembered as a pioneer in hip hop.” The record label also extended its condolences to her family.

For Laws, gangsta rap was the name of the game. In a Q&A with The Times in 1993, Laws said the genre “really gets your blood rushing.”

She added: “It’s exciting, it kicks you in the butt. Good gangsta rap makes me feel like I just parachuted out of a plane.”

Laws, born in Detroit, began her career after moving to Los Angeles, where she said gansgsta rap was more accepted. After years of living on the street in parts of Los Angeles including Compton and Inglewood, Laws and her crew met a woman who let them live in her house for free. Then she began working on her music.

Despite interest from other companies, Laws’ demo made it to Def Jam co-founder and music mogul Russell Simmons. Simmons signed Boss to his Def Jam West roster in 1992. A year later, she released her debut and sole studio album, “Born Gangstaz.”

The expletive-filled release featured popular songs including “Deeper,” “Born Gangsta” and “I Don’t Give a F—.” Within two months, “Born Gangstaz” sold nearly 400,000 copies.

Laws’ music featured references to violence, drugs and sex. She prided herself on talking “hard and tough,” instead of sounding “silly.” She often described other female rappers’ material as “weak.”

“They’re acting,” she told The Times. “Their hearts aren’t in it. But my heart, soul and everything else is in my raps. That’s why I’m as bad as any of these male gangsta rappers.”

Still, Laws said that she had difficulty convincing male-run record companies that there was an audience for hard-core female rap such as hers. “A lot of men ... think women should be quiet and have babies,” she said, before advocating for more woman power at the top.

Though a relative newbie in the ’90s, Laws had big plans for her music career and beyond: “One of my goals is to have my own company.”

She added: “There are so many hard-core female rappers out there that need a chance, and I’d be in a position to give it to them.”

In addition to lending her talent to artists including rapper AMG, West Coast rap group South Central, Krayzie Bone and LaReece, Boss’ music appeared in a handful of movie and television projects, including Netflix’s “Orange Is the New Black” and Showtime’s “The Man Who Fell to Earth.”

Laws was born Sept. 12, 1969, and had a “very proper upbringing,” which included ballet classes in her youth and an education at Oakland Community College near Detroit. That just wasn’t her style, she said.

“I didn’t start living till I got out of that proper s—,” she told The Times. “That’s when the real me got out of the cage.”

The rapper’s family, which has set up an online memorial fund, will hold a public celebration of Laws’ life on March 23. The location has yet to be revealed.",Alexandra Del Rosario,,2024-03-12,CONTROL_International_Womens_Strike_2017_2024,single,True,0,"In, The, To"
https://www.latimes.com/delos/story/2024-03-12/sxsw-pink-pablo-los-aptos-polo-gonzalez-bodine-las-tiarras-nohemy,Los Angeles Times,Here's who's performing at the De Los music showcase at SXSW,"We’re heading to Texas, y’all!

On Friday, De Los will host an official showcase at the 2024 South by Southwest Music Festival, which draws hundreds of thousands of music fans to downtown Austin every year to see bands and artists from across the globe play in an intimate setting.

While SXSW does feature today’s biggest stars — Peso Pluma, the Black Keys and Big Boi are slated to perform this year — the festival has developed a reputation of being the place to check out tomorrow’s favorite artists before they blow up.

That element of discovery was the guiding principle behind curating the De Los showcase. The lineup includes up-and-coming artists making waves in the world of Latin music, from musica Mexicana to urbano.

If you’re in Austin for SXSW, join us at La Factoria — located at 22 E. 6th St., Austin — for a night of musica de aquí, de allá y de los dos lados.

Here’s who’s performing:

Polo González

In recent years, musica Mexicana has shed its one-size-fits-all “regional” label and become a global powerhouse with several subgenres. This transformation occurred thanks to a new wave of millennial and Gen Z artists on both sides of the border who have built massive audiences on social media.

Polo González fits the profile. Born in Jalisco, Mexico, and raised in Denver, the 24-year-old singer-songwriter went viral in 2021 with “Sencillo Soy,” a corrido tumbado about humble beginnings that’s full of bravado; as of this writing, the music video has more than 65 million views on YouTube. González has since released two albums and has collaborated with the likes of Peso Pluma and Óscar Maydon.

Los Aptos

Los Aptos began in 2020 as a sad sierreño group out of Fort Wayne, Ind., that put out emotionally vulnerable guitar ballads about love and loss. Their single “Enamorado,” a tender ode about succumbing to your one true love, drew the attention of fans and labels alike.

Since then, the 20-something trio of Juan Ortega, Johnny Rivera and Daniel Vaides have evolved Los Aptos into an act that fuses traditional Mexican music with dreamy bedroom pop, rock and even jazz. 2023 was a big year for the band: They guest performed during VPS Music labelmate DannyLux’s Coachella set, released “Descifrar” (their fourth LP) and played at Lollapalooza.

Pink Pablo

It’s easier to describe Pink Pablo by his vibe — a unique brand of frenetic YOLO-ism — than by the many genres he dabbles in: urbano, pop punk, dance and indie rock.

Pink Pablo is the stage persona of Juan Pablo Rivera, a producer-singer-songwriter from Rio Piedras, Puerto Rico, who dropped out of graduate school (he was pursuing a master’s degree in clinical psychology at Columbia University ) to focus full-time on making music. In October 2023, Rivera self-released “road 2 neverland,” a six-track EP that only slightly lets its foot off the gas pedal until the final song.

Bodine

Born in Amsterdam and raised in San Juan, Puerto Rico, Bodine Koehler Peña is a former model turned musician who combines sultry vocals with equally sensual beats. Her 2022 LP, “Celos,” was an impressive debut that featured collaborations with urbano artists Fuego and Chicocurlyhead.

Her latest single, “No Me Quiera Más Na’,” is a Latin-infused club anthem about fickle men who are nonetheless difficult to quit. The music video, released in late February, doubles as an homage to Iris Chacón, the legendary singer and actress who was affectionately dubbed “La Bomba de Puerto Rico.”

Las Tiarras

It wouldn’t be a proper SXSW showcase without some homegrown talent.

Las Tiarras is an Austin-based family band composed of sisters Tiffany, Tori and Sophia Baltierra, who blend rock, psychedelic cumbia, reggae and soul to create their own brand of feminist Chicana music. Their latest single is a funky standout cover of the Cuban classic “La Negra Tomasa,” a 1937 composition by Guillermo Rodriguez Fiffe that has been interpreted by everyone from Buena Vista Social Club to rock en español legends Caifanes.

Nohemy

As with the other artists performing at the De Los showcase, trying to categorize Nohemy into one genre feels reductive. Though she is mostly associated with urbano, her 2023 album “Nohaus,” made with German producer The Crvv, saw her comfortably venture into house music. “Loca,” the album’s second track, is nearly three minutes of sheer fist-pumping goodness. Hailing from Bayamón, Puerto Rico, Nohemy is also an accomplished songwriter (she’s collaborated with Mexican pop diva Paulina Rubio).",Fidel Martinez,,2024-03-12,CONTROL_International_Womens_Strike_2017_2024,single,True,0,"In, The, To"
https://www.latimes.com/entertainment-arts/tv/story/2024-03-12/jenifer-lewis-10-foot-fall-serengeti-balcony-nothing-would-move,Los Angeles Times,"Jenifer Lewis, 67, reveals 10-foot fall from Serengeti balcony: 'Nothing would move'","Jenifer Lewis, the Broadway and “Black-ish” television star known for her high kicks, revealed that an accident in the African Serengeti left her with injuries to her shoulder and hip.

The 67-year-old entertainer said she fell 10 feet from a hotel balcony while she was visiting the famed safari destination in 2022. She told “Good Morning America” anchor Robin Roberts in an interview clip that aired Tuesday, “I was in shock.”

Lewis said: “In pitch black, I didn’t know I was falling. Nothing would move.”

On the heels of “Black-ish’s” series finale in 2022, Lewis — an avid traveler — said she booked a trip to Africa, where she visited various parts of the continent, including Cape Town in South Africa and Rwanda. “We’re feeling a lot,” she told Roberts. “We’re going where the real people are.”

A wildlife safari in the Serengeti was part of Lewis’ itinerary, she said, but her travels took a turn for the worse when she checked into her hotel room. The author and self-proclaimed “Mother of Black Hollywood” said she did not receive a room tour and explored the accommodations by herself.

“I should’ve been given a tour,” she said before detailing how she went to her balcony to check out the deck and infinity pool. She told Roberts a space of the balcony was not cordoned off and featured no warning signs.

“I’m walking and all of a sudden ... I had fallen 10 feet into a dry ravine full of boulders, and stones, and sharp rocks,” she said.

Despite the pain, Lewis said she urged herself to call out to a friend accompanying her on the trip. However, when her friend used a flashlight to locate Lewis, she learned the actor was not alone in the dark. According to Lewis, a Cape buffalo and a lion were near where she had fallen.

Lewis said that soon after her fall, while she waited for medical assistance, she reflected on her mortality.

“My last thought — because I am Jenifer Lewis —was, ‘What a headline,’” she said, laughing. “‘The King Ate the Queen: Pieces of Jenifer Lewis’ body [are] being flown back to the States.’”

After “GMA” aired the preview of Lewis’ conversation, Roberts told her co-anchors that the “Mystery Men” and “The Preacher’s Wife” actor said she kept private about her fall “until ‘I can show you how I got back up.’”

Lewis is set to revisit her debilitating fall and her recovery when her full interview with Roberts airs Tuesday at 5:30 p.m. Pacific.",Alexandra Del Rosario,,2024-03-12,CONTROL_International_Womens_Strike_2017_2024,single,True,0,"In, The, To"
https://www.latimes.com/sports/story/2024-03-12/kobe-bryant-statue-misspellings-jose-calderon-von-wafer-lakers,Los Angeles Times,Good thing that Kobe Bryant is getting three statues. The first one has typos,"It’s a good thing that Kobe Bryant is getting three statues built.

The first one immortalizing the Lakers legend was unveiled last month outside Crypto.com Arena and it has three glaring typos.

The 19-foot statue honoring Bryant’s 81-point performance against the Toronto Raptors in 2006 — with him pointing a finger in the sky — has fans now pointing toward the base of the statue. That’s where the game’s box score has the names of two players — Raptors guard Jose Calderon and Lakers guard Von Wafer — and the word “decision” misspelled.

The Lakers are planning to fix the mistakes on the statue sculpted by Julie Rotblatt Amrany.

“We have been aware of this for a few weeks and are already working to get it corrected soon,” a Lakers spokesperson said in a statement.

Calderon’s last name is misspelled as “Calderson” on the statue, and Wafer’s first name is written as “Vom.” Wafer, whose actual name is Vakeaton Quamar Wafer, was a rookie for the Lakers during the 2005-06 season and the box score shows that he did not play due to a coach’s “decicion.”

Calderon, who was also rookie that season, went on to play for the Lakers during the 2016-17 season, a year after Bryant retired after 20 seasons with Los Angeles.

Almost four years after leaving the NBA, Bryant died with eight others in a helicopter crash on Jan. 26, 2020, in Calabasas.

The Lakers announced in February of this year that Bryant would get two more statues, one with him in a No. 24 jersey, which he wore in his last 10 seasons, and the other will be of him and his daughter, Gianna, who was also killed in the helicopter crash.",Caroline Petrow-Cohen,,2024-03-12,CONTROL_International_Womens_Strike_2017_2024,single,True,0,"In, The, To"
https://www.latimes.com/socal/daily-pilot/news/story/2024-03-12/hbpd-arrests-3-women-who-grabbed-fled-with-more-than-3k-in-cvs-merchandise,Los Angeles Times,"HBPD arrests 3 women suspected in grabbing, fleeing with more than $3K in CVS goods","Huntington Beach police on Monday arrested three Anaheim women on suspicion of organized retail theft, after they allegedly entered a CVS store and stuffed more than $3,000 of merchandise into large bags before fleeing in a van.

Jessica Cucilla, a Huntington Beach Police Department spokeswoman, said officers were called to the 100 block of 5th Street at around 12:30 p.m., where a reporting party described witnessing the incident of shoplifting, as the three suspects allegedly grabbed items before exiting the store toward the parking lot.

“The reporting party provided a good description of the vehicle, and officers were able to locate the vehicle,” Cuchilla said Tuesday. “They conducted a traffic stop on the vehicle and arrested the three individuals.”

Three suspects —18-year-old Maria Parnica, Daniela Ciuciu, 25, and 19-year-old Maria Hornea, all residents of Anaheim — were arrested and booked on charges of grand theft shoplifting and organized retail theft with the intent to sell, exchange or return.

An image posted to HBPD’s social media accounts Tuesday showed some of the items recovered, including a giant shoulder bag filled with makeup and other beauty products and pharmacy items.

Cuchilla said while it is still unknown whether Monday’s theft was committed by a known organized theft outfit or was simply an isolated incident, the actions of the suspects fit the description of California’s penal code enough to qualify for such charges.

The code defines organized retail theft as when an individual acts in concert with others to steal merchandise from a merchant’s business with the intent to sell, exchange or return the stolen goods or works in concert with two or more people to purchase said stolen items with a similar intent. It also applies to those who act as agents to steal from a merchant as part of an organized plan.

“It could be based on the evidence and how they stole the items — they weren’t being discreet or maybe they were just filling up the bags,” Cuchilla explained. “It doesn’t necessarily mean they are a retail theft group.”",Sara Cardine,,2024-03-12,CONTROL_International_Womens_Strike_2017_2024,single,True,0,"In, The, To"
https://www.latimes.com/entertainment-arts/business/story/2024-03-12/roman-polanski-sued-lawsuit-child-rape,Los Angeles Times,Roman Polanski civil trial set for August 2025 in child rape case,"A trial date has been set in a civil case alleging that Roman Polanski raped a child in the 1970s.

The trial is scheduled to take place on Aug. 4, 2025, following a lawsuit that accused Polanski of giving a child alcohol and raping her at his Benedict Canyon home. The complaint was filed last June in Los Angeles County Superior Court.

The filmmaker wasn’t named in the case until July; the plaintiff remains anonymous as Jane Doe.

The plaintiff and her attorney, Gloria Allred, discussed the case Tuesday during a news conference in Los Angeles.

“Our client ... has demonstrated enormous courage in filing her lawsuit against a famous director,” Allred said at the news conference. “Although the defendant has appeared to return to business as usual in his life, our client has not been able to return to business as usual. ... But we look forward to our fight for justice and accountability for Jane Doe.”

The plaintiff added that it took her a long time to decide to sue Polanski and that her goal is to “obtain justice and accountability.”

Asked by reporters how old the plaintiff was during the alleged assault, Allred would only say that the plaintiff was “under 18.”

Polanski, who previously pleaded guilty to sexually assaulting a minor in a separate case in 1977 before fleeing the United States, has denied the allegations and attempted to get the case dismissed.

“He strenuously denies the allegations and the proper place to try this case is in the courts,” Polanski’s attorney Alexander Rufus-Isaacs told The Times.

According to the complaint, Polanski invited the defendant to dinner after meeting her at a party in 1973. They dined at a restaurant on La Cienega Boulevard where Polanski ordered the plaintiff tequila despite knowing she was a minor, the lawsuit alleges.

After drinking the tequila, the plaintiff allegedly became dizzy and sick and told Polanski she wasn’t feeling well. Polanski then drove the plaintiff back to his house and brought her into his bedroom where she passed out on his bed, the suit says.

When the plaintiff woke up, Polanski was lying next to her and “told her that he wanted to have sex with her,” the complaint alleges. Polanski proceeded to remove the plaintiff’s clothes and rape her after she told him, “No,” and “Please don’t do this,” the lawsuit continues.

The plaintiff is seeking a jury trial and unspecified damages.

Polanski, 90, pleaded guilty to sexually assaulting Samantha Geimer (née Gailey), then 13, in 1977 when he was 43, following allegations that he drugged and assaulted her at the home of actor Jack Nicholson. While on probation and before a verdict was delivered, the director fled to France.

Last year, Geimer posed for a photograph with Polanski and sat down with his wife, actress Emmanuelle Seigner, for an interview that was published in the French magazine Le Point.

“Let me be very clear: What happened with Polanski was never a big problem for me,” she said in a translated version of the interview obtained earlier by The Times. “I didn’t even know it was illegal, that someone could be arrested for it. I was fine, I’m still fine. The fact that we’ve made this [a big deal] weighs on me terribly. To have to constantly repeat that it wasn’t a big deal, it’s a terrible burden.”

In the nearly five decades since Polanski fled to Europe following his conviction, he has made 15 films and earned Oscar nominations — he won best director for “The Pianist” in 2003.

Until #MeToo shifted the paradigm in Hollywood and elsewhere, the director of “Rosemary’s Baby” and “Chinatown” had the support of many of his peers who largely hewed to the idea that audiences can separate art from the artist. In 2014, when the U.S. government attempted to extradite Polanski, a raft of Hollywood luminaries signed a petition in his defense.

Four years later, however, Hollywood was in the throes of a reckoning over sexual misconduct by powerful men. In 2018, the Academy of Motion Picture Arts and Sciences, citing the criminal case against Polanski, expelled him (along with Bill Cosby and Harvey Weinstein) from the organization that hands out the Oscars.

Polanski sued in Los Angeles County Superior Court in 2019 to be reinstated as a member; he lost in 2020.","Christi Carras, Stacy Perman",,2024-03-12,CONTROL_International_Womens_Strike_2017_2024,single,True,0,"In, The, To"
https://www.latimes.com/sports/lakers/story/2024-03-12/lakers-cannot-solve-denver-nuggets-until-they-solve-sacramento-kings,Los Angeles Times,Lakers can’t solve the Nuggets until they solve the Kings,"The similarities are too obvious to ignore. Sacramento, like Denver, has an unselfish center who is an expert passer. Sacramento, like Denver, has a point guard who can score at all three levels — in the paint, at the midrange and from three. Sacramento, like Denver, has shooting all around the perimeter.

And Sacramento, like Denver, keeps beating the Lakers.

“They’re a high-level team, man,” Lakers coach Darvin Ham said of the Kings on Tuesday. “The beautiful thing about it — well, losing to them is not beautiful — but when you experience a game against them or any other team that forces you to do something different, it allows you to add something to the war chest. And allows you to get better in different areas.”

There’s optimism ahead of the Lakers’ game in Sacramento with the Kings on Wednesday that the defensive answers they’re searching for could at least be translatable to Denver.

The Kings have won six of their last seven games against the Lakers. Denver, of course, has won eight consecutive against the Lakers, including last season’s four-game sweep in the Western Conference finals.

The Kings don’t have a player as dominant as Nikola Jokic, but Domantas Sabonis is somewhat of an avatar. Jokic and Sabonis are fourth and fifth, respectively, in assists this season. And both players are paired with a dynamic guard and ample shooters.

In the last seven games the Lakers have played against the Kings, De’Aaron Fox has torched the defense. He’s averaged 32.6 points over the last two seasons against Ham’s defense and is coming off a 44-point game in Los Angeles last week.

“Sabonis, his playmaking ability, his passing, playing downhill, playing to the paint. His physicality. And De’Aaron, the shots you want to try to give up, he’s the master at — those midrange, contested twos, he hits those in his sleep,” Ham said. “So, definitely, we’ve got to be ready to play. We’ve got to be … the details, really focused and stay consistent with the details.”

The style the Kings (and Nuggets) play contrasts with the Lakers, who rely heavily on LeBron James and Anthony Davis to create mismatches and advantages with their supreme one-on-one edges.

“Everything they do is systematic. That’s a credit to their coaching, their players, their style of play,” D’Angelo Russell said of the Kings. “When you look at Denver and compare them [to Sacramento], it’s a great comparison. It’s only a few teams in the league that have a system in play. A lot of other teams may have star power, so it’s kind of hard to implement a system because their stars are too good. That’s what you see here. You’re not gonna have Bron and AD wasting motion for the next guy. We don’t need them to do that.

“A lot of teams, it’s hard for them to implement that. So for them to find a way to implement a system with the players they have, you see it complements the game.”

One way to slow Sabonis? Get him off the court with foul trouble. The Kings are 5-10 in the 15 games where he’s played 33 minutes or less.

“You take Sabonis off the floor, they’re a different team. You take Jokic off the floor, they’re a different team,” Russell said. “Foul troubles can get them off the floor. Just things like that that I feel like you have to actually attack when you play that team, those teams, because they’re so dominant. Like I said, their systems are run through their bigs. So that would help us. It would be in our favor, for sure.”

Against the Kings — and the Nuggets — the Lakers need to find answers.

“It’s something we need to solve,” Ham said.",Dan Woike,,2024-03-12,CONTROL_International_Womens_Strike_2017_2024,single,True,0,"In, The, To"
https://www.latimes.com/sports/ucla/story/2024-03-12/pac-12-awards,Los Angeles Times,"Keeping it in the UCLA family, Adem Bona wins Pac-12 defensive player of the year","Pinpointing his team’s primary defensive weakness, Mick Cronin ticked off half his playing rotation.

“Sebastian, Jan, Berke, Brandon and Will, they get beat every time somebody dribbles the ball,” the UCLA coach said after a recent loss to Arizona, referring to Sebastian Mack, Jan Vide, Berke Buyuktuncel and Will McClendon. “Most teams, they have to run stuff to hurt you; all you’ve got to do is drive by us.”

Fortunately for the Bruins, they usually have Adem Bona waiting at the rim.

One of the nation’s top shot-blockers, Bona on Tuesday was selected the Pac-12 Conference’s defensive player of the year. It’s the second consecutive year that UCLA has won the award after Jaylen Clark was honored last season.

“It means a lot to me,” said Bona, who was the conference’s freshman of the year last season. “One, keeping it in the family. Last year, my teammate Jaylen Clark won the award and this year I’m honored to be named the defensive player of the year and also I want to give credit to my teammates. It wasn’t just me out there, it was all five of us playing the game and we all did the job together and it means a lot to me and it has been one of my goals to be named defensive player of the year.”

Bona also was selected to the Pac-12’s first team alongside conference player of the year Caleb Love of Arizona and freshman of the year Myles Rice of Washington State. The others on the 10-player first team were Arizona’s Oumar Ballo, Washington’s Keion Brooks Jr., Utah’s Brandon Carlson, Oregon’s N’Faly Dante, Colorado’s KJ Simpson, California’s Jaylon Tyson and Washington State’s Isaac Jones.

Washington State’s Kyle Smith was the coach of the year, Stanford’s Maxime Raynaud was the most improved player and Washington’s Koren Johnson was the sixth man of the year.

USC’s Boogie Ellis was part of the five-player second team and USC’s Isaiah Collier and UCLA’s Mack made the five-player all-freshman team. USC’s Kobe Johnson made the all-defensive team alongside Bona.

Bona’s 1.8 blocks per game were the second most in the Pac-12, trailing only USC center Joshua Morgan’s 2.2. Bona also averaged 12.4 points and 6.0 rebounds while shooting 58.5% and serving as the centerpiece of a defense that gave up a conference-low 65.7 points per game.

According to College Basketball Reference, Bona led the Pac-12 in defensive plus-minus (4.7), ranked second in defensive rating (96.1) and third in defensive win shares (1.8), the conference’s only player to make the top five in all three categories.

Bona became the fourth UCLA player to win defensive player of the year, joining Clark, Russell Westbrook (2008) and Nigel Miguel (1985). Bona will try to emulate Clark one more time as one of 15 candidates for the Naismith Trophy Defensive Player of the Year — the same award Clark won last year on his way to the NBA.",Ben Bolch,,2024-03-12,CONTROL_International_Womens_Strike_2017_2024,single,True,0,"In, The, To"
https://www.latimes.com/world-nation/story/2024-03-12/pentagon-to-give-ukraine-300-million-in-weapons-even-as-it-lacks-funds-to-replenish-us-stockpile,Los Angeles Times,Pentagon to give Ukraine $300 million in weapons,"The Pentagon will rush about $300 million in weapons to Ukraine after finding some cost savings in its contracts, even though the military remains deeply overdrawn and needs at least $10 billion to replenish all the weapons it has pulled from its stocks to help Kyiv in its desperate fight against Russia, the White House announced Tuesday.

It’s the Pentagon’s first announced security package for Ukraine since December, when it acknowledged it was out of replenishment funds. It wasn’t until recent days that officials publicly acknowledged they weren’t just out of replenishment funds, but $10 billion overdrawn.

The announcement comes as Ukraine is running dangerously low on munitions and efforts to get fresh funds for weapons have stalled in the House because of Republican opposition. U.S. officials have insisted for months that the United States wouldn’t be able to resume weapons deliveries until Congress provided the additional replenishment funds, which are part of the stalled supplemental spending bill.

The replenishment funds have allowed the Pentagon to pull existing munitions, air defense systems and other weapons from its reserve inventories under presidential drawdown authority to send to Ukraine and then put contracts on order to replace those weapons, which are needed to maintain U.S. military readiness.

“When Russian troops advance and its guns fire, Ukraine does not have enough ammunition to fire back,” said national security advisor Jake Sullivan said in announcing the $300 million in additional aid.

The Pentagon also has had a separate Ukraine Security Assistance Initiative, which has allowed it to fund longer-term contracts with industry to produce new weapons for Ukraine.

Senior Defense officials who briefed reporters said the Pentagon was able to get cost savings in some of those longer-term contracts of roughly $300 million and, given the battlefield situation, decided to use those savings to go ahead and send more weapons. The officials said the cost savings basically offset the new package and keep the replenishment spending underwater at $10 billion.

One of the officials said the package represented a “one-time shot” — unless Congress passes the supplemental spending bill, which includes roughly $60 billion in military aid for Ukraine, or more cost savings are found. The package is expected to include anti-aircraft missiles, artillery rounds and armor systems, the official said.

The aid announcement comes as Polish leaders are in Washington to press the U.S. to break its impasse over replenishing funds for Ukraine at a critical moment in the war. Polish President Andrzej Duda met Tuesday with Democratic and Republican leaders in the House and Senate and was to meet with President Biden later in the day.

House Speaker Mike Johnson (R-La.) has so far refused to bring the $95-billion package, which includes aid for Ukraine, Israel and Taiwan, to the floor. Seeking to put pressure on the Republican speaker, House Democrats have launched a long-shot effort to force a vote through a discharge petition. The seldom-successful procedure would require support from a majority of lawmakers, or 218 members, to move the aid package to a vote.

Ukraine’s situation has become more dire, with units on the front line rationing munitions as they face a vastly better supplied Russian force. Ukrainian President Volodymyr Zelensky has repeatedly implored Congress for help, but House Republican leadership has not been willing to bring the Ukraine aid to the floor for a vote, saying any aid must first address border security needs.

Pentagon officials said Monday during budget briefing talks they were counting on the supplemental to cover the $10-billion replenishment hole.

“If we don’t get the $10 billion we would have to find other means,” Deputy Defense Secretary Kathleen Hicks said. “Right now we’re very much focused on the need for that supplemental.”

This is the second time in less than nine months that the Pentagon has “found” money to use for additional weapons shipments to Ukraine. Last June, Defense officials said they had overestimated the value of the weapons the U.S. had sent to Ukraine by $6.2 billion over the past two years.

At the time, Pentagon officials said a review found that the military services used replacement costs rather than the book value of equipment that was pulled from Pentagon stocks and sent to Ukraine. The discovery resulted in a surplus that the department used for presidential drawdown packages until the end of December.

The United States has committed more than $44.9 billion in security assistance to Ukraine since the beginning of the Biden administration, including more than $44.2 billion since the beginning of Russia’s invasion on Feb. 24, 2022.

The Pentagon is $10 billion overdrawn in the replenishment account in part due to inflationary pressures, and in part because the new systems the Pentagon is seeking to replace the old systems with cost more, such as the upcoming Precision Strike Missile, or PrSM, which the Army is buying to replace the long-range Army Tactical Missile System, or ATACMS.

The vast majority of those munitions have come from Army stockpiles due to the nature of the conventional land war in Ukraine.

The months without further shipments of U.S. support have hurt operations, and Ukrainian troops withdrew from the eastern city of Avdiivka last month, where outnumbered defenders had withheld a Russian assault for four months.

CIA Director William Burns told Congress that entire Ukrainian units have told him in recent days of being down to their last few dozen artillery shells and other ammunition. Burns called the retreat from Avdiivka a failure of ammunition resupply, not a failure of Ukrainian will.

Copp and Baldor write for the Associated Press. AP writers Ellen Knickmeyer and Stephen Groves contributed.","TARA COPP, LOLITA C. BALDOR",,2024-03-12,CONTROL_International_Womens_Strike_2017_2024,single,True,0,"In, The, To"
https://www.latimes.com/california/story/2024-03-12/rents-are-falling-in-los-angeles-see-where-the-rest-of-the-state-stacks-up,Los Angeles Times,Rents are falling in Los Angeles. See where the rest of the state stacks up,"As Angelenos continue to suffer through a housing crisis, new data suggest that Los Angeles County’s notoriously brutal rental market may be cooling while rental prices continue to climb in some of the most populous regions of Northern California.

Rental prices were down 2.5% in Los Angeles County in February 2024 versus the same month a year before, according to data from Apartment List. Experts attribute the decline to a possible softening of demand amid population loss due to a recent exodus from parts of Southern California.

Despite the average drop in rent over the past year, some tenants say finding an affordable rental unit in the county is still a struggle.

Ashley Dingess, 36, thinks the data fails to reflect the reality on the ground. She and her fiancee rent an apartment in North Hollywood and recently considered moving because of noisy neighbors.

“We’ve been looking and it doesn’t seem like rent has gone down whatsoever,” Dingess said.

“We pay $2,950 right now, which is actually on the low end,” she said. Dingess, a content creator, got a deal during the pandemic on her two-bed, two-bath apartment.

This year, their landlord “tried to raise our rent significantly,” she said, and her rent did eventually go up about half of the $500 increase the landlord had proposed.

Most buildings charge extra fees for add-ons like pets and parking spots, but not their current building, according to Dingess, making it difficult for her to leave.

“We have arguably some of the worst neighbors possible who party all night,” she said. Still, “it’s better to just stay put than move.”

California’s population exodus has been primarily attributed to the state’s high housing costs, long commutes, crowds, crime and pollution in urban centers. With the pandemic came an increased ability to work remotely — and avoid the big cities.

But the recent population changes have not been uniform across the state.

The recent data outline a trend: In Northern California, rents rose year over year in February for several counties by as much as 3.76%, while rents dropped in most large Southern California counties.

Los Angeles County’s 2.5% decrease was the second biggest of any in the state.

Alameda County, an exception to rising rents in the Bay Area, recorded rents falling 4.7% over last February, representing the 19th biggest annual drop in the U.S.

Nationwide, the 10 counties with the biggest drops in rent over last February were all in states that have had population booms but have also added housing in recent years: Florida, Alabama, Georgia and Texas. Census data shows that those same four states added more to their housing stock than California from 2020 through 2022.

Experts said that increased housing stock can keep rent prices down, even as population increases. They generally attribute rising rents in California to a lack of housing construction.

However, as the state’s population growth has stagnated, some believe that demand may cool and dampen rent growth.

Orange County was an exception to falling rent in Southern California, with rents up 1.6%.

Falling rents suggest either that “supply has finally caught up or that slower economic growth and/or population outmigration has weakened demand,” said Dowell Myers, a professor of policy, planning and demography at USC.

He added that the difference between Northern and Southern California could be indicative of demand being weakened more in SoCal than in the north.

“The best deals are occupied for a long time,” Myers said, as people are reluctant to leave units with below-market prices.

“Young renters are more impacted by price changes because they don’t have access to those deals” as they search for housing, he said.

Back in North Hollywood, Dingess bemoaned the recent rainy weather, which caused her and her fiancee to wonder why they pay to live in a state that normally has sunny weather most days of the year.

They are considering leaving. “If I wasn’t bound here for work, we would not live here,” she said.

“We’ve been contemplating moving to Europe,” she said. “The quality of life seems way better out there.”

She expects to leave the Golden State in the next five years.",Terry Castleman,,2024-03-12,CONTROL_International_Womens_Strike_2017_2024,single,True,0,"In, The, To"
https://www.latimes.com/entertainment-arts/story/2024-03-12/beyonce-jolene-new-renaissance-album-dolly-parton,Los Angeles Times,"Beyoncé's 'Jolene' cover may be on the way, Dolly Parton shares: 'I'm very excited'","It seems that “Jolene,” Dolly Parton’s country music classic, might get new life with Beyoncé. Why? Just because it can.

Parton, who recently sang Beyoncés’ praises amid her country chart wins, revealed in a recent interview that she thinks Bey has recorded a cover of “Jolene” and that “it’s probably gonna be on her country music album.”

“I’m very excited about that,” she told the Knox News Sentinel in an interview published Monday.

Parton, 78, added: “She’s a beautiful girl and a great singer.”

A representative for Beyoncé did not immediately respond to The Times’ request for confirmation Tuesday.

While it’s unclear whether a “Jolene” cover will make it to Beyoncé’s final product, the pop diva’s take on the beloved song wouldn’t be too surprising as she dives deep into her country music side.

Last month during Super Bowl LVIII, the 32-time Grammy winner revealed the much-anticipated follow-up to her 2022 dance album “Renaissance.”

The new album, the second act of her “Renaissance” trilogy, appears to be a country music immersion, The Times’ music critic Mikael Wood observed. Her singles “Texas Hold ’Em” and “16 Carriages” have proved just that.

Leaning further into the country aesthetic, Beyoncé revealed Tuesday that the album will be titled “Cowboy Carter.” On her Instagram story, Queen Bey shared a photo of a leather horse saddle with a red-white-and-blue sash that reads, “Cowboy Carter.” She also included a link to preorder the upcoming release.

In late February, Yoncé — a Houston native who has previously channeled country music and the cowboy aesthetic— ascended Billboard’s Hot Country Songs chart. With the upbeat “Texas Hold’Em,” the singer, 42, became the first Black woman to top that chart.

Parton swiftly gave the singer her kudos.

“I’m a big fan of Beyoncé and very excited that she’s done a country album. So congratulations on your Billboard Hot Country number one single,” Parton wrote on Instagram. “Can’t wait to hear the full album!”

Beyoncé’s “Act II” releases on March 29.

Elsewhere in her interview, the “I Will Always Love You” singer told Knox News about the bond she shares with the “Break My Soul” artist.

“We’ve kind of sent messages back and forth through the years,” she said. “And she and her mother were like fans, and I was always touched that they were fans, and I always thought she was great.”

If Beyoncé’s “Jolene” cover is a reality, she will join the parade of artists across the globe who have put their spin on the famed cheating tale-turned-tune. Becky G and Chiquis, Miley Cyrus, Olivia Newton-John, Lil Nas X and Kelly Clarkson are among the artists who have covered the song in its 50-year history.",Alexandra Del Rosario,,2024-03-12,CONTROL_International_Womens_Strike_2017_2024,single,True,0,"In, The, To"
https://www.latimes.com/sports/ucla/story/2024-03-12/ucla-basketball-long-odds-mick-cronin-ncaa-tournament-streak,Los Angeles Times,UCLA faces long odds in Las Vegas to sustain Mick Cronin's NCAA tournament streak,"Mick Cronin’s team had lost five of its last six regular-season games, its offense failing to keep pace with a sturdy defense. The coach vowed to find other players who could get the job done if his current ones continued to falter.

Sound familiar?

The year was 2010. Cronin was coaching at Cincinnati. It was the last time he missed the NCAA tournament.

A repeat scenario could play out this week unless Cronin’s fifth-seeded UCLA Bruins (15-16) get on a roll and win the final Pac-12 Conference tournament at T-Mobile Arena in Las Vegas, the resulting automatic bid providing their only possible path to the NCAA tournament.

Cronin has been to 12 consecutive NCAA tournaments — nine with the Bearcats, three with the Bruins — since his 2009-10 team won two games in the Big East tournament before falling to West Virginia and advancing to the second round of the National Invitation Tournament.

“I take a lot of pride in that,” Cronin said recently of an NCAA tournament streak matched only by Gonzaga’s Mark Few, Michigan State’s Tom Izzo and Kansas’ Bill Self.

The likelihood of Cronin sustaining his streak seems remote, one online betting site giving the Bruins 40-1 odds — ahead of only Stanford (66-1), California (100-1), Arizona State (150-1) and Oregon State (300-1) — to win the Pac-12 tournament.

Failing to secure a top-four seed and the resulting first-round bye in the Pac-12 tournament will make Cronin’s bid to keep playing deeper into March unlikely but not unprecedented. In the dozen years of the tournament’s current format, two teams have made the march from first round to quarterfinals to semifinals to champion.

They had more in common than winning four games in as many days.

In 2012, sixth-seeded Colorado rode the standout play of guard Carlon Brown and his electrifying dunks to the title.

In 2019, sixth-seeded Oregon relied on across-the-board contributions from Payton Pritchard, the point guard’s passes, scoring and rebounding carrying the Ducks to the championship.

Brown and Pritchard were both selected the tournament’s most valuable player in those respective years while helping their teams secure an automatic bid to the NCAA tournament.

Could UCLA’s Dylan Andrews be the next guard to carry his team on an improbable run?

The sophomore has been playing some of his best basketball of the season recently, averaging 18 points and 4.8 assists to go with 1.8 turnovers over his last four games.

His jumper and three-pointer helped spark the Bruins’ late 18-1 run against Arizona State that vaulted UCLA into a first-round game against No. 12 Oregon State (13-18) at 2:30 p.m. Wednesday.

If the Bruins can get past the Beavers, they would face No. 4 seed Oregon on Thursday in a quarterfinal. Top-seeded Arizona could be waiting in a semifinal on Friday unless the Wildcats are upset by No. 8 seed USC or No. 9 seed Washington.

Cronin said who his team plays doesn’t matter as much as how it plays, recalling Connecticut guard Kemba Walker lifting his team to five wins in the Big East tournament in 2011 followed by six more victories and an NCAA tournament championship.

So the coach is saying the Bruins still have a chance?

“Hell yeah!” Cronin said recently.

What’s it going to take? Cronin outlined a three-point plan with reporters Tuesday, saying the Bruins needed to be the best defensive team in the tournament, shoot a high percentage and have their top players shine.

That was the case last weekend, when UCLA held Arizona State to four points over the final 9½ minutes, made seven of 11 three-point shots in the second half and got 20 points and 12 rebounds from Adem Bona along with 12 points and six assists from Andrews.

In a season when so much has gone wrong, with the Bruins on the verge of their first losing record since 2015-16, nearly everything will need to go right for the team to keep playing beyond this week. Cronin has intimated that UCLA might decline an NIT bid, preferring to accelerate the recovery of injured players while also mining the transfer portal for newcomers.

“It’s one and done, pretty much,” UCLA guard Lazar Stefanovic said of the urgency facing his team. “You win or you go home. And we don’t want to go home. So, we’ve got to stick together and go one by one and try to win the whole thing.”",Ben Bolch,,2024-03-12,CONTROL_International_Womens_Strike_2017_2024,single,True,0,"In, The, To"
https://www.latimes.com/world-nation/story/2024-03-12/an-aid-ship-sets-sail-to-gaza-where-hundreds-of-thousands-face-starvation-5-months-into-war,Los Angeles Times,"An aid ship sets sail to Gaza, where hundreds of thousands face starvation 5 months into war","An aid ship loaded with some 200 tons of food set sail for Gaza on Tuesday in a pilot program for the opening of a sea corridor to the territory, where the five-month Israel-Hamas war has driven hundreds of thousands of Palestinians to the brink of starvation.

The push to get food in by sea — along with a recent campaign of air drops into isolated northern Gaza — highlighted the international community’s frustration with the growing humanitarian crisis and its inability to get aid in by road.

The food on the aid ship was collected by World Central Kitchen, the charity founded by celebrity chef José Andrés, and is being transported by the Spanish aid group Open Arms. The ship departed from the eastern Mediterranean island nation of Cyprus and is expected to arrive in Gaza in two to three days.

The United States has separately announced plans to construct a sea bridge near Gaza in order to deliver aid, but it will likely be several weeks before it is operational. President Biden’s administration has provided crucial military aid for Israel while urging it to facilitate more humanitarian access.

The war, triggered by Hamas’ Oct. 7 attack on Israel, has killed over 30,000 Palestinians and driven most of Gaza’s 2.3 million people from their homes. A quarter of Gaza’s population is starving, according to the United Nations, because they cannot find enough food or afford it at vastly inflated prices.

The U.S., Qatar and Egypt have tried to broker a cease-fire and hostage release ahead of the Muslim holy month of Ramadan, which began at sundown Sunday. But the talks stalled as Hamas demanded that any temporary pause in the fighting come with guarantees for ending the war.

Israeli Prime Minister Benjamin Netanyahu has vowed to expand the offensive into the strip’s southern city of Rafah, where half of Gaza’s population has sought refuge, and to keep fighting until Hamas has been dismantled and all the captives it is holding have been returned.

The war threatens to spill across the Middle East as Iran-backed groups allied with Hamas trade fire with U.S. and Israeli forces. The Israeli military said around 100 projectiles were launched into Israel from Lebanon early on Tuesday, one of the biggest barrages since the war began. It appeared to be in response to Israeli airstrikes deep inside Lebanon the day before.

A pair of Israeli airstrikes Tuesday in northeastern Lebanon killed at least two people and wounded 20. Israel and Lebanon’s Hezbollah militant group have traded fire nearly every day since the war began.

Aid groups say it is nearly impossible to deliver aid in much of Gaza because of Israeli restrictions, ongoing hostilities and the breakdown of order after the Hamas-run police force largely vanished from the streets.

Conditions are especially dire in northern Gaza, which has suffered widespread devastation and has been largely cut off by Israeli forces since October. Up to 300,000 Palestinians are believed to have remained there despite Israeli evacuation orders, with many reduced to eating animal feed in recent weeks.

On Monday, the first day of the normally festive month of Ramadan, children with pots lined up at a charity kitchen in the urban Jabaliya refugee camp. Each was given a small portion of cooked carrots and sweet potatoes to break the dawn-to-dusk fast.

“Our children can’t find anything to eat,” said Bassam al-Haw, a volunteer. “No food, no water, no flour.”

The planned sea route has the support of the European Union, the U.S., the United Arab Emirates and others. The U.S. and other countries have also launched airdrops, but such efforts are costly and unlikely to meet the mounting needs.

The Open Arms ship is towing a barge loaded with food. Once it nears Gaza, two smaller vessels will tow the barge to a jetty being built by World Central Kitchen, which operates 65 kitchens across the territory, the group said. It plans to distribute the food in the north.

“The best security is to have enough food in Gaza,” Andres said. “We want to make sure nothing happens to anybody.”

Scores of Palestinians were killed last month during a chaotic aid delivery in the north organized by Israeli troops, who fired on the crowd. Israel said most of those killed were trampled to death, while Palestinian officials said most had been shot.

Israel, which controls Gaza’s coastline and all but one of its land crossings, says it supports efforts to deliver aid by sea and will inspect all cargo shipments.

European Commission President Ursula von der Leyen said it was the first time a ship had been authorized to deliver aid directly to Gaza since 2005 and that the EU would work with “smaller ships” until the U.S. completes work on its floating port.

Cypriot Foreign Minister Constantinos Kombos said during a visit to Beirut that there is a “mechanism” in place for larger shipments, with the goal of “a more systematic exercise with increased volumes.”

The war began when Hamas-led militants stormed into Israel in a surprise attack on Oct. 7, killing some 1,200 people, mostly civilians, and taking around 250 hostage.

Gaza’s Health Ministry says the Israeli offensive launched in response has killed at least 31,185 Palestinians. The ministry doesn’t differentiate between civilians and combatants in its count, but it has said women and children make up around two-thirds of the dead.

Israel blames the civilian death toll on Hamas because the militants fight in dense, residential areas. The military has said it has killed 13,000 Hamas fighters, without providing evidence.

A strike on a home in the central city of Deir al-Balah early on Tuesday killed 11 people from the same family, including four women and five children, according to hospital records and an Associated Press reporter who saw the bodies brought in.

Shurafa, Magdy and Hadjicostis write for the Associated Press. Magdy reported from Cairo and Hadjicostis from Nicosia, Cyprus. AP writers Tia Goldenberg in Tel Aviv, Raf Casert in Brussels and Abby Sewell in Beirut contributed to this report.","WAFAA SHURAFA, SAMY MAGDY, MENELAOS HADJICOSTIS",,2024-03-12,CONTROL_International_Womens_Strike_2017_2024,single,True,0,"In, The, To"
https://www.latimes.com/world-nation/story/2024-03-12/haitis-prime-minister-says-hell-resign-as-violent-gangs-rampage,Los Angeles Times,Haiti's prime minister says he'll resign as violent gangs rampage,"Haitian Prime Minister Ariel Henry announced Tuesday that he would resign once a transitional presidential council is created, bowing to international pressure to make way for new leadership in the country overwhelmed by violent gangs.

Henry made the announcement hours after Caribbean leaders and U.S. Secretary of State Antony J. Blinken met in Jamaica to discuss a solution to halt Haiti’s spiraling crisis and agreed to a joint proposal to establish a transitional council.

“The government that I’m running cannot remain insensitive in front of this situation. There is no sacrifice that is too big for our country,” Henry said in a recorded statement. “The government I’m running will remove itself immediately after the installation of the council.”

Henry has been unable to enter Haiti because the violence forced the closure of its main international airport. He arrived in Puerto Rico a week ago, after being barred from landing in the Dominican Republic, where officials said that he lacked a required flight plan. Dominican officials also closed the airspace to flights to and from Haiti.

It was not immediately clear who would be chosen to lead Haiti out of the crisis, in which heavily armed gangs have burned police stations, attacked the main airport and raided two of the country’s biggest prisons. The raids resulted in the release of more than 4,000 inmates.

Scores of people have been killed, and more than 15,000 are homeless after fleeing neighborhoods raided by gangs. Food and water are dwindling as vendors who sell to impoverished Haitians run out of goods. The main port in the capital of Port-au-Prince remains closed, stranding dozens of containers with critical supplies.

The meeting in Jamaica was organized by Caricom, a regional trade bloc that has pressed for months for a transitional government in Haiti while violent protests in the country demanded Henry’s resignation.

Guyana President Irfaan Ali said the transitional council would have seven voting members and two nonvoting ones.

Those with votes include the Pitit Desalin party, run by former senator and presidential candidate Moïse Jean-Charles, who is now an ally of Guy Philippe, a former rebel leader who led a successful 2004 coup and was recently released from a United States prison after pleading guilty to money laundering.

Also with a vote is the EDE party of former Prime Minister Charles Joseph; the Fanmi Lavalas party; the coalition led by Henry; the Montana Accord group; and members of the private sector.

Henry served the longest single term as prime minister since Haiti’s 1987 constitution was approved, a surprising feat for a politically unstable country with a constant turnover of premiers. He was sworn in as prime minister nearly two weeks after the July 7, 2021, assassination of President Jovenel Moïse.

Critics of Henry note he was never elected by the people or Parliament, which remains nonexistent after the terms of the last remaining senators expired in January 2023. That left Haiti without a single elected official.

As Haiti prepares for new leadership, some experts question the role that heavily armed gangs who control 80% of Port-au-Prince will play.

“Even if you have a different kind of government, the reality is that you need to talk to the gangs,” said Robert Fatton, a Haitian politics expert at the University of Virginia. “You can’t suppress them.”

He said officials will still have to deal with them and try to convince them to give up their weapons, “but what would be their concessions?”

Fatton noted that gangs have supremacy in terms of controlling the capital. “If they have that supremacy, and there is no countervailing force, it’s no longer a question if you want them at the table. They may just take the table.”

On Monday, Blinken announced an additional $100 million to finance the deployment of a multinational force to Haiti, plus another $33 million in humanitarian aid. He also announced the creation of a joint proposal agreed on by Caribbean leaders and “all of the Haitian stakeholders to expedite a political transition” and create a “presidential college.”

He said the college would take “concrete steps” he did not identify to meet the needs of Haitian people and enable the pending deployment of the multinational force to be led by Kenya. Blinken also noted that the U.S. Defense Department doubled its support for the mission, having previously set aside $100 million.

While leaders met behind closed doors, Jimmy Chérizier, who is considered Haiti’s most powerful gang leader, told reporters that if the international community continues down the current road, “it will plunge Haiti into further chaos.”

“We Haitians have to decide who is going to be the head of the country and what model of government we want,” said Chérizier, a former elite police officer known as Barbecue, who leads the gang federation G9 Family and Allies. “We are also going to figure out how to get Haiti out of the misery it’s in now.”

Powerful gangs have been attacking key government targets across Haiti’s capital of Port-au-Prince since Feb. 29. When the attacks began, Henry was in Kenya pushing for the United Nations-backed deployment of a police force from the East African country after it was delayed by a court ruling.

Late Monday, the Haitian government announced it was extending a nighttime curfew until March 14 in an attempt to prevent further attacks.

Coto and Sanon write for the Associated Press. Coto reported from San Juan, Puerto Rico. AP reporter Edith M. Lederer at the United Nations contributed to this report.","DÁNICA COTO, EVENS SANON",,2024-03-12,CONTROL_International_Womens_Strike_2017_2024,single,True,0,"In, The, To"
https://www.latimes.com/world-nation/story/2024-03-12/ukrainian-drone-strikes-hit-targets-deep-inside-russia-officials-say,Los Angeles Times,"Ukrainian drone strikes hit targets deep inside Russia, officials say","Ukrainian long-range drones smashed into two oil facilities deep inside Russia on Tuesday, officials said, while an armed incursion claimed by Ukraine-based Russian opponents of the Kremlin unnerved a border region just days before Russia’s presidential election.

The attack by waves of drones across eight regions of Russia displayed Kyiv’s expanding technological capacity as the war extends into its third year. The cross-border ground assault also weakened President Vladimir Putin’s argument that life in Russia has been unaffected by the war, though he remains all but certain to win another six-year term after eliminating all opposition.

The reports of border fighting were murky, and it was impossible to ascertain with any certainty what was unfolding in Russia’s Kursk and Belgorod regions. Cross-border attacks in the area have occurred sporadically since the war began and have been the subject of claims and counterclaims, as well as disinformation and propaganda.

Soldiers who Kyiv officials say are Russian volunteers fighting for Ukraine claimed to have crossed the border. The Freedom of Russia Legion, the Russian Volunteer Corps and the Siberian Battalion released statements and videos on social media claiming to show them on Russian territory. They said they wanted “a Russia liberated from Putin’s dictatorship.”

The authenticity of the videos couldn’t be independently verified.

Fighters coming out of Ukraine attempted to reach the town of Tetkino, which lies close to the border, according to the governor of Russia’s Kursk region, Roman Starovoit. He said Tetkino was being shelled.

“There was an attempt by a sabotage and reconnaissance group to break through,” he said in a video message on Telegram. “There was a shooting battle, but there was no breakthrough.”

The Russian Defense Ministry said the Tetkino attacks were driven back, but provided no further details.

It also said Ukrainian fighters made at least four attempts to cross into the Belgorod region but all attacks were repelled by warplanes, artillery and missiles.

The representative of Ukraine’s intelligence agency, Andrii Yusov, told the news website Ukrainska Pravda that the military groups are made up of Russian citizens.

“On the territory of the Russian Federation, they operate completely autonomously and independently,” he said.

In May, Russia alleged that dozens of Ukrainian militants crossed into one of its border towns in the Belgorod region, striking targets and forcing an evacuation, before more than 70 of the attackers were killed or pushed back by what the authorities termed a counter-terrorism operation. Ukrainian officials have denied any link with the group.

Meanwhile, one Ukrainian drone struck and set ablaze an oil refinery in the Nizhny Novgorod region, according to regional governor Gleb Nikitin. That region is about 480 miles from the Ukraine border.

In another strike, a drone was shot down in the Moscow region, Moscow Mayor Sergei Sobyanin said. Though it was brought down well south of the city center, the drone was close to Zhukovsky Airport, one of Mocow’s four international airports.

Another drone hit an oil depot in Oryol, 95 miles from Ukraine.

Ukrainian President Volodymyr Zelensky said last year that his country had developed a weapon that hit a target 400 miles away, in an apparent reference to drones.

The Russian Defense Ministry said Ukrainian drones were also intercepted Tuesday over the Belgorod, Bryansk, Kursk, Leningrad and Tula regions of Russia.

Kyiv has staged increasingly bold attacks behind the 930-mile front line running through eastern and southern Ukraine. It has also increasingly deployed drones in the Black Sea, where it says it sank Russian warships.

Kyiv’s forces are hoping for more military supplies from Ukraine’s Western partners, but in the meantime are struggling against a bigger and better-provisioned Russian army that is pressing hard at certain front-line points.

Zelensky said recent Russian advances have been halted and that the battlefield situation is significantly better than in the past three months.

“We had some difficulties due to the lack of artillery shells, long-range weapons, sky blocking and the high density of Russian drones,” Zelensky said in an interview with France’s BFM TV and Le Monde published late Monday on the Ukrainian presidential website.

Also on Tuesday, an Il-76 heavy-lift transport plane of the Russian air force with 15 people on board crashed while taking off from an air base in western Russia, the Defense Ministry said. Its statement didn’t specify whether there were any survivors. The ministry said an engine fire during takeoff likely caused the crash.

Heintz and Arhirova write for the Associated Press.","JIM HEINTZ, HANNA ARHIROVA",,2024-03-12,CONTROL_International_Womens_Strike_2017_2024,single,True,1,"De, En, La"
https://www.latimes.com/entertainment-arts/movies/story/2024-03-12/tears-action-sxsw-world-premiere-dev-patel-monkey-man,Los Angeles Times,Tears and action at the emotional SXSW premiere of Dev Patel's 'Monkey Man',"There was a roaring wave of applause as Dev Patel took the stage after the world premiere of “Monkey Man” at the Paramount Theatre late on Monday night. As the crowd came to its feet for a standing ovation, Patel turned away from the audience, wiping tears from his eyes with his sleeve.

Academy Award-nominated for 2016’s “Lion,” the actor had put his on-screen career largely on hold so he could co-write, direct, produce and star in his latest project. “Monkey Man” is an unexpectedly meditative and hallucinatory action tale that is deeply personal to Patel.

Asked how he felt in the moment, Patel gushed, “It’s f— overwhelming.”

Patel called up members of the cast, producers and his cinematographer, Sharone Meir, who all made their way from their seats to the stage. As they got settled and the audience continued its applause, Patel asked, “What happens now?”

Patel would go on to say that in the course of making the film, he broke his hand and foot, tore his shoulder and got an eye infection from dirty water on the floor of a bathroom where they were shooting a fight scene. Patel would rattle off numerous other production hardships, including a crane that broke so they simply tied the camera to a swinging rope. Some moments were filmed using Patel’s own phone.

Set in a fictional city in India akin to Gotham City, “Monkey Man” builds from mythic elements: Patel plays a young man known only as Kid who wears a monkey mask — reminiscent of the legend of Hanuman — to get beaten down night after night in an underground fight ring. He gets a job washing dishes in an exclusive private club so that he can work his way closer to the city’s powerful elites and exact revenge for the brutal death of his mother.

The film is being released next month by Universal Pictures, having initially been set up at Netflix. The project was saved in part through the intervention of Jordan Peele, who introduced Patel before the start of the screening.

Peele said, “It is a movie that proves that films can be all things. You can have a movie that tells an amazing story, that has meaning, that has depth, and you still can just kick a bunch of people’s asses along the way.”

Of Patel, the “Nope” director added, “All I can say is I’ve never seen someone pour his heart, soul, body, mind and energy into a film — into a story — more than this man. And he’s done it for us to enjoy this film tonight.”

Patel told the crowd that once his production was underway, “Everything that could have went wrong from then on went wrong. And then Jordan came along at the end. He picked this up from the ground. He brushed the dust off it, put it back on a mantelpiece and gave us this opportunity.”

As a child, Patel saw Bruce Lee in “Enter the Dragon” on television: “I’d never seen anyone that looked slightly like me before,” he recalled. “And this guy on the screen, he had the same pigment as me. And from that day on, I fell in love with action movies.”

Patel would go on to declare his affection for Indonesian and Korean action cinema, the comedies of Jim Carrey and Indian actor Johnny Lever, the “John Wick” films and classic Bollywood films beloved by his grandparents.

“I’m tipping my hat to so many things here,” Patel said.

Before “Monkey Man” began, Patel offered, “What you’re going to see here is a guy that doesn’t have a quip for every scenario — isn’t the the heftiest dude in the room and doesn’t look like he’s going to win because he’s an underdog. And that’s what I’ve felt like my whole f— life.”

In the irreverent spirit of SXSW, Patel said he hoped all would like his film. “And if you don’t, blame Jordan — it’s his fault.”",Mark Olsen,,2024-03-12,CONTROL_International_Womens_Strike_2017_2024,single,True,0,"In, The, To"
https://www.latimes.com/entertainment-arts/tv/story/2024-03-12/garrison-brown-sister-wives-janelle-brown-kody-brown,Los Angeles Times,Garrison Brown's 'Sister Wives' family gathers in Arizona for funeral,"Garrison Brown’s family gathered in Flagstaff, Ariz., over the weekend for the “Sister Wives” star’s funeral.

The son of reality TV stars Janelle Brown and Kody Brown died last week in an apparent suicide at his Arizona home. He was reportedly 25 years old.

In the time since, family members shared tributes to the late reality star, as well as details about his funeral.

“dear robert, i had to dress up for your funeral today and this is everything i wish you could’ve heard before i had to say goodbye,” his cousin Emma Brown wrote in an Instagram tribute. “we love you. i don’t even own a picture of you without your contagious smile. i don’t know if i have the right words to say i’ll miss you. i wish i was able to give you a hug and tell you how much you were loved. you were human, you had flaws but never once did i doubt the friendship we had. i’ll always cherish the times i got to spend with you.”

Emma Brown added that they planned to go on backpacking trips together but only made it to one.

“i’ll miss your goofy dad jokes, our coffee runs, the dinners we shared. the times we watched movies and you always let me put messy face masks all over our faces. you always made sure that i had ate, and made sure i knew i could always talk to you. you were a son, a brother, a soldier, and a friend. if there is a god i hope he’s giving you peace. i love you robert.

Mykelti Padron, the daughter of Kody and his ex-wife Christine Brown, also shared details with her Patreon followers, confirming that she had been in Flagstaff with her husband and family last week for the funeral. Looking at the “glass half full,” Padron said that she was glad to see her family together in one place for the first time in years.

“I think that ultimately, obviously, Garrison would have been happy by that,” she said, adding that the family has more plans to honor her brother over the next few months and that they were also planning a Brown family reunion in Wyoming soon.

“My heart breaks for my brother who’s no longer with us but it rejoices knowing he’s with his fellow warriors in Valhalla drinking and fighting with Odin,” she wrote in another post on Instagram. “I hope he is loving his place amongst the stars. Garrison was always the funniest person in the room. He was one cool dude and I cry so much because my kids will never be able to experience his fun presence. But he will live on in all my families memories. Have fun up with the stars little bro, you’re missed.”

Sharing a large family photo that included Garrison, Christine Brown wrote: “Every photo with Garrison in it is now infinitely more important than ever before. I am scrambling for just another glimpse of such an incredible man, brother, son…#alwaysbemissed #missyou #notenough”

Garrison’s father Kody had 18 children with his four wives — Christine, Janelle, Meri and Robyn — whose lives were chronicled in their 18-season TLC reality series. The polygamist family lived in Lehi, Utah, Las Vegas and Flagstaff during the series, and Garrison was introduced in 2010 during the debut season.

Christine left Kody in 2021 and Janelle left him in 2022. Meri “permanently” terminated her marriage to Kody in early 2023. Since polygamist marriages are not legally recognized in the United States, the “spiritual unions” usually end with an announcement rather than a divorce or legal filing.

In the last season, which wrapped at the end of 2023, Garrison moved out of the family home after Kody accused him of not following rules that he set during the COVID-19 pandemic and of disrespecting his remaining wife, Robyn. In addition to Garrison, Kody and Janelle have five other children: Logan, 29; Madison, 28; Hunter, 27; Gabriel, 22; and Savannah, 19. The mother of six shared a photo of her family Friday on Instagram that was taken over the winter holidays.

“I had all my children together last Christmas. It was amazing as it’s hard with everyone’s busy lives to coordinate time like this,” the TLC star captioned the post. “I am extremely grateful now that we had pictures taken.”

The post was Janelle’s first since she announced the death of her son on March 5 in a joint statement with Kody Brown. The former couple described their son as “a bright spot in the lives of all who knew him” and said the loss “will leave such a big hole in our lives, and it takes our breath away.” In a police report taken after Garrison was discovered dead by his brother Gabriel, Janelle told authorities that Garrison and her ex-husband had remained estranged.

She also said that her son sent an alarming text message to friends that prompted her to ask her children to check on him, ultimately leading to the discovery of his body with a self-inflicted gunshot wound.

Garrison’s sister Maddie Brush also posted a tribute to Garrison online within days of his death.

“My words seem to fall short. Our hearts our broken and we are now swallowed with the love now left behind for this beautiful brother,” Brush wrote on Instagram last week. “God be with you till we meet again. I’ll see you at the gates of Valhalla, feasting with our ancestors who battled before you. Until then, we must live in a more gray world without the light you brought.

On Tuesday, she posted Instagram stories featuring her mom Janelle holding her grandkids’ hands at the beach and captioned the outing with “some water and sun therapy.”

In a post marking her late mother’s birthday on Saturday, Meri wrote that she feels “a little more comfort this week knowing that she was likely on Garrison’s welcoming committee, smiling that perfect smile at him and holding his sweet face in her loving hands.”

“Keep an eye on our boy up there, Mom! And give him a hug for me! 💙💙💙” she wrote on Instagram.",Nardine Saad,,2024-03-12,CONTROL_International_Womens_Strike_2017_2024,single,True,0,"In, The, To"
https://www.latimes.com/california/story/2024-03-12/authorities-charge-18-year-old-woman-in-fatal-san-pedro-shooting,Los Angeles Times,Authorities charge 18-year-old woman in fatal San Pedro shooting,"Authorities brought murder and attempted murder charges this week against an 18-year-old woman in connection with a pair of violent incidents in San Pedro in January.

On Tuesday, the Los Angeles District Attorney’s Office charged 18-year-old Estrella Rojas with murder in the death of 33-year-old Tyrone Tyars at the Machista Bar on South Pacific Avenue in San Pedro on Jan. 20.

Rojas was also charged with attempted murder for allegedly shooting two other people in the incident, which happened around midnight during an argument among a group of people at the bar, the Los Angeles Police Department said. The two victims — a 35-year-old woman and a 44-year-old man whose names were not released — were hospitalized with non-life-threatening injuries, the LAPD said.

Investigators linked Rojas to a separate shooting on Jan. 6 involving a 19-year-old man. According to police, the man was approached by two suspects, one of them armed with a handgun. There was some type of interaction between the three, and as the man was trying to drive away, one of the suspects shot at his vehicle. He was able to drive away unharmed, authorities said.

Homicide investigators identified Rojas as a suspect in both shootings and she was arrested Thursday in San Pedro, the LAPD said. Authorities say the two shootings do not appear to be linked.

Councilman Tim McOsker thanked the police and the community for coming forward with tips that led to the arrest of the alleged shooter.

“This arrest is important to both the family and friends of Tyrone Tyars and our entire community, which has been deeply disturbed by this senseless act of violence,” McOsker said in a statement. “Tyrone’s young life was cut far too short and the pain that his partner, children, loved ones, and friends have gone through is unimaginable. It is my hope that this arrest brings accountability and justice to his memory.”

Tyars’ family told news station KABC-7 that he went to the bar to pick up his girlfriend after she called him asking for help. Tyars and his girlfriend were the parents of two children.",Nathan Solis,,2024-03-12,CONTROL_International_Womens_Strike_2017_2024,single,True,0,"In, The, To"
https://www.latimes.com/california/story/2024-03-12/border-shooting-marksman-killed-man-assaulting-migrants-feds-say,Los Angeles Times,"Border shooting in San Diego County: Marksman killed man assaulting migrants, feds say","A man fatally shot by a border patrol marksman earlier this month near the California-Mexico border was gunned down because he was threatening migrants with a firearm, federal officials said.

The U.S Customs and Border Protection recently released new details about the March 3 shooting, which killed a 32-year-old Mexican citizen not far from the Otay Mesa Port of Entry border checkpoint. The man has not been publicly identified.

According to the federal agency, a border patrol tactical unit was set up that day near a paved road that runs through the Otay Mountains, a few miles east of the Otay Mesa border crossing, after reports of armed robberies and assaults targeting migrants trying to cross into the U.S.

The border agents, who were in a concealed position, saw the man threaten a group of migrants by loading a firearm and pointing it at them, according to the border patrol statement. At that point, a border patrol precision marksman fired one shot at the armed man, fatally striking him.

No other injuries were reported in the shooting. Investigators said they recovered a handgun near the man who was killed.

A border patrol union leader had previously described the incident as a “gun battle,” but federal officials said only one shot was fired.

Investigators also interviewed other witnesses, whose recall of the event matched that of border agents, the statement said. The witnesses said the armed man, who was with at least three others, had demanded money from the migrants.

Emergency medical teams arrived minutes after the shooting, and despite CPR efforts, the man was pronounced dead at the scene, officials said. Autopsy results from the San Diego County Medical Examiner’s Office have not been released.

U.S. Customs and Border Protection did not release video from the shooting but said it was “committed to expeditiously releasing the body-worn camera footage of this incident as soon as is appropriate to do so and without impacting the ongoing law enforcement investigations.”

The San Diego County Sheriff’s Department, the FBI and the border patrol’s Office of Professional Responsibility are continuing to investigate, officials said.",Grace Toohey,,2024-03-12,CONTROL_International_Womens_Strike_2017_2024,single,True,0,"In, The, To"
https://www.latimes.com/opinion/letters-to-the-editor/story/2024-03-12/letters-to-the-editor-first-library-books-now-the-lgbtq-pride-flag-whats-next-huntington-beach,Los Angeles Times,"Letters to the Editor: First library books, now the LGBTQ+ Pride flag. What's next, Huntington Beach?","To the editor: I don’t know what is more depressing — the fact that Huntington Beach passed the hateful measure banning the LGBTQ+ Pride flag from being displayed on city property, or that only 23% of the city’s registered voters even cared enough to vote.

This says an awful lot about our city, and it isn’t good. What is so horrible about flying a rainbow flag on city property to show support for a marginalized group?

Mayor Pro Tem Pat Burns is quoted as saying, “To me, it’s demeaning to the LGBQ community to fly that flag.” Using his reasoning, wouldn’t it also be demeaning to soldiers and their families to fly the POW-MIA flag? Of course it isn’t.

The POW-MIA flag is flown at City Hall throughout the year; the LGBTQ+ flag was flown only during Pride Month. Now it will likely never be flown again.

First, there were the library restrictions on books dealing with homosexuality and puberty. Now we have a flag ban. What’s next, Huntington Beach? What happened to teaching children about compassion for those different from you?

Barbara Richardson, Huntington Beach

..

To the editor: While I do not, in any way, support bigoted or anti-LGBTQ+ rhetoric, I oppose flying any flag, other than our state or national flag, on a public building.

If we are all equal under the law, then the only two flags that should represent us under the laws of the land are state and national.

Denis Montenaro, Laguna Niguel

..

To the editor: The supporters of Huntington Beach’s ban on flying certain flags on city property are clearly political and dishonest in their defense.

Supposedly limiting flags to those of government entities, the initiative allows the POW-MIA flag to be displayed. That flag is the symbol of a nonprofit organization that the voters apparently support, as opposed to others they do not.

This is not to criticize any of the organizations, but only to point out that the ban’s reasoning is inconsistent. Shame on Huntington Beach.

Lon M. Burns, Manhattan Beach",,,2024-03-12,CONTROL_International_Womens_Strike_2017_2024,single,True,0,"In, The, To"
https://www.latimes.com/entertainment-arts/story/2024-03-12/andrew-tate-extradited-uk-romania-rape-trial-tristan-tate,Los Angeles Times,"Andrew Tate, Tristan Tate can be extradited to U.K. after Romania rape trial, court says","A Romanian court has approved a United Kingdom request to extradite influencer Andrew Tate — a U.K and U.S. citizen — and his brother over rape and sexual assault allegations.

The brothers can be extradited after separate trial proceedings conclude in the former kickboxer’s rape and human trafficking case in Romania.

The court ordered Tate and his brother Tristan Tate’s immediate release from police custody in Romania, the BBC and the Independent reported Tuesday.

The controversial internet personality and his brother were detained Monday in Romania and handed an arrest warrant issued by British authorities, their spokesperson Mateea Petrescu told the Associated Press. The brothers were detained for 24 hours on allegations of sexual aggression in a U.K. case dating back to 2012-2015 and appeared Tuesday in handcuffs in the Bucharest Court of Appeal, where they were escorted by police.

The brothers “categorically reject all charges,” Petrescu said. They appeared in court Tuesday for the decision about whether to execute the warrants, which were issued by the Westminster Magistrates Court in London, and trigger the extradition process. (It is unclear what Tristan Tate is accused of.)

Bedfordshire Police told the Independent that they obtained a European arrest warrant and are working with authorities in Romania.

According to AP, Tate’s lawyer Eugen Vidineac hailed the court’s decision saying it “provides an opportunity for the brothers to participate fully in their defense” and for the legal process “to proceed in a transparent manner.”

The brothers were detained Monday after four women reported Andrew Tate — a prominent social media personality known for expressing misogynistic views online — to authorities in the U.K. for alleged sexual violence and physical abuse. However, the Crown Prosecution Service declined to prosecute him, so the alleged victims turned to crowdfunding to cover their legal costs while they pursued a civil case against him.

Andrew Tate, 37, and Tristan, 35, who is also a dual U.K. and U.S. citizen, reject the charges and “express profound disappointment that such serious allegations are being resurrected without substantial new evidence,” their representative told AP.

The law firm representing the four British women who accuse Andrew Tate of rape and physical and sexual assault said in a statement Tuesday that they had urged British police to “immediately seek a warrant” for his detention and extradition after they received information last week that he might have been planning to flee Romania.

The self-described misogynist, who has reportedly lived in Romania since 2017, has repeatedly claimed that prosecutors in Romania have no evidence against him and has long purported that there is a political conspiracy to silence him.

“The Matrix is afraid, but I only fear God,” he said in a Tuesday tweet on his X (formerly Twitter) account, which has amassed a following of 8.9 million. Tate uses the term “Matrix” to refer to a simulated reality created by advanced technology and what he considers to be a broad conspiracy targeting men.

Before the decision was made, Vidineac told journalists Tuesday at court that “as far as we know, this investigation was already closed, we don’t know if this investigation is re-opened if there is any new evidence submitted by the authorities.” Another lawyer representing Tate, Constantin Gliga, noted that the court’s decision will help to “clarify the legal situation” in Romania.

Tate was arrested in December 2022 in Bucharest and charged in June 2023 with rape, human trafficking and forming a criminal gang to sexually exploit women. Romanian prosecutors formally indicted him, his brother and two Romanian women in June and they have denied the allegations. Their case is being discussed in the preliminary chamber stages, AP reported, a process in which the defendants can challenge prosecutors’ evidence. But no trial date has been set.

The brothers will remain under judicial control in Romania, preventing them from traveling outside the country, the BBC reported.

Lawyers for the alleged abuse victims held a news conference in Bucharest last October in which they accused Tate and his followers of trying to intimidate their clients into silence.

After their 2022 arrest, the brothers were held for three months in police detention. They were later moved to house arrest and were eventually restricted to areas of the Bucharest Municipality and nearby Ilfov County. .

Tate was previously banned from prominent social media platforms for expressing misogynistic views and hate speech. The week he was arrested in 2022, he made headlines for his public war of words with teenage climate activist Greta Thunberg.

In January, Tate won an appeal challenging the seizure of his assets by Romanian authorities — including 15 luxury cars, 14 designer watches and cash in several currencies worth an estimated 3.6 million euros ($3.9 million) — in the weeks after his arrest.",Nardine Saad,,2024-03-12,CONTROL_International_Womens_Strike_2017_2024,single,True,0,"In, The, To"
https://www.latimes.com/california/story/2024-03-12/hundreds-of-people-possibly-exposed-to-measles-at-california-hospital-officials-say,Los Angeles Times,"Hundreds of people possibly exposed to measles at California hospital, officials say","Hundreds of people were possibly exposed to measles after a child with the virus was seen at a Northern California hospital, officials said.

As many as 300 people were exposed to the child, who was confirmed to have measles and evaluated at UC Davis Medical Center’s emergency department, according to health officials in Sacramento and El Dorado counties.

The child was seen between noon and 5 p.m. March 5 at the Sacramento hospital. People who are unvaccinated, or don’t know their measles vaccination status, “are at risk of developing measles from seven to 21 days after being exposed,” the Sacramento County public health department said in a statement.

The exposure highlights growing concern about the reemergence of measles nationwide this year. Four cases have been reported in California, including one in Los Angeles County involving a person who arrived Jan. 25 on a Turkish Airlines flight while infectious and later visited a Chick-fil-A restaurant in Northridge.

Another measles case was recently reported in San Diego County involving a 1-year-old who had traveled overseas. Other people were potentially exposed at locations including Grossmont Pediatrics of La Mesa on Jan. 31, and the emergency department at Rady Children’s Hospital-San Diego on Feb. 1.

Nationwide, there have been 45 measles cases in at least 17 states this year, according to the U.S. Centers for Disease Control and Prevention. That’s nearly as many as all cases reported in 2023, when there were 58.

Measles is one of the most contagious viruses and can be spread through the air. The last significant year for measles nationally was in 2019, when there were 1,274 cases — the highest since 1992.

Of the cases reported between Jan. 1 and Oct. 1 in 2019, 119 people needed hospitalization. Sixty patients suffered from pneumonia, and one had encephalitis, an inflammation of the brain. Among those hospitalized, 20% were infants younger than 1. Children under 1 year of age are too young to be vaccinated.

Fueling concern this year is a cluster of measles cases reported last month in an elementary school in Florida. The state’s surgeon general, Dr. Joseph Ladapo, has come under criticism for his response after declining to order unvaccinated children to stay home during the outbreak. That response goes against routine public health recommendations of barring unvaccinated children from classrooms in the midst of an outbreak — a playbook used in California.

Ladapo has faced criticism before, including for statements on COVID-19 vaccinations that were rebuked by officials with the CDC and Food and Drug Administration.

The vaccine protecting people against measles — which has been around since 1963 in the U.S. — is routinely given to children and is highly effective. But health officials nationwide have seen what can happen when vaccination rates decline.

The 2014–15 Disneyland measles outbreak was linked to more than 140 cases among residents in the U.S., Canada and Mexico, most of whom were either not vaccinated or had an unknown vaccination status. Factors in the Disney outbreak included declining vaccination rates, in part inspired by a 1998 Lancet report that was later discredited that linked the measles vaccine to autism.

That report’s conclusion was retracted by the Lancet in 2010. An editorial coauthored by Dr. Fiona Godlee, then the editor-in-chief of BMJ, formerly the British Medical Journal, in 2011 called the original Lancet report an “elaboratefraud.” The editorial accompanied a report by British investigative journalist Brian Deer that documented how a key author, Andrew Wakefield, manipulated data to prove something he “knew” before he started his research. British officials revoked Wakefield’s license to practice medicine.

Nonetheless, the damage was done: Public confidence in the vaccine dropped, and measles cases rose.

Sentiment toward the vaccine seemed to shift after the Disneyland outbreak. Measles vaccination rates rose among California’s kindergartners, likely in large part because of a change in state law in 2015 that strengthened requirements that schoolchildren be vaccinated against measles and other diseases.

Prior to that change, California parents could cite personal beliefs in asking children to be exempt from routine vaccination requirements; the new law said that only medical exemptions would be allowed for children entering daycare and kindergarten. Parents still can decline to vaccinate children attending private home-based schools or independent studies off-campus.

A very high percentage of the population needs to be vaccinated against measles to prevent outbreaks, ideally 95% or greater.

Measles ravaged California from 1989 to 1990, when more than 15,000 cases were reported, causing about 70 deaths. That outbreak prompted health authorities to recommend a second dose to the measles vaccine schedule.

In 1977, Los Angeles County health officials faced two measles deaths, three cases of brain inflammation and numerous cases of pneumonia requiring hospitalization, according to an article in the journal Vaccine. County health officials ordered 50,000 people with no proof of immunity to stay away from schools; within days, “most were back at school with proof of immunity, and the number of reported measles cases dropped precipitously,” the report said.

Vaccination rates improved nationwide following the creation of the federal Vaccines for Children program in the 1990s, which paid for vaccines for those who couldn’t afford them.

Some pediatricians in California have expressed concern about parents requesting delays in vaccinating their young children. While California does not keep track of vaccination data for all children, some pediatricians say they’ve seen more parents asking about delays since the COVID-19 pandemic surfaced more misinformation about vaccine safety.

Health officials in the Sacramento area are urging people who have had a possible measles exposure to contact their doctor or healthcare provider if they are pregnant, care for an infant, have a weakened immune system or are not immunized. “Do not go to your provider in-person or go to the emergency department,” which risks exposing other people, the Sacramento County public health department said.

Once exposure to the measles virus occurs, symptoms can appear seven to 14 days later, causing high fever, cough, runny nose and red, watery eyes. Several days after initial symptoms begin, the telltale measles rash can appear. The virus is especially dangerous for babies and young children, the CDC says.

The recommended measles vaccination schedule is to administer the first dose at 12 to 15 months of age, followed by a second dose at 4 to 6 years.

Generally, 1 in 5 unvaccinated people in the U.S. who get measles need to be hospitalized; 1 of every 20 children with measles gets pneumonia; and 1 child out of every 1,000 who get measles will develop swelling of the brain that can lead to convulsions and result in permanent loss of hearing or intellectual disability, the CDC says.

“Nearly 1 to 3 of every 1,000 children who become infected with measles will die from respiratory and neurologic complications,” according to the CDC.",Rong-Gong Lin II,,2024-03-12,CONTROL_International_Womens_Strike_2017_2024,single,True,0,"In, The, To"
https://www.latimes.com/entertainment-arts/story/2024-03-12/kate-middleton-catherine-william-wales-royal-family-princess-diana-meghan-markle-crisis,Los Angeles Times,"As with Diana and Meghan, palace missteps in Kate Middleton saga spark a royal crisis","Turns out not even the Oscars can bump Kate Middleton from the top of the pop-cultural conversation.

On Sunday, a photo of Catherine, Princess of Wales, surrounded by her children and reportedly taken by her husband Prince William, was posted, along with a note signed “C,” in honor of the U.K.’s Mothering Sunday.

For a moment, it seemed the image would quell the increasingly wild speculation about the health, safety and whereabouts of Kate, who has not been seen publicly since Christmas. Despite rumors of everything including plastic surgery, divorce and even death, Kensington Palace has repeatedly said she is recovering well from the “planned abdominal surgery” she had in January, and this photo appeared designed to prove that.

Instead, it did the exact opposite. Early reports on social media that the photo had been doctored were followed by major news agencies issuing a “kill” order on the image because they believed it had indeed been manipulated. This was followed almost immediately by an apology signed by “C” explaining that “like other amateur photographers,” she often touched up her photos, and she was sorry for the confusion.

On Monday, as millions offered their version of “I don’t buy it” amid an ever growing number of “Kate Watch” timelines, yet another “proof of life” photo emerged — of the Waleses in a car headed from Windsor. But though William is clearly recognizable through the window, the figure beside him is wreathed in shadow and turned away.

Now, even those who believed Kate was indeed just recovering from a planned operation are beginning to get suspicious. Times senior writer Meredith Blake and culture critic Mary McNamara resume their previous conversation about the Mystery of the Missing Princess.

Mary McNamara: Meredith, I just wanted to have a normal Monday, enlivened by re-watches of Ryan Gosling’s “I’m Just Ken” performance at the Oscars. Instead I find myself officially concerned. First and foremost about the state of the princess’ health, but also, I confess, about the prospect of the British monarchy being undone by Photoshop.

As you know, I was firmly in the “let the poor woman enjoy the perks of royalty and have an actual convalescence” camp last time we discussed the web of conspiracy theories around Kate, but now I am worried. Either the Waleses are enjoying being the center of a PR crisis or something is rotten in the state of Marks and Sparks.

I didn’t need the AP to explain that the photo looked manipulated — my daughter, who is not a photographer, amateur or otherwise, pointed out all the mistakes with the speed of a seasoned Instagram user. She also quickly answered the question of Kate’s missing wedding/engagement ring: “It’s tough to fix hands.”

How desperate must Kensington Palace and/or Kate and William be to prove that the princess is fine that they would release, as proof that all is well, a photo so easily identified as fake? And how bizarre is it that “Kate” would so swiftly respond to the Photoshop concerns (instead of, say, William, who allegedly took the picture) and not just, you know, post a video or something to prove how ridiculous everyone is being?

It honestly feels like a rare moment when a member of royalty could prove the rumors wrong and tell the nation, and the world, to “pull yourself together, man.”

Instead, they’ve forced a recounting of all the times the royal family and the palace press have covered up, often with outright lies, scandal, indiscretion and health scares. Whoever is running Kate’s information campaign is making it far too easy for us to remember Princess Diana‘s eating disorders, mental health issues and instances of self-harm, not to mention Meghan Markle’s description of suicidal ideation.

None of which is in the best interest of the monarchy. The death of Elizabeth II has only increased calls for its dismantlement, and with King Charles III’s cancer diagnosis, all eyes are, inevitably, on William. Who is now being accused of covering up something potentially terrible involving his wife.

Meredith, you’ve been following this more closely than I. What do you think is going on?

Meredith Blake: Sorry, could you repeat that question? I can’t quite hear you from the depths of this rabbit hole I have descended even farther into over the last few days.

Like you, Mary, I had hoped to spend most of today basking in the Oscars afterglow and reading detailed accounts about how the show’s producers got Slash, my favorite top-hat-wearing rock guitarist, to make a surprise appearance. Instead, I find myself Googling things like “How does a colostomy bag work?” and “facelift + recovery time” while closely analyzing photos of outfits Kate wore last fall. Including my work Slack account, I am in four group chats dominated by chatter about the Case of the Disappearing Princess. Even my husband, who is hardly a royal obsessive and only knows what he’s learned by watching “The Crown” with me, has gotten sucked into the morass.

And frankly I don’t blame any of us for being obsessed because I have not seen such a riveting disaster since the Titan submersible last summer. If you had told me last week that the palace would release an obviously manipulated photo of Kate that would, instead of quelling the conspiracy theories, only send them into overdrive, I would have said: Come on, no one is this bad at publicity.

And I would have been wrong. Very, very wrong.

The whole thing has gone so spectacularly pear-shaped, as the Brits might say, that I am starting to wonder not only about Kate’s mental and physical well-being — and what could be so terrible that she’d go to such ridiculous lengths to hide it — but also the future of the monarchy as an institution. I know we live in an era of rampant mistrust and social-media-fueled conspiracy theories, so perhaps some of this speculation about her health was inevitable, but the mess has been amplified by the truly catastrophic messaging. Some more transparency about Kate’s condition would have squashed much of the skepticism.

Now it seems the palace has thrown poor Kate under the (double decker) bus by releasing a sad, self-deprecating statement in which she took blame for the incident and said — I’m paraphrasing here — “I’m just a sick, frazzled mum who’s bad with technology. Sorry I made an already bad situation worse and further eroded the public’s trust in the monarchy. Ack!”

The statement raised more questions than it answered: If William took the picture, as claimed, then why was Kate editing it? Isn’t she supposed to be focusing on her recovery right now, not fussing around with Photoshop? What, exactly, was she trying to alter in the picture — and why? Couldn’t someone on the palace payroll have doctored the picture? Or, better yet, couldn’t the Waleses have hired a glam squad and photographer to stage a flattering yet discreet portrait of Kate and her children, one carefully composed to avoid unflattering or revealing angles — assuming, of course, that her face and limbs remain intact?

Most of all, it broke my heart to see Kate taking the fall for the whole debacle when it seems unlikely it was (entirely) her doing. A small part of me died when I read the wish at the end of her message: “I hope everyone celebrating had a very happy Mother’s Day.” Clearly, she hadn’t.

The situation is quickly spinning out of control, and the only precedent I can think of is the period after Princess Diana’s death in 1997, when Queen Elizabeth II misread the mood of the public. She obviously recovered from that mess, but only after going on TV to reassure the country she was, in fact, sad about the whole thing. I wonder how William, Kate and the rest of the Windsor gang can rehab their image after this PR equivalent of the Hindenburg. Not that I like seeing anyone out of work, but I would suggest they start by firing literally every person involved in their press, and completely overhauling the archaic and maddeningly opaque methods of dealing with the media (explained brilliantly in this piece)?

Mary, what do you think?

McNamara: Where is Tony Blair when we need him? Or even Michael Sheen (who played him so winningly in “The Queen”)? When you have the very Team-Wills-and-Kate People magazine running a headline that says “Photo Controversy is ‘Pretty Damning’” things have definitely gone from pear-shaped to balls-up.

Obviously, someone needs to address the situation directly, and if the princess can’t, or won’t, then it should be William. But right now the fact that Kate is well enough to ride in a car (if the photos of her with her mother and with William are to be believed) but not well enough to step out of it and offer a wave to her worried-to-the-point-of-spinning-out people is alarming. In a “she is either very sick or super pissed off” way.

Last time we discussed this, I said she wasn’t required to go public before Easter, which is when the palace said she would return to duty. But with this unfortunate series of events, I have changed my mind.

As the future queen of England, she needs to at least put the “Kate is dead/deathly ill/in a coma” rumors to rest if she can.

If, God forbid, she can’t, then the palace needs to put on its big boy regalia and address that by providing some detail of her operation and her recovery beyond “she is doing well.” If she were really doing well, we and a hundred other non-royal-watch journalists wouldn’t be writing about this mess.

I have to wonder why Prince Harry, who self-identifies as the familial truth-teller, hasn’t weighed in somehow. I mean, if Kate’s essentially fine and it’s just the palace being complete dunderheads, you’d think he’d want to comment. Woven into the larger story is, of course, speculation that pro-Meghan forces started many of the rumors, which gives him even more reason to shed some light on things. If he really wants to mend fences with William, any help he could offer in terms of containing this wildfire would no doubt go a long way. Or maybe he’s enjoying it. God knows he and Meghan had to endure more than their share of rumor and conspiracy theories.

But someone has to do something, preferably with witnesses and a respected media source so no one can cry “fake.”

Blake: Mary, I get what you’re saying about Harry and his opportunity to speak out on the issue. But I don’t think the wayward “spare” would help anyone — least of all his estranged sister-in-law — by inserting himself into this sordid saga. The British press has a way of finding fault with literally everything Harry and Meghan do, including things they’d also rip them for not doing, like attending the queen’s funeral. So I don’t see how Harry leaping to her defense, or telling us all what the heck is really going on, would help matters, at a time when she seems desperate to preserve her privacy.

However, at the risk of sounding unbearably corny and deeply American, I do think this could be an opportunity for the brothers to put that whole dog bowl incident behind them and let the healing begin. They’ve both seen how “The Firm” has failed their wives during moments of intense vulnerability. Maybe they can put their heads together and figure out a better way to navigate their family’s public roles going forward? A Wales-Sussex truce may seem unlikely, but it would also make a lot of sense during a moment of crisis. With Charles receiving treatment for cancer, Kate out of commission for her mystery diagnosis, and William seemingly overwhelmed, it’s clear the royal family could use a few extra hands right now (and not the kind generated with AI).

It’s funny you should mention Michael Sheen because I cannot stop thinking about how Peter Morgan would dramatize this latest turn of events, in the exceedingly slim chance “The Crown” gets a reboot. We know he loves a good contrast, and in this case the episode practically writes itself: While Kate is cooped up somewhere in England trying to recover from surgery — or whatever — she caves to public pressure for information about her condition and posts a badly edited photo on social media, thereby turning a fringe internet obsession into an international incident. Meanwhile, in Texas, Kate’s sister-in-law Meghan makes an appearance at SXSW, on International Women’s Day, about online bullying and cultural depictions of motherhood.

Honestly, it’s a little on the nose. But so is life.","Meredith Blake, Mary McNamara",,2024-03-12,CONTROL_International_Womens_Strike_2017_2024,single,True,4,"Kate, Middleton, Photo"
https://www.latimes.com/sports/rams/story/2024-03-12/rams-agree-terms-cornerback-darious-willliams,Los Angeles Times,Rams agree to terms with a familiar face to help secondary,"Cornerback Darious Williams is returning to the Rams.

The remaking of the team’s secondary began Tuesday when the team agreed to terms with Williams, who played for the Rams from 2018 to 2021, a person with knowledge of the situation said.

The person requested anonymity because deals cannot become official until the NFL’s new league year begins Wednesday.

Williams, who turns 31 next month, played the last two seasons for the Jacksonville Jaguars. Last season, Williams intercepted four passes, returning one for a touchdown. He was released last week.

Williams joins a cornerback group that includes third-year pros Derion Kendrick and Cobie Durant and second-year pro Tre Tomlinson. Ahkello Witherspoon, who played last season on a veteran-minimum contract, is a pending unrestricted free agent.

Williams is the third addition to a team coming off a 10-7 season. The Rams agreed to terms Monday with guard Jonah Jackson and tight end Colby Parkinson.",Gary Klein,,2024-03-12,CONTROL_International_Womens_Strike_2017_2024,single,True,0,"In, The, To"
https://www.latimes.com/world-nation/story/2024-03-12/education-department-starts-sending-financial-aid-data-to-colleges-after-months-of-delays,Los Angeles Times,Education Department starts sending financial aid data to colleges after months of delays,"After months of delays and technical hiccups, some colleges and universities have started to receive federal data they need to put together financial aid offers for incoming students, the Biden administration said Monday.

The Education Department says it sent a first batch of student records to a few dozen universities on Sunday and is making final updates before expanding to more universities.

The delay has cut into the time schools usually have to assemble financial aid packages before the typical May 1 deadline for students to commit to a university. Many colleges have extended enrollment deadlines as they wait on the federal government, leaving families across the nation wondering how much financial help they will get with college tuition.

The Free Application for Federal Student Aid overhaul delayed the form’s usual rollout from October to late December. The department then soft-launched the new version to address lingering bugs in the system, but many families reported difficulties accessing the form.

Congress ordered the update in 2020 to simplify the notoriously complex form and expand federal student aid to more low-income students. The new application reduces the number of questions from 108 to fewer than 50, and it uses a new and more generous formula to determine eligibility for federal student aid.

The delays have had cascading impacts across higher education. FAFSA information is used to award state and federal education grants, and schools use it to assemble financial aid packages for prospective students. In the meantime, families often have only a murky idea of how much they would need to pay, which can be a dealbreaker when choosing colleges.

Advocates fear the holdup will deter some students from pursuing higher education at all, especially those who were already on the fence.

Repeated delays have become a blemish for the Biden administration, which has blamed Congress for rejecting requests for more money to overhaul information systems and update the decades-old application process.

Republicans in Congress say the Government Accountability Office has launched an investigation into the administration’s handling of the overhaul.

Every year, about 17 million students submit the FAFSA as part of their applications for financial aid. So far, 5.5 million students have been able to fill out the new FAFSA form, according to the department.

The department updated its formula to account for inflation, which will increase the amount of aid students are eligible to receive. But the initial release didn’t include the updated inflation tool.

In a letter to the department in February, over 100 Democratic lawmakers pressed for answers on how the department planned to minimize the impact the delays have had on families.

“Any delays in financial aid processing will most impact the students that need aid most, including many students of color, students from mixed status families, students from rural backgrounds, students experiencing homelessness or in foster care, first-generation students, and students from underserved communities,” they wrote. “For institutions to support students’ ability to make informed decisions about their future, they need clear guidance and resources from the Department immediately on any and all next steps.”

Ma and Binkley write for the Associated Press.","ANNIE MA, COLLIN BINKLEY",,2024-03-12,CONTROL_International_Womens_Strike_2017_2024,single,True,12,"Attorneys, Loans, Student"
https://www.latimes.com/world-nation/story/2024-03-12/special-counsel-stands-by-report-on-bidens-memory-but-transcript-raises-questions,Los Angeles Times,"Special counsel stands by report on Biden's memory, but transcript raises questions ","Over five hours of interviews, President Biden repeatedly told a special counsel that he never meant to retain classified information after he left the vice presidency, but he was at times fuzzy about dates and said he was unfamiliar with the paper trail for some of the sensitive documents he handled.

A transcript of the Biden interviews was made public Tuesday, just as the special counsel, Robert Hur, went before the House Judiciary Committee to face questions about his investigation of the Democratic president.

Hur, in his report, concluded that Biden should not face criminal charges over his mishandling of documents but also impugned the president’s age and competence. The special counsel stood by his assessment of the president’s memory as “accurate and fair,” in prepared testimony to be delivered to Congress.

In prepared remarks, Hur said: “What I wrote is what I believe the evidence shows, and what I expect jurors would perceive and believe. I did not sanitize my explanation. Nor did I disparage the President unfairly.”

While Biden fumbled some details in his interview, the full transcript could raise questions about Hur’s depiction of the 81-year-old president as having “significant limitations” on his memory. It paints a more textured picture of his discussions with prosecutors, filling out some of the gaps left by Hur’s accounting of the exchanges.

At the same time, it makes plain that the Republican lawyer never asked Biden about the timing of his son’s death, contradicting the president’s indignant public objections to that supposed line of questioning.

Both the hearing and the transcript were meant to clear up lingering questions about Hur’s report on the discovery of some classified records at Biden’s home and former Washington private office. But there was no guarantee they would alter preconceived notions about the president or the Trump appointee who investigated him, particularly in a hard-fought election year.

On Capitol Hill, Hur was set to be the rare witness likely to be vilified all around — by Republicans angry over his decision not to charge the president, and by Democrats for his unflattering commentary about Biden.

Democrats will try to paint Hur as a political partisan out to help his party win a presidential election. Republicans immediately began digging further into Hur’s assessment of the president’s age and memory — a major attack line as they seek to unseat Biden.

Judiciary Committee Chair Jim Jordan (R-Ohio) said at the start of the hearing that “it boils down to a few key facts. Joe Biden kept classified information. Joe Biden failed to properly secure classified information and Joe Biden shared classified information with people he wasn’t supposed to. Joe Biden broke the law because he’s a forgetful old man who would appear sympathetic to a jury. Mr. Hur chose not to bring charges.”

Hur’s report cited evidence that Biden willfully held on to highly classified information and shared it with a ghostwriter, based on audio of the conversations between the two men in which Biden said he had just come across some classified documents at his home.

In the interviews, Biden said he did not recall the exchange, or that he had actually discovered any documents. He said if he had discussed anything questionable with the ghostwriter, it was in referring to a 20-page sensitive memo he had written to then-President Obama in 2009 arguing against surging troops in Afghanistan that he wanted to ensure didn’t make it into publication.

Hur devoted much of his report to explaining why he did not believe the evidence against Biden met the standard for criminal charges, partly based on the hours of interviews with the president.

In his prepared remarks, Hur said he was aware of the need to explain in great detail why he’d decided not to charge the president. Such explanations are common but usually kept confidential; and so he didn’t hold back, particularly in this case.

“The need to show my work was especially strong here,” he said. “The attorney general had appointed me to investigate the actions of the attorney general’s boss, the sitting president of the United States. I knew that for my decision to be credible, I could not simply announce that I recommended no criminal charges and leave it at that. I needed to explain why.”

Hur cautioned that he would not discuss investigative steps or veer from the contents of the report. He said “the evidence and the President himself put his memory squarely at issue.”

In the report, Hur said that it could be difficult to prove beyond a reasonable doubt that Biden intended to keep the documents, which is the standard for conviction in a criminal case. In part, he argued, jurors could be swayed that Biden’s age made him seem forgetful, and there was the possibility for “innocent explanations” for the mishandling of any records.

“Mr. Biden would likely present himself to a jury, as he did during our interview of him, as a sympathetic, well-meaning, elderly man with a poor memory,” Hur wrote in his report.

In his interviews, Biden repeatedly told prosecutors that he did not know how classified documents ended up at his home and former Penn Biden Center office in Washington.

“I have no idea,” he said.

He also insisted that had he known they were there, he would have returned them to the government.

The president did acknowledge that he intentionally kept his personal diaries — which officials said contained classified information. Biden insisted they were his own property, a claim also asserted by previous presidents and vice presidents, and that he had a right to keep them.

He also acknowledged that he was “never that organized,” as prosecutors pressed him on why some of the documents were located in different places.

Hur, in his report, detailed how his findings about Biden were far different from those of special counsel Jack Smith about Republican front-runner Donald Trump, who has been charged with willfully retaining classified documents.

FBI agents searched Trump’s Florida estate in 2022 and removed boxes of documents marked as classified after he refused multiple requests from the National Archives to return them.

Biden, by his own admission, has retained such a sprawling assortment of photos, documents and artifacts from his more than 50 years in public life that he can’t keep track of everything.

When asked if First Lady Jill Biden kept her things with his, he said, “She wants nothing to do with my filing system.” He added, to laughs from the lawyers, “not even kidding.”

Biden first sat down with Hur during a time of crisis, one day after the devastating Hamas attack on Israel on Oct. 7.

He entered the first day of the interview having just gotten off the phone with Israeli Prime Minister Benjamin Netanyahu, part of a series of calls meant to prevent the attack from spiraling into a wider regional confrontation. At multiple points, when Hur suggested a pause, Biden encouraged prosecutors to keep going, saying, “I’ll go all night if we get this done.”

Biden said that he left it to his staff to safeguard classified information that was presented to him, often leaving papers on his desk in heaps for aides to sort through and secure.

“I never asked anybody,” Biden said. He noted that much of his staff had worked with him for years, to the point where they didn’t need direction from him. “It just — it just got done. I don’t know. I can’t remember who.”

Confusion over the timing of the death of Biden’s adult son Beau — who died May 30, 2015 — was highlighted by Hur in his report as an example of the president’s memory lapses. But the transcript shows that Hur never asked Biden about his son specifically, as a visibly angry Biden had suggested in comments to reporters the day the report was released.

“How in the hell dare he raise that,” Biden said of Hur. “Frankly, when I was asked the question, I thought to myself it wasn’t any of their damn business.”

But the transcript suggests that the exchange was less revealing about Biden’s memory than Hur let on, and that Biden’s recollection of it during his emotional White House remarks was incorrect.

Hur asked Biden about where he kept the things that he was “actively working on” while he was living in a rental home in Virginia immediately after leaving the vice presidency in January 2017. And in that context, it was Biden himself who brought up Beau’s illness and death as he talked about a book he’d published later in 2017 about that painful time.

“What month did Beau die?” Biden mused, adding, “Oh God, May 30th.”

A White House lawyer then chimed in with the year, 2015.

“Was it 2015 he died?” Biden asked again.

Biden went on to recount in detail the story contained in his book, “Promise Me, Dad,” of how his late son had encouraged him to remain engaged in public life after the Obama administration ended.

The Department of Justice redacted information about other people involved in the case, and the National Security Council and the State Department blacked out some details relating to sensitive intelligence and foreign affairs matters. Before the redactions, the transcript had been classified as top secret and barred from dissemination to foreign nationals.

Miller, Long and Amiri write for the Associated Press. AP writer Eric Tucker in Washington and Alanna Durkin Richer in Boston contributed to this report.","ZEKE MILLER, COLLEEN LONG, FARNOUSH AMIRI",,2024-03-12,CONTROL_International_Womens_Strike_2017_2024,single,True,0,"In, The, To"
https://www.latimes.com/business/story/2024-03-12/u-s-inflation-up-again-in-february-in-latest-sign-that-price-pressures-remain-elevated,Los Angeles Times,U.S. inflation up again in February in latest sign that price pressures remain elevated,"Consumer prices in the United States picked up last month, a sign that inflation remains a persistent challenge for the Federal Reserve and for President Biden’s reelection campaign, both of which are counting on a steady easing of price pressures this year.

Prices rose 0.4% from January to February, higher than the previous month’s figure of 0.3%, the Labor Department said Tuesday. Compared with a year earlier, consumer prices rose 3.2% last month, faster than January’s 3.1% annual pace.

Excluding volatile food and energy prices, so-called “core” prices also climbed 0.4% from January to February, matching the previous month’s increase and a faster pace than is consistent with the Fed’s 2% target. Core inflation is watched especially closely because it typically provides a better read of where inflation is likely headed.

Pricier gas pushed up overall inflation, with pump prices rising 3.8% just from January to February. Grocery prices, though, were unchanged last month and are up just 1% from a year earlier. The cost of clothing, used cars and rent also increased in February, raising the inflation figure.

Despite February’s elevated figures, most economists expect inflation to continue slowly declining this year. At the same time, the uptick last month may underscore the Fed’s cautious approach toward interest rate cuts.

Overall inflation has plummeted from a peak of 9.1% in June 2022, though it’s now easing more slowly than it did last spring and summer. The prices of some goods, from appliances to furniture to used cars, are actually falling after clogged supply chains during the pandemic had sent prices soaring higher. There are more new cars on dealer lots and electronics on store shelves.

By contrast, prices for dental care, car repairs, and other services are still rising faster than they did before the pandemic. Car insurance has shot higher, reflecting rising costs for repairs and replacement. And after having sharply raised pay for nurses and other in-demand staff, hospitals are passing their higher wage costs on to patients in the form of higher prices.

Voter perceptions of inflation are sure to occupy a central place in this year’s presidential election. Despite a healthy job market and a record-high stock market, polls show that many Americans blame Biden for the surge in consumer prices that began in 2021. Though inflationary pressures have significantly eased, average prices remain above where they stood three years ago.

In his State of the Union speech last week, Biden highlighted steps he has taken to reduce costs, like capping the price of insulin for Medicare patients. The president also criticized many large companies for engaging in “price gouging” and so-called “shrinkflation,” in which a company shrinks the amount of product inside a package rather than raising the price.

“Too many corporations raise prices to pad their profits, charging more and more for less and less,” Biden said.

Fed Chair Jerome Powell signaled in congressional testimony last week that the central bank is getting closer to cutting rates. After meeting in January, Fed officials said in a statement that they needed “greater confidence” that inflation was steadily falling to their 2% target level. Since then, several of the Fed’s policymakers have said they believe prices will keep declining. One reason, they suggested, is that consumers are increasingly pushing back against higher prices by seeking out cheaper alternatives.

Most economists expect the Fed’s first rate cut to occur in June, though May is also possible. When the Fed cuts its benchmark rate, over time it reduces borrowing costs for mortgages, car loans, credit cards and business loans.

One factor that could keep inflation elevated is the still-healthy economy. Though most economists had expected a recession to occur last year, hiring and growth were strong and remain healthy. The economy expanded 2.5% last year and could grow at about the same pace in the first three months of this year, according to the Federal Reserve’s Atlanta branch.

Last week, the Labor Department said employers added a robust 275,000 jobs in February, the latest in a streak of solid hiring gains, and the unemployment rate stayed below 4% for the 25th straight month. That is the longest such streak since the 1960s.

Still, the unemployment rate rose from 3.7% to 3.9%, and wage growth slowed. Both trends could make the Fed feel more confident that the economy is cooling, which could help keep inflation falling and lead the central bank to begin cutting rates.

Rugaber writes for the Associated Press",CHRISTOPHER RUGABER,,2024-03-12,CONTROL_International_Womens_Strike_2017_2024,single,True,2,"February, Inflation, Rates"
https://www.latimes.com/world-nation/story/2024-03-12/asked-to-clear-up-abortion-bans-gop-leaders-blame-doctors-and-misinformation-for-the-confusion,Los Angeles Times,"Asked to clear up abortion bans, GOP leaders blame doctors and misinformation for the confusion","In Republican-led states across the U.S., conservative legislators are refusing to reevaluate abortion bans — even as doctors and patients insist the laws’ exceptions are dangerously unclear, resulting in denied treatment to some pregnant women in need.

Instead, GOP leaders accuse abortion rights advocates of deliberately spreading misinformation and doctors of intentionally denying services in an effort to undercut the bans and make a political point. At the same time, however, some states are taking steps that they say will provide more clarity about when abortions can be legally performed.

The Republican-controlled South Dakota Legislature wants to create a video in which medical experts — and the state’s attorneys — would explain to doctors and patients when abortions can be legally performed. The measure was passed last month and is now awaiting the signature of Republican Gov. Kristi Noem, who has indicated she will sign it.

The first-in-the-nation idea is wholeheartedly supported by SBA Pro-Life, one of the country’s largest antiabortion groups, which says the video will help to combat “confusion caused by the abortion industry.”

“South Dakota is showing the rest of the nation how to protect women’s lives from the misinformation surrounding abortion laws,” said the organization’s public affairs director in South Dakota, Kelsey Pritchard.

Oklahoma and Kentucky are also taking steps to clarify their abortion bans, though in both states the attorneys general, not physicians, are the ones dictating the terms.

In Oklahoma, the AG sent out a memo in 2022 informing prosecutors and police that doctors should have “substantial leeway” to provide certain abortions. Last year, the office added that patients don’t have to be “septic, bleeding profusely, or otherwise close to death” — but reiterated a past warning that doctors should be prosecuted if there’s evidence they violated the law by providing an abortion when a woman’s life wasn’t actually in danger.

Kentucky’s attorney general has stated that miscarriages and ectopic pregnancies — when a fertilized egg grows outside the uterus — are both exempted from the state’s abortion ban, but has been silent on the majority of other pregnancy complications that physicians and patients have pointed out.

Since the U.S. Supreme Court overturned the constitutional right to abortion in 2022, states have been free to enact their own restrictions. South Dakota is among the 14 that ban abortion at all stages of pregnancy. The law does allow an abortion exception to save the life of the mother, but like similar statutes in other states, it does not clearly define which pregnancy complications are considered life-threatening.

State Republican Rep. Taylor Rehfeldt, a nurse anesthetist, said she decided to propose the informational video after hearing from physicians about the ongoing confusion. She said the video offered the best solution because any attempt to tweak the abortion ban itself would provoke strong disagreement among her GOP colleagues.

It remains to be seen how much help the video will be to patients and doctors. It’s not expected to specifically list pregnancy complications that would legally qualify women for abortions, and it’s unclear whether it will contain a legal disclaimer warning that anyone who watches the video may still face potential criminal charges.

“It’s not going to deal with hard calls,” said Greer Donley, an associate professor at the University of Pittsburgh School of Law who is an expert on abortion law. “They actually don’t want to deal with the hard calls because their movement is not sure ... how those hard calls should be resolved.”

South Dakota Republican state Sen. Erin Tobin, one of the measure’s proponents, acknowledged to a Senate panel last month that the video will not contain specific examples.

“That’s the problem with healthcare, is that there are so many different circumstances, that you have to allow doctors discretion,” Tobin said.

As some states mull how to clarify — without weakening — their abortion bans, abortion rights advocates in several states continue to challenge the bans with lawsuits.

Twenty Texas women denied abortions are suing the state seeking clarification, while advocates filed a lawsuit in Tennessee arguing that the state ban’s vaguely defined exceptions put pregnant women’s lives at risk.

Tennessee Atty. Gen. Jonathan Skrmetti pushed back. He argued that it wasn’t the law, per se, that is harming women but rather “other factors like doctors’ independent choices not to provide permissible abortions.”

The lawsuit is ongoing, with attorneys expected to make their arguments before a three-judge panel next month on whether the state ban should be temporarily blocked as the legal battle continues or if the case should be dismissed entirely.

Donley spurned the idea that doctors bear the responsibility for endangering patients.

“I completely reject any narrative that there’s any sort of provider out there that’s intentionally harming women and pregnant people for the sake of a news story,” she said. “That’s just not happening. But are mistakes being made because people are terrified? Yeah, probably.”

In Texas, a pregnant woman whose fetus had a fatal condition went straight to the state supreme court last year to request an exemption from the Lone Star State’s strict ban. The court denied Katie Cox’s request — forcing her to go out of state to get an abortion — but did urge the Texas Medical Board to issue guidance to doctors on how to interpret the law.

“While the judiciary cannot compel executive branch entities to do their part, it is obvious that the legal process works more smoothly when they do,” the justices wrote.

And yet the medical board, comprising 19 members appointed by the governor, has so far not offered any sort of guidance.

Republican Gov. Greg Abbott is a vocal abortion opponent.

Frustrated with the board’s inaction, Amy and Steven Bresnen, a couple who are lawyers and lobbyists, filed a petition in January asking it to clarify what circumstances qualify as medical exceptions to the state’s abortion ban.

“Pregnant females in life-threatening situations and the health care providers otherwise willing to save their lives simply cannot be required to stand idly in the void when the TMB (Texas Medical Board) has the authority to act and the duty to regulate medicine in this state in the public interest,” the petition states.

The board is expected to meet later this month and will likely address the petition, Steven Bresnen said.

“Nobody has put them on the spit to make them make a formal decision,” he said. “If they decline to, they have to explain why.”",KIMBERLEE KRUESI,,2024-03-12,CONTROL_International_Womens_Strike_2017_2024,single,True,0,"In, The, To"
https://www.latimes.com/world-nation/story/2024-03-12/ethiopias-tigray-region-is-now-peaceful-but-extreme-hunger-afflicts-its-children,Los Angeles Times,"Ethiopia's Tigray region is now peaceful, but extreme hunger afflicts its children","The cruel realities of war and drought seem to have merged for Tinseu Hiluf, a widow living in the arid depths of Ethiopia’s Tigray region who is raising four children left behind by her sister’s recent death in childbirth.

A two-year war between federal troops and regional forces killed one of her own sons, the rest of whom are already adults. And now, a lack of food stemming from the region’s drought has left the youngest of the children she is raising malnourished.

She tries to forage seeds among the scarce greenery of the desert’s yellow, rocky landscape. But she recently resorted to traveling to the nearby Finarwa health center in southeastern Tigray to try to keep the 1-year-old baby alive.

“When hungry, we eat anything from the desert,” she said. “Otherwise, nothing.”

She joined several other mothers seeking help at the center in the remote administrative area of Nebar Hadnet. A mother of five complained that she had no breastmilk for her 8-month-old baby. Another with 1-year-old twins said she needed sachets of baby food to keep “my babies alive.”

Tigray is now peaceful but war’s effects linger, compounded by drought and a level of aid mismanagement that caused the U.N. and the U.S. to temporarily suspend deliveries last year.

Once-lush fields lie barren. Mothers, faces etched with worry, watch helplessly as their children weaken from malnutrition. Nearly 400 people died of starvation in Tigray and the neighboring Amhara region in the six months leading to January, the national ombudsman revealed in January, a rare admission of hunger-related deaths by a federal government.

Most of those deaths were recorded in Tigray, home to 5.5 million people.

Until the signing of a peace agreement in November 2022, the region was the scene of a deadly war between federal troops and forces loyal to the region’s now-ousted ruling party. But months after the end of the conflict, the U.N. and the U.S. halted food aid for Tigray because of a massive scheme by Ethiopian officials to steal humanitarian grain.

An inadequate growing season followed.

Persistent insecurity meant only 49% of Tigray’s farmland was planted during the main planting season last year, according to an assessment by U.N. agencies, NGOs and the regional authorities, and seen by the AP. Crop production in these areas was only 37% of the expected total because of drought. In some areas the proportion was as low as 2%, that assessment said.

The poor harvest prompted Tigray’s authorities to warn of an “unfolding famine” that could match the famine of 1984-85, which killed hundreds of thousands of people across northern Ethiopia, unless the aid response was scaled up. Food deliveries to Tigray resumed in the second half of last year, but only a small fraction of needy people in Tigray are receiving food aid, humanitarian workers say.

Finarwa, a farming community of about 13,000 people, is among the worst-hit places.

The town’s health center still has war-damaged equipment and some of its rooms appear abandoned. Tadesse Mehari, the officer in charge of the clinic, said the lack of food at homes in the community has forced children to flee and beg in nearby towns.

“Nothing here to eat. So, for the sake of getting food and to save their lives, they are displaced anywhere, far from here,” he said. “So, in this area, a lot of people are suffering. They are starved. They are dying due to the absence of food.”

Some local leaders, feeling helpless, have been turning their own people away.

Hayale Gebrekedian, a Nebar Hadnet district leader for five years, listened to the pleas of villagers who streamed into his office one recent afternoon. A widow named Serawit Wolde with 10 children was in tears as she recounted that five of them were falling ill from hunger.

“Please, any help,” she told Hayale.

Hayale told the woman he had nothing to give. “There simply isn’t any [food],” he said.

Hayale later told the AP, “This place used to be a source of hope, even for those displaced by the war. We had enough for everyone, but now we can’t even feed ourselves.”

“The war took everything,” he said. “There’s nothing left.”

Havale said access to water was an additional challenge. Of the 25 wells that once sustained the community and its animals, only five remained functional. People now trek for over an hour and a half to access water, he said.

The region’s drought has meant that some areas that usually get about 60 days of rain during the rainy season have seen only a few.

Some farmers aren’t giving up.

Haile Gebre Kirstos, 70, continued to plough his parched land and plant sorghum in a village in Messebo, although rain fell “only two days during the last rainy season,” he said.

Once lush and teeming with livestock, the land is now a barren expanse, yet he remained hopeful even after the failure of the previous harvest.

Although the ploughing usually doesn’t begin until the rainy season in May or June, this year he started the work early, driven by extreme need. He spoke of farmers who have sold their oxen and farming tools to feed their families.

For him, the memory of the 1980s famine is haunting. “It affected the entire region then,” he said. “Now, in some districts, it’s either as bad as the 1980s, or even worse.”

Kiyaro writes for the Associated Press.",AMIR AMAN KIYARO,,2024-03-12,CONTROL_International_Womens_Strike_2017_2024,single,True,0,"In, The, To"
https://www.latimes.com/sports/soccer/story/2024-03-12/mexico-play-new-zealand-rose-bowl,Los Angeles Times,Mexico national soccer team to play New Zealand at Rose Bowl,"The Mexican national team will face New Zealand at the Rose Bowl on Sept. 7. The game will fall during a FIFA international match window, meaning Mexico will be able to call up its best players for the match.

When Mexico and New Zealand met in Pasadena in March 2010, the game drew a crowd of 90,526, largest-ever for a MexTour match. Javier “Chicharito” Hernández and Carlos Vela scored goals in that game, which ended in a 2-0 Mexico win.

Tickets for the September match will go on sale at a later date.",Kevin Baxter,,2024-03-12,CONTROL_International_Womens_Strike_2017_2024,single,True,1,"De, En, La"
https://www.latimes.com/sports/highschool/story/2024-03-12/mondays-prep-baseball-and-softball-scores,Los Angeles Times,Monday's prep baseball and softball scores,"Baseball

Aquinas 3, Linfield Christian 1Arcadia 3, Damien 1Arleta 14, Van Nuys 8Ayala 5, Glendora 0Beaumont 6, Citrus Valley 5Bellflower 13, Dominguez 1Bishop Amat 4, Bishop Montgomery 2Bonita 13, Colony 1Calabasas 6, Camarillo 0Calipatria 5, Desert Mirage 3Calvary Baptist 15, Lucerne Valley 5Cerritos 9, Paramount 0Chavez 8, Franklin 6Claremont 1, Alta Loma 0Corona 13, Norco 3Corona Centennial 7, Corona Santiago 2Culver City 9, LA Hamilton 0Downey 7, Warren 6Eagle Rock 4, King/Drew 0Eastvale Roosevelt 6, Riverside King 5East Valley 6, Hollywood 2El Modena 7, Laguna Beach 1Fillmore 7, Channel Islands 2Harbor Teacher 11, Gardena 4Hesperia Christian 20, Silver Valley 8La Quinta 17, Palm Springs 1LA Wilson 8, Palisades 6Legacy 5, Granada Hills Kennedy 3Locke 10, Dymally 0Mesa Grande Academy 23, Desert Chapel 3Moreno Valley 5, Heritage 2Newport Harbor 2, Segerstrom 0Orange County Pacifica Christian 5, Western Christian 1Orange Vista 2, Vista del Lago 0Paloma Valley 9, Murrieta Valley 5Palos Verdes 9, Narbonne 5Rancho Mirage 5, Palm Desert 4Redlands Adventist 9, Public Safety 5Rosemead 5, Workman 3San Jacinto 11, Perris 1San Marino 7, South Pasadena 2Santa Ana Foothill 6, Brea Olinda 0Santa Fe 7, California 5Santa Paula 6, Nordhoff 1Shalhevet 11, WISH Academy 0Sonora 11, Academy for Academic Excellence 1South Gate 10, Rancho Dominguez 0St. Monica 8, New Roads 1Sunny Hills 9, Yorba Linda 2Sylmar 7, Taft 1Temecula Valley 4, Etiwanda 2Troy 5, Century 2Viewpoint 7, Campbell Hall 5Villanova Prep 10, Newbury Park Adventist 1Villa Park 4, Los Alamitos 2Webb 10, Tarbut V’ Torah 0Woodbridge 3, Northwood 2

Softball

Academy for Academic Excellence 17, Adelanto 7Aliso Niguel 10, San Clemente 0Anaheim Canyon 8, Santa Ana Foothill 4Animo South LA 31, Stella 17Animo Venice 16, Animo Robinson 1Barstow 14, Victor Valley 3Bassett 17, La Puente 11Beckman 13, Irvine University 2Bell Gardens 11, El Monte 10Bishop Conaty-Loretto 5, LA Marshall 3Brea Olinda 5, Sierra Vista 1Calipatria 20, Desert Mirage 7Canyon Springs 13, Riverside Notre Dame 1Chatsworth 7, North Hollywood 2Cleveland 12, Northridge Academy 1Community Charter 17, East Valley 2Corona Santiago 8, La Palma Kennedy 7Covina 11, Diamond Ranch 1El Camino Real 2, Chavez 1El Rancho 16, Glenn 0Estancia 15, Bolsa Grande 10Etiwanda 11, Claremont 2Fairfax 17, Westchester 5Grace Brethren 11, Foothill Tech 0Hawthorne 10, Torres 0JSerra 5, Eastvale Roosevelt 3Kaiser 15, Bloomington 0Katella 6, Santa Ana Calvary Chapel 4Knight 13, Serrano 11LA Roosevelt 6, Bravo 5La Quinta 14, Palm Springs 0La Serna 5, Sonora 3Liberty 20, Citrus Hill 0Linfield Christian 13, Chaparral 2Lucerne Valley 10, Granite Hills JV 9Maywood CES 13, Washington Prep 1Mesa Grande Academy 26, River Springs 11Moreno Valley 10, Fontana 5North 5, Downey 0Northwood 8, Irvine 7Oak Park 11, Simi Valley 1Orthopaedic 20, Narbonne 6Palisades 24, LACES 3Palm Desert 7, Rancho Mirage 1Paloma Valley 30, Lakeside 2Placentia Valencia 14, Buena Park 6Panorama 14, Fulton 13Riverside Prep 13, Hesperia Christian 12San Marcos 4, Dos Pueblos 3Schurr 21, Alhambra 0South Pasadena 14, Maranatha 0St. John’s (TX) 7, Mira Costa 2Sun Valley Poly 16, San Fernando 11Twentynine Palms 23, Desert Hot Springs 9Westlake 17, Verdugo Hills 0Whitney 21, Long Beach Cabrillo 3",Steve Galluzzo,,2024-03-12,CONTROL_International_Womens_Strike_2017_2024,single,True,0,"In, The, To"
