url,publisher,title,body,authors,topics,publishing_date,event_label,event_type,is_control,topic_id,topic_label
https://www.tagesschau.de/newsticker/liveblog-vorwahlen-usa-100.html,Tagesschau,Liveblog zu US-Wahl: ++ Biden steht als Kandidat der Demokraten fest ++ ,"Joe Biden wird auch bei der kommenden Präsidentschaftswahl als Kandidat der Demokraten ins Rennen gehen. Bei den Republikanern hat Trump die Vorwahl in Georgia gewonnen. Alle Entwicklungen im Liveblog.

Joe Biden gewann auch die Abstimmung im Bundesstaat Georgia und hat sich nun die Stimmen von 1968 Delegierten gesichert. Das sind ausreichend viele, um beim Nationalkongress der Demokraten im August in Chicago offiziell zum Spitzenkandidaten der Partei ernannt zu werden.

US-Präsident Joe Biden hat sich bei den Vorwahlen der Demokraten durchgesetzt und steht als Kandidat seiner Partei für die Präsidentschaftswahl im November fest. Der Amtsinhaber, der ohne ernstzunehmende Gegner ins Rennen gegangen war, gewann ausreichend viele weitere Delegiertenstimmen. Die offizielle Nominierung wird bei einem Parteitag im Sommer vollzogen.

Der Republikaner hat die Vorwahl seiner Partei im Bundesstaat Georgia gewonnen. Damit nähert er sich der Marke, ab der er genügend Delegiertenstimmen zusammen hat, um als Präsidentschaftskandidat seiner Partei festzustehen.

US-Präsident Biden und sein Herausforderer Trump sind noch nicht als Kandidaten ihrer Parteien nominiert, da gehen beide in den eigentlichen Wahlkampf über. Sie scheuen weder millionenteure Werbespots, noch bissige Zuspitzungen.",,"Liveblog, US-Vorwahlen, Biden, Trump",2024-03-13,CONTROL_International_Womens_Strike_2017_2024,single,True,1,"De, En, La"
https://www.tagesschau.de/wirtschaft/verbraucher/lufthansa-streik-kabinenpersonal-104.html,Tagesschau,Streiks im Flugverkehr legen erneut mehrere Flughäfen lahm,"Flugreisende müssen zurzeit gute Nerven haben, denn die Gewerkschaften haben erneut zu Streiks aufgerufen. Zunächst will die Kabinengewerkschaft UFO den Flughafen München lahmlegen. Am Donnerstag bestreikt ver.di fünf weitere Airports.

Wegen mehrerer Streiks im Luftverkehr müssen Reisende in den kommenden Tagen erhebliche Einschränkungen in Kauf nehmen. Am Flughafen München setzt die Kabinengewerkschaft UFO ihren am Dienstag in Frankfurt am Main begonnenen Ausstand bei der Lufthansa fort.

Und für Fluggäste steht an mehren weiteren Flughäfen schon der nächste Arbeitskampf bevor: Die Gewerkschaft ver.di hat die Luftsicherheitskräfte an den Airports Berlin, Hamburg, Köln, Stuttgart und Karlsruhe/Baden Baden für Donnerstag erneut zu einem Warnstreik aufgerufen. Beschäftigte in der Fluggastkontrolle, in der Personen- und Warenkontrolle, der Frachtkontrolle und in Servicebereichen sollen ganztägig die Arbeit niederlegen.

120.000 Lufthansa-Fluggäste betroffen

Nach den von ver.di organisierten Ausständen beim Bodenpersonal in der vergangenen Woche waren am Dienstag Flugbegleiter der Lufthansa und der Regionaltochter Cityline in Frankfurt am Main in den Ausstand getreten. Von 4.00 bis 23.00 Uhr waren an Deutschlands größtem Flughafen alle Lufthansa-Abflüge bestreikt worden. Etwa 600 Flüge waren in Frankfurt ausgefallen, 70.000 Passagiere waren betroffen.

Für Mittwoch hat UFO das Lufthansa-Kabinenpersonal in München von 4.00 bis 23.00 Uhr zum Streik aufgerufen. Dort werden nach Einschätzung der Lufthansa 400 Flüge mit 50.000 Fluggästen nicht abheben können.

Verhandlungen gehen weiter

Die Verhandlungen mit ver.di für die etwa 25.000 Beschäftigten am Boden sollen am Mittwoch und Donnerstag trotz des Streiks fortgesetzt werden. Die Gewerkschaft verlangt bei einer Laufzeit von einem Jahr 12,5 Prozent mehr Geld im Monat, während das Unternehmen bei einer Laufzeit von 28 Monaten zehn Prozent angeboten hat. Die Gewerkschaft UFO wiederum fordert für die etwa 18.000 Kabinenbeschäftigten der Lufthansa und die knapp 1.000 Kräfte der Cityline im Kern 15 Prozent mehr Gel, bei einer Vertragslaufzeit von eineinhalb Jahren.

Die Lufthansa hat nach eigenen Angaben bei einer Laufzeit von zwei Jahren eine Erhöhung der Tarifgehälter von sechs Prozent zum August 2024 und weitere 3,25 Prozent zum August 2025 angeboten. Zudem sollen die Kabinenbeschäftigten im April 2024 eine Inflationsausgleichsprämie von 3.000 Euro erhalten.

Kritik von Lufthansa und Flughafenbetreibern

Bei der Lufthansa und den Flughafenbetreibern stoßen die Aktionen auf Kritik. ""Ich verstehe auch unsere Mitarbeitenden, die Kolleginnen und Kollegen der Kabine machen einen tollen Job, keine Frage. Aber der Streik ist der falsche Weg"", sagte Personalvorstand Michael Niggemann. Streik bringe keine Lösung, ""Lösungen gibt es nur am Tariftisch"". Die Lufthansa habe mit die besten Konditionen der Branche. Das zeige auch die große Zahl von Bewerbungen.

Aus Sicht der Flughafenbetreiber ufern die Streik aus: ""Ein ganzes Land wird vom internationalen Luftverkehr abgeschnitten. Die Gewerkschaften haben jedes Maß verloren"", kritisierte die Arbeitsgemeinschaft deutscher Verkehrsflughäfen (ADV) die anhaltenden Ausstände.

""Der Wirtschafts- und Tourismusstandort Deutschland steht blamiert dar und nimmt großen Schaden"", sagte ADV-Hauptgeschäftsführer Ralph Beisel. ""Arbeitskampfmaßnahmen bedeuten ein Horrorszenario für die betroffenen Fluggäste und haben weitreichende Folgen für die individuelle Mobilität und die Wirtschaftsabläufe.""

Beisel forderte, verbindliche Schlichtungsverfahren und einer Mindestwarnzeit vor Streikbeginn festzuschreiben. ""Flughäfen gehören zur kritischen Infrastruktur und müssen vor Streikeskalationen geschützt werden.""

Mehr Flüge zwischen Frankfurt und München

Um am Mittwoch Fluggästen Alternativen zu bieten, hat die Lufthansa nach Angaben eines Sprechers ihr Angebot auf der Strecke zwischen Frankfurt am Main und München kurzfristig ausgebaut. Nach Ende der Streiks müssten Passagiere vereinzelt noch mit Verspätungen und Flugausfällen rechnen.

Passagiere sollten sich laut den Flughäfen München und Frankfurt bei der Lufthansa über Flugstreichungen informieren. Der Flugstatus werde entsprechend regelmäßig auf der jeweiligen Internetseite des Flughafens aktualisiert.

Reisenden wird ansonsten empfohlen, sich bei ihrer jeweiligen Fluggesellschaft zu erkundigen, ob ihr Flug stattfindet. Vor Ort sei am Donnerstag ausreichend Zeit einzuplanen und möglichst auf Handgepäck zu verzichten.",,"Lufthansa, Streik, UFO, Verdi",2024-03-12,CONTROL_International_Womens_Strike_2017_2024,single,True,1,"De, En, La"
https://www.tagesschau.de/ausland/amerika/usa-biden-trump-kandidatur-100.html,Tagesschau,Die US-Vorwahlen geben einen Vorgeschmack auf die nächsten Monate,"US-Präsident Biden und sein Herausforderer Trump sind noch nicht als Kandidaten ihrer Parteien nominiert, da gehen beide in den eigentlichen Wahlkampf über. Sie scheuen weder millionenteure Werbespots, noch bissige Zuspitzungen.

Donald Trump ist sehr zufrieden mit sich. Am Dienstag vergangener Woche - dem Super Tuesday - gewann er in 14 von 15 Staaten. Und nun sei er kurz davor, sich offiziell die Nominierung zu sichern, rief er am Samstag in Georgia.

Trump hat bereits 1.060 Delegiertenstimmen für den Parteitag im Sommer gesammelt, weitere 160 kann er jetzt in Georgia, Mississippi, Hawaii und in Washington State holen - und dann hätte er tatsächlich die Mehrheit sicher. Nachdem seine Konkurrentin Nikki Haley vorige Woche ihre Kampagne beendet hat, ist niemand übrig, der Trump den Sieg streitig machen könnte.

30 Millionen Dollar teurer Werbespot

Auch Joe Biden könnte heute den Sack zumachen. Auch er war am Samstag in Georgia unterwegs, dem Bundesstaat, den er 2020 mit weniger als 12.000 Stimmen Vorsprung gewonnen hatte. ""Das machen wir nochmal"", umwarb er seine Fans. ""Erst gewinnt ihr die Vorwahlen für mich am Dienstag, dann gewinne ich im November.""

Biden hat aber noch eine chancenlose Gegenkandidatin, die Autorin Marianne Williamson. Und er muss wieder mit Protestwählern rechnen, vor allem jungen Leuten, die ihm seine Unterstützung für Israel vorwerfen. An sie und speziell an schwarze Wählerinnen und Wähler richtet sich ein 30 Millionen Dollar teurer Werbespot, mit dem Biden nun in den Wahlkampf startet.

Er sei kein junger Kerl, das sei kein Geheimnis, sagt Biden darin, aber er verstehe, wie man etwas für das amerikanische Volk erreiche. Biden wirft Trump in dem Spot vor, in vier Jahren nichts geschafft zu haben und er verspricht, das Recht auf Abtreibung wieder herzustellen.

Ausgestrahlt wird der Spot in Staaten wie Georgia, Michigan und Arizona, wo die Wahl in die eine oder andere Richtung ausgehen könnte. Und er ist der erste Spot einer Wahlkampagne, die nach Schätzungen von US-Medien eine Milliarde Dollar kosten könnte.

Spott und Verdächtigungen von Trump

Auch aus Trumps Lager kommen neue Spots. Sie zielen auf Bidens Alter und auf das Thema Einwanderung. Es sind zwei Themen, die Trump auch bei seinen Rallys verlässlich viel Applaus bringen. Zum Beispiel, wenn er - wie am Samstag - Biden als stotternden Tattergreis verspottet.

Außerdem versucht Trump, Biden die Schuld am Tod einer jungen Frau aus Georgia zuzuschieben, Laken Riley, die von einem offenbar illegal eingewanderten Mann getötet worden war. Biden habe nicht die Absicht, die ""tödliche Invasion"" zu stoppen, ""die Lakens wunderschönes amerikanisches Leben"" gestohlen habe, behauptet Trump.

Persönliche Angriffe und emotionale Zuspitzung

Beide werfen sich gegenseitig vor, die Demokratie zu gefährden. Trump behauptet, Biden instrumentalisiere die Justiz. Und Biden verweist auf Trumps autoritäre Freunde wie den ungarischen Regierungschef Viktor Orban, der behaupte, Demokratie funktioniere nicht.

Persönliche Angriffe und die emotionale Zuspitzung schwieriger Themen, die Amerika bewegen: Das ist ein Vorgeschmack auf den Wahlkampf der nächsten Monate.",Katrin Brand Washington,"Biden, Trump, US-Vorwahl",2024-03-12,CONTROL_International_Womens_Strike_2017_2024,single,True,1,"De, En, La"
https://www.tagesschau.de/ausland/amerika/usa-ruestung-ukraine-100.html,Tagesschau,Pentagon liefert Munition für Artillerie an die Ukraine,"Die USA haben zum ersten Mal seit Monaten neuen Nachschub für die Ukraine angekündigt. Das Pentagon will für 300 Millionen Dollar Artilleriemunition bereitstellen. Doch weitere Militärhilfen bleiben blockiert.

Nach monatelanger Pause hat die Regierung von US-Präsident Joe Biden ein Hilfspaket mit militärischer Ausrüstung für die Ukraine angekündigt. Bidens Nationaler Sicherheitsberater, Jake Sullivan, sagte im Weißen Haus in Washington, das geplante Paket habe einen Umfang von 300 Millionen US-Dollar (275 Millionen Euro). Die Lieferung werde aus Munition für Artillerie und die HIMARS-Systeme bestehen.

Es speise sich aus Mitteln, die das US-Verteidigungsministerium bei vorherigen Rüstungskäufen durch Verhandlungen eingespart habe. Dadurch sei ein ""bescheidener Betrag"" verfügbar. Sullivan betonte aber, die neue Munition könne Kiew nur für kurze Zeit helfen. ""Sie reicht bei weitem nicht aus, um den Bedarf der Ukraine auf dem Schlachtfeld zu decken, und sie wird nicht verhindern, dass der Ukraine in den kommenden Wochen die Munition ausgeht"", sagte er und mahnte: ""Der Kongress muss handeln.""

Pentagon sagte bereits im Dezember Waffen zu

Die USA gelten als wichtigster Verbündeter der Ukraine im Abwehrkampf gegen die russische Invasion. Seit Kriegsbeginn im Februar 2022 hat die Regierung von Präsident Joe Biden militärische Hilfe in Höhe von mehr als 44 Milliarden US-Dollar (rund 40 Milliarden Euro) für Kiew bereitgestellt.

Zuletzt hatte das US-Verteidigungsministerium Ende Dezember ein Militärhilfepaket für die Ukraine angekündigt. Damals hatte das Verteidigungsministerium eingeräumt, dass die Mittel für eine Aufstockung der Waffenhilfe für das von Russland attackierte Land ausgeschöpft seien.

Republikaner blockieren Militärhilfe im Kongress

Seitdem wartete Kiew auf neue finanzielle Zusagen und weitere Waffen und Munition aus den USA. Die von Präsident Biden im US-Haushalt vorgesehenen 60 Milliarden Dollar für die Ukraine werden von den oppositionellen Republikanern im US-Kongress seit Oktober 2023 blockiert. Das geschieht auf Druck des früheren US-Präsidenten Donald Trump, der aller Voraussicht nach bei der Präsidentenwahl im November erneut für die Republikaner antreten wird.

Die Republikaner im Kongress fordern im Gegenzug für ihre Zustimmung zu dem Ukraine-Paket von 60 Milliarden Dollar härtere Maßnahmen zur Sicherung der US-Grenze zu Mexiko.",,"Ukraine, USA, Munition",2024-03-12,CONTROL_International_Womens_Strike_2017_2024,single,True,1,"De, En, La"
https://www.tagesschau.de/inland/innenpolitik/taurus-debatte-bundestag-scholz-100.html,Tagesschau,"Bundestag: ""Taurus""-Zoff vor Kanzlerbefragung und erneuter Abstimmung","Erstmals in diesem Jahr will sich der Kanzler im Bundestag den Fragen der Abgeordneten stellen. Thema wohl auch hier: die umstrittenen ""Taurus""-Raketen. Einen Tag später soll über deren Lieferung an die Ukraine erneut abgestimmt werden.

Bundeskanzler Olaf Scholz (SPD) stellt sich am Mittwoch zum ersten Mal in diesem Jahr im Bundestag den Fragen der Abgeordneten. Im Mittelpunkt der Befragung, die um 13 Uhr beginnen soll, werden voraussichtlich die ""Taurus""-Marschflugkörper stehen, deren Lieferung beziehungsweise Nicht-Lieferung an die Ukraine seit Wochen die außenpolitische Debatte bestimmt.

Die Union hat bereits angekündigt, Scholz zu dessen Nein zu einer Lieferung der ""Taurus"" befragen zu wollen. Der Kanzler hatte seine Absage Ende Februar erstmals ausführlich begründet. Er befürchtet, dass Deutschland bei Lieferung der Raketen mit einer Reichweite von 500 Kilometern in den Krieg hineingezogen werden könnte.

Mützenich fordert vor erneuter Abstimmung Fraktionsdisziplin

Die Union, aber auch FDP und Grüne sind dagegen für eine Bereitstellung des von der Ukraine gewünschten Waffensystems, mit dem die russischen Nachschublinien weit hinter der Front angegriffen werden könnten. Die CDU/CSU-Fraktion hat daher für Donnerstag im Bundestag eine weitere namentliche Abstimmung über die Lieferung von ""Taurus""-Raketen an die Ukraine beantragt.

Im Vorfeld dieser Abstimmung hat sich der Ton in der Ampelkoalition verschärft. SPD-Fraktionschef Rolf Mützenich forderte von den Koalitionspartnern FDP und Grüne Konsequenzen für Abgeordnete, die einen Unionsantrag für die Bereitstellung der Marschflugkörper unterstützen. ""Ich habe beiden Koalitionspartnern heute Morgen meine Erwartungshaltung klar formuliert"", sagte Mützenich am Dienstag.

Unionsantrag laut FDP ein ""symbolischer Akt""

Abgeordnete der FDP und der Grünen befinden sich in einem Dilemma zwischen Parteilinie und Ampeltreue. Denn die Spitzen beider Parteien haben immer wieder bekräftigt, dass ihre Fraktionen für eine Lieferung von ""Taurus"" sind. Eine Zustimmung zu dem Unionsantrag, der im Grunde dasselbe fordert, lehnen sie trotzdem ab, weil sie ihn für ein taktisches Spiel halten.

So nannte der Vorsitzende der FDP-Bundestagsfraktion, Christian Dürr, den Antrag der Union einen ""symbolischen"" Akt, der in der Sache nicht weiterhelfe. Mit Blick auf mögliche Abweichler sagte er. ""Es gibt bei Koalitionsregierungen (...) keine wechselnden Mehrheiten.""

Der stellvertretende FDP-Vorsitzende Wolfgang Kubicki hatte wiederum kürzlich in einem Interview gesagt, er sei wie seine Parteikollegin Marie-Agnes Strack-Zimmermann vor drei Wochen kurz davor gewesen, für den Unionsantrag zu stimmen. Diesmal könne er sich Ja-Stimmen von mindestens zwölf Abgeordneten vorstellen.

Mützenich hatte Strack-Zimmermanns Abstimmungsverhalten scharf kritisiert. Der FDP warf er vor, dass sie die Abweichlerin in der Debatte trotzdem auf die Rednerliste gesetzt hat. ""Das fand ich nicht nur ungewöhnlich, sondern (...) gegen mich persönlich auch verletzend. Und ich hoffe, dass das Konsequenzen innerhalb der jeweiligen Fraktionen hat.""

Grüne: ""Taurus"" soll und kann dazugehören

Die Grünen-Fraktionsvorsitze Britta Haßelmann sagte, es sei ""ganz offenkundig"", dass ein Teil der Unionsfraktion mit der Antragsinitiative ""einen innenpolitischen Beitrag setzen"" wolle. ""Diese Absicht teile ich nicht und die werden wir auch nicht unterstützen."" Zugleich betonte Haßelmann, für ihre Fraktion sei grundsätzlich klar, dass das System ""Taurus"" auch zur Unterstützung der Ukraine bei ihrem Verteidigungskampf gegen Russland ""dazugehören soll und kann"".

Der CDU/CSU-Fraktionsvorsitzende Friedrich Merz macht die erneute Abstimmung zu einer Grundsatzfrage, was die Verteidigungsfähigkeit der Ukraine anbelangt. Es gehe aus seiner Sicht nicht um ein einzelnes Waffensystem, sondern ""um ganz grundsätzliche Fragen der Verteidigungsfähigkeit der Ukraine"". Das Land sei in einer sehr schwierigen Lage, seine Verteidigung werde immer schwerer. ""Wer diese Hilfe an die Ukraine verweigert, erhöht nicht etwa die Friedenschancen, sondern erhöht die Kriegsgefahr"", warnte Merz.",,"""Taurus""-Marschflugkörper, Bundestag",2024-03-12,CONTROL_International_Womens_Strike_2017_2024,single,True,1,"De, En, La"
https://www.tagesschau.de/inland/innenpolitik/habeck-klimaschutzvertraege-104.html,Tagesschau,Wie die grüne Umstellung der Wirtschaft abgesichert werden soll,"Wirtschaftsminister Habeck will energieintensive Industriebranchen unterstützen, um auf klimafreundliche Produktion umzurüsten. Dafür sollen sogenannte Klimaschutzverträge kommen - ein Plan mit Risiken.

Es gehört zum Selbstverständnis deutscher Klimaschutzpolitik, sich gerne als einer der globalen Vorreiter zu sehen. Und aus Sicht des Wirtschaftsministeriums setzt Deutschland mit den Klimaschutzverträgen international neue Standards. ""Wir sind das erste Industrieland, das dieses Instrument einführt"", verkündet der grüne Wirtschaftsminister Robert Habeck am Mittag vor der Presse. Es soll nach etwas Großem klingen.

Unbestreitbar geht es um sehr viel Geld. Um Milliardensubventionen, die dazu beitragen sollen, dass die energieintensive Industrie hierzulande klimafreundlich umgebaut wird. ""Heute ist ein guter Tag für den Klimaschutz"", so Robert Habeck. ""Ein guter Tag für die Wirtschaft. Vor allem für die Industrie. Und ein guter Tag für den Produktionsstandort Deutschland.""

Klimafreundliche Umrüstung ist teuer

Bei der Produktion von Papier, Glas oder Stahl wird besonders viel Energie verbraucht und damit CO2 ausgestoßen. Die klimafreundliche Umrüstung ist für die Unternehmen teuer. Mit den sogenannten Klimaschutzverträgen verpflichtet sich der Staat, 15 Jahre lang anfallende Mehrkosten zu übernehmen. Das betrifft sowohl die notwendigen Investitionen als auch die anschließenden Betriebskosten.

Denn viele klimafreundliche Technologien sind bislang nicht wettbewerbsfähig, weshalb sich die Umrüstung in vielen Branchen nicht rechnet. Dabei ist die Industrie einer der großen Emittenten von Treibhausgasen, ohne die sogenannte Transformation der Wirtschaft wird Deutschland seine ambitionierten Klimaziele nicht erreichen können. 2045 soll das Land klimaneutral werden.

Kosten im mittleren zweistelligen Milliardenbereich

""Wir brauchen Produktion in Deutschland, ich will die energieintensiven Industrien am Standort haben"", betont der Wirtschaftsminister. ""Und ich will, dass die Produktion dabei klimaneutral wird. Das ist Wertschöpfung für die nächste Generation. Das ist die Industriepolitik für die nächste Generation, die wir hier aufbauen.""

Die Klimaschutzverträge sollen dafür ein wesentlicher Baustein sein. Vier Milliarden Euro stehen für die erste Ausschreibungsrunde bereit, um die sich interessierte Unternehmen nun bewerben können. Schon bis zu 19 Milliarden Euro sind für die zweite Runde vorgesehen, zwei weitere sollen folgen. Habeck rechnet insgesamt mit Kosten im mittleren zweistelligen Milliardenbereich, die über 15 Jahre ausgezahlt werden sollen.

Ein Plan mit Risiken

Allerdings: Habecks Industriepolitik für die nächste Generation ist mit Risiken behaftet. Die Milliardenmittel will der Wirtschaftsminister über den Klima- und Transformationsfonds KTF bereitstellen. Dessen Finanzausstattung ist seit dem Karlsruher Haushaltsurteil vom letzten November allerdings ziemlich wackelig. Es zeichnet sich ab, dass der KTF schon im kommenden Jahr nicht ausreichend Mittel zur Verfügung hat, um die vielen angedachten Klimaschutzprojekte der Ampelkoalition finanzieren zu können.

Weiteres Risiko: Die Klimaschutzverträge gehen von der Annahme aus, dass die subventionierten Betriebe über die Jahre immer weniger Hilfe benötigen werden, sich der klimagerechte Umbau absehbar für die Unternehmen am Markt rechnet. Im Idealfall müssten sie sogar Subventionen zurückzahlen. Allerdings kann es auch ganz anders kommen.

Und mit den Klimaschutzverträgen übernimmt der Staat die Garantie, 15 Jahre lang für etwaige Mehrkosten der Betriebe aufzukommen. Auf schwer abzuschätzende finanzielle Verpflichtungen hatte daher der Wissenschaftliche Beirat beim Wirtschaftsministerium in einem Gutachten hingewiesen. Zudem seien die Klimaschutzverträge ein tiefer Eingriff in den Markt. Mit der Ausschreibung über ein Auktionsverfahren versucht Habeck, solchen Bedenken entgegenzutreten. Diejenigen Unternehmen sollen den Zuschlag erhalten, die zu den geringsten Subventionskosten die größte Treibhausgas-Einsparung erzielen können.

Jung: Staat kann nicht dauerhaft subventionieren

Der Sprecher für Energiepolitik und Klimaschutz der Unionsfraktion, Andreas Jung, ist zwar nicht prinzipiell gegen Fördermittel für den industriellen Umbau, will sich die Klimaschutzverträge allerdings genau anschauen - schon wegen der hohen Kosten im zweistelligen Milliardenbereich: ""Entscheidend ist, dass eine Technologie am Ende fliegt. Nur dann wird sie Erfolg haben"", so Jung. ""Der Staat kann einen Anschub finanzieren. Aber er kann nicht dauerhaft Risiken abdecken, er kann nicht dauerhaft subventionieren. Und da ist diese Zahl schon sehr, sehr hoch gegriffen.""

Der Bundesverband der Deutschen Industrie begrüßt den Start der Ausschreibung für die Klimaschutzverträge. Für die klimaneutrale Transformation der Wirtschaft sei eine umfangreiche staatliche Unterstützung nötig, so BDI-Chef Siegfried Russwurm.

Greenpeace fordert, bei der Vergabe der Verträge strenge Maßstäbe anzulegen. Es dürften nur Unternehmen gefördert werden, die auf besonders klimafreundliche Technologien setzen.

Verpflichtungen weit über eine Legislaturperiode

Vier Monate haben interessierte Unternehmen nun Zeit, ihre Gebote einzureichen. Es wird damit gerechnet, dass es in der ersten Ausschreibungsrunde deutlich mehr Interessenten als Fördermittel geben wird. Die zweite, viel größere Ausschreibungsrunde soll Ende des Jahres folgen.

Ob die deutschen Klimaschutzverträge international neue Standards setzen werden, lässt sich kaum vorhersagen. Klar ist aber, dass der Staat mit den Verträgen Subventionsverpflichtungen übernehmen soll, die weit über die Legislaturperiode hinausreichen werden.",Martin Polansky Berlin,"Habeck, Klimaschutz",2024-03-12,CONTROL_International_Womens_Strike_2017_2024,single,True,1,"De, En, La"
https://www.tagesschau.de/ausland/afrika/ruanda-opposition-asyldeal-grossbritannien-100.html,Tagesschau,Abkommen mit London: Was Ruandas Bürger über den Asyldeal denken,"Noch ringt Großbritannien darum, ob Flüchtlinge nach Ruanda abgeschoben werden dürfen. Ruandas Präsident Kagame sagt, in seinem Land sei alles dafür bereit. Wie willkommen wären die Abgeschobenen?

Er habe gegen das Gesetz gestimmt, das die Abschiebung von Geflüchteten aus dem Vereinigten Königreich ins ostafrikanische Ruanda regelt, sagt Frank Habineza - Abgeordneter im ruandischen Unterhaus und Vorsitzender der oppositionellen Demokratischen Grünen Partei Ruandas.

Es ist nicht so, dass Habineza per se gegen Geflüchtete ist, nur die britischen will er nicht, denn, so sagt er, ""diese Menschen können nicht frei entscheiden, ob sie nach Ruanda kommen wollen. Sie werden gezwungen. Das verstößt gegen ihre Menschenrechte."" Nicht viele äußern sich so offen gegen die Regierung wie Habineza.

Foltervorwürfe gegen Kagame

Der Autokrat Paul Kagame führt das Land seit 2000 mit harter Hand. Immer wieder werfen Menschenrechtsorganisationen wie Human Rights Watch Kagame vor, dass Andersdenkende bedroht, inhaftiert und gefoltert werden. Einige Kritikerinnen und Kritiker sind schon verschwunden oder starben unter ungeklärten Umständen.

2018 waren zwölf Geflüchtete aus der Demokratischen Republik Kongo, darunter Schwangere, von ruandischen Sicherheitskräften erschossen worden, als sie für eine bessere Essensversorgung demonstriert hatten. Auch deshalb hatte der Europäische Gerichtshof für Menschenrechte den ersten geplanten Abschiebeflug aus London gestoppt. Der britische Supreme Court sah Ruanda ebensowenig als sicheren Drittstaat an.

Nachgefragt auf der Straße

Anders als Oppositionspolitiker Habineza trauen sich die wenigsten Bürgerinnen und Bürger in Ruanda offen ihre Meinung zu sagen. Vielleicht ist der Grundtenor auf den Straßen der Hauptstadt Kigali auch deshalb eher positiv. Eine Frau freut sich über den Asyl-Deal: ""Wir lieben Gäste, denn sie sind ein Segen. Sie bringen frische Energie nach Ruanda."" Auch gebe es ihrer Ansicht nach für die Geflüchteten ausreichend berufliche Perspektiven.

Ein Mann widerspricht: ""Mehr Menschen in Ruanda, ohne dass Arbeitsplätze geschaffen werden, wird in einem Desaster enden."" Aktuell liegt die Arbeitslosigkeit in Ruanda bei 15 Prozent.

Kein Platz im Land?

Habineza wirft auch die Platzfrage auf: Ruanda, kaum größer als Sizilien, hat 13 Millionen Einwohnerinnen und Einwohner. Das Bevölkerungswachstum in den vergangenen 30 Jahren war enorm und dürfte UN-Schätzungen in den kommenden 25 Jahren noch weiter ansteigen.

Sollte jetzt das Vereinigte Königreich tausende Geflüchtete nach Ruanda ausfliegen, könnte es eng werden, befürchtet Habineza: ""Ruanda ist das am dichtesten besiedelte Land in Afrika. Also haben wir nur begrenzt Platz.""

Eine Sorge, die auch andere Menschen teilen: ""Mehr Menschen im Land werden zu einem höheren Bevölkerungsdruck führen. Das wird unser aller Leben erschweren."" Andere wiederum halten die Befürchtungen für überhöht, kein Land sei zu klein, dass es Menschen in Not nicht helfen könne.

Ruanda profitiert - finanziell

Großbritannien will an Ruanda umgerechnet 440 Millionen Euro für die Aufnahme dieser Menschen zahlen. Das Geld geht in einen Fonds zur wirtschaftlichen Entwicklung Ruandas. Hinzu kommen noch einmal rund 175.000 Euro pro Geflüchteten.

Ein Deal, der sich für beide Seiten rechnen dürfte. Vor allem aber könnte Ruanda sich als verlässlicher Partner des Westens etablieren. Das meint auch ein Mann, der in der Hauptstadt bereit ist, sich zu dem Thema zu äußern: ""Unsere Regierung wird Gelder einnehmen, die dann der Entwicklung unseres Landes zugutekommen, zum Beispiel in der Infrastruktur.""

Ein anderer befürchtet allerdings, dass er davon nicht profitieren wird: ""Ich kann mir nicht vorstellen, dass auf den Dörfern, also dort, wo die Menschen ums Überleben kämpfen, überhaupt irgendwas ankommt.""

Profilierung als Partner

Auch Habineza glaubt nicht daran: Natürlich würden die Bauherren und Versorger der Geflüchtetenunterkünfte finanziell profitieren, aber die allermeisten Menschen in Ruanda eben nicht. Und die seien eben nicht alle auf Linie mit Präsidenten Kagame, der im Land selbst nie um Zustimmung für die Pläne gefragt hat. Stattdessen verspricht er vollmundig, alles für die Aufnahme der Geflüchteten aus dem Vereinigten Königreich vorbereitet zu haben. Man warte nur noch auf die finale Zustimmung der britischen Entscheider. Und eines hat Kagame auch jetzt schon erreicht: Ruanda auf die Weltkarte zu bringen - als zuverlässigen Partner inmitten einer instabilen Weltregion.

""Ruanda und seine Regierung werden als das Land gepriesen werden, das Flüchtlingen Asyl gewährt. Wir werden sichtbarer und viele Menschen werden uns kennen"", jubelt ein Bürger Kigalis. Das Ziel ist selbst ist jetzt schon erreicht. Das ""Ruanda-Modell"" ist auch bei einigen deutschen Politikerinnen und Politikern inzwischen zu einem Gedankenspiel geworden. So sprach sich CDU-Vize Jens Spahn Ende 2023 dafür aus, Geflüchtete unter anderem nach Ghana oder Ruanda abzuschieben.

Möglicherweise könnte also in absehbarer Zeit eine Bundesregierung prüfen, ob Abschiebungen nach Afrika für ein dorthin ausgelagertes Asylverfahren realistisch sind. Gut möglich, dass Ruanda sich auch in diesem Fall anbieten würde.","Antje Diekhans, Thilko Gläßgen Nairobi","Ruanda, Großbritannien",2024-03-12,CONTROL_International_Womens_Strike_2017_2024,single,True,1,"De, En, La"
https://www.tagesschau.de/ausland/europa/andrew-tate-auslieferung-100.html,Tagesschau,Wegen eines ,"Der umstrittene Influencer Andrew Tate und sein Bruder sind in Rumänien festgenommen worden - wegen mutmaßlicher Sexualstraftaten. Großbritannien hatte einen europäischen Haftbefehl erwirkt. Beide weisen die Vorwürfe zurück.

Der britisch-amerikanische Influencer Andrew Tate (37) und sein Bruder Tristan (35) sollen wegen mutmaßlicher Sexualstraftaten von Rumänien an Großbritannien ausgeliefert werden. Das habe das Berufungsgericht in der rumänischen Hauptstadt Bukarest entschieden, zitierte die britische Nachrichtenagentur PA eine Sprecherin der Brüder. Grundlage war ein europäischer Haftbefehl, den London erwirkt hatte.

Vorwurf: Menschenhandel und Ausbeutung

Die Männer sind in Rumänien wegen Menschenhandels und Ausbeutung junger Frauen angeklagt. In Großbritannien sollen sie ähnliche Straftaten verübt haben. Bereits im Juni vergangenen Jahres hatten die Anwälte von vier Frauen Andrew Tate mit einer Klage vor einem britischen Gericht gedroht. Ihre Mandantinnen forderten in einem Schreiben Entschädigungszahlungen für die erlittene sexuelle Gewalt.

Laut der von den Frauen beauftragten britischen Anwaltskanzlei McCue Jury & Partners umfassten die Taten ""gewaltsame Vergewaltigungen, ernsthafte körperliche Angriffe und kontrollierendes und nötigendes Verhalten"". Die Anwaltskanzlei begrüßte die Festnahme der Tate-Brüder und verwies auf Informationen, wonach die beiden britischen Staatsbürger ""womöglich geplant haben, aus Rumänien zu fliehen"".

Wegen der Fluchtgefahr hatte die Anwaltskanzlei die britische Polizei kontaktiert und auf einen europäischen Haftbefehl gedrungen. Tates Anwalt Eugen Vidineac wies den Fluchtplan-Vorwurf am Dienstag als ""völlige Fantasie"" zurück. Ihr Anwalt erklärte, die europäischen Haftbefehle seien unzulässig, da die Brüder in Rumänien derzeit auf ihren Prozess wegen anderer Vergehen warteten.

Influencer mit frauenfeindlichen Äußerungen

Andrew und Tristan Tate waren in einem anderen Fall bereits Ende 2022 in Rumänien festgenommen worden. Die Staatsanwaltschaft wirft den beiden Männern vor, einen Menschenhändlerring in Rumänien und anderen Ländern wie den USA und Großbritannien betrieben zu haben. Daran sollen auch zwei Frauen beteiligt gewesen sein.

Der Influencer Andrew Tate wurde wegen wiederholter frauenfeindlicher Äußerungen aus mehreren Internet-Netzwerken wie Instagram und TikTok verbannt. Der Kickboxer hat aber noch immer rund neun Millionen Follower im Onlinedienst X. In Videos gibt Tate Erfolgstipps und verbreitet frauenfeindliche und gewaltverherrlichende Ansichten.",,Rumänien,2024-03-12,CONTROL_International_Womens_Strike_2017_2024,single,True,1,"De, En, La"
https://www.tagesschau.de/ausland/europa/rumaenien-iohannis-nato-100.html,Tagesschau,Nachfolge Stoltenbergs: Rumäniens Präsident kandidiert für NATO-Chefposten,"Rumäniens Präsident Iohannis hat seine Kandidatur für das Amt des NATO-Generalsekretärs bekannt gegeben. Sein Land könne so größere Verantwortung übernehmen, sagte der 64-Jährige. Als Favorit für den Posten gilt aber der Niederländer Rutte.

Der rumänische Präsident Klaus Iohannis will für das Amt des NATO-Generalsekretärs kandidieren. Er glaube, dass Osteuropa einen wertvollen Beitrag zu den Gesprächen und Entscheidungen in der NATO leiste, sagte der 64-Jährige zur Begründung.

Für Rumänien, das seit 2004 NATO-Mitglied ist, sei es an der Zeit, ""angesichts der aktuellen Sicherheitslage eine noch größere Verantwortung zu übernehmen"", so Iohannis. Angesichts des russischen Angriffskrieges gegen die Ukraine hat das in unmittelbarer Nachbarschaft liegende Land massiv in seine Verteidigung investiert.

Iohannis wäre der erste Osteuropäer an der Spitze der transatlantischen Allianz. Er bestätigte mit der Kandidatur die seit langem bestehenden Mutmaßungen über seine Karriereabsichten für die Zeit nach dem Ablauf seines Mandats als Rumäniens Staatschef in diesem Herbst. Er darf nach zwei Amtszeiten nicht erneut für den Posten in seinem Land kandidieren.

Niederländer Rutte ist aktueller Favorit

Bislang gilt der amtierende niederländische Ministerpräsident Mark Rutte als Favorit für die Nachfolge des Norwegers Jens Stoltenberg, der im Herbst aus dem Amt des NATO-Generalsekretärs ausscheidet. Ruttes Kandidatur wird offen von Deutschland, den USA, Großbritannien und Frankreich unterstützt.

Die Entscheidung muss einstimmig von allen Mitgliedern des Militärbündnisses getragen werden, einschließlich der jüngsten Neuzugänge Finnland und Schweden. Ungarn hatte allerdings angekündigt, die Kandidatur Ruttes nicht unterstützen zu wollen.

Stoltenberg gibt seinen Posten zum 1. Oktober nach insgesamt zehn Jahren ab, nachdem seine Amtszeit angesichts des Krieges in der Ukraine zweimal verlängert wurde.",,"Rumänien, NATO",2024-03-12,CONTROL_International_Womens_Strike_2017_2024,single,True,1,"De, En, La"
https://www.tagesschau.de/ausland/europa/russland-wirtschaft-sanktionen-100.html,Tagesschau,Russland: Im Sog der Rüstungswirtschaft,"Russland hat sich mit vielen westlichen Sanktionen arrangiert und Umwege gefunden. Das erleichtert es Präsident Putin vor der Wahl, seinen Bürgern glänzende wirtschaftliche Aussichten zu versprechen.

In seiner Rede zur Lage der Nation freute sich Präsident Wladimir Putin Ende Februar, wie es in der russischen Wirtschaft brumme. Russland sei, gemessen am kaufkraftbereinigten Bruttoinlandsprodukt (BIP), heute ""die größte Volkswirtschaft Europas und die fünftgrößte der Welt"", sagte Putin. Und er äußerte ""wegen des Tempos und der Qualität des Wachstums"" die Hoffnung, ""in naher Zukunft"" aufzusteigen ""zu einer der vier größten Wirtschaftsmächte der Welt"".

Das klang recht optimistisch - aktuelle Statistiken sehen Russland beim kaufkraftbereinigten BIP wieder auf Platz 6 in der Welt hinter Deutschland. Aber: All die westlichen Sanktionspakete scheinen der russischen Wirtschaft wenig anhaben zu können. Und in seiner Rede versprach Putin für die nächsten sechs Jahre ein großes Paket sozialer Wohltaten.

Viel Geld für Rüstungsunternehmen

Ein Grund für die robuste Wirtschaft ist ausgerechnet die, wie sie in Russland genannt wird, ""Spezialoperation"" gegen den Nachbarn Ukraine. Als deutlich geworden sei, dass die nicht schnell beendet sein würde, habe Russland die Finanzierung von Rüstungsunternehmen stark hochgefahren, sagt Natalja Subarewitsch, Wirtschaftsprofessorin der Moskauer Lomonossow-Universität. Die Gehälter seien um das zwei- bis zweieinhalbfache gestiegen, Mitarbeiter seien von der Rekrutierung in die Armee freigestellt worden.

Man habe begonnen, in mehr Schichten zu arbeiten und Personal aus anderen Werken geholt, weil mehr Beschäftigte gebraucht worden seien. Daraufhin hätten andere Fabriken ebenfalls begonnen, die Gehälter zu erhöhen, um ihre Leute zu halten. Mit der Folge: ""In Russland steigen die Löhne heute viel schneller als die Arbeitsproduktivität. Das ist ein negativer Effekt für die Wirtschaft, aber es gibt keine Optionen.""

Eine andere Form der Wirtschaft

Russland hat seine Wirtschaft umgestellt: Massive staatliche Investitionen fließen insbesondere in die Rüstungsindustrie. Wenn westliche Unternehmen Produktions- und Logistikstandorte verkauften, dann mit Verlust - zum Vorteil russischer Investoren.

Das Wirtschaftswachstum könnte in diesem Jahr bei 2,5 Prozent liegen, Sorgen macht dagegen die hohe Inflation, weshalb der Leitzins der russischen Zentralbank weiter bei 16 Prozent liegt.

Hinwendung zum Osten

Wegen der westlichen Sanktionen und natürlich der verhängten Gegensanktionen hat sich Russlands Handel umorientiert, was diese Händlerin auf dem Markt von Wladiwostok auf den Punkt bringt: ""Was der Westen nicht liefern will, bekommen wir aus dem Osten.""

Die Routen haben sich verändert - beim Import von Maschinen, Fahrzeuge, Elektronik, Kleidung, aber auch bei den Ausfuhren. Im vergangenen Jahr exportierte Russland fast 70 Prozent weniger nach Europa als noch im Vorjahr, zitierte die Nachrichtenagentur Interfax den russischen Zoll.

Wogegen inzwischen 72 Prozent aller russischen Exporte nach Asien gehen - weit überwiegend Öl und Gas. Allerdings: Welche genauen Mengen tatsächlich aus der Erde gepumpt werden, bleibt auch in diesem Jahr Staatsgeheimnis.

Parallelimporte umgehen Sanktionen

Weil Russland nicht alles selbst produzieren kann und nicht jedes Hightechprodukt in China zu beschaffen ist, hat die Regierung schon bald nach Beginn der Kampfhandlungen 2022 Parallelimporte erlaubt, also Einfuhren über Drittländer ohne das Wissen der Hersteller. Und das lässt sich nur mühsam mit der Androhung von sogenannten Sekundärsanktionen für die Zwischenmärkte eindämmen. Verfügbar ist fast alles, vom Iphone über Kosmetik, selbst elektronische Komponenten für Militärgüter.

Und Autos. Der Wirtschaftszeitung ""Wedomosti"" zufolge wurde im vergangenen Jahr etwa jedes zehnte in Russland zugelassene Auto per Grauimport ins Land gebracht, allen voran japanische, südkoreanische und deutsche Fahrzeuge.

Bleibt Putin weitere sechs Jahre im Amt, dürfte er mit den gravierenden langfristigen Sanktionsfolgen konfrontiert werden. Aber, sagt Wirtschaftsprofessorin Natalia Subarewitsch: ""Ein schneller Zusammenbruch wird aber nicht passieren. Das wird es definitiv nicht sein.""",Frank Aischmann Moskau,"Russland, Sanktionen, Ukraine",2024-03-12,CONTROL_International_Womens_Strike_2017_2024,single,True,1,"De, En, La"
https://www.tagesschau.de/inland/innenpolitik/bundeswehr-taurus-modernisierung-100.html,Tagesschau,"Laut Medienbericht: Bundeswehr will alle ""Taurus"" modernisieren","Die Bundeswehr will laut einem Zeitungsbericht alle ihre 600 ""Taurus""-Marschflugkörper modernisieren. Bei der Hälfte des Bestandes sei die Zertifizierung abgelaufen, der Rest sei einsatzbereit, solle aber auch überarbeitet werden.

Einem Medienbericht zufolge sollen alle ""Taurus""-Marschflugkörper aus Bundeswehr-Beständen modernisiert werden. Wie die Tageszeitung ""Welt"" berichtete, gelte aktuell nach einem Technik-Upgrade im Jahr 2018 nur die Hälfte der knapp 600 ""Taurus""-Systeme der deutschen Streitkräfte als einsatzbereit. Bei der anderen Hälfte sei die Zertifizierung abgelaufen.

Die einsatzfähigen Marschflugkörper sollen dem Bericht zufolge nun erneut überarbeitet werden, die derzeit nicht zertifizierten generalüberholt werden. Der Auftrag müsste laut ""Welt"" durch das Beschaffungsamt der Bundeswehr ausgeschrieben werden. Der Rüstungskonzern MBDA, der unter anderem den ""Taurus"" im bayerischen Schrobenhausen montiert, könnte sich darauf bewerben. Der Bundestag müsste die Finanzmittel für den Auftrag dann freigeben.

Noch keine Bestätigung aus dem Verteidigungsministerium

Das Verteidigungsministerium äußerte sich bislang nicht zu dem Vorgang. Wie die Zeitung berichtet, sei der Verteidigungsausschuss des Bundestags über die Pläne unterrichtet worden.

Der FDP-Verteidigungspolitiker Marcus Faber hatte Mitte Februar im Internetdienst X geschrieben, dass Deutschland der NATO zugesagt habe, mehr als 1.000 ""Taurus""-Marschflugkörper vorzuhalten.

Über eventuelle zusätzliche Neubestellungen hat die Regierung laut ""Welt"" noch nicht entschieden.

Die Ukraine bittet die Bundesregierung seit Monaten darum, ihr einige der deutschen ""Taurus""-Marschflugkörper zu überlassen. Das lehnt Bundeskanzler Olaf Scholz (SPD) jedoch vehement ab - trotz diesbezüglichen Drängens auch der Koalitionspartner Grüne und FDP.",,"Bundeswehr, Ukraine-Krieg",2024-03-12,CONTROL_International_Womens_Strike_2017_2024,single,True,1,"De, En, La"
https://www.tagesschau.de/inland/innenpolitik/konzeptpapier-bundeswehr-100.html,Tagesschau,Wie sieht die Zukunft der Bundeswehr aus?,"Verteidigungsminister Pistorius will eine kriegstüchtige Bundeswehr. Was ist dafür nötig? Eine Projektgruppe hat nun erste Vorschläge erarbeitet, wie die Truppe reformiert werden könnte.

Das Schlagwort ""kriegstüchtig"" hat Verteidigungsminister Boris Pistorius in den vergangenen Wochen und Monaten immer wieder mal bemüht. Man müsse sich an den Gedanken gewöhnen, so der SPD-Politiker, dass die Gefahr eines Krieges in Europa drohen könnte und sich entsprechend vorbereiten. Doch wie soll das aussehen? Damit hat sich eine Projektgruppe unter hochrangiger Leitung auseinandergesetzt.

Nun legt die Projektgruppe ein Konzeptpapier vor. Unter dem Titel ""Bundeswehr der Zukunft"" hat sie sich grundlegende Gedanken gemacht, was sich alles bei der Bundeswehr ändern muss. Dabei wird auch der Leitgedanke unmissverständlich formuliert: ""Kriegstüchtig sein, um abschrecken zu können.""

Neue Cyber-Streitkraft

In dem Papier, das dem ARD-Hauptstadtstudio vorliegt, werden verschiedene Punkte aufgeführt, was die Bundeswehr tun muss, um diesem Anspruch der ""Kriegstüchtigkeit"" zu genügen. Die Rolle der Teilstreitkräfte soll zum Beispiel gestärkt werden.

Dabei geht es auch darum, dass es künftig eine vierte Teilstreitkraft geben soll - neben Heer, Luftwaffe und Marine nämlich den ""Cyber- und Informationsraum"". Deutschland ist immer wieder hybriden Angriffen von verschiedenen Akteuren ausgesetzt. So soll die Bundeswehr schlagkräftiger reagieren können.

Zentrale Steuerung aller Einsätze

Die Teilstreitkräfte verantworten militärische Handlungen und Operationen in den ihnen zugeordneten Dimensionen. Geführt werden soll aber künftig ""aus einer Hand"" - mit einem ""operativen Führungskommando der Bundeswehr"", abgekürzt ""OpFüKdoBW"". Damit würden dann alle Einsätze der Bundeswehr in In- und Ausland zentral gesteuert.

Langfristige Planung

Ein weiterer Punkt im Kapitel ""Zentrale Maßnahmen und Botschaften"": Die Bundeswehr müsse als Ganzes auf den Ernstfall ausgerichtet werden. Die Truppe soll jederzeit auf Bedrohungen vorbereitet sein. Dafür müsse langfristig geplant werden - etwa, was bei Personal, Material und Infrastruktur künftig nötig ist.

Vor dem Hintergrund des aktuellen Wehrberichts ist das ein wichtiger Hinweis. Denn immer noch fehlen der Bundeswehr Personal und Material, während Kasernen marode seien und Gebäude verfielen. Die Fortschritte seien ""überschaubar"", formuliert die Wehrbeauftragte Eva Högel.

Es geht auch um die Wehrpflicht

Im Zuge der Personaldebatte thematisiert das Papier auch die Wehrpflicht. Es soll eine Koordinierungsstelle geschaffen werden - ""zur Steuerung der personellen Aufwuchsfähigkeit"". Damit will sich die Bundeswehr darauf vorbereiten, eventuelle verpflichtende Einberufungen im Verteidigungsfall verwaltungstechnisch leicht umsetzen zu können. Dazu gehöre auch die ""Vorbereitung und Prüfung von Wehrerfassungs- und Musterungsprozessen"".

Verteidigungsminister Pistorius will sich im Falle einer Wiedereinführung des Wehrdienstes am schwedischen Modell orientieren; das hat er in der vergangenen Woche gesagt. Dabei werden alle jungen Frauen und Männer gemustert. Einige Ausgewählte erhalten dann ein Angebot.

Über die Vorschläge der Projektgruppe soll nach Ostern entschieden werden.",Kilian Pfeffer Berlin,Bundeswehr,2024-03-12,CONTROL_International_Womens_Strike_2017_2024,single,True,1,"De, En, La"
https://www.tagesschau.de/inland/innenpolitik/wehrbericht-bundeswehr-104.html,Tagesschau,Kommentar: Bundeswehr muss attraktiver werden,"Der Bericht der Wehrbeauftragten zeigt: Bei der Bundeswehr gibt es nach wie vor große Mängel. Diese gilt es zu beheben, anstatt eine Nebelkerzen-Debatte über die Wiedereinführung der Wehrpflicht zu führen.

Das größte Problem der Bundeswehr bleibt: Sie muss auf Vordermann gebracht werden. Denn sie altert und schrumpft: Es gibt 20.000 unbesetzte Stellen, eine Abbrecherquote von mehr als 20 Prozent und zu wenig Frauen.

Aber mit immer noch über 181.000 Soldatinnen und Soldaten hat die Armee weitaus dringendere Probleme als die Wiedereinführung der Wehr- oder gar einer Dienstpflicht. Denn die Truppe hat immer noch zu wenig Panzer, zu wenig Ersatzteile, zu wenig Munition.

Grundlegende Probleme lösen

In den Kasernen sind die Klos verstopft und die Duschen verschimmeln. Der Investitionsstau liegt allein bei der Infrastruktur bei 50 Milliarden Euro. Zudem ist vom schuldenfinanzierten 100-Milliarden-Sondervermögen bei der Truppe noch kaum was angekommen.

Sie habe immer noch von allem zu wenig, klagt die Wehrbeauftragte. Die Bundeswehr sei nicht voll einsatzbereit. Das Zwei-Prozent-Ziel der NATO erreicht Deutschland nur durch Trickserei und wenn 2028 das Sondervermögen ausgegeben ist, klafft ein Milliardenloch im Verteidigungshaushalt, das bisher keiner stopfen will. Dieses grundlegende Problem muss erstmal gelöst werden.

Bundeswehr attraktiver machen

Die Wiedereinsetzung der Wehrpflicht bräuchte dagegen Grundgesetzänderungen, würde weitere Milliarden kosten und Jahre dauern. Ein Rechenbeispiel: Wenn nur zehn Prozent der Männer eines Jahrgangs eingezogen würden, bräuchte man jedes Jahr für 40.000 Rekruten Unterkünfte, Uniformen, Stiefel, Helme, Schutzwesten, Gewehre, Ausbilder und einiges mehr.

Vieles wurde seit Aussetzung der Wehrpflicht 2011 zurückgebaut. Es war eine Sparmaßnahme, sagt ein altgedienter General, der damals dabei war. Vielleicht sollte man die Bundeswehr erstmal auf Vordermann bringen und so attraktiver machen, anstatt eine monatelange Nebelkerzen-Debatte über die Wiedereinführung der Wehrpflicht zu führen und sich nicht um die wirklich wichtigen Aufgaben für die Truppe zu kümmern.",Ein Kommentar von Uli Hauck Berlin,"Kommentar, Bundeswehr, Wehrbericht",2024-03-12,CONTROL_International_Womens_Strike_2017_2024,single,True,1,"De, En, La"
https://www.tagesschau.de/eilmeldung/verdi-streik-luftsicherheit-100.html,Tagesschau,Ver.di: Am Donnerstag weitere Streiks an Flughäfen,"Die Gewerkschaft ver.di hat die Beschäftigten in den Bereichen Luftsicherheit und Fahrgastkontrolle zu weiteren Streiks aufgerufen. Gestreikt werden soll am Donnerstag an den Flughäfen Berlin, Hamburg, Karlsruhe/Baden Baden, Köln und Stuttgart.

Die Dienstleistungsgewerkschaft ver.di hat für Donnerstag ihre Mitglieder an mehreren deutschen Flughäfen zum Streik aufgerufen. So sollen an den Verkehrsflughäfen Karlsruhe/Baden Baden und Köln die Beschäftigten der Luftsicherheit streiken. Zusätzlich treten an den Verkehrsflughäfen Berlin, Hamburg und Stuttgart die Beschäftigten, die in der Fluggastkontrolle, in der Personen- und Warenkontrolle, der Frachtkontrolle und in Servicebereichen tätig sind, in den ganztägigen Ausstand.

Mit den Streiks will ver.di den Druck auf die Arbeitgeber der Branche vor der nächsten Verhandlungsrunde erhöhen, ein ""deutlich verbessertes einigungsfähiges Angebot"" vorzulegen.

25.000 Beschäftigte privater Sicherheitsdienstleister

Bei den Tarifverhandlungen der Luftsicherheit geht es um die Arbeitsbedingungen von rund 25.000 Beschäftigten privater Sicherheitsdienstleister. Sie kontrollieren im Auftrag der Bundespolizei Passagiere, Personal und Gepäck an den Zugängen zum Sicherheitsbereich. Im Bundesland Bayern sind diese Kräfte im Öffentlichen Dienst angestellt, für den ein anderer Tarifvertrag gilt.

Bei einer ersten Warnstreikwelle am 1. Februar an elf größeren Flughäfen waren nach Schätzungen des Flughafenverbands ADV rund 1.100 Flüge ausgefallen, weil Passagiere nicht mehr in die Sicherheitsbereiche gelangen konnten.

Bislang fünf Verhandlungsrunden ohne Ergebnis

Um ihren Forderungen Nachdruck zu verleihen, hatte die Gewerkschaft ver.di zudem am 7. März an den Flughäfen in Frankfurt am Main und Hamburg zu Arbeitsniederlegungen aufgerufen. Auch die Beschäftigten an den Personal- und Warenkontrollen am Flughafen Köln/Bonn traten in den Ausstand. Damit sollte insbesondere der Frachtverkehr getroffen werden.

In dem Tarifkonflikt sind bislang fünf Verhandlungsrunden ohne Ergebnis geblieben. Ver.di fordert bei einer Laufzeit von zwölf Monaten eine Stundenlohnerhöhung um 2,80 Euro mit schneller einsetzenden Mehrarbeitszuschlägen ab der ersten Überstunde. Die Arbeitgeber vom Bundesverband der Luftsicherheitsunternehmen (BDLS) haben nach eigenen Angaben 2,70 Euro in drei Stufen angeboten bei einer Laufzeit von 24 Monaten.

Streiks könnten noch ausgeweitet werden

Neben dem Inflationsausgleich bedeute dies auch einen Reallohnzuwachs, hatte BDLS-Verhandlungsführer Frank Haindl erklärt. Eine sechste Verhandlung ist für den 20. März verabredet. Laut ver.di-Verhandlungsführer Wolfgang Pieper seien die Beschäftigten bereit, den Druck auf die Arbeitgeber zu erhöhen. Die Streiks könnten noch ausgeweitet werden.

Im Luftverkehr in Deutschland ist dies nur eine von mehreren Tarifauseinandersetzungen derzeit. Die meisten betreffen die Lufthansa und ihre Passagiere. Ungelöst ist unter anderem der Konflikt mit ver.di beim Lufthansa-Bodenpersonal und mit der Flugbegleitergewerkschaft UFO beim Kabinenpersonal.",,"Eilmeldung, Streik",2024-03-12,CONTROL_International_Womens_Strike_2017_2024,single,True,1,"De, En, La"
https://www.tagesschau.de/ausland/europa/eu-gesetz-sanierungsvorgaben-100.html,Tagesschau,Maßnahme zum Klimaschutz: EU-Parlament billigt Sanierungsvorgaben für Gebäude,"Das EU-Parlament hat für neue Sanierungsvorgaben für Gebäude gestimmt. So sollen Wohngebäude bis 2030 im Schnitt 16 Prozent weniger Energie verbrauchen. Den einzelnen Staaten ist es nun überlassen, die Vorgaben umzusetzen.

Zahlreiche Gebäude in der EU müssen nach dem Willen des Europaparlaments umweltfreundlicher werden. Die Mehrheit der Abgeordneten stimmte für neue Sanierungsvorgaben, wonach der Energieverbrauch von Wohngebäuden bis 2030 im Schnitt um 16 Prozent und bis 2035 um 20 bis 22 Prozent sinken soll.

Für Gebäude, die nicht zum Wohnen gedacht sind, sehen die Vorschriften vor, dass 16 Prozent der am wenigsten energieeffizienten Gebäude bis 2030 und 26 Prozent bis 2033 renoviert werden müssen. Alle Neubauten sollen nach dem Willen des Parlamentes ab 2030 emissionsfrei sein. Das soll dazu beitragen, dass die EU ihre Klimaziele erreicht, denn nach Angaben der EU-Kommission sind Gebäude für rund 40 Prozent des Energieverbrauchs und rund ein Drittel der Treibhausgasemissionen verantwortlich.

Keine Sanierungspflicht für einzelne Gebäude

Die EU-Staaten müssen dem Vorhaben noch zustimmen. In den meisten Fällen ist das Formsache. Im Dezember hatten sich Unterhändler der EU-Staaten und das Europaparlament bereits grundsätzlich auf die neuen Regeln verständigt - nun hat das Parlament die Einigung offiziell angenommen.

Das Vorhaben geht auf einen Vorschlag der EU-Kommission zurück, die ursprünglich harte Mindeststandards für Wohngebäude einführen wollte. Angedacht war, dass die jeweils 15 Prozent der ineffizientesten Gebäude eines Landes saniert werden müssen. Viele hatten solche Vorgaben als Zwangssanierungen angesehen - diese starre Vorgabe wurde in den Verhandlungen gestrichen.

Laut EU-Chefunterhändler Ciarán Cuffe gibt es grundsätzlich keine Sanierungsverpflichtungen für einzelne Gebäude. Welche konkreten Auswirkungen die Vorgaben für Hausbesitzer und Wirtschaft haben, kommt vor allem darauf an, wie Deutschland diese umsetzt. Auf die Bundesregierung komme damit eine große Herausforderung zu, teilte der Hauptverband der Deutschen Bauindustrie mit. Demnach muss genau geklärt werden, welche Gebäude wann saniert werden müssen. Für Bauunternehmen sei das wichtig, um langfristig ihre Kapazitäten einplanen zu können.",,"EU, Klimaschutz",2024-03-12,CONTROL_International_Womens_Strike_2017_2024,single,True,1,"De, En, La"
https://www.tagesschau.de/ausland/europa/hilfslieferungen-gaza-zypern-100.html,Tagesschau,"Erstes Hilfsschiff ""Open Arms"" bringt Güter von Zypern nach Gaza","Mit mehreren Tagen Verzögerung hat das Hilfsschiff ""Open Arms"" Zypern in Richtung Gaza verlassen. An Bord sind rund 200 Tonnen Hilfsgüter. Die Fahrt gilt als Testlauf für einen Hilfskorridor.

Erleichterter Applaus gab es, als es endlich losgeht und die ""Open Arms“ den Kai im Hafen von Larnaka mit mehrern Tagen Verzögerung verlässt. Das Video teilt die US-amerikanische Hilfsorganisation World Central Kitchen auf der Plattform X. Im Schlepptau hat das Schiff ein schwimmendes Plateau mit Hilfsgütern.

Schiff muss 400 Kilometer zurücklegen

200 Tonnen Lebensmittel, Wasser und Medikamente sollen so nach Gaza transportiert werden, verspricht Juan Camilo, ein Mitarbeiter von World Central Kitchen: ""Hinter mir die Open Arms, das World Central Kitchen Schiff mit 200 Tonnen Hilfsgütern für die Menschen von Gaza. Heute ist ein historischer Moment. Das Schiff wird die Küste von Gaza in den nächsten Tagen erreichen.""

Die Fahrt an die rund 400 Kilometer entfernte Küste von Gaza gilt als Testlauf für einen Hilfskorridor. Weitere Hilfsgüter sollen bereits im Hafen von Larnaka bereitstehen, auch wenn noch unklar ist, wie die Ladung an Land gelangen soll.

Fahrt übers offene Meer riskant

Der zyprische Präsident Christodoulidis und sein Außenminister äußerten sich erfreut über das Auslaufen der ""Open Arms"". Eine Reise der Hoffnung und Humanität habe begonnen, schrieben beide auf X.

Auch EU-Kommissionspräsidentin Ursula von der Leyen äußerte sich im Europäischen Parlament darüber, wie es mit dem Hilfskorridor weitergehen soll: ""Die USA werden nun daran arbeiten, einen schwimmenden Hafen zum Entladen großer Schiffe einzurichten; bis dieser fertig ist, werden wir mit kleineren Schiffen arbeiten. Die Vereingten Arabischen Emirate und andere Partner werden die Ladung mitfinanzieren. Zypern wird die Abfahrt im Hafen von Larnaka verwalten. Und wir, die EU, werden unsere logistische Unterstützung vor Ort verstärken.""

Die Fahrt übers offene Meer mit der Plattform ist allerdings riskant. Zum Schutz vor dem Seegang zieht die ""Open Arms"" die Plattform eng neben sich her. Der Sprecher des zyprischen Außenministeriums gibt sich bei einer Pressekonferenz am Mittag dann auch betont vorsichtig: ""Wir müssen geduldig sein, bis das Schiff angekommen ist. Dann werden wir weitersehen.""

Zeitpunkt der Öffnung des Korridors noch nicht bekannt

Die Hoffnung bei den beteiligten Hilfsorganisationen im Hafen von Larnaka ist dennoch groß. ""Wir hoffen, dass dies das erste von vielen Booten sein wird, die mit Hilfsgütern nach Gaza fahren. Denn wir von World Central Kitchen wissen, dass wir so viele Wege wie möglich brauchen, um Hilfe nach Gaza zu bringen"", berichet Juan Camilo.

Wie schnell der angekündigte Hilfskorridor tatsächlich öffnen könnte und wie viele der dringend benötigten Hilfsgüter auf diese Weise transportiert werden können, dazu gibt es vonseiten der EU und der zyprischen Regierung allerdings noch keine Angaben.",Pia Masurczak Istanbul,"Gaza, Hilfslieferungen, Zypern",2024-03-12,CONTROL_International_Womens_Strike_2017_2024,single,True,0,"In, The, To"
https://www.tagesschau.de/inland/innenpolitik/afd-berufung-verdachtsfall-ovg-muenster-100.html,Tagesschau,AfD scheitert mit mehreren Anträgen in Berufungsverfahren ,"Für die AfD geht es am Oberverwaltungsgericht Münster um viel: Darf der Verfassungsschutz die Partei als Verdachtsfall beobachten? Gleich zu Beginn des Berufungsverfahren scheiterten die Anwälte mit mehreren Anträgen.

Mit mehreren Anträgen hat die AfD im Berufungsverfahren der Partei gegen den Verfassungsschutz versucht, eine rasche Entscheidung über ihre Einstufung als rechtsextremistischer Verdachtsfall zu verhindern. Allerdings scheiterte die Partei damit gleich zu Beginn der Verhandlung am Oberverwaltungsgericht Münster.

Das Gericht lehnte unter anderem einen Antrag gegen die Besetzung des Senats ab. Der Vorsitzende Richter Gerald Buck warf der AfD Rechtsmissbrauch vor. Die Partei habe keine neuen Argumente aufgeführt. Der Antrag sei pauschal und offensichtlich grundlos gestellt worden.

Vertagung kommt nicht in Frage

Auch ein Antrag auf Vertagung der Verhandlung wurde vom Gericht abgelehnt. Diese hatte der Anwalt der AfD, Christian Conrad, damit begründet, dass es nicht möglich gewesen sei, in der Kürze der Zeit auf die im Januar eingereichten rund 4.200 Seiten Dokumente und 116 Stunden Videomaterial entsprechend einzugehen.

Mit der Verlegung der ursprünglich für Ende Februar geplanten Verhandlungstermine war der Senat mit Blick auf das umfangreiche Material bereits einem Antrag der AfD nachgekommen.

AfD forderte Einsicht in Gutachten

Außerdem forderte der Anwalt Einsicht in Gutachten zur AfD aus Sachsen und Sachsen-Anhalt sowie in eine bislang nicht veröffentlichte neue Einschätzung der Gesamtpartei durch das Bundesamt. Das Gericht behielt sich eine Entscheidung darüber vor.

Die Bevollmächtigten der AfD beantragten außerdem, mehrere Mitarbeiter des Bundesamts für Verfassungsschutz als Zeugen zu vernehmen. Der Vertreter des Verfassungsschutzes bezeichnete die umständliche Art des Vortrags der Beweisanträge als ""Prozessverschleppung"". Der Anwalt der AfD wies den Vorwurf zurück.

Gericht lässt Öffentlichkeit zu

Am Vormittag mussten Beobachter zwischenzeitlich den Gerichtssaal verlassen, weil die AfD für einen bestimmten Punkt, der als nicht für die Öffentlichkeit bestimmte Inhalte betraf, Medienvertreter und Zuschauer ausschließen lassen wollte.

Dem folgte der Senat nicht. Es sei nicht zu erkennen, warum eine öffentliche Bekanntgabe der Fakten die öffentliche Sicherheit gefährden solle, begründete dieser seine Entscheidung.

Kölner Gericht bestätigte Einstufung

Für die mündliche Verhandlung, die in der Halle des Oberverwaltungsgerichts stattfindet, sind zwei Tage bis Mittwoch angesetzt. Der 5. Senat soll klären, ob das Urteil aus der Vorinstanz am Verwaltungsgericht Köln Bestand hat. Das Bundesamt für Verfassungsschutz (BfV) mit Sitz in Köln hatte die AfD sowie die Jugendorganisation Junge Alternative (JA) als rechtsextremistischen Verdachtsfall eingestuft.

Die Richter in Köln hatten diese Sicht im März 2022 bestätigt, nachdem die AfD versucht hatte, sich gegen diese Bewertung zu wehren. Entsprechend dürfen Partei und JA seitdem mit nachrichtendienstlichen Mitteln beobachtet werden. Gegen das Urteil der ersten Instanz ist die AfD in Berufung gegangen.

Revision ist nicht ausgeschlossen

Wann es ein Urteil am OVG in Münster geben wird, war zunächst noch offen. Nach einer Entscheidung des Oberverwaltungsgerichts wäre noch eine Revision möglich, über die das Bundesverwaltungsgericht in Leipzig entscheiden müsste.

Der stellvertretende AfD-Bundesvorsitzende, Peter Boehringer, hatte vor Beginn der Verhandlung im Deutschlandfunk auf die Frage, wie die Partei mit einer Niederlage umgehen würde, geantwortet, angesichts des Umfangs der zu klärenden Fragen wäre eine Entscheidung nach maximal zwei Tagen mündlicher Verhandlung alleine schon Grund für eine Revision. Das Bundesverwaltungsgericht würde die Entscheidung des OVG allerdings lediglich auf mögliche Rechtsfehler hin prüfen. Inhaltliche Fragen spielen dort keine Rolle mehr.

Proteste vor dem Gerichtsgebäude

Von der Parteispitze waren der frühere Bundestagsabgeordnete Roman Reusch und Bundesschatzmeister Carsten Hütter in Münster im Gericht.

Begleitet wurde der Verhandlungsauftakt von Protesten gegen die AfD in der Innenstadt. Die Polizei hatte das Gerichtsgebäude weiträumig abgesperrt.",,"AfD, Verdachtsfall",2024-03-12,CONTROL_International_Womens_Strike_2017_2024,single,True,1,"De, En, La"
https://www.tagesschau.de/inland/innenpolitik/reaktionen-rechtsextremisten-bundestag-100.html,Tagesschau,Rechtsextremisten im Bundestag: Faeser für strengere Regeln,"Nach der Enthüllung des Bayerischen Rundfunks über rechtsextreme Mitarbeiter der AfD im Bundestag hat Innenministerin Faeser verschärfte Regeln ins Spiel gebracht. Diese müssten aber durch das Parlament selbst initiiert werden.

Nach einem Bericht des Bayerischen Rundfunks über die Tätigkeit von Rechtsextremisten für die AfD im Bundestag hat Bundesinnenministerin Nancy Faeser (SPD) für verschärfte Regeln bei der Beschäftigung von Abgeordneten- und Fraktionsmitarbeitern plädiert. ""Der Bundestag kann seine eigenen Regeln überprüfen und Verschärfungen diskutieren"", sagte Faeser der Rheinischen Post. ""Wir sind eine wehrhafte Demokratie und müssen alle Mechanismen nutzen, um diese vor ihren Feinden zu schützen"", sagte sie. ""Es muss alle Demokraten umtreiben, dass rechtsextremistische Netzwerke bis in den Bundestag reichen"", sagte Faeser.

Die Regierung habe in solchen Fällen wegen der Gewaltenteilung aber keine Handhabe, hier könne nur das Parlament selbst aktiv werden. Die Innenministerin verwies darauf, dass in Regierung und Behörden nur Menschen arbeiten dürften, ""die fest auf dem Boden des Grundgesetzes agieren"". So habe sie das Disziplinarrecht gerade verschärft, damit Extremisten den demokratischen Staat nicht von innen sabotieren könnten. ""Die Einbindung der AfD in rechtsextremistische Netzwerke muss weiter genau geprüft werden"", forderte Faeser weiter. ""Immer stärkere Verbindungen treten offen zutage.""

Der Bayerische Rundfunk hatte berichtet, dass die AfD-Fraktion und ihre Abgeordneten mehr als 100 Mitarbeiterinnen und Mitarbeiter, die in Organisationen aktiv sind, die von deutschen Verfassungsschutzämtern als rechtsextrem eingestuft werden. Unter ihnen befinden sich Aktivisten aus dem Umfeld der ""Identitären Bewegung"", ideologische Vordenker aus der ""Neuen Rechten"" und mehrere Neonazis.

Mast: ""Waschechte Nazis und Rechtsextreme""

Die erste Parlamentarische Geschäftsführerin der SPD, Katja Mast, nannte die Enthüllungen ""erschütternd"". ""Dass die AfD waschechte Nazis und Rechtsextreme beschäftigt, überrascht mich nicht, das Ausmaß ist jedoch noch viel größer, als ich befürchtet habe"", sagte Mast dem Redaktionsnetzwerk Deutschland (RND). ""Die AfD versucht gezielt, die Demokratie zu unterwandern."" In der AfD sitze ""ein Haufen rechter Nazis"", so Mast.

Die Union sieht Bundestagspräsidentin Bärbel Bas (SPD) in der Pflicht. ""Sollte sich dieser Pressebericht bewahrheiten, muss die Bundestagspräsidentin umgehend handeln"", sagte Parlamentsgeschäftsführer Thorsten Frei (CDU) der Nachrichtenagentur AFP. ""Es wäre ein Unding und absolut inakzeptabel, wenn die AfD Rechtsextremisten beschäftigt."" Es wäre aus seiner Sicht auch ""entlarvend, sollten tatsächlich Personen bei der AfD beschäftigt sein, die zuvor von der AfD wegen extremistischer Umtriebe offiziell ausgeschlossen worden sind.""

Fraktionsübergreifende Appelle

Die Grünen-Fraktionsvorsitzende Britta Haßelmann sagte, es müsse ""Schluss sein mit der Banalisierung und der Verharmlosung der AfD"". Der Bundestag müsse sich mit den Erkenntnissen aus der Recherche befassen. ""Es ist an der Zeit, sich das sehr genau anzuschauen"", sagte Haßelmann. ""Das Innere dieses Parlaments"" müsse geschützt sein. Wer Verbindungen zu rechtsextremen Netzwerken pflegt, müsse geprüft werden - ""auch mit allen Mitteln hier im Haus"".

FDP-Fraktionschef Christian Dürr forderte eine öffentliche Diskussion darüber, ""welche Leute dort mit Steuerzahlergeld finanziert werden von der AfD."" Das sei zu hinterfragen. Es sei wichtig, die ""Dinge zu entlarven"".

Der Erste Parlamentarische Geschäftsführer der AfD-Fraktion, Bernd Baumann, sagte vor Journalisten, dass an den Vorwürfen ""nichts dran"" sei. Er verwies auf die in Münster laufende Gerichtsverhandlung zwischen der AfD und dem Verfassungsschutz und sprach von nebulösen Verdächtigungen. Die Veröffentlichung am selben Tag sei kein Zufall. Er nannte den Verfassungsschutz einen ""Büttel der Innenministerien"" und verwies auch darauf, dass der Bundestag alle Mitarbeiter von Abgeordneten überprüfe. ""Und wer hier arbeitet, hat diese Prüfung überstanden"", sagte Baumann.

Wer in Gebäuden des Bundestages arbeitet, bekommt für den Zutritt einen Bundestagsausweis. Dieser wird auf Antrag erstellt. Laut Hausordnung des Bundestages wird eine sogenannte allgemeine Zuverlässigkeitsüberprüfung der betreffenden Person durchgeführt, wofür Polizeidatenbanken genutzt werden. Der Antrag kann abgelehnt werden, ""wenn begründete Zweifel an der Zuverlässigkeit der antragstellenden Person bestehen"". Der Ausweis kann später aus diesen Gründen auch wieder eingezogen werden.",,"Rechtsextremisten, Bundestag",2024-03-12,CONTROL_International_Womens_Strike_2017_2024,single,True,1,"De, En, La"
https://www.tagesschau.de/ausland/asien/israel-hisbollah-raketen-100.html,Tagesschau,Krieg in Nahost: Hisbollah feuert über 100 Raketen auf Israel,"Die libanesische Hisbollah-Miliz hat mehr als 100 Raketen auf israelische Militärposten gefeuert. Der Angriff ist eine Reaktion auf israelischen Beschuss im Nordosten des Libanons. Zuvor hatten sich Israels Angriffe auf die Grenzregion konzentriert.

Zwischen Israel und der Hisbollah im Libanon ist es erneut zu Beschuss gekommen. Die Miliz feuerte nach eigenen Angaben mehr als 100 Raketen auf israelische Militärposten. Dies sei eine Antwort auf den israelischen Beschuss der ostlibanesischen Bekaa-Ebene in der vorherigen Nacht gewesen, teilte die mit dem Iran und der Terrororganisation Hamas verbündete Miliz mit.

Berichte über Verletzte oder Schäden gab es zunächst nicht. Viele Geschosse seien abgefangen worden oder auf offenem Gelände eingeschlagen, hieß es in israelischen Medienberichten.

Israel feuert auf Ziele im nordöstlichen Libanon

Bei den israelischen Angriffen in der Bekaa-Ebene wurde libanesischen Behörden zufolge mindestens ein Zivilist getötet und sechs weitere verletzt. Bislang hatte sich das israelische Militär bei den Gefechten mit der Hisbollah auf das Grenzgebiet im südlichen Libanon konzentriert. Libanesischen Sicherheitskreisen zufolge weitete Israel den Beschuss zuletzt aber auch weiter nach Norden aus.

Israels Militär teilte mit, die Attacken auf Standorte der ""Luftstreitkräfte der Hisbollah"" im Nordosten des Libanons seien eine Vergeltung für Luftangriffe der Miliz. Damit gemeint sind Angriffe mit Drohnen.

Als Reaktion auf die Raketenstarts aus dem Nachbarland habe man erneut Stellungen im Nordosten des Libanons angegriffen, erklärte Israels Militär weiter. Ziel seien dabei zwei Kommandozentralen der Hisbollah in der Nähe der Stadt Baalbek gewesen.

Krieg im Gazastreifen befeuert Konflikt

Seit Beginn des Krieges im Gazastreifen, der durch das Massaker der Hamas am 7. Oktober in Israel ausgelöst wurde, kommt es fast täglich zu gegenseitigen Angriffen zwischen der mit der Hamas verbündeten Hisbollah und Israel. Israel will damit erreichen, dass sich die Hisbollah wieder hinter den 30 Kilometer von der Grenze entfernten Litani-Fluss zurückzieht - so wie es eine UN-Resolution aus dem Jahr 2006 vorsieht.

Die Hisbollah ist im Libanon fest als ""Staat im Staat"" verankert und betreibt unter anderem Schulen und Krankenhäuser. Außerdem vertritt sie ihre Anhänger im Parlament als politische Partei. Zudem hat die Hisbollah einen mächtigen militärischen Flügel. Die Miliz bezeichnet sich selbst als ""der Widerstand"" gegen Israel und die Existenz eines jüdischen Staates.",,"Israel, Gaza, Nahost, Hisbollah",2024-03-12,CONTROL_International_Womens_Strike_2017_2024,single,True,1,"De, En, La"
https://www.tagesschau.de/ausland/europa/eu-leyen-klage-100.html,Tagesschau,Von der Leyen muss mit Klage wegen Hilfen für Ungarn rechnen,"Der Rechtsausschuss des EU-Parlaments hat sich für eine Klage gegen die EU-Kommission ausgesprochen. Deren Chefin von der Leyen hatte Fördermittel für Ungarn freigegeben, die wegen Korruption eingefroren waren.

Es steht der Verdacht im Raum, dass sich die EU-Kommission die Zustimmung des ungarischen Ministerpräsidenten Victor Orbán für Beitrittsgespräche mit der Ukraine erkauft hat. EU-Kommissionspräsidentin Ursula von der Leyen begründete die Freigabe von 10,2 Milliarden Euro mit den Justizreformen, die in Ungarn eingeleitet worden sind.

Viele EU-Abgeordnete wie der Grünen-Politiker Daniel Freund sehen in dem Schritt unmittelbar vor dem EU-Gipfel im vergangenen Dezember allerdings ein politisches Manöver. ""Schlimmer noch: Es steht der Verdacht im Raum, dass die Kommissionspräsidentin sich von Orbán hat erpressen lassen. Das darf nicht sein. Und um das zu klären, geht das Europäische Parlament jetzt vor den Europäischen Gerichtshof"", sagte Freund.

Übergroße Mehrheit im Ausschuss

Die Klage-Entscheidung fiel im Rechtsausschuss mit übergroßer Mehrheit von 16 Ja-Stimmen zu einer Nein-Stimme. Auch Ursula von der Leyens eigene Fraktion der Europäischen Volkspartei EVP ist dafür.

Natürlich gehe es nicht darum, das Ansehen der Kommission oder ihrer Präsidentin zu beschädigen, sagte der CDU-Europaparlamentarier Axel Voss. Für den rechtspolitischen Sprecher der EVP-Fraktion, zu der auch die Unions-Gruppe gehört, ist aber gerade vor den anstehenden Europawahlen im Juni besonders wichtig, rechtsstaatliche Prinzipien und allgemeine Werte der EU zu verteidigen: ""Wir wollen damit deutlich machen, dass die Verletzung von Rechtsstaatlichkeit nicht einfach so hingenommen werden kann. Deshalb kann ich eigentlich einen Imageschaden des Parlaments oder der Europäischen Union hier in diesem Schritt nicht erkennen"", so Voss.

Klage hat noch weiteren Zweck

Die Klage soll vor allem auch darüber Aufschluss geben, wie viel Spielraum die EU-Kommission bei ihren Entscheidungen über das Zurückhalten von Haushaltsgeldern hat. Ein vom Parlament in Auftrag gegebenes Rechtsgutachten war zunächst zu keinem eindeutigen Ergebnis gekommen.

Deshalb sei es auch nicht vorherzusagen, wie der Gerichtshof entscheiden werde, sagte der Rechtspolitiker René Repasi, der für die Sozialdemokraten als Stellvertreter im Rechtsausschuss sitzt: ""Mit der Rechtsstaatlichkeit dürfen meines Erachtens keine politischen Spielchen gespielt werden. Deswegen müssen die Grenzen auch strikt rechtsstaatlich ausgerichtet sein"", so Repasi. ""Und es gibt schon Zweifel, ob die richterliche Unabhängigkeit um die es hier ging, in Ungarn tatsächlich wiederhergestellt worden ist. Zum anderen geht es um den Schutz der finanziellen Interessen der Union.""

Geld in ""dunklen Kanälen""

Denn bei Rechtsstaatsverstößen wie Korruption und mangelnder Unabhängigkeit der Justiz ist die Gefahr groß, dass die Gelder europäischer Steuerzahler direkt in dunklen Kanälen versickern, sagt Moritz Körner, Vorsitzender der FDP-Gruppe im EU-Parlament: ""Wir können nicht akzeptieren, dass Ursula von der der Leyen Nachsicht gegenüber Korruption übt.""

Bei der Klage geht es um die Annullierung der Kommissionsentscheidung. Das heißt, im Erfolgsfall müsste das Geld wieder eingezogen oder mit künftigen Zahlungen verrechnet werden. Vor allem aber soll es ein Signal sein, dass die EU-Kommission nicht auf den Gedanken kommen sollte, die noch weiter zurückgehaltenen restlichen 20 Milliarden Euro vorschnell an Budapest auszuzahlen.

Parlamentspräsidentin Roberta Metsola hat nun bis zum 25. März Zeit, vor das Europa-Gericht in Luxemburg zu ziehen. Sie folgt den Ausschuss-Voten in den meisten Fällen.",Matthias Reiche Brüssel,"EU, Klage, Von der Leyen, Ungarn",2024-03-12,CONTROL_International_Womens_Strike_2017_2024,single,True,1,"De, En, La"
https://www.tagesschau.de/ausland/europa/ukraine-russland-ereignisse-100.html,Tagesschau,Russische Behörden melden zahlreiche ukrainische Angriffe,"Beschädigtes Rathaus, brennende Ölanlagen: Russische Behörden melden zahlreiche ukrainische Angriffe - auch auf Ziele im Landesinneren. Zudem gab es an der Grenze offenbar einen bewaffneten Vorstoß, über deren Erfolg Verwirrung herrscht.

Die Ukraine hat nach russischen Angaben mehrere russische Regionen - auch im Landesinneren - angegriffen. Getroffen wurden dabei nach Behördenangaben auch mindestens zwei Ölanlagen.

Wie lokale Behörden mitteilten, waren unter anderem die Regionen Belgorod, Brjansk, Kursk, Leningrad und Tula Ziel der Angriffe mit Drohnen und Raketen. Eine Drohne traf eine Ölraffinerie in der Region Nischni Nowgorod und löste einen Brand aus, wie Gouverneur Gleb Nikitin mitteilte. Die Region liegt etwa 775 Kilometer von der ukrainischen Grenze entfernt. Eine weitere Drohne traf ein Öllager in Orjol, 116 Kilometer von der ukrainischen Grenze. An beiden Orten brachen demnach Feuer aus.

In der grenznahen Stadt Belgorod traf eine Drohne das Rathaus und verletzte nach Angaben des Gouverneurs der Region, Wjacheslaw Gladkow, zwei Frauen. Die Fenster und die Fassade des Gebäudes seien beschädigt worden. Auf Bildern, die in Online-Netzwerken veröffentlicht wurden, waren die Schäden an dem Gebäude zu sehen. Zudem wurden über der Region laut dem Verteidigungsministerium mehrere Raketen abgefangen.

Im Gebiet Kursk gab es offenbar einen Toten. Der Mann sei Behördenangaben zufolge durch Beschuss getötet worden. Eine weitere Person sei zudem verletzt worden.

Der Moskauer Bürgermeister Sergej Sobjanin teilte mit, eine weitere Drohne sei in der Hauptstadtregion abgefangen worden. Sie habe sich weit südlich des Stadtzentrums, allerdings in der Nähe des Flughafens Schukowski befunden, als sie abgeschossen worden sei.

Russland: Durchbruchsversuch an der Grenze abgewehrt

Verwirrung gab es über Geschehnisse an der ukrainisch-russischen Grenze in den Regionen Kursk und Belgorod. Der Kursker Gouverneur Roman Starowojt teilte über Telegram mit, Kämpfer aus der Ukraine hätten versucht, in den Grenzort Tjotkino einzudringen. ""Es gab einen Durchbruchsversuch durch eine Sabotage- und Aufklärungsgruppe. Es gab ein Feuergefecht, aber es gab keinen Durchbruch"", schrieb er.

Das Verteidigungsministerium sprach ebenfalls von einem vereitelten Grenzübertrittsversuch. Wie die russischen Medien einen Sprecher zitierten, hätten ""ukrainische Formationen"" gegen 3 Uhr nachts ""mithilfe von Panzern und gepanzerten Fahrzeugen"" versucht, auf russisches Territorium vorzudringen. Russische Streitkräfte hätten den Angriff aber abwehren können.

Pro-ukrainische Gruppen melden bewaffneten Vorstoß

Zuvor hatten pro-ukrainische bewaffnete russische Gruppen gemeldet, sie hätten die Grenze überquert. Es handelt sich um die ""Legion Freiheit für Russland"" und das ""Sibirische Bataillon"", die diese Angaben über die sozialen Medien machten. Zudem sei auch eine dritte Gruppe beteiligt, das ""Russische Freiwilligenkorps"". Sie setzen sich demnach aus Kreml-feindlichen Russen zusammen.

Der in der Ukraine lebende Ex-Abgeordnete der russischen Duma, Ilja Ponomarjow, schrieb bei Telegram von Kämpfen in Tjotkino. Der Weiler Losowaja Rudka im Belgoroder Gebiet soll zudem unter Kontrolle der Putin-Gegner sein.

Ein Sprecher des ukrainischen Militärgeheimdienstes erklärte, die russischen Freiwilligengruppen hätten bei ihrem Angriff nicht auf Befehl Kiews gehandelt. ""Auf dem Territorium der Russischen Föderation handeln sie absolut autonom, auf eigene Faust, und verfolgen ihre sozialen und politischen Ziele"", sagte Andrij Jusow gegenüber ukrainischen Medien.

Der für die Grenzsicherung zuständige russische Inlandsgeheimdienst FSB nannte Berichte über ein Eindringen über die Grenze ebenfalls unwahr. Dennoch reagierten Behörden auf die Angriffe: Schulen in Kursk stellten laut Medienberichten für den Rest der Woche auf Online-Unterricht um.

Russland meldet Geländegewinne

Die russischen Streitkräfte teilten unterdessen mit, dass sie in der Ostukraine weiter auf dem Vormarsch seien. Russische Truppen hätten die Kontrolle über das Dorf Newelske in der Region Donezk übernommen, berichteten die Nachrichtenagenturen Tass und Ria unter Berufung auf das russische Verteidigungsministerium.

Der ukrainische Generalstab teilt dagegen am Vormittag mit, die russischen Angriffe an der Front in der Region seien zurückgeschlagen worden.

Der ukrainische Präsident Wolodymyr Selenskyj hatte noch am Montagabend die Lage an der Front als ""so gut wie seit drei Monaten nicht mehr"" beschrieben. Grund sei, dass Moskaus Truppen nach der Einnahme der östlichen Stadt Awdijiwka im vergangenen Monat nicht mehr vorrückten, sagte er in einem Interview mit dem französischen Sender BFM.",,"Russland, Ukraine, Angriffe",2024-03-12,CONTROL_International_Womens_Strike_2017_2024,single,True,1,"De, En, La"
https://www.tagesschau.de/inland/regional/berlin/feuer-tegel-fluechtlingsunterkunft-100.html,Tagesschau,Feuer in Flüchtlingsunterkunft in Berlin-Tegel ausgebrochen,"In der Flüchtlingsunterkunft auf dem ehemaligen Flughafen Tegel ist ein Feuer ausgebrochen. Die Feuerwehr ist mit 100 Kräften im Einsatz. Verletzt wurde nach rbb-Informationen offenbar niemand.

Die Berliner Feuerwehr ist zu einem Großeinsatz zur Flüchtlingsunterkunft am Flughafen Tegel ausgerückt. 100 Einsatzkräfte seien unterwegs, hieß es von der Feuerwehr. Über dem Gelände steht eine dichte Rauchwolke. Ersten Angaben zufolge soll es in drei Zelten brennen. ""Wir rechnen mit mehreren Verletzten"", sagte ein Sprecher der Feuerwehr. Nach ersten Erkenntnissen des Landesamt für Flüchtlingsangelegenheiten (LAF) ist niemand verletzt worden. Näheres war zunächst nicht bekannt.

Mehr in Kürze ...

Sendung: rbb24 Inforadio, 12.03.2024, 14:22 Uhr",,"Berlin, Feuer, Flüchtlingsunterkunft",2024-03-12,CONTROL_International_Womens_Strike_2017_2024,single,True,1,"De, En, La"
https://www.tagesschau.de/wissen/gesundheit/rheuma-forschung-100.html,Tagesschau,Erlanger Forscher wollen Rheuma schon vor dem Ausbruch verhindern,"Die Krankheit beginnt schleichend, doch bei der schlimmsten Form des Rheumas, der rheumatoiden Arthritis, können sogar Gelenke zerstört werden. Ein Forscherteam will die Krankheit schon vor dem Ausbruch verhindern.

Etwa einer von 200 Menschen ist von der rheumatoiden Arthritis betroffen. Eine Autoimmunkrankheit, bei der der Körper eigene Zellen angreift. Besonders häufig erkranken Frauen an dieser Art des Rheumas, die Krankheit kann in jedem Lebensalter auftreten.

Es beginnt meist schleichend mit Gelenkschmerzen. Im Verlauf der Krankheit werden Gelenke durch chronische Entzündungen geschädigt, bei schweren, unbehandelten Verläufen sogar zerstört. Typische Symptome sind Schwellungen, Schmerzen und Steifigkeit von Gelenken. Durch die Zerstörung von Knorpeln und Knochen kommt es zu dauerhaften Funktionseinschränkungen, etwa Schwierigkeiten beim Greifen oder Gehen.

Früherkennung und frühe Behandlung bei Rheuma extrem wichtig

Schon jetzt sind Früherkennung und eine entsprechende Behandlung wichtig, um schwere Verläufe zu lindern. Doch ein Forscherteam um den Erlanger Immunologen und Rheumatologen Georg Schett setzt nun noch früher an - vor dem Ausbruch der Krankheit. In einer Studie im Deutschen Zentrum Immuntherapie (DZI) am Uniklinikum Erlangen konnte nun gezeigt werden, dass der Ausbruch der Erkrankung gehemmt werden kann, wenn eine spezielle Behandlung durchgeführt wird, die das fehlgeleitete Immunsystem reguliert.

Dafür untersuchen die Ärztinnen und Ärzte das Blut von Menschen mit einem erhöhten Rheumarisiko. Denn bereits vor Ausbruch der Erkrankung ist im Blut ein spezieller Antikörper zu finden, der sich gegen veränderte Eiweiße, sogenannte Citrullinierte Proteine, CCP, richtet. Diesen Antikörper findet man bei Gesunden normalerweise nicht.

Menschen mit CCP haben ein hohes Risiko, in nächster Zeit eine rheumatoide Arthritis zu entwickeln. ""Wir haben in dieser Studie, die elf Zentren in Deutschland und drei Zentren im Ausland umfasst, Menschen mit CCP mit dem immunregulatorischen Medikament Abatacept für ein halbes Jahr behandelt und dann die Behandlung beendet. Dabei entwickelten Menschen, die mit Abatacept behandelt wurden, viel seltener eine rheumatoide Arthritis als jene, die ein Placebo bekamen"", sind sich die beiden Studienautoren Jürgen Rech und Koray Tascilar einig.

Antikörper als Hinweis auf erhöhte Rheuma-Gefahr

""Durch diese Studie eröffnen sich für Menschen, die in ihren Blutuntersuchungen einen positiven Test auf Antikörper gegen CCP aufweisen, neue Möglichkeiten, den Ausbruch einer rheumatoiden Arthritis zu verhindern"", sagt Studienleiter Georg Schett.

Die Studien in Erlangen begleitete Ricardo Grieshaber-Bouyer. Über einen Zeitraum von sechs Monaten sei das Medikament Abatacept verabreicht worden, danach wurde es gestoppt. Die Patientinnen und Patienten wurden über weitere zwölf Monate beobachtet. ""Im Anschluss dieses Beobachtungszeitraums hat sich gezeigt, dass die Intervention mit Abatacept sowohl die Entzündung im MRT als auch die Entstehung der rheumatoiden Arthritis verhindert hatte"", erklärt Grieshaber-Bouyer.

Patientin merkt schnell Besserung

An der Studie nahm auch Stefanie Schatt aus Erlangen teil. Bei ihr lag der Verdacht auf rheumatische Arthritis nahe, sie zeigte erste Symptome wie etwa Gelenkschmerzen. ""Und dann habe ich das Angebot bekommen, an dieser Studie teilzunehmen, natürlich auch mit dem Hinweis, entweder das Medikament oder Placebo, das weiß man ja nicht, aber es war die Hoffnung oder die Chance, dass es hilft, und die habe ich dann ergriffen.""

Schnell war ihr klar, dass sie nicht zur Placebo-Gruppe gehörte. ""Nachdem dann die Studie angesetzt wurde habe ich gemerkt, dass die Beschwerden, die ich bis dahin hatte, sehr zügig zurückgegangen sind und dass ich da merklich eine Verbesserung gespürt habe.""

Medikament noch nicht für die präventive Verwendung zugelassen

Die Studie zeigt einen Erfolg der erprobten Vorab-Behandlung mit dem Medikament. Doch damit ist der Weg für einen allgemeinen Einsatz noch nicht geebnet. ""Bisher hat dieses Medikament für die prärheumatoide Arthritis noch keine Zulassung für die präventive Verwendung, da sind noch weitere Studien notwendig, um das wirklich in der breiten Masse zu erproben und zu testen, ob das ein tragfähiges Konzept ist"", erklärt Wissenschaftler Grieshaber- Bouyer. In ein paar Jahren könnte das vielen für Rheuma gefährdeten Patienten das Leben leichter machen. Denn heilen können Mediziner diese Krankheit bisher nicht.","Frank Strerath, BR",,2024-03-12,CONTROL_International_Womens_Strike_2017_2024,single,True,1,"De, En, La"
https://www.tagesschau.de/ausland/europa/bosnien-herzegowina-eu-beitritt-100.html,Tagesschau,EU-Kommission empfiehlt Beitrittsgespräche mit Bosnien und Herzegowina,"Der Balkanstaat Bosnien und Herzegowina erfüllt nach Einschätzung der EU-Kommission die Voraussetzungen für Beitrittsverhandlungen. Sie könnten in Kürze beschlossen werden. 2016 hatte das Land einen Aufnahmeantrag gestellt.

Bosnien und Herzegowina ist nach Einschätzung der EU-Kommission bereit für die Aufnahme von Verhandlungen über den Beitritt zur Europäischen Union. Das Land war von der EU bereits 2022 in den Kreis der Beitrittskandidaten aufgenommen worden.

""Seit wir dem Land Kandidatenstatus zuerkannt haben, hat es beeindruckende Schritte auf uns zu gemacht"", sagte EU-Kommissionspräsidentin Ursula von der Leyen in einer Rede im Europäischen Parlament. ""In gerade einmal etwas mehr als einem Jahr wurden größere Fortschritte erzielt als zuvor in über zehn Jahren.""

Angleichung an EU in Zeiten ""geopolitischer Verwerfungen""

Natürlich seien weiterer Fortschritte nötig, um in unsere Union aufgenommen zu werden, so von der Leyen weiter. ""Aber das Land zeigt, dass es die Beitrittskriterien erfüllen kann und die Bestrebungen seiner Bürgerinnen und Bürger unterstützt, Teil unserer Familie zu werden.""

Von der Leyen lobte unter anderem Fortschritte bei der Bekämpfung von Geldwäsche und Terrorismusfinanzierung sowie bei der Steuerung von Migration. Zudem gebe es weitere Schritte zu einer Aussöhnung der verschiedenen Volksgruppen. Und das Land habe sich vollständig an die Außen- und Sicherheitspolitik der EU angeglichen, was vor allem in ""Zeiten geopolitischer Verwerfungen von entscheidender Bedeutung"" sei.

Aussicht auf EU-Beitritt bereits seit 2003

Ein wichtiger Grund für die Aufnahme Bosnien und Herzegowinas in den Kreis der Beitrittskandidaten war auch die Sorge, dass sich das Balkanland mit etwa 3,2 Millionen Einwohnern ansonsten Richtung Russland oder China orientieren könnte. Der Staat, der aus dem zerfallenen Jugoslawien hervorgegangen ist, wartet bereits seit vielen Jahren auf die Mitgliedschaft in der EU.

Vor allem Staaten wie Österreich hatten zuletzt darauf gedrungen, Bosnien und Herzegowina Fortschritte im Beitrittsprozess in Aussicht zu stellen. Die EU hatte dem Land grundsätzlich bereits 2003 ein Beitritt in Aussicht gestellt. Im Jahr 2016 reichte es offiziell einen Aufnahmeantrag ein.

Im vergangenen Dezember hatten die Staats- und Regierungschefs der EU-Staaten vereinbart, Verhandlungen über die Aufnahme zu beginnen, sobald weitere Reformen abgeschlossen sind. Sie werden nun voraussichtlich bei ihrem Frühjahrsgipfel am 21. und 22. März entscheiden, ob sie die Empfehlung der EU-Kommission annehmen.

Keine Garantie auf schlussendlichen EU-Beitritt

Bei einem Ja wäre Bosnien und Herzegowina im EU-Beitrittsprozess so weit wie die Ukraine und Moldau. Der Start der Beitrittsverhandlungen mit diesen beiden Staaten ist bereits beschlossen.

Wie lange es vom Start der Beitrittsgespräche bis zum EU-Beitritt dauert, ist völlig offen. Die Türkei etwa wurde 1999 EU-Kandidat - ist bis heute aber kein Mitglied. Theoretisch kann ein Beitrittskandidat auch nie Mitglied werden.",,"Bosnien-Herzegowina, EU, EU-Beitritt",2024-03-12,CONTROL_International_Womens_Strike_2017_2024,single,True,1,"De, En, La"
https://www.tagesschau.de/ausland/europa/russland-militaerfahrzeug-100.html,Tagesschau,Russisches Militärflugzeug nordöstlich von Moskau abgestürzt,"In Russland ist ein Militärtransportflugzeug vom Typ Il-76 mit 15 Menschen an Bord abgestürzt. Nach russischen Angaben geriet beim Start der Maschine in der Region Iwanowo ein Triebwerk in Brand.

In Russland ist nach Angaben des Moskauer Verteidigungsministeriums erneut ein Militärtransportflugzeug vom Typ Iljuschin Il-76 abgestürzt - diesmal im Gebiet Iwanowo, etwa 250 Kilometer nordöstlich von Moskau. An Bord der Maschine seien 15 Menschen gewesen, darunter acht Besatzungsmitglieder und sieben Passagiere, teilte das Ministerium der russischen Agentur Interfax zufolge mit. Angaben zu möglichen Überlebenden machte das Ministerium nicht.

Beim Start geriet demnach eines der vier Triebwerke in Brand. Ein Grund für den Ausbruch des Feuers wurde zunächst nicht genannt. Experten seien unterwegs zur Absturzstelle, um die Ursache zu untersuchen.

Im Januar war eine Iljuschin Il-76 mit 74 Menschen an Bord über dem russischen Grenzgebiet Belgorod abgestürzt. Nach russischen Angaben wurde das Flugzeug von ukrainischer Seite mit einer Rakete abgeschossen. Nach Moskauer Angaben saßen 65 ukrainische Kriegsgefangene auf dem Transport zum Austausch in der Maschine und wurden getötet. Der ukrainische Präsident Wolodymyr Selenskyj forderte Ende Januar eine internationale Untersuchung.",,"Ukraine, Moskau, Russland",2024-03-12,CONTROL_International_Womens_Strike_2017_2024,single,True,1,"De, En, La"
https://www.tagesschau.de/inland/bnd-agent-gerichtsprozess-landesverrat-mitangeklagter-100.html,Tagesschau,Prozess wegen Landesverrats: Das Jetset-Leben des Arthur E.,"Er könnte der wichtigste Zeuge im Prozess gegen BND-Agent Carsten L. sein - der Mitangeklagte Arthur E. Über sein Vorleben will er nicht sprechen, einige Hinweise geben seine Aussagen aber dennoch.

Arthur E. sitzt zurückgelehnt auf dem Zeugenstuhl im Gerichtssaal 145a. ""Dann erzähle ich, wie es angefangen hat"", sagt der 32-Jährige und schaut den Vorsitzenden Richter Detlev Schmidt an, während er seine Arme ausbreitet.

An drei Terminen im Januar und Februar trug Arthur E. dem 6. Strafsenat des Berliner Kammergerichts seine Sicht auf den wohl größten Spionagefall der vergangenen Jahre in der Bundesrepublik vor.

Schwarz gekleidet in Turnschuhen, Trainingshose und Sweatshirt mit dem Schriftzug BOSS, beschrieb der Geschäftsmann mit kahlgeschorenem Kopf aus dem Gedächtnis die Stationen seiner Bekanntschaft mit dem leitenden BND-Mitarbeiter Carsten L. Dieser sitzt in dunkelblauem Sakko und mit akkurat geschnittenem Haar hinter seinen Anwälten in einer Glasbox für die Angeklagten.

Der 53-Jährige schreibt gewissenhaft mit - und schweigt. Beide sind des schweren Landesverrats in zwei Fällen angeklagt, weil sie geheime Dokumente und Informationen aus dem BND an den russischen Inlandsgeheimdienst FSB gegeben haben sollen.

Arthur E. lässt keine Nervosität erkennen, er wirkt selbstsicher, bespricht sich mit seinen beiden Anwälten. Bei den Zeugenaussagen von BKA-Ermittlern und einer Richterin vom Bundesgerichtshof (BGH) nickt er zustimmend oder schüttelt den Kopf. Bisweilen sucht er Blickkontakt zum Publikum.

Belastende Aussagen über Carsten E.

Arthur E. hatte bereits mehrfach seine Version der Ereignisse berichtet - während seines Aufenthalts in den USA bei einer Befragung durch das FBI, bei einer Vernehmung durch das BKA nach seinem Rückflug am 22. Januar 2023 am Flughafen München und am folgenden Tag am BGH in Karlsruhe, als ihm der Haftbefehl vorgelegt wurde. Arthur E. habe ""druckreif"" gesprochen, sagte die BGH-Richterin aus. Er habe die zeitliche Abfolge der Ereignisse ""mit großer Präzision"" und ausführlich wiedergegeben und habe sich ""unbedingt"" zu den Vorwürfen äußern wollen.

Die Gründe soll Arthur E. einem BKA-Ermittler im Oktober 2023 so beschrieben haben: Er und Carsten L. hätten ""Scheiß gebaut"", man solle dazu stehen und das Ganze schnell abschließen. Carsten L. soll ihm hingegen in einer Nachricht, die Arthur E. über andere Häftlinge im Gefängnis Berlin-Moabit erreichen sollte, nahegelegt haben, seine bisherigen Aussagen zurückzunehmen und keine weiteren Angaben zu machen.

Doch Arthur E. hielt sich auch vor Gericht nicht daran. Während allerdings seine Aussagen beständig sind, die für eine bewusste und aktive Beteiligung von Carsten L. sprechen, variieren seine Angaben dazu, wie er bei zwei Treffen mit Carsten L. im September und Oktober 2022 die Dokumente übernommen hat - auf Papier oder abfotografiert von den Dokumenten oder von Bildschirmen.

Auch versuchte Arthur E. über seinen Anwalt Giuseppe Olivo zu erreichen, dass aus den USA übermittelte Daten zu seinen Suchanfragen bei Google nicht als Beweismittel verwendet werden - vergeblich.

Eine Befragung durch die Anwälte von Carsten L. und durch die Bundesanwaltschaft lehnt Arthur E. ebenfalls ab. Oberstaatsanwalt Lars Malskies nannte Arthur E.s Aussagen widersprüchlich und stellte dessen Aufklärungswillen infrage.

Hotelbekanntschaft

Malskies verwies darauf, dass sich Arthur E. mehrere Jahre in Russland aufgehalten habe, wobei unklar sei, wovon er dort gelebt und ob er womöglich ""Kontakte zu einem Nachrichtendienst"" gehabt habe. Offen bleibt bislang, wie Arthur E. vom Bundeswehroffizier zum Geschäftsmann werden und sich ein Jetset-Leben zwischen Moskau, Dubai, Afrika, München und Miami leisten konnte, der mit Hunderttausenden Euro hantiert und nach eigenen Angaben nur mit 500-Euro-Scheinen unterwegs war.

Die Erzählungen Arthur E.s setzen, soweit bekannt, im Jahr 2020 ein, als er den tschetschenischen Geschäftsmann Visa M. in Moskau kennengelernt haben will, über einen Zimmernachbarn im Hotel Ritz Carlton. Als Visa M. ihn einmal in seinem Privatflugzeug mit nach Deutschland genommen habe, sei ihm klar geworden, wer dieser sei.

Demnach sah Arthur E. in M. einen potenziellen Geschäftspartner für seine Bergbauprojekte in Afrika. Zur Bedingung für seinen Einstieg habe Visa M. gemacht, dass er einen verbesserten Status für seinen bestehenden Aufenthaltstitel in Deutschland und Kontakte zu deutschen Botschaften in afrikanischen Staaten bekomme.

Kontakte in den Führungszirkel Putins

Zu Visa M. finden sich in russischen Registern zwei Minderheitsbeteiligungen an Unternehmen seiner Frau in der südlich von Moskau gelegenen Region Lipezk, ein Lebensmittel- und ein Plastikhersteller. Russischen Medienberichten zufolge arbeitete sie sich in Lipezk von der Arbeiterin einer Konservenfabrik zur sechstreichsten Geschäftsfrau Russlands herauf, mit Babynahrung als einem wichtigen Produkt.

Ihre Fabrik war so vorbildlich geführt, dass Landwirtschaftsminister Dmitri Patruschew 2021 zu Besuch kam. Er ist der Sohn von Nikolai Patruschew, Sekretär des Nationalen Sicherheitsrats und einer der Hardliner im Umfeld von Machthaber Wladimir Putin. Sie war Mitglied der ""Women's Business Alliance"" der BRICS-Staaten und soll über ein Anwesen in einem noblen Moskauer Vorort verfügen.

Visa M. soll über Kontakte in die Führung um Putin verfügen. Mehrmals erwähnte Arthur E. den Katastrophenschutzminister als guten Bekannten Visa M.s. Dies ist seit Mai 2022 Alexander Kurenkow. Für den Posten ausgewählt wurde Kurenkow, weil Putin ihn persönlich gute kenne und ihn als am besten geeignet für diese Tätigkeit halte, teilte Putins Pressesprecher Dmitri Peskow damals mit. Kurenkow diente beim FSB und in hoher Position bei der ""Rosgwardia"", der Leibgarde Putins.

Zum Geschäftsmann Visa M. findet sich sonst wenig im Internet. Auffindbar sind zwei Fotos, die einen Mann mit rundlichem Gesicht mit einem Glas Babynahrung zeigen. Der Rechercheur Christo Grozev fand heraus, dass Visa M. inzwischen vermutlich mit einer Scheinidentität verreist. Demnach nutzte Visa M. den Namen Oleg Schischkin für einen Flug von Moskau nach Indien.

Dafür spreche, dass diese Person am selben Tag wie Visa M. geboren wurde und ein Mann mit diesen Daten in den russischen Passdatenbanken nicht existiere, während für die Buchung die Passnummer von Visa M. angegeben worden sei, so Grozev.

Verhängnisvolles Treffen im Beachclub

Arthur E. wiederum gibt an, in Deutschland nach Unterstützung für seinen Bekannten Visa M. gesucht zu haben, damit dieser einen besseren Aufenthaltsstatus in Deutschland erhalte. Im BND-Mitarbeiter Carsten L. will er dafür einen Ansprechpartner gefunden haben.

Jedenfalls kam es am 12. September 2022 in ""H'ugo's Beachclub"" am Starnberger See zu einem Treffen mit Arthur E., Visa M. und Carsten L., bei dem es schnell um mehr gegangen sein soll. Man sei übereinkommen, dass man sich gegenseitig etwas Gutes tun könne, gab E. mehrfach an.

Carsten L. verstand der Darstellung Arthur E.s zufolge darunter, Russland geheimes Material aus dem BND bereit zu stellen. Zwei Mal soll Carsten L. seinem Bekannten Arthur E. Dokumente übergeben haben, die er sogleich auf Kosten und organisiert von Visa M. nach Moskau gebracht und zwei Männern, Gassan und Pawel, übergeben haben soll.

Die beiden verhielten sich nach Arthur E.s Beschreibung wie typisch russische Geheimagenten. Sie wussten demnach alles über seine Familie, traten aggressiv fordernd auf. Pawel habe zur Untermalung eine Pistole, eine Glock, sehen lassen.

Interessiert waren sie Arthur E. zufolge vor allem daran, wer beim BND das Material herausgerückt habe. Außerdem hätten sie darauf bestanden, Informationen zu HIMARS und anderen in der Ukraine verwendeten Waffensystemen zu erhalten. Auch wenn Arthur E. beides in Absprache mit Carsten L. nicht habe liefern wollen und können, soll es bei einem dritten Besuch zur Übergabe mehrerer Hunderttausend Euro gekommen sein.

Arthur E. will in diesem Szenario lediglich Vermittler gewesen sein, der sich noch gewundert habe, dass Visa M. den Kontakt zu den FSB-Agenten hergestellt habe, wo er doch als Tschetschene Probleme mit dem FSB gehabt habe. Was in seine Erzählung nicht passt: Dass er den Internet-Daten aus den USA zufolge schon am 26. Juli 2022 nach ""FSB"" und ""Pawel"" sowie ""Pawel Michailowitsch"" gegoogelt hat - am Tag eines Treffens mit Visa M. in Erding, drei Monate vor der angeblich ersten Begegnung mit Pawel in Moskau.",Silvia Stöber,"BND, Landesverrat",2024-03-12,CONTROL_International_Womens_Strike_2017_2024,single,True,1,"De, En, La"
https://www.tagesschau.de/wirtschaft/konjunktur/industrie-auslandsinvestitionen-investoren-standort-deutschland-100.html,Tagesschau,Ausländische Investoren blicken skeptischer auf Deutschland,"Ausländische Investoren bewerten den Standort Deutschland schlechter als bisher. Vor allem die Bürokratie wird in einer Studie der Wirtschaftsprüfungsgesellschaft KPMG bemängelt. Traditionelle Stärken wurden skeptischer beurteilt.

Internationale Investoren sehen den Standort Deutschland im internationalen Vergleich nur noch im Mittelfeld. Energiewende, Digitalisierung, Aufrüstung und Infrastruktur eröffneten internationalen Unternehmen zwar große Geschäftschancen, aber ""alle Standortfaktoren verschlechtern sich mit zunehmender Dynamik"", schrieb die Beratungsgesellschaft KPMG in einem Bericht.

Die Wirtschaftsprüfer hatten von September bis Dezember 350 Finanzvorstände deutscher Tochtergesellschaften internationaler Konzerne befragt.

Bürokratie, Energiekosten, Digitalisierung mangelhaft

Als größte Investitionshindernisse wurden überbordende Bürokratie (61 Prozent) und hohe Energiekosten (57 Prozent) genannt, gefolgt von mangelhafter Digitalisierung, Regulierungsvorgaben für Umwelt, Soziales und Unternehmensführung und fehlender Technologieoffenheit (31 Prozent).

Die besten Bewertungen erhält der Wirtschaftsstandort für die zentrale Lage in Europa (79 Prozent). Auch der Lebensstandard, die öffentliche Sicherheit, die politische Stabilität und die Forschungslandschaft sehen die Befragten als traditionelle Stärken des Standorts, bewerten sie allerdings deutlich skeptischer im Vergleich zu früheren Umfragen.

Überwiegend schlechtere Noten als zuletzt

So zählen nur noch 58 Prozent der Befragten Deutschland zu den fünf stabilsten EU-Ländern (2021: 80 Prozent), 13 Prozent Deutschland jedoch zu den fünf instabilsten EU-Ländern. Und nur noch 43 Prozent sehen die deutsche Forschungslandschaft unter den Top Fünf in der EU (2017: 64 Prozent). Auch für Arbeitsproduktivität (Minus 17 Prozentpunkte), innovationsfreundliches Umfeld (Minus acht Prozentpunkte) und logistische Infrastruktur (Minus 16 Prozentpunkte) gab es schlechtere Noten als 2021.

Bei der Verfügbarkeit von Fachkräften und hoch qualifizierten Arbeitskräften sehen laut KPMG 23 Prozent der Befragten Deutschland unter den fünf besten EU-Standorten, 21 Prozent unter den fünf schlechtesten. Mit dem Renteneintritt der Babyboomer wäre eine Zuwanderung von 500.000 qualifizierten Arbeitskräften pro Jahr nötig, um den Fachkräftemangel auszugleichen. ""Aber viele der Zuwanderer fassen im Arbeitsleben nicht Fuß oder verlassen das Land schnell wieder"", sagte KPMG-Bereichsvorstand sagt Andreas Glunz. Notwendig wäre eine integrations-, produktivitäts- und bedarfsorientierte Einwanderungspolitik.

""Zu lange von der Substanz gelebt""

Im KPMG-Standort-Index, in den 23 Standortfaktoren einfließen, ""rutscht die drittgrößte Volkswirtschaft der Welt im EU-Vergleich zunehmend ins Mittelfeld ab"", heißt es in dem Bericht. Auf einer Skala von Plus bis Minus 10 erreiche Deutschland aktuell noch einen Wert von Plus 1,2. Dies entspricht einer Halbierung gegenüber dem Wert von 2021 (Plus 2,4). 2017 lag der Wert noch bei Plus 3,1.

""Wir haben zu lange von der Substanz gelebt und wichtige Reformen vernachlässigt"", erklärt Glunz. Aktuell schätze fast jeder zweite internationale Finanzvorstand andere Länder und Regionen als wachstumsstärker ein und wolle in den kommenden fünf Jahren vorrangig dort investieren.

DIHK: Deutsche Firmen investieren im Ausland - Kosten

Auch die deutsche Industrie investiert immer stärker im Ausland. Das ergab eine Umfrage der Deutschen Industrie- und Handelskammer (DIHK) unter rund 1.900 Unternehmen.

35 Prozent der Firmen mit Investitionsplänen im Ausland nannten Kostenersparnisse als ihr Hauptmotiv. ""Einen solch hohen Wert gab es zuletzt im Jahr 2008"", sagte Ilja Nothnagel, Mitglied der DIHK-Hauptgeschäftsführung. Bei kleineren Unternehmen mit weniger als 200 Beschäftigten sei der Anteil noch etwas höher. ""Das ist leider eine Reaktion auf die sich verschlechternden wirtschaftspolitischen Rahmenbedingungen im Land.""

Langfristig investieren weniger Unternehmen im Ausland

Deutschland habe strukturelle Probleme, die die Regierung angehen müsse. Aber auch das Auslandsgeschäft brummt vielfach nicht. Die Investitionsbudgets seien überschaubar. Insgesamt wollen der Umfrage zufolge nur 42 Prozent der Firmen im Ausland investieren, etwas mehr als im Vorjahr, aber im langfristigen Vergleich ein eher unterdurchschnittlicher Wert. Bei der Ausweitung bestehender Auslandsinvestitionen ist auch Vorsicht erkennbar. Nur noch 30 Prozent (Vorjahr: 31) planen Aufstockungen der entsprechenden Budgets. Hingegen planten 23 Prozent (Vorjahr: 18) Kürzungen.

Eigentlich seien Auslandsinvestitionen immer auch dem Standort Deutschland zugutegekommen, sagte Nothnagel. ""Doch das Blatt ist dabei, sich zu wenden: Immer mehr Betriebe investieren mittlerweile im Ausland, weil für sie der Standort Deutschland zu teuer und kompliziert ist. Die wandern auf Kosten des Standorts Deutschland ab.""

Asien gewinnt an Bedeutung

Dabei gewinne der asiatisch-pazifische Raum - ohne China - weiter an Bedeutung. Gleiches gelte für die Türkei und den ost- und südosteuropäischen Raum außerhalb der EU. In Nordamerika und China bleibt das Engagement im Vergleich zum Vorjahr nahezu unverändert hoch.

Die Eurozone sei zwar weiter die wichtigste Zielregion für deutsche Unternehmen, verliere aber etwas an Bedeutung. Bei den USA spielt laut DIHK das riesige Subventionsprogramm für mehr Klimaschutz nicht die Hauptrolle, eher der große Markt gepaart mit Planungssicherheit und kauffreudigen Konsumenten.",,"Investitionen, Deutschland, Investoren, DIHK",2024-03-12,CONTROL_International_Womens_Strike_2017_2024,single,True,2,"February, Inflation, Rates"
https://www.tagesschau.de/wirtschaft/konjunktur/inflation-usa-zinssenkungen-boersenreaktion-100.html,Tagesschau,US-Inflation im Februar überraschend gestiegen,"Die Inflation in den USA hat im Februar überraschend zugelegt. Ökonomen hatten eigentlich damit gerechnet, dass die Verbraucherpreise weiter stabil bleiben. Die Zinssenkungsphantasien erhalten damit einen Dämpfer.

Die Verbraucherpreise in den USA sind im Februar um 3,2 Prozent gestiegen nach 3,1 Prozent im Januar. Das teilte das Arbeitsministerium in Washington mit. Volkswirtinnen und Volkswirte hatten mit einer unveränderten Entwicklung gerechnet. Von Januar bis Februar stiegen die Preise im Schnitt wie erwartet um 0,4 Prozent.

Im Juni 2022 hatte die Inflation in den USA mit 9,2 Prozent den höchsten Stand seit 40 Jahren erreicht. Die US-Notenbank hatte mit elf Zinsschritten dagegen gehalten. Doch seit Juni 2023 mit einem Preisauftrieb von drei Prozent erweist sich die Inflation als zäh und zog vor allem im August und September wieder an.

Zinshoffnungen gedämpft

Volkswirte zeigten sich überrascht von dem Anstieg. Er sei ""schockierend"", urteilte Bastian Hepperle von Hauck Aufhäuser Lampe: ""Leitzinssenkungserwartungen geraten ins Wanken. Der Beginn der Zinswende im Juni ist kein Selbstläufer.""

""Die monatliche Preisdynamik ist zu hoch, um eine unmittelbare Leitzinssenkung zu erwarten"", kommentiert Ulrich Wortberg von der Helaba. Dies gelte auch mit Blick auf die Kernteuerung. ""Dies dürfte der Fed missfallen und so werden die Zinssenkungserwartungen vermutlich nochmals leicht gedämpft, vor allem für die Sitzungen in der kommenden Woche und Anfang Mai.""

""Die für Sommer 2024 allgemein erwarteten Leitzinssenkungen der Notenbanken sind keine Selbstläufer"", urteilt auch die DekaBank. Jetzt zeige sich deutlich, wie schwer die letzten Meter zur Verringerung der Inflation seien.

Fed gab sich zuletzt zurückhaltend

Die US-Notenbank Federal Reserve stemmt sich mit einer straffen geldpolitischen Linie gegen die Teuerung und strebt einen Wert von zwei Prozent an. Die Inflation habe zwar deutlich nachgelassen, sagte Fed-Chef Jerome Powell jüngst im Kongress. Doch sei es nicht ausgemachte Sache, dass die Teuerungsrate in Richtung des Zielwerts der Notenbank falle. Die Währungshüter benötigten ""größere Zuversicht"" in einen nachhaltigen Rückgang, bevor sie die Leitzinsen senken könnten.

Nach teils aggressiven Erhöhungen pausierte die US-Notenbank mehrmals und hielt den Leitzins in der Spanne von 5,25 bis 5,50 Prozent konstant. Auch für den Zinsentscheid am 20. März erwarten Ökonomen keine Veränderung. An den Finanzmärkten wird erst für Mitte des Jahres mit einer ersten Zinssenkung gerechnet.

DAX steigt auf Tageshoch

Die Hoffnung auf baldige Zinssenkungen ist einer der Haupttreiber des DAX, der zuletzt auf Höhenflug war. Nach Veröffentlichung der US-Daten stieg der deutsche Leitindex auf ein Tageshoch von 17.849 Punkten. Damit fehlen noch 39 Zähler zu einem Rekord.

Der Euro erreichte bei 1,0928 US-Dollar ebenfalls den Tageshöchstwert. Die Krypto-Währung Bitcoin rückte ebenfalls vor.",,"USA, Inflation, Zinsen, Zinssenkung, FED, DAX",2024-03-12,CONTROL_International_Womens_Strike_2017_2024,single,True,2,"February, Inflation, Rates"
https://www.tagesschau.de/wirtschaft/unternehmen/airbnb-verbietet-sicherheitskameras-100.html,Tagesschau,Airbnb verbietet Sicherheitskameras in Innenräumen,"Wer ein Zimmer über Airbnb bucht, möchte wohl kaum gefilmt werden. Daher verschärft die Online-Plattform ihre Regeln: Bislang waren Sicherheitskameras in Innenräumen erlaubt, wenn darauf hingewiesen wurde. Damit ist nun Schluss.

Ab dem 30. April ist die Verwendung von Sicherheitskameras in Innenräumen von Unterkünften auf Airbnb verboten. Bislang wurde es Gastgebern erlaubt, Kameras in gemeinsam genutzten Räumen wie Wohnzimmern oder Fluren zu nutzen - solange vor der Buchung darauf ausdrücklich hingewiesen wurde und diese klar sichtbar waren.

Airbnb zufolge wird die Verschärfung der Regeln nur einen kleinen Teil der gelisteten Unterkünfte betreffen. Bei Verstößen nach dem 30. April können Unterkünfte oder Accounts von Gastgebern von der Plattform entfernt werden. In der Vergangenheit hatten vereinzelte Airbnb-Gäste berichtet, versteckte Kameras in Unterkünften entdeckt zu haben.

Außenkameras weiterhin erlaubt

Die Verschärfung der Regeln betrifft die Kameras, die sich in Innenräumen der Unterkunft befinden. Von dem Verbot ausgenommen sind Kameras, die sich außerhalb der Unterkunft befinden, so etwa in Türklingeln. Aber auch hier gelten verschärfte Regeln: So muss der Vermieter offenlegen, wo sich Außenkameras befinden. Darüber hinaus dürfen diese nicht auf Außenduschen oder Saunas gerichtet sein.

Auch Lautstärkemesser, die in Unterkünften untersagte Partys erkennen sollen, sind weiterhin erlaubt. Aber auch von solchen Geräten muss ein Gast vorher erfahren. Eine Ausnahme gibt es für Hotels, die ihre Zimmer über Airbnb anbieten. Dort bleiben Kameras in der Lobby, sowie in Fluren und Restaurants erlaubt.",,Airbnb,2024-03-12,CONTROL_International_Womens_Strike_2017_2024,single,True,3,"За, На, Рф"
https://www.tagesschau.de/wirtschaft/arbeitsmarkt/bahn-gdl-gericht-streik-100.html,Tagesschau,GDL darf weiter streiken - Bahn scheitert erneut vor Gericht,"Der Streik der Lokführergewerkschaft kann weitergehen. Die Bahn scheiterte auch in der zweiten Instanz vor Gericht mit einem Eilantrag. Die ""Nadelstichtaktik"" der GDL sei zulässig so die Richter, die zugleich eine Schlichtung anregten.

Die Lokführer der Deutschen Bahn können nach einem Gerichtsurteil ihren Streik wie geplant bis Mittwochmorgen fortsetzen. Das Hessische Landesarbeitsgericht wies in zweiter Instanz die Berufung der Bahn ab. Rechtsmittel gegen diese Entscheidung sind nicht möglich.

Das Instrument des ""Wellenstreiks"" der GDL als ""Nadelstichtaktik"" sei zulässig, sagte der Vorsitzende Richter Michael Horcher. Er regte den Gang in eine formale Schlichtung an. Die Bahn hatte sich bereits zu einem Schlichtungsverfahren bereit erklärt, die GDL lehnt das bislang ab.

Gestern hatte bereits das Arbeitsgericht Frankfurt den Eilantrag des Konzerns auf einstweilige Verfügung gegen den ""Wellenstreik"" der Lokführergewerkschaft GDL abgewiesen und ihn als ""nicht unverhältnismäßig"" eingestuft.

Bahn kritisiert vor allem die Kurzfristigkeit

Der Ausstand begann im Personenverkehr in der Nacht zum Dienstag um 2 Uhr. Im Güterverkehr hatte er bereits am Montagabend begonnen. Die Bahn hatte vor allem argumentiert, dass die Streikankündigung der GDL viel zu kurzfristig erfolgt sei.

Die GDL wiederum hielt am Arbeitskampf als ""legitimem Mittel"" fest, um ihren Forderungen in der Tarifrunde Ausdruck zu verleihen. Knackpunkt des Tarifstreits ist weiterhin die Forderung der GDL nach einer 35-Stunden-Woche für Beschäftigte im Schichtdienst bei vollem Lohnausgleich.",,"Eilmeldung, Bahn, GDL, Streik, Gericht",2024-03-12,CONTROL_International_Womens_Strike_2017_2024,single,True,1,"De, En, La"
https://www.tagesschau.de/wirtschaft/verbraucher/lufthansa-streik-kabinenpersonal-102.html,Tagesschau,Lufthansa-Streik: Zehntausende Passagiere müssen umplanen,"Seit dem frühen Morgen streikt das Lufthansa-Kabinenpersonal in Frankfurt, dort fallen heute etwa 600 Flüge aus. Morgen trifft der Streik den Flughafen München. Laut Lufthansa sind insgesamt 120.000 Passagiere betroffen.

Nach den von der Gewerkschaft ver.di organisierten Warnstreiks beim Bodenpersonal in der vergangenen Woche sind heute früh Flugbegleiterinnen und Flugbegleiter der Lufthansa und der Regionaltochter Lufthansa Cityline in den Ausstand getreten. Der Streik am Flughafen Frankfurt soll noch bis 23 Uhr dauern.

Die Lufthansa geht aus, dass heute 600 Flüge in Frankfurt ausfallen werden, 70.000 Passagiere seien betroffen. Für diesen Mittwoch hat die Flugbegleiter-Gewerkschaft UFO dann das Lufthansa-Kabinenpersonal am Flughafen München zum Streik aufgerufen - ebenfalls von 4 Uhr bis 23 Uhr. Dort werden nach Einschätzung der Lufthansa 400 Flüge mit 50.000 Fluggästen nicht abheben können. Insgesamt dürften an beiden Tagen also 120.000 Passagiere betroffen sein.

Der Streik wirkt sich auch auf den Norden aus. So fallen am Dienstag alle zwölf Flüge von Hamburg nach Frankfurt aus, wie der Hamburg Airport auf seiner Webseite mitteilt. Auch die zwölf Ankünfte aus Frankfurt sind demnach gestrichen.

Mehr Flüge zwischen Frankfurt und München

Um an den beiden Streiktagen Fluggästen Alternativen zu bieten, hat die Lufthansa nach Angaben eines Sprechers ihr Angebot auf der Strecke zwischen Frankfurt und München kurzfristig ausgebaut. Nach Ende der Streiks müssten Passagiere vereinzelt noch mit Verspätungen und Flugausfällen rechnen.

Passagiere sollten sich laut den Webseiten der Flughäfen München und Frankfurt bei der Lufthansa über Flugstreichungen informieren. Der Flugstatus werde entsprechend regelmäßig auf der jeweiligen Internetseite des Flughafens aktualisiert.

15 Prozent mehr Lohn

UFO fordert für die etwa 18.000 Kabinenbeschäftigten der Lufthansa und die knapp 1.000 Kräfte der Cityline im Kern 15 Prozent mehr Geld bei einer Vertragslaufzeit von 18 Monaten. Außerdem will die Gewerkschaft eine Inflationsausgleichsprämie von 3.000 Euro sowie höhere Zulagen erreichen.

Die Gewerkschaft betonte, der Konzern habe erst am vergangenen Donnerstag ein Rekordergebnis in Höhe von fast 1,7 Milliarden Euro Nettogewinn verkündet - das drittbeste in der Konzerngeschichte. ""Die Kabine muss nun auch an diesem Erfolg beteiligt werden und die Zugeständnisse, die während der Corona-Krise gemacht wurden, müssen ausreichend kompensiert werden"", sagte Joachim Vázquez Bürger, UFO-Vorstandsvorsitzender.

Verhandlungen sollen am Mittwoch weitergehen

Die Lufthansa hat nach eigenen Angaben bei einer Laufzeit von 24 Monaten eine Erhöhung der Tarifgehälter von 6,0 Prozent zum August 2024 und weitere 3,25 Prozent zum August 2025 angeboten. Zudem sollen die Kabinenbeschäftigten im April 2024 eine Inflationsausgleichsprämie in Höhe von 3.000 Euro erhalten.

""Ich verstehe auch unsere Mitarbeitenden, die Kolleginnen und Kollegen der Kabine machen einen tollen Job, keine Frage. Aber der Streik ist der falsche Weg"", sagte Personalvorstand Michael Niggemann. ""Wir werden mit ver.di morgen und übermorgen verhandeln, wir haben ein unseres Erachtens gutes Angebot vorgelegt.""

Die Lufthansa steckt derzeit in mehreren Konflikten mit Gewerkschaften und wird massiv bestreikt, zuletzt beim Bodenpersonal durch ver.di. Die Streikkosten summieren sich in diesem Jahr bisher auf 100 Millionen Euro, wie der Konzern vorige Woche auf der Bilanz-Pressekonferenz erklärt hatte. Hinzu kämen einige hundert Millionen Euro Umsatz, die verloren gingen, weil Reisende bei anderen Airlines buchten, hieß es.",,"Lufthansa, Streik, UFO",2024-03-12,CONTROL_International_Womens_Strike_2017_2024,single,True,1,"De, En, La"
https://www.tagesschau.de/wirtschaft/arbeitsmarkt/bahn-gdl-streikrecht-100.html,Tagesschau,Wissing: Änderungen am Streikrecht müssen geprüft werden,"Eine Lösung des Tarifstreits zwischen Bahn und GDL ist nicht in Sicht. Aber es deutet sich etwas anderes an: Wenn dieser Tarifstreit beendet ist, könnte das Streikrecht in Deutschland verschärft werden.

Das Urteil des Frankfurter Arbeitsgerichts bedeutet zunächst einen Sieg für GDL-Chef Claus Weselsky. Die Bahn hatte versucht, den aktuell laufenden Streik im letzten Augenblick gerichtlich stoppen zu lassen. Sie scheiterte damit aber vor dem Gericht.

Langfristig könnte Weselsky, der bald in den Ruhestand geht, aber als derjenige in Erinnerung bleiben, der Auslöser für eine Verschärfung des Streikrechts war. Denn angesichts der unnachgiebigen Haltung des GDL-Chefs und der großen Auswirkungen von Streiks bei einem Unternehmen der kritischen Infrastruktur wie der Bahn, mehren sich die Rufe nach neuen gesetzlichen Regeln für Streiks in solchen Betrieben.

Auch Verkehrsminister Volker Wissing machte klar, dass sich die Politik dieses Themas vermutlich demnächst annehmen wird. Es sei klar, dass sich die Bundesregierung in einen laufenden Tarifkonflikt nicht so einmischen könne, dass sie Gesetzesänderungen androhe, sagte der FDP-Politiker im ARD-Morgenmagazin. ""Aber klar ist auch, dass wir uns das ganz genau anschauen werden. Wenn dieser Tarifkonflikt beigelegt ist, muss geprüft werden, ob wir eine Änderung brauchen oder nicht.""

Pro Bahn: ""Für die kritische Infrastruktur neue Regeln schaffen""

Forderungen nach einer Verschärfung des Streikrechts kommen aus der Politik, von Fahrgastverbänden, vor allem aber aus der Wirtschaft. Im Gespräch ist etwa, dass Streiks bei der Bahn und ähnlichen Betrieben immer mit einem bestimmten Vorlauf angekündigt werden müssen oder dass sie erst nach einer gescheiterten Schlichtung zulässig sind. ""Wir müssen für die kritische und alternativlose Infrastruktur in Deutschland neue Regeln schaffen"", sagte etwa der Ehrenvorsitzende des Fahrgastverbands Pro Bahn, Karl-Peter Naumann.

Steffen Kampeter, Hauptgeschäftsführer der Bundesvereinigung der Deutschen Arbeitgeberverbände, forderte ""ein Arbeitskampfrecht, das gerade auch für die Infrastruktur angemessene Ankündigungsfristen, Schlichtungsregelungen und Abkühlungsphasen vorsieht"". Weselsky agiere ohne Rücksicht und unverhältnismäßig. Das sei ""ein Missbrauch des Arbeitskampfrechts, der nicht länger vom Gesetzgeber akzeptiert werden sollte"".

CDU: ""In Deutschland ein reines Richterrecht""

Vom Bund der Katholischen Unternehmer hieß es: ""Nach über 30 Jahren gilt es nun endlich, den Einigungsvertrag einzulösen und ein Bundesgesetz zur Regelung des bisher ausschließlich auf ausuferndem Richterrecht basierenden Streikrechtes zu verabschieden.""

Ähnlich äußerte sich die Vorsitzende der Mittelstands- und Wirtschaftsunion, Gitta Connemann. ""Das Streikrecht muss gesetzlich geregelt werden. Zurzeit ist das Streikrecht in Deutschland reines Richterrecht - anders als in anderen europäischen Ländern, wo es ein richtiges geschriebenes Streikrecht gibt"", sagte die CDU-Politikerin im rbb24-Inforadio.

Tatsächlich gibt es in Deutschland kein Streikgesetz, darauf weist auch Arbeitsrechtlerin Lena Rudkowski von der Universität Gießen im tagesschau.de-Interview hin. Das im Grundgesetz verbriefte Streikrecht der Gewerkschaften sei aber schon jetzt durch die Rechte Dritter eingeschränkt. Als Beispiel nennt sie eine ""Notdienstverpflichtung"", wie sie zum Beispiel für Krankenhäuser gelte.

""Wellenstreiks"" sollen Notfahrpläne unmöglich machen

Mit den aktuellen ""Wellenstreiks"", die nicht mit Vorlauf angekündigt werden, will Weselsky es der Bahn aber ausdrücklich unmöglich machen, an Streiktagen einen Notfahrplan zu erarbeiten. Das ist einer der Gründe, warum sich die Kritik an ihm zuletzt noch einmal verschärft hat.

Kernpunkt des Tarifstreits ist und bleibt die Wochenarbeitszeit. Die GDL fordert eine Absenkung von 38 auf 35 Stunden. Zwar hatte Weselsky zuletzt versucht, andere Streitpunkte in den Fokus zu rücken - wie etwa Urlaubsregelungen oder die Laufzeit des Tarifvertrag. Doch tatsächlich war er selbst es, der immer wieder die 35-Stunden-Woche zum Knackpunkt der Verhandlungen erklärt hatte - zuletzt mit dem symbolträchtigen 35-Stunden-Streik, ""damit jeder in der Republik merkt, worum es uns geht: nämlich um die 35-Stunden-Woche"", so Weselsky.

In diesem Punkt hat sich Bahn - anders als die GDL - seit Beginn des Tarifstreits bewegt. Sie war bereit, den Vorschlag des Moderationsverfahrens - einer Art informeller Vorstufe der Schlichtung - als Grundlage für weitere Verhandlungen zu akzeptieren. Er sah eine Absenkung der Arbeitszeit in zwei Stufen auf 36 Stunden vor. Weselsky lehnte das allerdings ab.

Verkehrsminister Wissing appellierte nun erneut an den GDL-Chef, sich auf ein formelles Schlichtungsverfahren einzulassen. ""Wenn Verhandlungen offensichtlich nicht mehr funktionieren, weil ein Verhandlungspartner sich nicht mehr an den Tisch setzt, dann ist das förmliche Schlichtungsverfahren ein guter Weg"" sagte Wissing im ARD-Morgenmagazin. Die Bahn hatte sich zu einer solchen Schlichtung bereit erklärt, die GDL lehnt sie bislang ab.

Wissing appellierte auch an das Verantwortungsgefühl des GDL-Chefs: ""Ich finde es bedauerlich, dass ein Eisenbahner wie der Herr Weselsky, dem System Schiene so großen Schaden zufügt."" Man könne nicht sagen, man streikt, aber man verhandelt nicht. Am Ende müsse jeder wissen, ein Tarifstreit ende ""mit einem Kompromiss oder gar nicht"".

Nächste Gerichtsinstanz entscheidet noch heute

Eine neue Sachlage könnte sich noch im Laufe des heutigen Tages ergeben: Nach der Niederlage vor dem Arbeitsgericht in Frankfurt am Main hat die Bahn die nächste Instanz angerufen, das Hessische Landesarbeitsgericht. Vermutlich werden die Richter noch im Laufe des Tages entscheiden.

GDL-Chef Weselsky sieht sich durch die bisherigen Richtersprüche allerdings gestärkt: ""Das Gericht hat es zum wiederholten Male bestätigt: Die Streiks der GDL sind verhältnismäßig, zulässig, rechtmäßig und somit geeignet, die berechtigten Forderungen der Eisenbahnerinnen und Eisenbahner mittels Arbeitskampf weiterzuverfolgen.""",Holger Schwesinger,"Bahn, GDL, Streik, Streikrecht",2024-03-12,CONTROL_International_Womens_Strike_2017_2024,single,True,1,"De, En, La"
https://www.tagesschau.de/inland/regional/nordrheinwestfalen/tarifverhandlungen-nrw-100.html,Tagesschau,Tarifverhandlungen im Nahverkehr in NRW gescheitert,"Ver.di NRW hat die Tarifverhandlungen für die rund 30.000 Beschäftigten in den kommunalen Verkehrsbetrieben für gescheitert erklärt. Die Gewerkschaftsmitglieder sollen jetzt über unbefristete Streiks abstimmen.

Im kommunalen Nahverkehr in Nordrhein-Westfalen drohen Streiks. Die Gewerkschaft Verdi NRW hat die Tarifverhandlungen über die Arbeitsbedingungen der etwa 30.000 Beschäftigten in den kommunalen Verkehrsbetrieben für gescheitert erklärt, wie Verdi-Nahverkehrsexperte Peter Büddicker am Dienstag der Deutschen Presse-Agentur sagte.

Er warf den Arbeitgebern mangelndes Entgegenkommen vor. ""Wir werden eine Urabstimmung einleiten"", so Büddicker. Dabei werde über unbefristete Streiks entschieden.

Verdi fordert zusätzliche freie Tage für Mitarbeiter in Verkehrsbetrieben

In Dortmund hatte am Montag die dritte Verhandlungsrunde in dem Tarifkonflikt begonnen. Dafür war ursprünglich auch der Dienstag vorgesehen. Vor dem Treffen hatte Verdi erklärt, dass die Positionen der Tarifparteien noch weit auseinanderlägen. In den vergangenen Wochen hatte die Gewerkschaft mit mehreren Warnstreikaufrufen den öffentlichen Nahverkehr im bevölkerungsreichsten Bundesland über jeweils einen oder zwei Tage weitgehend lahmgelegt. Damit wollte sie den Druck auf die Arbeitgeber erhöhen.

Verdi fordert unter anderem zusätzliche freie Tage, um das Personal zu entlasten und die Berufe attraktiver zu machen. Sie mahnte für die dritte Verhandlungsrunde ein Angebot der Arbeitgeber an. Der Arbeitgeberverband KAV NRW verwies in den vergangenen Wochen auf einen engen Finanzspielraum und eine deutliche Gehaltserhöhung zum 1. März, die vor längerer Zeit vereinbart worden sei. Der Verband hatte erklärt, dass er bei dem zweitägigen Treffen im Rahmen eines Gesamtpaketes einen Abschluss anstrebe.",,"Nordrhein-Westfalen, Streik",2024-03-12,CONTROL_International_Womens_Strike_2017_2024,single,True,1,"De, En, La"
https://www.tagesschau.de/wissen/klima/unternehmen-klimawandel-100.html,Tagesschau,Wie sich Unternehmen an den Klimawandel anpassen,"Der vergangene Winter war - wieder einmal - deutlich zu warm, insbesondere der Februar stach heraus. Immer mehr Unternehmen machen sich Gedanken, wie sie auf die veränderten Bedingungen reagieren können.

Sie könnten eine Chance sein, im Kampf gegen den Klimawandel. Schnell wachsende Bäume, die vor allem auch der Landwirtschaft Entspannung bringen können. Denn seit Jahren kämpfen Bauern mit zu heißen Temperaturen. Kiri-Bäume wachsen so schnell, dass sie in wenigen Jahren zwei bis drei Meter groß sind. Somit können sie dort Schatten spenden, wo Schatten fehlt. ""Häufig teilen sich dann Obst und Gemüse mit Kiri-Bäumen das Feld"", erzählt Allin Gasparin, Mitgründerin des Landwirtschaftsbetriebs wegrow in Nordrhein-Westfalen.

Doch es geht nicht nur darum. Kiri-Bäume, die zum Teil auch im Labor gezogen werden, sollen überall hin transportiert werden, um nachhaltiges Holz zu produzieren. ""Die Auswirkungen des Klimawandels auf den Wald und eine hohe Ressourcenverschwendungen zwingen uns, noch mal vieles zu überdenken"", erklärt Gasparin. ""Auch für die Bauindustrie sind Kiri-Bäume eine Alternative."" Sie wachsen schnell und produzieren so rasant Holz. Außerdem binden sie CO2. Andere Wälder könnten demnach verschont bleiben.

Februar war erneut zu warm

Die Senkung und Bindung von CO2 wird vom Jahr zu Jahr relevanter. Der Februar war der neunte Monat in Folge mit Hitzerekord. Der EU-Klimadienst Copernicus spricht vom wärmsten Februar seit Beginn der Aufzeichnungen. Der Deutsche Wetterdienst bilanziert ähnlich. Projekte, die sich mit der Anpassung an den Klimawandel beschäftigen, werden immer wichtiger. Denn es wird immer deutlicher, dass das auf der Pariser Klimakonferenz ausgerufene 1,5-Grad-Ziel nur noch sehr schwer eingehalten werden kann.

""Dass auch die Monate um den Jahreswechsel 2023/24 zu neuen globalen Temperaturrekorden führen würden, hat sich bereits im vergangenen Sommer abgezeichnet, als klar wurde, dass sich ein kräftiger El Niño entwickeln würde"", erklärt Helge Gößling, Klimawissenschaftler vom Alfred-Wegner-Institut. ""Der Einfluss von El Niño ist um den Jahreswechsel typischerweise am stärksten. So gesehen war es eigentlich überraschender, dass die vorherigen Monate, also Frühling bis Herbst 2023, bereits so warm waren. Das wiederum liegt maßgeblich am ungewöhnlich warmen Atlantik, wobei sich zunächst der Nordatlantik stark erwärmte.""

Nord- und Südatlantik gelten als zu warm

El Niño ist ein natürlich auftretendes Wetterphänomen, das mit der Erwärmung des Meerwassers im tropischen Pazifik und schwachen Passatwinden einhergeht. Die Auswirkungen sind vor allem in Südostasien, Australien, Afrika und Mittelamerika spürbar.

Doch nicht nur der Pazifik, auch der Atlantik ist von besonderen Wetter- und Klimaphänomenen betroffen. Der Nordatlantik gilt schon länger als zu warm, seit Ende des Jahres ist dies auch im Südatlantik zu beobachten. ""Während die Wärme in vielen anderen Regionen des Weltozeans weitestgehend mit El Niño erklärt werden kann, ist es beim Atlantik noch nicht klar, was hinter der aktuellen Erwärmung steckt. Allerdings ist davon auszugehen, dass Zufallsschwankungen des Klimasystems wohl eine wichtige Rolle spielen dürften"", so Gößling.

Trotzdem sei vor allem auch der Menschen gemachte Klimawandel mitschuldig an den Entwicklungen. ""Die Hoffnung und auch die Meinung der meisten in der Wissenschaft ist, dass die letzten neun Monate ein außergewöhnlicher Ausreißer sind und die Temperatur zumindest kurzfristig wieder etwas zurückgeht"", erklärt Niklas Höhne vom NewClimate Institute. ""Klar ist aber, dass wir uns langfristig auf höhere Temperaturen einstellen müssen.""

Viele Firmen denken klimafreundlicher

Wegen sich häufender Klimaveränderungen machen sich auch andere Unternehmen und Start-ups Gedanken, wie sie eine Transformation mitgestalten können. Planted ist eines davon. ""Wir ermöglichen Unternehmen, dass sie nicht immer nur Risiken haben, sondern auch Chancen sehen"", erklärt Jan Borchert, Mitgründer des deutschen Start-ups. Viele Firmen würden schon klimafreundlicher denken, doch viele müssen hierbei auch die eigene Wirtschaftlichkeit im Blick behalten. Planted möchte es willigen Unternehmen erleichtern, sich an die kommenden Herausforderungen anzupassen.

Das Team berät Unternehmen, wie sie sich transformieren, CO2 einsparen und zu einer besseren Zukunft beitragen können. ""Unternehmen, die auf uns zukommen, sagen aber häufig: Wir wissen ja gar nicht, wo wir anfangen sollen. Was am meisten Sinn hat"", erzählt Borchert. Sein Unternehmen unterstütze dann zunächst durch eine Firmenanalyse und scannt Potenziale und Möglichkeiten. Allerdings bewerten sie auch die Ernsthaftigkeit der Unternehmen. ""Es darf nicht um Greenwashing gehen.""

""Auswirkungen können erheblich vermindert werden""

Am Ende geht es in Borcherts Firma aber nicht nur um die Beratung von Firmen, sondern auch um die Förderung von Wäldern in Deutschland. So kann jedes Unternehmen auch direkt das Pflanzen von Bäumen und den Erhalt von Mischwäldern mitfinanzieren und so auch direkt zu einer wichtigen Transformation im Sinne der Anpassung der Wälder an den Klimawandel beitragen.

""Langfristig dürfte Klimaanpassung weltweit und auch in Deutschland eine sehr wichtige Rolle spielen“, sagt Wissenschaftler Gößling vom Alfred-Wegener-Institut. ""Man kann sich natürlich längst nicht an alles anpassen, aber viele Auswirkungen können erheblich vermindert werden. In Deutschland sehe ich dabei vor allem Chancen beim Umgang mit Wasser, um der Tendenz entgegenzuwirken, dass wir im Winter mit zu viel und im Sommer mit zu wenig Wasser zu kämpfen haben."" Unternehmen wie wegrow und auch Planted Green wollen hierzu einen Beitrag leisten.","Jan Koch, WDR","Klimawandel, Temperaturrekord",2024-03-12,CONTROL_International_Womens_Strike_2017_2024,single,True,1,"De, En, La"
https://www.tagesschau.de/ausland/europa/eu-gebaeude-energie-richtlinie-100.html,Tagesschau,Energieeffiziente Gebäude: Schlussakt im Ringen um die Richtlinie?,"Um die Richtlinie für die Energieeffizienz von Gebäuden ist in der EU hart gerungen worden. Nun soll sie vom Parlament verabschiedet werden - doch Änderungen sind bis zum Schluss möglich. Was könnte sie ändern?

Das EU-Parlament in Straßburg kann heute den Haken hinter die Gebäuderichtlinie setzen. Mitgliedsländer und Parlament haben sich bereits im Dezember auf neue Zielvorgaben zur Energieeffizienz von Gebäuden geeinigt. Die Richtlinie ist Teil des Europäischen Grünen Deals. Neben vielen anderen Gesetzen des sogenannten Fit-for-55-Pakets soll sie dazu beitragen, den C02-Ausstoß bis 2030 um mindestens 55 Prozent im Vergleich zu 1990 zu senken und in einem weiteren Schritt bis 2050 Klimaneutralität zu erreichen.

Der Gebäudesektor gilt dabei neben dem Verkehrssektor als großes Hindernis auf dem Weg zur Klimaneutralität. Nach Angaben der EU-Kommission entfallen 36 Prozent der Treibhausgasemissionen in der Europäischen Union auf Gebäude. Bisher liegt der Umfang der Sanierungen weit unter den Erwartungen. Die Baubranche leidet unter Auftragseinbrüchen. Gleichzeitig steigt der Anteil der Menschen, die von Energiearmut bedroht sind. Dem versucht die Richtlinie zu begegnen.

Einsparziele beim Primärenergieverbrauch

Die Richtlinie setzt unter anderem Zielvorgaben für den Wohngebäudebestand. Dabei unterscheidet sie zwischen Nicht-Wohngebäuden und Wohngebäuden.

Bei Wohngebäuden müssen die Mitgliedsländer sicherstellen, dass der durchschnittliche Primärenergieverbrauch des gesamten Wohnungsbestandes bis 2030 um mindestens 16 Prozent und bis 2035 um mindestens 20 bis 22 Prozent sinkt. Vergleichswert dazu ist das Jahr 2020.

Einen Großteil der Energieeinsparungen müssen dabei die Gebäude leisten, die am schlechtesten energetisch saniert sind. Wie die Vorgabe erreicht wird, liegt weitgehend in der Verantwortung der jeweiligen Mitgliedsstaaten.

Schwellenwert für die Energieverschwender

Bei den Nicht-Wohngebäuden müssen die Mitgliedstaaten nach und nach sicherstellen, dass die energetisch schlechtesten Gebäude einen bestimmten Schwellenwert beim Energiebedarf nicht mehr unterschreiten.

Unter Primärenergieverbrauch versteht man dabei die gesamte Energie, die notwendig ist, damit der Endenergiebedarf eines Hauses gedeckt werden kann. Bevor die Energie die Immobilie erreicht, müssen etwa fossile Energieträger aufwendig gewonnen und umgewandelt werden. Auch das wird also beim Primärenergieverbrauch berücksichtigt.

Von den neuen Vorschriften ausgenommen werden können landwirtschaftliche und denkmalgeschützte Gebäude, ebenso architektonisch wertvolle Immobilien, Kirchen oder temporäre Gebäude.

Null-Emissionsgebäude beim Neubau

Ab 2028 sollen Neubauten im öffentlichen Eigentum gar keine Emissionen ausstoßen. Man spricht von ""Zero Emission Buildings"" (ZEB). Ab 2030 sollen alle Neubauten ZEB sein. Wenn es technisch und wirtschaftlich sinnvoll ist, müssen die Mitgliedstaaten bis 2030 schrittweise Solaranlagen in öffentlichen Gebäuden und Nichtwohngebäuden, je nach deren Größe und in allen neuen Wohngebäuden installieren. In neun deutschen Bundesländern gibt es bereits einen Solarstandard, der dann bundesweit ausgeweitet werden muss.

Ab 2025 darf auch der Einbau einer Gas- oder Ölheizung nicht mehr finanziell gefördert werden. Möglich sind aber finanzielle Anreize zum Einbau hybrider Heizsysteme, wenn der Heizkessel zusammen mit einer Solarthermie-Anlage oder einer Wärmepumpe kombiniert wird. Heizungsanlagen, die mit fossilen Brennstoffen funktionieren, sollen bis 2040 ersetzt werden.

Keine Sanierungspflicht

Die Gebäude-Richtlinie hatte während der Verhandlungen viel Kritik auf sich gezogen. Von Zwangssanierungen und einer finanziellen Überlastung von Wohnungseigentümern war die Rede. Ursprünglich sollten die Gebäude im schlechtesten energetischen Zustand schrittweise teilsaniert werden. Ziel war es im Vorschlag der Kommission, dass alle Wohnhäuser bis zum Jahr 2030 in die Energieeffizienzklasse F aufsteigen, 2033 dann in die Klasse E.

Auch das EU-Parlament hatte schärfere Regeln vorgeschlagen. Während der Verhandlungen wurden der Richtlinie die scharfen Zähne wieder gezogen. Viele der Sanierungsziele gelten nur unter Vorbehalt, dass sie wirtschaftlich und technisch machbar sind. Zur Erreichung der Einspar-Zielvorgaben können auch bisherigen Fördermaßnahmen gegengerechnet werden.

Wie es nach der Abstimmung weitergeht

Im Dezember hatten sich EU-Parlament, Länder und Rat bereits auf den Kompromiss geeinigt. Heute stimmt das EU-Parlament final über das Gesetz ab. Es ist nicht ausgeschlossen, dass noch Änderungsanträge zur Abstimmung gestellt werden.

Manche Christdemokraten etwa hatten den Mehrwert der Richtlinie in Frage gestellt, weil der europäische Emissionshandel bereits auf den Gebäudebereich ausgeweitet wurde. Auch von Teilen der Liberalen und Vertreter rechter Fraktionen gab es Kritik an zu viel Regulierung.

""Die EU-Gebäuderichtlinie EPBD könnte bei der geplanten Abstimmung als einziges Vorhaben des Green Deals scheitern"", warnt der Umweltverband WWF Deutschland. ""Das hätte drastische Konsequenzen für den Klimaschutz im Gebäudebereich und könnte das Risiko für Energiearmut erhöhen.""

Nationale Gebäudesanierungspläne

Sobald die Richtlinie beschlossen ist, haben die EU-Staaten 24 Monate Zeit, die Regeln in nationale Gesetzgebung zu gießen. Dabei können sie auch Spielräume des Gesetzes nutzen. Denkbar wären Ausnahmeregelungen für Rentner, sozial benachteiligte Menschen oder Ferienimmobilien.

Ende kommenden Jahres sollen der EU-Kommission die nationalen Renovierungspläne der Mitgliedsländer vorgelegt werden und ein weiteres Jahr darauf dann verabschiedet werden.

Die Richtlinie wirkt also nicht sofort. Da sich allerdings die Sanierungszyklen im Bau über mehrere Jahre hinziehen, bereiten sich Investoren und Baubranche schon jetzt auf die Veränderungen vor.

Mehr als zwei Millionen Wohngebäude in Deutschland haben schätzungsweise die Energieeffizienzklasse G. Das entspricht knapp 15 Prozent der deutschen Wohnimmobilien. Auf diese besonders energieverbrauchenden Gebäude dürfte der Fokus der politischen Debatte nun fallen.",Paul Vorreiter Brüssel,"EU, Energieeffizienz, Gebäude, Klimaschutz",2024-03-12,CONTROL_International_Womens_Strike_2017_2024,single,True,1,"De, En, La"
https://www.tagesschau.de/ausland/europa/papst-ukraine-vatikan-100.html,Tagesschau,Papst-Äußerung zur Ukraine: Vatikan will die Wogen glätten,"Nach den Äußerungen von Papst Franziskus zum Krieg gegen die Ukraine beschwichtigt der Vatikan. Papst-Stellvertreter Kardinal Parolin stellte klar, die Aggressoren sollten den Beschuss einstellen - das sei Voraussetzung für Verhandlungen.

Der Vatikan hat die umstrittene Äußerung von Papst Franziskus, die Ukraine solle die weiße Fahne hissen und mit Russland verhandeln, erneut versucht einzuordnen. Die erste Bedingung für Verhandlungen zur Beendigung des Krieges in der Ukraine sei, dass Russland seine Aggression einstelle, sagte der Papst-Stellvertreter Kardinal Pietro Parolin in einem Interview mit der italienischen Zeitung Corriere della Sera.

Der Vatikan dränge auf einen Waffenstillstand und ""zuallererst sollten die Aggressoren den Beschuss einstellen"", sagte der Kardinal. Auf die Frage, warum sich Franziskus nur an die ukrainische Seite gewandt habe, entgegnete der Kardinal, dies sei dem Kontext der Fragestellung geschuldet gewesen.

Ferner erklärte Parolin, der Vatikan sei aktuell besorgt, dass der Krieg gegen die Ukraine sich ausweiten und noch mehr Tod und Zerstörung bringen könne. Zudem sei das Risiko einer atomaren Eskalation vorhanden. Auch deshalb dringe der Heilige Stuhl auf eine Verhandlungslösung.

Interview im Schweizer Fernsehen

Der Papst hatte in einem am Wochenende vorab veröffentlichen Interview des Schweizer Fernsehens gesagt: ""Wenn man sieht, dass man besiegt ist, dass es nicht gut läuft, muss man den Mut haben, zu verhandeln."" Ohne eine der beiden Konfliktparteien Russland oder Ukraine direkt beim Namen zu nennen, fügte er hinzu, ohne Verhandlungen könne die Situation noch schlimmer werden, weshalb man sich dafür nicht schämen solle.

In dem Interview wird Franziskus auch nach Forderungen aus der Ukraine nach ""Mut zur Kapitulation, zur weißen Fahne"" gefragt, was andere als Legitimation der stärkeren Seite sähen. Darauf antwortet der Papst allgemein: ""Das ist eine Frage der Sichtweise. Aber ich denke, dass derjenige stärker ist, der die Situation erkennt, der an das Volk denkt, der den Mut der weißen Fahne hat, zu verhandeln.""

Das ukrainische Außenministerium hatte den päpstlichen Nuntius daraufhin am Montag einbestellt, um seine ""Enttäuschung"" über Äußerungen von Franziskus zum Ausdruck zu bringen. Erzbischof Visvaldas Kulbokas sei im Außenministerium erklärt worden, dass vom Papst erwartet werde, dass er ""Signale an die Weltgemeinschaft sendet, dass es notwendig ist, sofort die Kräfte zu bündeln, um den Sieg des Guten über das Böse sicherzustellen"".

Erboste Reaktionen aus der Ukraine

In der Ukraine war der Begriff der ""weißen Fahne"", den der Papst gebrauchte, direkt als Aufforderung zur Kapitulation verstanden worden und hatte umgehend erboste Reaktionen ausgelöst. ""Es erscheint merkwürdig, dass der Papst nicht zur Verteidigung der Ukraine aufruft, nicht Russland als Aggressor verurteilt, der Zehntausende Menschen tötet"", schrieb der frühere Abgeordnete und Vize-Innenminister Anton Heraschtschenko im Netzwerk X.

Auch der ukrainische Präsident Wolodymyr Selenskyj widersprach den Ausführungen von Franziskus - allerdings ohne ihn direkt zu erwähnen. Der ukrainische Außenminister Dmytro Kuleba sagte: ""Unsere Fahne ist gelb und blau. Das ist die Fahne, mit der wir leben, sterben und durchhalten. Wir werden nie eine andere Fahne hissen"", schrieb er auf X. Er dankte dem Papst für seine Gebete in den zwei Kriegsjahren und lud ihn zu einem Besuch in die Ukraine ein.

Bruni: Kein Aufruf zur Kapitulation

Der Vatikan bemühte sich bereits am Wochenende um Schadensbegrenzung und versuchte, die Äußerungen des Papstes einzuordnen. Papst-Sprecher Matteo Bruni widersprach Darstellungen, der Papst habe die Ukraine in dem Interview zur Kapitulation aufgefordert. Er habe ""vor allem zu einem Waffenstillstand aufrufen und den Mut zu Verhandlungen wiederbeleben"" wollen.",,"Vatikan, Ukraine, Papst",2024-03-12,CONTROL_International_Womens_Strike_2017_2024,single,True,1,"De, En, La"
https://www.tagesschau.de/inland/wehrbericht-108.html,Tagesschau,Bericht der Wehrbeauftragten: Immer noch Mängel bei der Truppe,"Die Probleme sind altbekannt und auch im Jahr 2023 hat sich nicht viel verändert: Der Bundeswehr fehlen Personal und Material, die Infrastruktur ist marode. Das geht aus dem Bericht der Wehrbeauftragten hervor.

171 Seiten ist der Wehrbericht 2023 lang. Und über allem stehen drei Dauerbrenner: Personal, Material und Infrastruktur. Letztere verfällt zusehends, Personal und Material fehlen. So heißt es im Bericht der Wehrbeauftragten Eva Högl, der dem ARD-Hauptstadtstudio vorliegt.

Die Truppe altert und schrumpft weiter. Es fehle an Großgerät und Ersatzteilen. Die Abgaben von Material an die Ukraine vergrößerten den Mangel noch.

Die Truppe, schreibt Högl, sei durch die Vielzahl sowie die Gleichzeitigkeit der Aufträge an der Belastungsgrenze. Die Zahl der freien Stellen sei auf knapp 18 Prozent gestiegen. Zielvorgaben für die Personalstärke scheinen so kaum noch erreichbar.

Högl: Fortschritte ""überschaubar""

Die Fortschritte hin zu einer modernen Infrastruktur nennt Högl ""überschaubar"". Kasernen sind marode, Gebäude verfallen. Högl berichtet von Briefen über verschimmelte Duschen und verstopfte Toiletten.

Hinzu kommt die klamme Finanzlage. Högl verweist erneut darauf, dass spätestens Ende 2027 eine milliardenschwere Erhöhung des Wehretats notwendig sei, um das Zwei-Prozent-Ziel zu halten.

Einen Lichtblick gibt es im Wehrbericht: Die persönliche Ausrüstung der Soldaten. Die ist mittlerweile so umfassend und üppig, dass es ein neues Problem gibt. Der Truppe fehlen Spinde, um die Ausrüstung zu lagern.

Wüstner: ""Mängel greifen ineinander""

Angesichts der Mängel forderte der Vorsitzende des Deutschen Bundeswehrverbands, André Wüstner, umfangreiche Investitionen in die Truppe. ""Wir haben in allen Teilstreitkräften massive Probleme gemessen am Auftrag, an der Lage"", schilderte er im ARD-Morgenmagazin die Lage. Keine einzige Heeresbrigade sei einsatzbereit. ""Jetzt zu investieren, ist elementar.""

Die 100 Milliarden Euro Sondervermögen, die die Bundesregierung für die Bundeswehr bereit gestellt hat, habe laut Wüstner an der Situation nichts verbessert. Er erklärte diese Tatsache mit den hohen Einsparungen der vergangenen Jahrzehnte, die jetzt bei der Ausrichtung der Bundeswehr auf Landes- und Bündnisverteidigung - als Abkehr von der zuletzt schwerpunktmäßigen Fokussierung auf internationales Krisenmanagement - eine entscheidende Rolle spielten.

Wüstner nannte auch die Zahl, die es laut Högl brauche, um die neue Ausrichtung der Bundeswehr zu finanzieren: mindestens 300 Milliarden Euro. ""Deswegen ist 2024 ein Schlüsseljahr für die Bundeswehr, für Deutschland, für Europa mit Blick auf Frieden und Freiheit, insbesondere mit Blick auf die Ukraine.""

Die Probleme der Bundeswehr bedingten sich laut Wüstner gegenseitig. ""Da greifen die Mängel ineinander."" Wenn die Wehrbauftragte noch immer von einer maroden Infrastruktur spreche, dann ""ist das kein Aushängeschild"" und hindere die Personalgewinnung.",,"Wehrbericht, Wehrbeauftragte",2024-03-12,CONTROL_International_Womens_Strike_2017_2024,single,True,1,"De, En, La"
https://www.tagesschau.de/wirtschaft/konjunktur/inflation-deutschland-entspannung-energiepreise-100.html,Tagesschau,"Inflation im Februar nur noch bei 2,5 Prozent ","Die Inflation ist in Deutschland im Februar auf den tiefsten Stand seit Juni 2021 gesunken. Dank günstigerer Energie stiegen die Verbraucherpreise noch um 2,5 Prozent.

Entspannung bei den Energiepreisen hat die Inflation in Deutschland im Februar auf den tiefsten Stand seit rund zweieinhalb Jahren gedrückt. Die Verbraucherpreise stiegen noch um 2,5 Prozent nach 2,9 Prozent im Januar. Das teilte das Statistische Bundesamt heute in seinen finalen Berechnungen mit.

Lebensmittelpreise unter Gesamt-Inflation

Neben sinkenden Energiepreisen trugen weniger steigende Lebensmittelpreise zur Gesamtentwicklung bei. ""Die Preissituation bei Energie entspannt sich weiter. Der Preisauftrieb für Nahrungsmittel hat sich deutlich verlangsamt und liegt nun erstmals seit mehr als zwei Jahren unter der Gesamtteuerung"", sagte die Präsidentin des Statistischen Bundesamtes, Ruth Brand.

Nahrungsmittel kosteten im Februar noch 0,9 Prozent mehr, nach plus 3,8 Prozent im Januar. Seit April 2023 verlangsamte sich dieser Preisanstieg demnach stetig. Im November etwa hatte er noch bei 5,5 Prozent gelegen, im Dezember dann bei 4,6, im Januar bei 3,8 Prozent. Günstiger als vor einem Jahr waren vor allem frisches Gemüse und Molkereiprodukte. ""Enorm"" teurer wurde dagegen Olivenöl, die Preise stiegen um fast 51 Prozent. Auch Zucker, Marmelade und Honig waren fast zehn Prozent teurer.

Energie verbilligt sich weiter

Energie kostete durchschnittlich 2,4 Prozent weniger als im Februar 2023, nachdem diese Preise im Januar sogar um 2,8 Prozent gesunken waren. Trotz der zu Jahresanfang ausgelaufenen Energiepreisbremsen und der Anhebung des CO2-Preises auf 45 Euro je Tonne Kohlendioxid (CO2) verbilligte sich Energie damit den zweiten Monat in Folge.

Für Dienstleistungen wurden erneut 3,4 Prozent mehr verlangt als ein Jahr zuvor. Die Preise für Waren stiegen unterdurchschnittlich um 1,8 Prozent.

Kerninflation bleibt hoch

Wie das Statistische Bundesamt weiter mitteilt, stiegen die Verbraucherpreise im Februar 2024 gegenüber dem Vormonat Januar 2024 um 0,4 Prozent. Ökonomen gaben zuletzt trotz der positiven Tendenz noch keine Entwarnung. Die sogenannte Kerninflation - bei der die oft schwankenden Energie- und Lebensmittelpreise herausgerechnet werden - verharrte bei 3,4 Prozent.

Am Nachmittag (MEZ) stehen die Inflationsdaten aus den USA im Fokus des Geschehens. Sie sind eine Entscheidungshilfe für die US-Notenbank FED, die am 20. März über das Zinsniveau entscheidet. Volkswirte gehen mehrheitlich nicht von einer Zinssenkung aus. Der Arbeitsmarkt ist robust, eine Rezession nicht in Sicht. ""Die Fed kann daher in Ruhe die nächsten Zahlen abwarten, ehe sie die erwartete Zinswende einleitet"", kommentiert Burkhard Fehling von der Commerzbank.",,"Inflation, Verbraucherpreise, Energiekosten",2024-03-12,CONTROL_International_Womens_Strike_2017_2024,single,True,2,"February, Inflation, Rates"
https://www.tagesschau.de/wirtschaft/unternehmen/boeing-max-sicherheit-produktionsprobleme-alaska-delta-test-100.html,Tagesschau,FAA findet dutzendweise Produktionsprobleme bei Boeing 737 MAX,"Wie groß sind die Produktions- und Sicherheitsprobleme bei Boeing? Einem Zeitungsbericht zufolge ist der US-Flugzeugbauer bei über einem Drittel der Sicherheitstests der US-Luftfahrtbehörde durchgefallen.

Der US-Flugzeugbauer Boeing ist laut einem Bericht der ""New York Times"" (""NYT"") bei umfangreichen Sicherheitsprüfungen der US-Luftfahrtbehörde FAA an der 737 MAX bei mehr als einem Drittel der Tests durchgefallen.

Bei der Untersuchung des Produktionsprozesses, die nach dem Abriss einer Kabinenwand während eines Fluges eingeleitet worden war, habe der Airbus-Rivale 33 von 89 Tests nicht bestanden, berichtete die Zeitung. Bei der umfassenden Überprüfung sei Boeing auch bei dem Test durchgefallen, bei dem es um die Türpfropfen des geborstenen Bauteils ging.

AeroSystems durchgefallen

Der Zulieferer Spirit AeroSystems, der den Rumpf für die MAX herstellt, habe nur sechs von dreizehn Audits bestanden, heißt es in dem Bericht weiter. Spirit sei ebenfalls bei der Montage der Kabinenwandkomponente durchgefallen. Die FAA, Boeing und Spirit reagierten zunächst nicht auf eine Anfrage von Reuters zur Stellungnahme.

Bei den Tests seien unter anderem Bedenken hinsichtlich der Techniker geäußert worden, da Boeing es offenbar versäumt habe, ""die für den Betrieb seiner Prozesse erforderlichen Kenntnisse zu identifizieren"", schreibt die ""NYT"". Vergangene Woche teilte die FAA mit, sie habe ""Verstöße bei der Kontrolle der Fertigungsprozesse, der Handhabung und Lagerung von Teilen sowie der Produktkontrolle bei Boeing"" festgestellt.

Am 5. Januar war in rund fünf Kilometern Höhe ein Teil der Kabinenwand einer erst wenige Wochen alten 737 Max 9 der Alaska Airlines mit 177 Menschen an Bord herausgebrochen.

Verspätete Lieferung für Delta

Unterdessen rechnet die US-Fluggesellschaft Delta Air einem Bericht der Nachrichtenagentur Bloomberg zufolge wegen der verschärften Sicherheitskontrollen und strafrechtlichen Untersuchungen bei Boeing mit Verzögerungen bei der Auslieferung der 737 Max 10 bis zum Jahr 2027. ""Wir hatten schon erwartet, dass es 25 werden könnte"", sagte Delta-Chef Ed Bastian in einem Interview. ""Ich denke aber, dass es noch ein oder zwei Jahre später sein wird.""

Es gebe ""einige Probleme mit der Boeing 737 Max, die angegangen werden müssen"". Mit den ausgehandelten Vertragsklauseln gegen Lieferverzögerungen bei den bestellten Passagiermaschinen sei Delta aber ""zufrieden"".

Die Fluggesellschaft hatte im Juli 2022 den Kauf von 100 737 Max 10 Jets im Wert von rund 13,5 Milliarden Dollar nach Listenpreis angekündigt, die sie ab 2025 erhalten soll. Gleichzeitig sicherte sich Delta Optionen auf den Kauf von 30 weiteren Boeing-Maschinen.",,"Boeing 737 Max, FAA, Produktion, Sicherheit, Unfall",2024-03-12,CONTROL_International_Womens_Strike_2017_2024,single,True,1,"De, En, La"
https://www.tagesschau.de/wirtschaft/verbraucher/retouren-amazon-fristen-umwelt-kosten-100.html,Tagesschau,Amazon mit kürzeren Retourenfristen bei bestimmten Produkten,"Amazon-Kunden müssen sich beim Kauf künftig schneller entscheiden. Der US-Technologiekonzern verkürzt die Rückgabefrist ab dem 25. April für zahlreiche Produkte von 30 auf 14 Tage.

Amazon wird die Retourenfristen für eine ganze Reihe von Produkten von 30 auf 14 Zage verkürzen. Die neue Regelung soll ab dem 25. April gelten. Betroffen sind die Warengruppen Elektronik, Kamera, Bürobedarf, Musik, Filme und Videospiele.

Ausgenommen von der kürzeren Rückgabefrist sind danach unter anderem Amazon-Geräte und erneuerte Produkte. Auch die meisten Artikel aus anderen Produktgruppen sollen weiter innerhalb von 30 Tagen zurückgeschickt werden können. ""Das Rückgaberecht und Rückgabedatum werden weiterhin deutlich gekennzeichnet unter dem Produktpreis zu finden sein"", sagte ein Sprecher.

Das Unternehmen gewährt damit nur noch die gesetzlich vorgeschriebene Rückgabefrist von zwei Wochen. Aus Unternehmenskreisen verlautete, mit der Änderung gleiche man sich dem an, was bei vielen Händlern üblich sei.

Kosten auch für die Umwelt

Für Kunden ist es von Vorteil, Produkte einfach und kostenlos zurücksenden zu können. Für Onlinehändler ist dies jedoch mit hohen Kosten verbunden. Laut einer im Dezember veröffentlichen Studie des Handelsforschungsinstituts EHI müssen Händler für jeden zurückgesendeten Artikel im Schnitt zwischen fünf und zehn Euro aufwenden. Größter Kostentreiber ist es dabei, die retournierten Artikel zu überprüfen und auf ihre Qualität zu kontrollieren.

In der Branche gibt es große Bemühungen, die Retourenquoten zu senken, um Kosten zu sparen - jedoch mit mäßigem Erfolg. Die Retourenquoten stagnieren. Laut EHI liegen sie im Schnitt zwischen sechs und zehn Prozent, bei Modeprodukten sogar bei 26 bis 50 Prozent. 14 Prozent der Händler überlassen den Käufern die Versandkosten für Retouren.

Neben den Kosten für die Unternehmen führten Retouren im Onlinehandel auch zu unterschiedlichen negativen Umwelteinwirkungen, schreibt das Umweltbundesamt. Zum einen würden durch die Rücksendung weitere Transportwege anfallen, zum anderen müsse mit den zurückgesandten Artikeln umgegangen werden, was in manchen Fällen bedeuten könne, dass sie vernichtet würden.",,"Amazon, Umwelt, Kosten",2024-03-12,CONTROL_International_Womens_Strike_2017_2024,single,True,1,"De, En, La"
https://www.tagesschau.de/ausland/amerika/haiti-henry-remier-ruecktritt-100.html,Tagesschau,Eskalierende Bandengewalt: Haitis Premierminister tritt zurück,"Angesichts der eskalierenden Bandengewalt in Haiti hat Regierungschef Henry seinen Rücktritt angekündigt. Es gebe eine Vereinbarung für eine ""friedliche Machtübergabe"", hieß es bei einem Treffen der karibischen Staatengemeinschaft.

Haitis im Ausland festsitzender Ministerpräsident Ariel Henry hat seinen Rücktritt angekündigt. Er werde sein Amt niederlegen, sobald ein Übergangsrat gebildet und ein vorübergehender Nachfolger ernannt worden sei, sagte er nach Angaben der karibischen Staatengemeinschaft CARICOM.

Ein US-Regierungsvertreter sagte, Henry habe seinen Rücktritt in einem Telefonat mit US-Außenminister Antony Blinken bestätigt. Henry könne im US-Außengebiet Puerto Rico bleiben, wo er sich derzeit aufhält.

Ziel: Freie und faire Wahlen

Der Präsident von Guyana, Irfaan Ali, sagte: ""Ich möchte innehalten und Ministerpräsident Henry für seinen Dienst an Haiti danken."" Es gebe eine Vereinbarung für eine Übergangsregierung und eine ""friedliche Machtübergabe"" in dem verarmten Karibikstaat, sagte Ali weiter. Ziel seien letztlich ""freie und faire Wahlen"".

Zuvor hatte es eine Dringlichkeitssitzung der CARICOM-Länder in Jamaika gegeben, an der auch Blinken teilgenommen hatte. Bei dem Treffen hinter verschlossenen Türen sollte besprochen werden, wie der zunehmenden Gewalt in Haiti Einhalt geboten werden könne. Henry nahm nicht an dem Treffen teil.

Eskalation der Gewalt

Die Gewalt in Haiti war Ende Februar während einer Auslandsreise Henrys in Kenia eskaliert. Bewaffnete Banden im Land attackierten Polizeistationen und befreiten tausende Häftlinge aus Gefängnissen, sie griffen auch den Präsidentenpalast an. Die Gangs forderten den Rücktritt des seit 2021 regierenden Henry, der eigentlich Anfang Februar aus dem Amt des Ministerpräsidenten hätte scheiden sollen. Henry hatte sich stattdessen Ende Februar mit der Opposition darauf verständigt, bis zur Abhaltung von Neuwahlen gemeinsam zu regieren.

Haiti steckt aber bereits seit Langem in der Krise. Die Ermordung von Präsident Jovenel Moïse im Juli 2021 hatte den ohnehin von Kriminalität, politischer Instabilität und großer Armut geprägten Karibikstaat in eine noch tiefere Krise gestürzt. Gangs kontrollieren inzwischen weite Teile des Landes, die Zahl der Morde hat sich im vergangenen Jahr mehr als verdoppelt. Millionen Menschen hungern, viele sind in ihrem eigenen Land Vertriebene. In Haiti hat es seit 2016 keine Wahlen mehr gegeben.",,Haiti,2024-03-12,CONTROL_International_Womens_Strike_2017_2024,single,True,0,"In, The, To"
https://www.tagesschau.de/ausland/amerika/usa-ukraine-orban-100.html,Tagesschau,Trump würde laut Orban die Ukraine-Hilfen streichen,"Den Ukraine-Krieg ""in 24 Stunden beenden"" - das will Donald Trump, wenn er wieder US-Präsident werden sollte. Nun gab Ungarns Präsident Orban einen Einblick in Trumps konkrete Pläne, zu denen offenbar die Streichung der Ukraine-Hilfen gehört.

Vor wenigen Tagen hatte der ehemalige US-Präsident Donald Trump den ungarischen Präsidenten Viktor Orban in seine Residenz Mar-a-Lago im US-Staat Florida geladen. Dabei war offenbar auch der Ukraine-Krieg ein Gesprächsthema. Nun gab Orban im ungarischen Fernsehen Äußerungen Trumps wieder, wonach dieser ""keinen Penny"" für den Ukraine-Krieg ausgeben werde, sollte er wieder US-Präsident werden.

""Er hat eine sehr klare Vision, der man nur schwerlich nicht zustimmen kann. Er sagt Folgendes: Zuallererst wird er für den Krieg zwischen der Ukraine und Russland keinen Penny ausgeben"", sagte Orban dem Fernsehsender M1 über Trump.

""Trump hat ziemlich detaillierte Pläne""

Weiter sagte Orban in dem Interview: ""Deshalb wird der Krieg enden, denn es ist offensichtlich, dass die Ukraine nicht auf eigenen Füßen stehen kann (...). Wenn die Amerikaner kein Geld geben, werden die Europäer allein nicht in der Lage sein, diesen Krieg zu finanzieren. Und dann ist der Krieg vorbei."" Trump habe ""ziemlich detaillierte Pläne, wie dieser Krieg zu beenden ist"", ergänzte Orban - wollte dies jedoch auf Nachfrage nicht näher erläutern.

Trump äußerte sich bislang nicht zu dem Inhalt der Gespräche mit Orban. Auch eine Nachfrage der Nachrichtenagentur AFP zur jüngsten Aussage Orbans ließ Trump unbeantwortet. In seinem aktuellen Wahlkampf hat er aber bereits mehrfach behauptet, dass er, wenn er wieder US-Präsident werden sollte, den Ukraine-Krieg ""in 24 Stunden"" beenden werde.

Gegenseitiges Lob nach Treffen in Florida

Der ungarische Regierungschef hatte den designierten Präsidentschaftskandidaten der US-Republikaner am Freitag in dessen Privatresidenz Mar-a-Lago besucht. Beide lobten einander am Rande des Treffens für ihre politischen Leistungen. Sie teilen viele rechtspopulistische Ansichten und unterhalten seit Jahren freundschaftliche Beziehungen.

Das Verhältnis Orbans zum derzeitigen US-Präsidenten Joe Biden ist hingegen angespannt. Spannungen gab es unter anderem wegen des ungarischen Widerstands gegen den NATO-Beitritt Schwedens, den Budapest erst kürzlich aufgab - und grundsätzlich wegen Orbans russlandfreundlicher Haltung inmitten des Ukraine-Kriegs.",,"Orban, Trump, USA, Ukraine",2024-03-12,CONTROL_International_Womens_Strike_2017_2024,single,True,0,"In, The, To"
https://www.tagesschau.de/wirtschaft/finanzen/marktberichte/marktbericht-dax-kurse-inflation-zinsen-geldanlage-dow-gold-oel-tesla-douglas-ipo-100.html,Tagesschau,Marktbericht: DAX-Anleger wagen sich wieder hervor,"Nach den jüngsten Gewinnmitnahmen im DAX haben heute Morgen wieder die Käufer das Sagen am deutschen Aktienmarkt. Doch ob ihr Mut belohnt wird, das wird sich erst heute Nachmittag weisen.

Der DAX dürfte mit Gewinnen in den XETRA-Handel starten, darauf deuten vorbörsliche Berechnungen von Banken und Brokern hin. So taxiert der Broker IG die deutschen Standardwerte zur Stunde 0,6 Prozent höher bei 17.853 Punkten. Zu Wochenbeginn hatten Gewinnmitnahmen den DAX noch um 0,4 Prozent nach unten auf 17.746 Zähler gedrückt.

Der DAX hatte sich damit wieder etwas von seinem jüngsten Rekordhoch bei 17.879 Zählern entfernt. Marktbeobachter schätzen, dass die starke Aufwärtsdynamik am deutschen Aktienmarkt erst einmal raus ist, beziehungsweise dass der DAX schon einen starken Impuls brauchte, um sein Allzeithoch und darüber die Marke von 18.000 Punkten in Angriff zu nehmen.

Gretchenfrage für die Märkte ist nun, wie sich die Inflation in den USA im Februar entwickelt hat. Heute Nachmittag noch vor Wall-Street-Eröffnung werden dazu frische Daten erwartet. Diese dürften den weiteren geldpolitischen Kurs der US-Notenbank Fed maßgeblich beeinflussen. Von Reuters befragte Volkswirte erwarten, dass sich die Inflationsrate auf dem Vormonatswert von 3,1 Prozent stabilisiert hat.

Vor den mit Spannung erwarteten Daten haben die Anleger an der Wall Street zum Wochenstart die Köpfe eingezogen. Der Dow-Jones-Index der Standardwerte schloss moderate 0,1 Prozent höher auf 38.769 Punkten. Der technologielastige Nasdaq gab dagegen 0,4 Prozent auf 16.019 Stellen nach. Der breit gefasste S&P 500 büßte 0,1 Prozent auf 5.117 Zähler ein. Nach einem gemischt ausgefallenen Arbeitsmarktbericht waren die US-Börsen bereits zum Ende der vergangenen Woche unter Druck geraten.

Auch in Asien halten sich die Anleger mit Käufen zurück. Der 225 Werte umfassende Nikkei-Index hat sich soeben mit einem Minus von 0,1 Prozent auf 38.797 Punkte aus dem Handel verabschiedet. Die Bank of Japan hatte zu Wochenbeginn Spekulationen über einen bevorstehenden Ausstieg aus der ultralockeren Geldpolitik genährt und damit dem Yen Auftrieb gegeben. Die Börse in Shanghai liegt aktuell 0,4 Prozent tiefer.

Der Dollar zeigt im asiatischen Devisenhandel leichte Schwächen. Parallel dazu zieht der Euro um 0,1 Prozent auf 1,0937 Dollar an. Die Feinunze Gold kostet am Morgen 2.176 Dollar. Damit notiert das gelbe Edelmetall wieder rund 20 Dollar unter seinem zum Wochenschluss erzielten Rekordhoch von 2.195 Dollar.

Im DAX dürfte heute die SAP-Aktie einen Blick wert sein. Branchenrivale Oracle hat dank einer hohen Nachfrage nach seinem Cloud-Angebot im Zuge des KI-Booms die Expertenerwartungen beim Gewinn übertroffen. Der Gewinn je Aktie ohne Sonderposten betrug für das dritte Geschäftsquartal 1,41 Dollar. Die Oracle-Aktie notierte im nachbörslichen US-Handel zunächst knapp zehn Prozent im Plus.

Die Lufthansa wird vom nächsten Streik ausgebremst: Am Morgen trat das von der Gewerkschaft Ufo organisierte Kabinenpersonal am Frankfurter Flughafen in den Ausstand. Bis 23.00 Uhr sollen an Deutschlands größtem Flughafen alle Lufthansa-Abflüge bestreikt werden. Für morgen hat Ufo dann das Lufthansa-Kabinenpersonal am Flughafen München zum Streik aufgerufen.

Nach dem folgenschweren Anschlag auf die Stromversorgung beim Autobauer Tesla in Grünheide bei Berlin ist die sogenannte Gigafactory wieder am Netz. Die Reparaturarbeiten konnten deutlich früher beendet werden als zunächst angenommen, wie der zuständige Netzbetreiber Edis am Abend mitteilte. Tesla hatte zuvor mit einem Produktionsstillstand bis Ende der Woche gerechnet.

Die Parfümeriekette Douglas will noch vor Ostern den Gang auf das Börsenparkett wagen. Das Unternehmen strebt dabei einen Gesamtemissionserlös von bis zu 907 Millionen Euro an. Douglas will maximal 32,7 Millionen Aktien neu ausgeben, die Preisspanne wurde auf 26 bis 30 Euro je Schein festgelegt. Das entspräche einer Marktkapitalisierung von 2,8 bis 3,1 Milliarden Euro. Als erster Handelstag an der Frankfurter Börse ist der 21. März geplant.",,"Marktbericht, DAX, Kurse, Geldanlage, Zinsen, Inflation, Dow, Tesla, Gold, Öl, IPO",2024-03-12,CONTROL_International_Womens_Strike_2017_2024,single,True,1,"De, En, La"
https://www.tagesschau.de/wirtschaft/unternehmen/gdl-streik-deutsche-bahn-104.html,Tagesschau,Sechster Streik begonnen: Grundangebot läuft laut Bahn stabil,"Zum sechsten Mal haben Lokführer im aktuellen Tarifstreit mit der Bahn die Arbeit niedergelegt. Bis in die Nacht läuft der jüngste Streik im Personenverkehr noch. Die Bahn betont, dass der Notfahrplan soweit funktioniere.

Mit dem Beginn des Streiks der Lokführergewerkschaft GDL ist auch der Streikfahrplan der Deutschen Bahn wie geplant angelaufen. ""Es ist uns gelungen, im Fernverkehr trotz der kurzfristigen Streikankündigung der GDL wieder ein Grundangebot von rund 20 Prozent des üblichen Fahrplans anzubieten"", sagte ein Bahnsprecher.

Im Regionalverkehr ist das Angebot je nach Region unterschiedlich. Fahrgäste müssen den ganzen Tag über erneut mit großen Einschränkungen im Personenverkehr rechnen. Sie sind gebeten, sich über die Auskunftskanäle der Bahn über ihre Fahrt zu informieren.

Eilantrag der Bahn abgewiesen

Um 2.00 Uhr nachts legten die Lokführer der Deutschen Bahn wie angekündigt zum sechsten Mal im laufenden Tarifstreit die Arbeit im Personenverkehr nieder. Der Streik soll 24 Stunden dauern. Im Güterverkehr begann der Ausstand bereits am Montagabend um 18 Uhr.

Die Bahn hatte noch versucht, den Streik mit einem Eilantrag vor dem Frankfurter Arbeitsgericht zu verhindern, hatte dabei aber keinen Erfolg. Das Gericht lehnte eine einstweilige Verfügung gegen den Streikaufruf ab und stufte den Streik als ""nicht unverhältnismäßig"" ein. Es wies den Vorwurf des Unternehmens zurück, dass die Streikankündigung viel zu kurzfristig sei und es zudem ""rechtswidrige Forderungen gegeben habe"".

Bahn geht in Berufung

Die Bahn kündigte daraufhin an, vor dem Hessischen Landesarbeitsgericht in Berufung zu gehen. Im Sinne unserer Kundinnen und Kunden tun wir (...) alles, um den Wellenstreik noch zu stoppen"", betonte Florian Weh, Hauptgeschäftsführer des für die Deutsche Bahn verhandelnden Arbeitgeberverbands AGV Move.

Über die Berufung soll erst am Dienstag gegen Mittag - also nach Streikbeginn - verhandelt werden. Sollte das Hessische Landesarbeitsgericht anders entscheiden als das Frankfurter Arbeitsgericht, müsste die GDL ihren Streik unterbrechen. Ein sofortiges Ende der Einschränkungen für Fahrgäste würde das aber nicht bedeuten.

Weselsky zeigt sich zufrieden

Der GDL-Bundesvorsitzende Claus Weselsky zeigte sich zufrieden mit der Gerichtsentscheidung. ""Das Gericht hat es zum wiederholten Male bestätigt: Die Streiks der GDL sind verhältnismäßig, zulässig, rechtmäßig und somit geeignet, die berechtigten Forderungen der Eisenbahnerinnen und Eisenbahner mittels Arbeitskampf weiter zu verfolgen.""

Die Gewerkschaft kämpft um höhere Gehälter und weniger Arbeitszeit bei der Bahn. Knackpunkt des Konflikts ist weiterhin die Forderung, dass Schichtarbeiter künftig für das gleiche Geld nur 35 Stunden statt wie bisher 38 Stunden arbeiten müssen.

In einer Moderation hatte die Bahn einen Kompromissvorschlag akzeptiert. Dieser sah vor, die Arbeitszeit bis 2028 in zwei Schritten auf 36 Stunden zu senken. Die GDL lehnte ab und ließ die Gespräche scheitern.

Neue Streiks kündigt sie nun nicht mehr 48 Stunden vor Beginn an, sondern kurzfristiger. Auch Streiks zu Ostern hat Weselsky bislang nicht ausgeschlossen.",,"Deutsche Bahn, GDL, Streik",2024-03-12,CONTROL_International_Womens_Strike_2017_2024,single,True,1,"De, En, La"
https://www.tagesschau.de/inland/gesellschaft/zivilgesellschaft-ostdeutschland-100.html,Tagesschau,Studie: Ostdeutsche Unternehmen helfen der Zivilgesellschaft,"Das zivilgesellschaftliche Engagement in Ostdeutschland liegt kaum noch hinter dem im Westen zurück. Auch weil Unternehmen tatkräftig unterstützen. Nun soll die Förderung gestärkt werden.

Unternehmen sind eine wichtige Säule der Zivilgesellschaft in Ostdeutschland. Sie engagieren sich besonders stark vor Ort und packen häufiger als westdeutsche Unternehmen mit an, wenn es um konkrete Projekte geht. Auch dank ihnen ist die Zivilgesellschaft im Osten grundsätzlich ähnlich stark ausgeprägt wie im Westen Deutschlands, wenngleich ihre Ressourcen begrenzt sind.

Das geht aus der Studie ""Vielfältig. Lokal. Vernetzt"" des Stifterverbands für die Deutsche Wissenschaft zu unternehmerischen und zivilgesellschaftlichen Engagement in Ostdeutschland hervor. Das bislang unveröffentlichte Papier liegt tagesschau.de vor.

Studienautorin Tahmaz: ""Ostdeutsche Unternehmen können Vorbild sein""

Laut Birthe Tahmaz, einer der Studienautoren, schauen ostdeutsche Unternehmen sehr darauf, welche Unterstützung ihre Kommunen konkret und langfristig brauchen. ""Damit können sie ein Vorbild für westdeutsche Unternehmen sein"", so Tamaz, die den Think Tank ""ZiviZ"" des Stifterverbands leitet.

Gerade in Ostdeutschland, ""wo Bürgerinnen und Bürgern in den vergangenen Dekaden ein besonders hohes Maß an Anpassungsfähigkeit abverlangt wurde"", sei es wichtig, Menschen mitzunehmen und Chancen zur Mitgestaltung zu bieten, schreiben die Tahmaz und ihre beiden Co-Autoren im Vorwort. Einem ""medial geprägten Bild Ostdeutschlands"" mit Assoziationen wie Strukturschwäche, Populismus oder gesellschaftlicher Überalterung halten sie neue Zahlen zur Zivilgesellschaft entgegen.

Die Studie basiert auf dem ZiviZ-Survey - einer repräsentativen Befragung zivilgesellschaftlicher Organisationen, die seit 2012 durchgeführt wird. 2023 nahmen rund 12.800 Organisationen teil. Außerdem zogen die Autoren eine Befragung von mehr als 7.300 Unternehmen zu Rate und recherchierten in Vereinsregistern. Politische Ausrichtungen wurden nicht untersucht.

Viele Vereine, kaum Stiftungen

So gab es in Ostdeutschland im Jahr 2022 102.096 registrierte zivilgesellschaftliche Organisationen, wobei 96 Prozent davon Vereine waren. Zu ihnen gesellten sich rund 2.100 gemeinnützige Kapitalgesellschaften, 1.800 rechtsfähige Stiftungen bürgerlichen Rechts und 275 gemeinwohlorientierte Genossenschaften.

In Westdeutschland spielen Stiftungen eine größere Rolle: Auf eine ostdeutsche Stiftung kommen zwölf westdeutsche. Die bedeutende Rolle der Vereine ist hingegen deutschlandweit gleich hoch.

Die Organisationen konzentrieren sich vor allem auf die Bereiche Kultur, Sport, Freizeit und Gesellschaft, Bildung und Erziehung. Sportvereine, Angelvereine und andere Sportorganisationen bilden insgesamt mit 23 Prozent in Ostdeutschland die größte Gruppe. Sie stehen vor allem in kleineren Gemeinden im Vordergrund, während Bildungsangebote wie Kindergärten in Trägerschaft und Erwachsenenbildung in den Großstädten vorne liegen.

Regional sehr unterschiedliche Entwicklungen

Allerdings ist die Dynamik regional unterschiedlich. Zwischen 2012 und 2022 wuchs die Zahl der Vereine in Sachsen und Sachsen-Anhalt, während sie in Brandenburg stagnierte und in Mecklenburg-Vorpommern und Thüringen zurückging.

Mit Erfurt und Suhl gehören jedoch zwei Thüringer Städte neben Leipzig, Potsdam und einigen angrenzenden Landkreisen zu den Kommunen, in denen in den vergangenen Jahren besonders viele Vereine neu gegründet wurden.

Und auch bei der sogenannten Engagementquote liegt Thüringen über dem bundesdeutschen und westdeutschen Schnitt. Die Quote gibt an, wie viele Menschen der Bevölkerung sich engagieren. Sie lag laut dem Freiwilligensurvey des Bundesfamilienministeriums von 2019 bei 40,8 Prozent in Thüringen. In anderen ostdeutschen Ländern waren es zwischen 35 und 38 Prozent. Der Bundesdurchschnitt betrug 39,7 Prozent. Ost und West nähern sich also an.

60 Prozent ostdeutscher Unternehmen ""packen mit an""

Die Unterstützung dieser Zivilgesellschaft ist unter den ost- und westdeutschen Unternehmen auf den ersten Blick ähnlich stark ausgeprägt. Nahezu alle engagieren sich, in Ostdeutschland drei Viertel auch regelmäßig. Knapp neun von zehn Unternehmen geben Geld, vier von fünf auch Sachspenden. Rund ein Viertel starten eigene Projekte.

In manchen Bereichen zeigen ostdeutsche Unternehmen allerdings mehr Engagement als ihre westdeutschen Pendants. So überlassen sie häufiger eigene Mittel zur Nutzung (65 zu 59 Prozent) und leisten häufiger kostenlose Services (63 zu 56 Prozent). Und während 60 Prozent aller Unternehmen in Ostdeutschland erklärten, bei konkreten Anlässen auch ""mit anzupacken"", waren es in Westdeutschland 43 Prozent.

Wohl auch deshalb wenden sich ostdeutsche Organisationen auf der Suche nach Unterstützung häufiger an Unternehmen. 51 Prozent von ihnen arbeiten manchmal oder regelmäßig mit Unternehmen zusammen. In Westdeutschland sind es 42 Prozent.

Finanzielle Unterstützung hat Grenzen

Doch ein Problem bleibt die Finanzkraft. So spendet ein ostdeutsches Unternehmen im Jahr durchschnittlich rund 7.000 Euro weniger als ein westdeutsches, das im Schnitt rund 16.000 Euro gibt. Allerdings liegt das vor allem an der Vielzahl finanzkräftiger Unternehmen im Westen, denn der Medianwert unterscheidet sich nicht.

Birthe Tahmaz sieht hier einen großen Nachteil Ostdeutschlands, denn historisch bedingt sei das Kapital von Unternehmen und Privatleuten geringer. ""Umso wichtiger ist es, die Gründung von Stiftungen gezielt zu fördern und bei Unternehmensgründungen in Ostdeutschland gleich mitzudenken"", sagt Tahmaz. Das Studienteam empfiehlt zudem Beratungsangebote zu Förderungen auszubauen und Antrags- und Nachweisverfahren von Behörden und Stiftungen zu vereinfachen.

Denn ostdeutsche Organisationen erhalten zwar häufiger öffentliche Mittel, allerdings kommt bei den Kleinsten nur wenig davon an: Sie stemmen lediglich acht Prozent ihrer Einnahmen aus öffentlichen Fördermitteln. Laut den Autoren fehlen ihnen Zeit und Personal, um Letztere zu akquirieren.

Gemeinschaftsinitiative für bessere Förderung

Der Ostbeauftragte der Bundesregierung, Carsten Schneider (SPD), sieht ""eine vielfältige und engagierte Zivilgesellschaft in Ostdeutschland"". Gerade in ländlichen Regionen fehle es aber oft an organisatorischer oder materieller Unterstützung, sagte Schneider. ""Hier müssen wir alle gemeinsam anpacken.""

Schneider will heute eine neue Initiative vorstellen: ""Zukunftswege Ost"" soll die Zivilgesellschaft in Ostdeutschland stärken. Ein Gemeinschaftsfonds soll unbürokratisch einzelne Projekte fördern.

Dafür haben sich mehrere private Stiftungen und Unternehmen zusammengeschlossen. Zu den Initiatoren gehören neben der Cellex Stiftung in Dresden, die Freudenberg Stiftung, die Stiftung ""Bürger für Bürger aus Halle"", die ""Zeit-Stiftung Brucerius"" und der Bundesverband Deutscher Stiftungen. Schneider ist Schirmherr.",Thomas Vorreyer,Ostdeutschland,2024-03-12,CONTROL_International_Womens_Strike_2017_2024,single,True,1,"De, En, La"
https://www.tagesschau.de/investigativ/rbb/bundesinnenministerium-muslimfeindlichkeit-bericht-100.html,Tagesschau,"Bundesinnenministerium zieht Bericht zu ""Muslimfeindlichkeit"" zurück","Das Innenministerium will den Bericht des ""Unabhängigen Expertenkreises Muslimfeindlichkeit"" nach einer Gerichtsentscheidung so nicht mehr verbreiten. Zwei Islamismuskritiker sahen sich diffamiert.

Bundesinnenministerin Nancy Faeser (SPD) war im Juni 2023 voll des Lobes, als das ""Unabhängige Expertengremium Muslimfeindlichkeit"" (UEM) seinen Bericht vorstellte. Es gelte nun, sich ernsthaft mit den Empfehlungen des vorliegenden Berichtes auseinanderzusetzen und ""entschlossen gegen Muslimfeindlichkeit vorzugehen"", hielt sie in einem persönlichen Vorwort fest.

Allerdings werden in dem Bericht auch bekannte Islamismuskritiker persönlich genannt und angegriffen, darunter die Expertin Sigrid Herrmann, sie ist Mitglied in Faesers SPD-Landesverband.

Nun zog das Bundesinnenministerium (BMI) den umstrittenen Bericht zurück. rbb24-Recherche liegt ein entsprechendes Schreiben des BMI an das Berliner Verwaltungsgericht vor. Darin heißt es, das BMI habe den Bericht mit dem Titel ""Muslimfeindlichkeit - Eine deutsche Bilanz 2023"" vom Internetportal genommen.

Bericht offline

200 restliche Druckexemplare des Berichts seien überdies ""entsorgt"" worden. Das BMI werde den Bericht in Zukunft nicht mehr in einer Weise veröffentlichen, in der er ""als amtliche Äußerung des BMI zugerechnet werden könne"".

Auf Anfrage teilte das BMI mit, der Umgang mit der Studie werde noch geprüft: ""Ob und wie der 'Unabhängige Expertenkreis Muslimfeindlichkeit' (UEM) seinen Bericht in Zukunft veröffentlichen wird, ist dem Expertengremium selbst überlassen.""

Mathias Rohe von der Universität Erlangen, der das Expertengremium koordiniert hatte, sagte, das Gremium existiere nicht mehr. Insofern sei er auch nicht berechtigt, den Vorgang zu kommentieren.

Nach Informationen von rbb24-Recherche lehnt mindestens ein ehemaliges Mitglied des Expertenkreises ab, den Bericht in Eigenregie wieder online stellen zu lassen. Damit wäre der Weg versperrt, den Text wieder an die Öffentlichkeit zu bringen.

1,5 Millionen Euro für eine zurückgezogene Studie

Der UEM war nach dem Anschlag in Hanau 2020, dem zehn Menschen zum Opfer fielen, vom Bundesinnenministerium - damals noch unter CSU-Politiker Horst Seehofer - einberufen worden. Das BMI hatte auch den beklagten Bericht herausgegeben. Darin werden neben dem Mit-Herausgeber des rechtskonservativen Blogs ""Die Achse des Guten"" Henryk M. Broder und dem CDU-Bundestagsabgeordneten Christoph de Vries auch die Bloggerin und Islamismus-Expertin Sigrid Herrmann namentlich erwähnt und somit in den Kontext von ""Muslimfeindlichkeit"" gerückt.

Die Studie nennt als Ziel, ""muslimfeindliche Diskurse anhand von konkreten Beispielen zu analysieren"". Das BMI teilte auf Anfrage mit, die Studie sei mit 1,5 Millionen Euro gefördert worden.

Herrmann betreibt seit vielen Jahren den Blog ""Islamismus und Gesellschaft"" und berät Verfassungsschutzämter und Medien. Über die Bloggerin heißt es in dem UEM-Bericht, sie selbst bezeichne sich auf Ihrem Blog als ""Islamismus-Expertin"", ""trotz fehlender fachlicher Expertise oder relevanter Sprachkenntnisse"".

Allein die Erwähnung in einem offiziellen Bericht des Bundesinnenministeriums schade ihr massiv in ihrer Berufsausübung als Expertin, sagt Herrmann. Seit Jahren sieht sie sich öffentlichen und juristischen Angriffen von Protagonisten des politischen Islam ausgesetzt. Selbst in ihrer Partei, der SPD in Hessen, vermisse sie die notwendige Unterstützung gegen islamische Extremisten.

Verletzung des Persönlichkeitsrechts

Zuerst hatte der Publizist Henryk M. Broder gegen seine Erwähnung in dem Bericht geklagt und Recht erhalten. In seiner Entscheidung hatte das Oberverwaltungsgericht Berlin-Brandenburg das BMI verurteilt, die Passagen über Broder nicht mehr zu veröffentlichen, da sie sein Persönlichkeitsrecht verletzten.

Das Gericht rügte dabei vor allem, dass die Studie als amtliche Äußerung der Bundesregierung verstanden werden könne. Das Innenministerium sei zu Zurückhaltung, Sachlichkeit, Ausgewogenheit und ""rechtsstaatlicher Distanz"" verpflichtet.

Die Äußerungen der Sachverständigen im Bericht über Muslimfeindlichkeit seien aber so bewertend, dass sie den Autor herabsetzen könnten. Das Problem: Die möglicherweise rufschädigenden Aussagen erhalten durch die Herausgeberschaft des Ministeriums den Anschein, amtlich zu sein. Eine etwaige Rufschädigung würde dadurch noch verstärkt.

CDU fordert Entschuldigung

Besondere namentliche Erwähnung in dem UEM-Bericht hatte auch der CDU-Innenpolitiker und Bundestagsabgeordnete Christoph de Vries gefunden. Ihm wurde eine mangelnde Abgrenzung zur AfD vorgeworfen, weil er in seine Argumentation gegen den islamischen Extremismus auch ""reguläre Strukturen des Islams und strengreligiöse Verhaltensweisen eines orthodox-konservativen Teils der Muslim*innen"" bruchlos mit einbeziehe.

Auch heißt es in dem Bericht der Expertenkommission: ""Die CDU/CSU (de Vries) wandte sich gegen Muslimfeindlichkeit, lehnte dafür aber (ebenso wie die AfD) die Bezeichnung 'Antimuslimischer Rassismus' als angeblich konstruierten Begriff ab.""

De Vries sieht in diesen Absätzen eine Herabwürdigung seiner Arbeit, da er sich sehr wohl für Integration einsetze. Dass das BMI den Abschlussbericht ""Muslimfeindlichkeit"" nun auf gerichtliche Weisung hin wieder einkassiere, sei ""eine krachende Niederlage der Bundesinnenministerin auf ganzer Linie"", sagte de Vries auf Anfrage.

Von dem ursprünglichen Auftrag, Muslimfeindlichkeit im Alltag aufzuzeigen und dieser Form der Menschenfeindlichkeit entgegenzuwirken, sei im UEM-Bericht wenig geblieben. De Vries fordert die Bundesinnenministerin auf, sich bei den Betroffenen zu entschuldigen.

Das wünscht sich auch die Bloggerin Herrmann, die juristisch gegen das BMI vorgeht. Den Rechtsstreit mit ihr erklärt das BMI laut dem Schreiben an das Berliner Verwaltungsgericht nun aber ""für erledigt"", da er vom Ministerium nicht mehr herausgegeben werde. Herrmann ist darüber nur bedingt erfreut. Denn die Anschuldigungen gegen sie kursieren weiter, wenn auch nicht mehr über die Webseite des BMI.

""Meiner Ansicht nach macht sich das BMI die Sache zu leicht. Denn sie haben Unwahrheiten über mich verbreitet. Das sollte auch eingestanden werden"", sagt Herrmann. So bezögen sich ihre Gegner nach wie vor auf die ""Unabhängige Expertenkommission Muslimfeindlichkeit"". ""Das Mindeste wäre, dass das BMI einräumt, mir Unrecht getan zu haben und es auf meine Person bezogen richtigstellt.""

Bundesinnenministerium distanziert sich nicht

Auf Anfrage, ob das BMI sich inhaltlich von den Aussagen über Herrmann und Broder distanzieren werde, erklärte das Ministerium lediglich, es habe zu der Studie stets deutlich gemacht, ""dass diese kein Bericht des BMI ist, sondern ein Bericht eines unabhängigen Expertenkreises ist, der vom BMI lediglich veröffentlicht worden ist"".

Sigrid Herrmann hilft das nicht: Da sich das Ministerium auf diese Weise juristisch aus der Affäre ziehe, müsse sie nun auf eigene Kosten gegen weitere Verbreiter des Berichts juristisch vorgehen. Mittlerweile ist der Bericht auch von den Webseiten der hessischen SPD, deren Vorsitzende Bundesinnenministerin Faeser ist, verschwunden.","Sascha Adamek, RBB",Bericht,2024-03-12,CONTROL_International_Womens_Strike_2017_2024,single,True,1,"De, En, La"
https://www.tagesschau.de/ausland/amerika/haiti-blinken-100.html,Tagesschau,Haiti: USA erhöhen Hilfen für internationale Polizeimission,"In Haiti eskaliert die Gewalt - bewaffnete Gangs griffen Regierungsgebäude an, zahlreiche Diplomaten verließen das Land. Nun haben die USA weitere Hilfen für den Krisenstaat beschlossen. Doch reicht das?

""Die Stimmen der Haitianer müssen ein zentraler Bestandteil bei jeglicher Lösung sein. Die Menschen müssen fühlen und wissen, dass sie eine wesentliche Bedeutung bei der Planung und Umsetzung haben"", betonte Jamaikas Premierminister Andrew Holness. Angesichts der besorgniserregenden Lage in Haiti trafen sich gestern die Länder der karibischen Gemeinschaft CARICOM, um zu überlegen, wie man das Land aus der akuten Krise herausführen kann.

Eine einfache Lösung gibt es nicht. Seit Monaten wird darüber schon diskutiert. Auch US-Außenminister Antony Blinken war für das Treffen in Jamaika angereist.

Zusätzliche 100 Millionen für die Polizeimission

Die USA unterstützten die rasche Entsendung einer multinationalen Polizeimission, um die haitianische Polizei zu stärken und für Sicherheit zu sorgen - die Grundlage für die Abhaltung von freien und fairen Wahlen. Blinken versprach 100 Millionen US-Dollar, zusätzlich zu den bereits bereitgestellten 200 Millionen für die anstehende Polizeimission. Wann dieser Einsatz jedoch nun genau stattfinden soll, darüber wurde zunächst nichts bekannt.

Im Oktober letzten Jahres hatten die Vereinten Nationen grünes Licht für eine internationale Polizeimission unter kenianischer Führung gegeben. Diese verzögerte sich allerdings, weil der Oberste Gerichtshof in Nairobi die Mission zunächst blockierte. Doch laut des kenianischen Innenministers Kithure Kindiki steht dem Einsatz nun nichts mehr im Weg. Die rechtliche Grundlage sei nun gegeben. Zuletzt hatte auch Benin die Entsendung von rund 2000 Sicherheitskräften zugesagt.

Eskalation der Gewalt

Für die haitianische Bevölkerung ist der Zustand unerträglich geworden. Mittlerweile gibt es laut UN in Haiti 362.000 Binnenvertriebene. Die Banden vergewaltigen, morden und kidnappen, terrorisieren die Menschen, zünden ihre Häuser an. Die jüngste Gewalteskalation könnte auch als Warnung für die anstehenden internationalen Polizeieinsatz gewertet werden. Oder als Drohung, die sich an die haitianische Regierung richtet, zu verhandeln, so Beobachter.

Nachdem ein Zusammenschluss verschiedener Gangs für massive Unruhen und Gewalt in der Hauptstadt Port-au-Prince gesorgt hatte, war Premierminister Ariel Henry in der letzten Woche nicht mehr in der Lage in seine Heimat zurückzukehren. Er befand sich in dem Moment in Kenia, um die letzten Abkommen für die Polizeimission mit seinem Amtskollegen zu unterschreiben. Das Nachbarland Dominikanische Republik hatte aus Sicherheitsgründen die Einreise verweigert. Seither befindet er sich in Puerto Rico, wie es heißt.

Bandenführer stilisiert sich als Robin Hood

Der führende Bandenboss Jimmy Chérizier stilisiert sich derweil als Erlöser, eine Art Robin Hood, der das Land aus der Krise führen will. Er drohte vor Journalisten mit einem Bürgerkrieg, sollte Henry nicht zurücktreten.

Henry mangelt es zunehmend an Legitimation. Und auch die Internationale Unterstützung bröckelt. Er hatte die Regierungsgeschäfte nach der Ermordung von Jovenel Moïse vor knapp drei Jahren übernommen. Eigentlich hätte er schon im Februar zurücktreten müssen, hatte aber nun angekündigt, dass bis August nächsten Jahres Wahlen stattfinden würden. Seit 2016 hat es in dem Karibikstaat keine Wahlen mehr gegeben - es gibt kein gewähltes Parlament und keinen gewählten Präsidenten.

USA machen Druck auf Henry

Nun üben auch die Vereinigten Staaten, die ihm zuvor immer den Rücken gestärkt hatten, Druck aus. Henry solle den politischen Übergang so schnell wie möglich zu vollziehen: ""Wir unterstützen den Plan eines breit angelegten, integrativen, unabhängigen Übergangsgremiums, um erste Schritte zu unternehmen und die unmittelbaren Bedürfnisse des haitianischen Volkes zu befriedigen.""

Wie die ersten Schritte aussehen könnten, um diesem Ziel näher zu kommen, konkretisierte Blinken nicht. In den nächsten Tagen werden die Länder der karibischen Gemeinschaft CARICOM weiter beraten. Doch integrative Figuren, die die Führung des Landes übernehmen und den Karibikstaat aus der politischen und wirtschaftlichen Krise führen könnte, scheinen bislang nicht in Sicht.",Anne Demmer Mexiko City,"Haiti, USA",2024-03-12,CONTROL_International_Womens_Strike_2017_2024,single,True,0,"In, The, To"
https://www.tagesschau.de/inland/innenpolitik/afd-verdachtsfall-berufung-100.html,Tagesschau,OVG in Münster verhandelt über AfD-Einstufung als Verdachtsfall,"2022 bekam der Verfassungsschutz gerichtlich bestätigt, dass er die AfD als Verdachtsfall einstufen darf. Gegen dieses Urteil hat die Partei Berufung eingelegt. Ab morgen klären die obersten NRW-Verwaltungsrichter, ob die Bewertung rechtens ist.

Wie ist die Ausgangslage?

Das Bundesamt für Verfassungsschutz (BfV) hat die Bundespartei der AfD 2021 als ""extremistischen Verdachtsfall"" eingestuft. Auf eine Klage der AfD hin hat das Verwaltungsgericht Köln diese Einstufung im März 2022 als rechtmäßig bestätigt. Gegen das Urteil der ersten Instanz ist die AfD in Berufung gegangen, über die nun das Oberverwaltungsgericht Nordrhein-Westfalen in Münster verhandelt und entscheidet.

Außerdem geht es um die Einordnung der AfD-Jugendorganisation ""Junge Alternative"" (JA) als Verdachtsfall, sowie die Einordnung des - offiziell inzwischen aufgelösten - ""Flügels"" als ""gesichert rechtsextremistisch"". Das Gericht hat den 12. und den 13. März als Verhandlungstermine angesetzt. Ob und wann an diesen Tagen ein Urteil fällt, ist noch nicht klar.

Außerdem prüft das BfV nach Medienberichten, ob es die AfD vom Verdachtsfall in die Kategorie ""gesichert extremistische Bestrebung"" hochstuft. Darum geht es im aktuellen Gerichtsverfahren aber nicht. Gegen eine mögliche Hochstufung könnte sich die AfD in einem separaten Gerichtsverfahren wehren. Auch ein Parteiverbot ist nicht Gegenstand des Verfahrens. Das könnte allein beim Bundesverfassungsgericht beantragt werden.

Warum hatte das Gericht die Einstufung bestätigt?

Laut Gesetz muss der Verfassungsschutz für die Einstufung als Verdachtsfall ""tatsächliche Anhaltspunkte"" für extremistische Bestrebungen vorlegen. Also Fakten, keine bloßen Vermutungen. Die Gutachten und Materialsammlungen des Verfassungsschutzes mit zahlreichen Äußerungen aus der Partei haben diese Hürde aus Sicht des Kölner Gerichts genommen.

Ein ""ethnisch verstandener Volksbegriff"" sei ein zentrales Parteiziel der AfD. Danach müsse das deutsche Volk in seinem ethnischen Bestand erhalten. ""Fremde"" sollten möglichst ausgeschlossen werden. Dies weiche vom Volksbegriff des Grundgesetzes ab. Außerdem sei eine ""ausländerfeindliche Agitation"" zu erkennen.

Zur Begründung stützte sich das Gericht auch auf Aktivitäten und Aussagen des besonders umstrittenen ""Flügels"". Diese Gruppierung innerhalb der AfD sei zwar inzwischen formal aufgelöst worden. Seine Protagonisten übten laut Gericht zum Zeitpunkt des Kölner Urteils aber weiterhin maßgeblichen Einfluss innerhalb der Partei aus. Zentrales Prüfungskriterium ist immer, dass man extremistische Äußerungen der Partei zurechnen kann.

Was prüft das Oberverwaltungsgericht in Münster?

Im Berufungsverfahren rollt das Gericht den Fall komplett neu auf. Es kommt also darauf an, ob das vom Bundesverfassungsschutz gesammelte Material für die Einstufung als Verdachtsfall ausreicht oder nicht. Entscheidend ist dafür der aktuelle Stand der Dinge, nicht die Lage bei der erstmaligen Einstufung im Jahr.

Die Vertreter von BfV und AfD haben im Vorfeld umfangreiche Schriftsätze ausgetauscht. Das Bundesamt hat darin unter anderem weitere mögliche Belege vorgelegt. Die AfD hält dagegen, die Einstufung sei rechtswidrig und ein Verstoß gegen den Grundsatz der Chancengleichheit der Parteien.

Hat das OVG das letzte Wort?

Nach der Entscheidung des Oberverwaltungsgerichts ist noch eine dritte Instanz möglich, die Revision am Bundesverwaltungsgericht in Leipzig. Dort würde das Urteil auf rechtliche Fehler hin überprüft. Es ist also wahrscheinlich, dass der Fall auch nach dem anstehenden Urteil noch nicht abgeschlossen ist.

Welche Aufgabe hat der Verfassungsschutz?

Das Bundesamt für Verfassungsschutz ist als deutscher Inlandsgeheimdienst eine Art ""Frühwarnsystem"". Seine Aufgabe ist laut Gesetz ""die Sammlung und Auswertung von Informationen, insbesondere von sach- und personenbezogenen Auskünften, Nachrichten und Unterlagen"".

Dabei blickt der Dienst besonders auf Bestrebungen, die gegen die ""freiheitliche demokratische Grundordnung"" gerichtet sind. Also zum Beispiel gegen den Bestand von Demokratie, Rechtsstaat und Menschenrechten. In der Praxis geht es dabei vor allem um die Beobachtung von Rechtsextremismus, Linksextremismus und islamistischem Extremismus.

Was hat eine Einstufung als Verdachtsfall für Folgen?

Der Verfassungsschutz unterscheidet drei Stufen: Prüffall, Verdachtsfall und ""gesichert extremistische Bestrebung"". Beim Prüffall darf der Verfassungsschutz nur öffentlich zugängliche Informationen nutzen. Als Verdachtsfall taucht man im jährlichen Verfassungsschutzbericht auf.

Außerdem darf der Verfassungsschutz die Gruppierung mit geheimen nachrichtendienstlichen Mitteln beobachten. Zum Beispiel V-Leute anwerben, also Informanten aus dem Umfeld der Partei; Personen observieren oder unter sehr strengen weiteren Voraussetzungen im Einzelfall auch Telekommunikation überwachen. Die einzelnen Maßnahmen müssen dabei aber immer verhältnismäßig sein.

Stuft das BfV eine Gruppierung als ""gesichert extremistisch"" ein, stehen die gleichen nachrichtendienstlichen Mittel zur Verfügung. Allerdings ist bei ""gesichert extremistischen Bestrebungen"" tendenziell eine intensivere Beobachtung zulässig.

Geht es um die Beobachtung gewählter Abgeordneter, sind die Anforderungen besonders hoch. Denn sie können sich auf das freie Mandat berufen. Die Einstufungen sind aber nicht mit einem Verbot der Partei zu verwechseln. Sie ändern beispielsweise nichts daran, dass eine Partei an Wahlen teilnehmen darf.

Kann es Folgen für Beamten, Richter oder Soldaten geben?

Eine weitere Folgefrage: Kann die Einstufung als Verdachtsfall zum Problem für Beamte, Richter oder Soldaten werden, die Mitglied der AfD sind? Denn für Staatsdiener gilt traditionell der Grundsatz der Verfassungstreue. Rechtlich dürfte die grobe Richtung beim Status Verdachtsfall lauten: Die reine Mitgliedschaft in der Partei reicht für Konsequenzen noch nicht aus.

Für ein mögliches Disziplinarverfahren müssten weitere Pflichtverletzungen hinzukommen. Eine spätere Einstufung als ""gesichert extremistisch"" könnte zu größeren Problemen in Sachen Verfassungstreue führen. Für beide Situationen gilt aber: Jeder Einzelfall müsste genau geprüft werden. Dabei kann dann auch eine Rolle spielen, welche Funktion genau der betreffende Beamte ausfüllt. Also ob er etwa in einem besonders sensiblen Bereich tätig ist. Wichtig ist auch, wie intensiv der betreffende Beamte sich parteilich engagiert und verhält.

Gibt es eine Verbindung zu einem möglichen Parteiverbotsverfahren?

In den vergangenen Monaten wurde viel und streitig darüber diskutiert, ob man ein Parteiverbotsverfahren gegen die AfD anstrengen sollte oder nicht. Im Ausgangspunkt sind das Gerichtsverfahren um die Einstufung durch das BfV und ein mögliches Parteiverbotsverfahren zwei komplett getrennte Baustellen.

Über einen Antrag auf ein Parteiverbot kann allein das Bundesverfassungsgericht in Karlsruhe entscheiden. Der Verfassungsschutz könnte ein solches gar nicht beantragen. Nur Bundesregierung, Bundestag oder Bundesrat könnten das. Allerdings könnte in der Diskussion um das Ob eines Verbotsantrags der Blick auf das Verfahren in Münster eine gewisse Rolle spielen.

Denn Basis für die Prüfung eines Verbotsantrags wäre eine Materialsammlung, um der AfD eine Verfassungswidrigkeit nachzuweisen. Das gesammelte Material des BfV für das aktuelle Verfahren könnte die Grundlage für eine Prüfung sein, ob ein Verbotsantrag Aussicht auf Erfolg haben könnte. Wichtig ist aber: Man müsste das Material speziell mit Blick auf die rechtlichen Kriterien für ein Parteiverbot im Grundgesetz prüfen.

Die Hürden dafür sind höher als für die Einstufung als Verdachtsfall. Beachten muss man auch, dass der Einsatz von V-Leuten in der Führungsebene einer Partei ein Hindernis für ein Parteiverbot sein kann. Ebenso könnten auch Beweise, die von V-Leuten stammen nicht in einem Verbotsverfahren verwendet werden.","Frank Bräutigam, Christoph Kehlbach","FAQ, AfD, Verfassungsschutz",2024-03-12,CONTROL_International_Womens_Strike_2017_2024,single,True,1,"De, En, La"
https://www.tagesschau.de/investigativ/br-recherche/afd-abgeordnete-bundestag-faq-100.html,Tagesschau,Wieso Rechtsextreme im Bundestag arbeiten,"Warum darf die die AfD Mitarbeiter beschäftigen, die in rechtsextremen Organisationen aktiv sind? Warum hat die Bundestagsverwaltung dabei kein Mitspracherecht und wie werden Mitarbeiter überprüft? Ein Überblick.

Warum können für die AfD-Fraktion Personen arbeiten, die in rechtsextremen Organisationen aktiv sind?

Wie alle 735 Abgeordneten des Deutschen Bundestages entscheiden auch die 78 AfD-Parlamentarier eigenständig und unabhängig darüber, wen sie beschäftigen. Das gilt sowohl für die Besetzung der Bundestags-Büros in Berlin als auch in den Wahlkreisen.

Entsprechend unterzeichnen der Parlamentarier und der jeweilige Beschäftigte miteinander einen Arbeitsvertrag. Die AfD-Bundestagsfraktion bestimmt ebenfalls selbst, wen sie beschäftigt. Die Fraktionen sind nicht Teil der öffentlichen Verwaltung. Die Bundestagsverwaltung hat bei Stellenbesetzungen kein Mitspracherecht.

Wie viele Mitarbeiter sind für die AfD im Bundestag tätig?

Nach Angaben des Deutschen Bundestages waren Ende Januar bei den Abgeordneten aller Fraktionen rund 5.600 Personen beschäftigt - 2.600 in den Wahlkreisen, 3.000 in den Berliner Büros. Die Zahl der Mitarbeiter in den Fraktionen gibt die Parlamentsverwaltung in ihrer bislang letzten Aufstellung von November 2022 mit 1.121 an. Die AfD-Fraktion beschäftigt demnach 144 Mitarbeiter. Auf BR-Anfrage gibt die AfD die Zahl ihrer Mitarbeiter allerdings mit 182 an.

Hinzu kommen Hunderte Mitarbeiter der AfD-Abgeordneten. Hierzu macht weder die Bundestagsverwaltung noch die AfD-Bundestagsfraktion Angaben. Nach BR-Recherchen arbeiten mehr als 500 Personen für die AfD-Fraktion und ihre Abgeordneten. Wie viele genau, das ist unklar.

Wie viel Geld fließt an die Mitarbeiter der AfD?

Seit dem 1. März 2024 stellt die Bundestagsverwaltung jedem Abgeordneten für die Bezahlung seiner Mitarbeiter monatlich eine Pauschale in Höhe von fast 26.000 Euro zur Verfügung. Abgeordnete können selbst entscheiden, auf wie viele Mitarbeiter sie dieses Geld verteilen. Je nach Ausbildung und Aufgaben verdienen in Vollzeit angestellte Mitarbeiter von Abgeordneten zwischen 2.000 und fast 9.600 Euro brutto.

Der überwiegende Teil des Geldes, das die Fraktionen aus dem Bundeshaushalt erhalten, fließt in die Bezahlung ihrer Mitarbeiter. So hat die AfD nach eigenen Angaben 2022 von ihren Einnahmen in Höhe von fast 17 Millionen Euro rund 12,5 Millionen Euro für ihr Fraktionspersonal ausgegeben. Jedem der 78 Abgeordneten steht zudem eine Mitarbeiterpauschale zur Verfügung. Insgesamt geht es um mehr als 30 Millionen Euro jährlich.

Welche Aufgaben übernehmen die Mitarbeiter?

Sie führen die Büros der Parlamentarier im Wahlkreis und in Berlin, bereiten Ausschusssitzungen vor, schreiben Reden und Regierungsanfragen, übernehmen die Kommunikation mit den Medien, erstellen Inhalte für die sozialen Plattformen, sie sichten und bearbeiten teilweise sicherheitsrelevante und damit heikle Unterlagen. Die genauen Aufgaben seiner Mitarbeiter kennt nur der jeweilige Abgeordnete.

Wie werden die Mitarbeiter überprüft?

Die im Deutschen Bundestag geltenden Zugangs- und Sicherheitsvorschriften sind unter anderem Sache des Ältestenrates. Mitarbeiter von Bundestagsabgeordneten müssen bei Beginn ihres Arbeitsverhältnisses der Bundestagsverwaltung ein polizeiliches Führungszeugnis vorlegen. Über Einträge wird der Parlamentarier nach Angaben der Bundestagsverwaltung ""in Kenntnis gesetzt"". Sie unternimmt wegen eines Eintrags im Führungszeugnis zunächst nichts weiter.

Personen, die die Gebäude des Bundestages betreten wollen, brauchen dafür einen Hausausweis. Mitarbeiter mit einem solchen Ausweis erhalten ohne weitere Sicherheitskontrollen Einlass. Bevor sie diesen bekommen, gleichen die zuständigen Stellen im Rahmen einer ""Zuverlässigkeitsprüfung"" verschiedene Polizeidatenbanken ab. Seit März 2023 gilt eine neue Regel: Diese Prüfung muss jährlich wiederholt werden.

Fällt ein Mitarbeiter durch diese Prüfung, verwehrt ihm die Verwaltung den Hausausweis bzw. werden bereits erteilte Zutrittsberechtigungen zurückgenommen und bereits ausgestellte Bundestagsausweise gesperrt. Der Mitarbeiter kann einen solchen Ausweis nach einem Jahr erneut beantragen.

Die Bundestagsverwaltung gibt an, in der aktuellen Legislaturperiode zwei Beschäftigten von Abgeordneten oder Fraktionen den Bundestagsausweis nicht erteilt oder entzogen zu haben. Weiter äußert sie sich dazu nicht. Den BR-Recherchen zufolge geht es in beiden Fällen um Mitarbeiter von AfD-Abgeordneten.

Je nach Aufgaben und abhängig davon, ob und in welchem Umfang Mitarbeiter Zugang zu vertraulichen oder geheimen Dokumenten erhalten, gibt es zusätzlich ein mehrstufiges Überprüfungsverfahren nach den Regeln des ""Sicherheitsüberprüfungsgesetzes"" (SÜG). Dabei können Erkenntnisse von Behörden abgefragt oder das persönliche Umfeld des Mitarbeiters durchleuchtet werden.

Welche Organisationen stuft der Verfassungsschutz als rechtsextrem ein?

Der Verfassungsschutz stuft verschiedene Organisationen und Parteien als rechtsextrem ein. Manche davon sind bereits seit Jahrzehnten auf dem Radar des Inlandsgeheimdienstes, zum Beispiel die Partei ""Die Heimat"", die früher NPD hieß.

Das Bundesamt für Verfassungsschutz (BfV) behandelt die AfD als ""Verdachtsfall"" im Bereich Rechtsextremismus. Das heißt, dass die Beamten derzeit prüfen, ob es genug Anhaltspunkte gibt, um die AfD als rechtsextremistisch einzustufen.

Die Verfassungsschützer haben die ""Junge Alternative"" (JA), die Jugendorganisation der AfD, im Jahr 2023 als gesichert rechtsextrem eingestuft. Zudem werden die Landesverbände Sachsen, Sachsen-Anhalt und Thüringen der Partei von den jeweiligen Landesämtern für Verfassungsschutz als rechtsextrem eingestuft.

Besonderen Fokus legt das BfV seit einigen Jahren auf die ""Neue Rechte"". In ihrem Jahresbericht schreibt die Behörde, es handle sich dabei um ein ""informelles Netzwerk von Gruppierungen, Einzelpersonen und Organisationen […], in dem nationalkonservative bis rechtsextremistische Kräfte zusammenwirken, um anhand unterschiedlicher Strategien teilweise antiliberale und antidemokratische Positionen in Gesellschaft und Politik durchzusetzen"". Hierfür, so das BfV weiter, ""werden parlamentarische und außerparlamentarische Bewegungen […] mit Protest- und Demonstrationsinitiativen eng verzahnt"".

Zu diesem Netzwerk zählt die Behörde die ""Compact Magazin GmbH"", ""Ein Prozent"", die ""Identitäre Bewegung Deutschland"" und das ""Institut für Staatspolitik"" (IfS). Diese sind jeweils als ""gesichert rechtsextremistische Bestrebungen"" eingestuft. Der Verlag ""Antaios"", der eng mit dem IfS verzahnt ist, ist nach Einschätzung des BfV ein Verdachtsfall und ebenfalls Teil der ""Neuen Rechten"".

Wie begründet der Verfassungsschutz diese Einstufung?

Rassismus, Antisemitismus, gruppenbezogene Menschenfeindlichkeit - das eint nach Einschätzung der Verfassungsschutzbehörden in Bund und Ländern rechtsextremistische Bewegungen. Das BfV schreibt ihnen zu, ""dass die Zugehörigkeit zu einer Ethnie oder Nation über den tatsächlichen Wert eines Menschen entscheide"".

Zudem stünden sie wegen der Ablehnung zentraler Werte der freiheitlichen demokratischen Grundordnung in ""fundamentalem Widerspruch zum Grundgesetz"". Bundesinnenministerin Nancy Faeser, der das BfV untersteht, hat vor diesem Hintergrund mehrfach betont: ""Der Rechtsextremismus ist unverändert die größte extremistische Gefahr für die Demokratie in Deutschland.""",,"AfD, Bundestag, Rechtsextremismus",2024-03-12,CONTROL_International_Womens_Strike_2017_2024,single,True,1,"De, En, La"
https://www.tagesschau.de/investigativ/br-recherche/afd-bundestag-rechtsextreme-mitarbeiter-100.html,Tagesschau,AfD im Bundestag beschäftigt mehr als 100 Rechtsextreme,"Neonazis, Identitäre, Burschenschafter - die AfD im Bundestag beschäftigt mehr als 100 Mitarbeiter aus dem rechtsextremen Milieu. Eine BR-Recherche zeigt erstmals, in welchem Ausmaß die AfD Verfassungsfeinden Zugang zum Parlament gewährt.

Für die Bundestagsabgeordneten der AfD arbeiten mehr Personen aus dem rechtsextremen Spektrum als bislang bekannt. Das zeigen Recherchen des Bayerischen Rundfunks. Demnach beschäftigen die AfD-Fraktion und ihre Abgeordneten mehr als 100 Mitarbeiterinnen und Mitarbeiter, die in Organisationen aktiv sind, die von deutschen Verfassungsschutzämtern als rechtsextrem eingestuft werden. Unter ihnen befinden sich Aktivisten aus dem Umfeld der ""Identitären Bewegung"", ideologische Vordenker aus der ""Neuen Rechten"" und mehrere Neonazis.

Genaue Mitarbeiterzahl unklar

Wie viele Mitarbeiter die 78 Abgeordneten der AfD genau beschäftigen, ist unklar: Nur wenige nennen ihr Team auf ihrer Webseite. Bundestagsverwaltung und AfD-Fraktion machen hierzu keine Angaben. Die Fraktion selbst hat nach eigener Auskunft 182 Mitarbeiter (Stand: 16. Februar).

Dem BR liegen mehrere interne Namenslisten aus dem Bundestag vor. Zudem konnte das Reporterteam aktuelle Mitarbeiterverzeichnisse aus der AfD-Fraktion einsehen. Auf diesem Wege hat BR Recherche mehr als 500 Personen identifiziert, die nach den vorliegenden Informationen für die AfD-Bundestagsfraktion oder ihre Abgeordneten arbeiten und die Hintergründe recherchiert.

Unter den Fraktions- und Abgeordnetenmitarbeitern sind Personen, die namentlich in Verfassungsschutzberichten erwähnt werden und solche, die Führungspositionen in beobachteten Organisationen bekleiden. Der BR ist in der Mitarbeiterschaft auf Teilnehmer an Neonazi-Aufmärschen in Chemnitz, Dortmund, Dresden, Magdeburg und Zwickau gestoßen.

Verbindungen zu Reichsbürgern und ""Querdenkern""

Auch dabei sind Personen, die etwa im Zusammenhang mit Reichsbürgergruppierungen oder der rechtsextremen Preppergruppe ""Endkampf"" in Erscheinung getreten sind. Mitarbeiter haben lokale Pegida-Ableger gegründet und ""Querdenker""-Demonstrationen organisiert.

Mehr als die Hälfte der AfD-Abgeordneten beschäftigen Personen, die in Organisationen aktiv sind, die vom Verfassungsschutz als rechtsextrem eingestuft werden. Darunter sind nach BR-Recherchen auch die Fraktionsvorsitzenden Alice Weidel und Tino Chrupalla.

Die Fraktion, die Abgeordneten und ihre Mitarbeiter haben Gelegenheit zur Stellungnahme erhalten. Die meisten Anfragen blieben unbeantwortet. Einige Abgeordnete stellten die Unabhängigkeit der Verfassungsschutzämter infrage.

Mehr als 30 Millionen Euro pro Jahr

Die Fraktion schrieb, aus ""Gründen des Datenschutzes und der Wahrung der Persönlichkeitsrechte"" werde man sich nicht äußern. Zudem sei die Einstufung eines Verfassungsschutzamtes ""grundsätzlich eine reine Maßnahme dieser jeweiligen Behörde"", an die sich keine ""schon gar nicht 'automatische' Rechtswirkungen"" anknüpften.

Insgesamt stehen der AfD-Fraktion und ihren Abgeordneten mehr als 30 Millionen Euro für Mitarbeiter zur Verfügung - pro Jahr. Die Vizepräsidentin des Deutschen Bundestages, Katrin Göring-Eckardt (Grüne), sagte dem BR, Mitarbeiter mit einer Verbindung zu rechtsextremen Kreisen seien eine Gefahr, sie wollten die Demokratie von innen aushöhlen.

Die Ergebnisse der Recherche seien ""erschütternd"". Man müsse überlegen, ob Verfassungsfeinde, die im Bundestag arbeiten, weiterhin aus Steuergeld bezahlt werden sollten. ""Das sollten wir ändern. Das können wir nicht einfach so laufen lassen.""

Akteure der ""Neuen Rechten""

Auffällig sind insbesondere Akteure aus dem Spektrum der sogenannten ""Neuen Rechten"". Dabei handelt es sich um eine Strömung im Rechtsextremismus, die für dessen ideologische Erneuerung nach dem Nationalsozialismus steht. Zur ""Neuen Rechten"" können verschiedene Zeitschriften, Verlage, Thinktanks, Vereine und Aktivistengruppen gerechnet werden. Vertreter der ""Neuen Rechten"" betrachten sich als ""Vorfeld"" der AfD.

Zur Neuen Rechten gehört etwa der Verein ""Ein Prozent"", der sich als ""Deutschlands größtes patriotisches Bürgernetzwerk"" begreift. Er sammelt Spenden und unterstützt damit Aktivisten aus dem rechten Spektrum. Der Verfassungsschutz stufte ""Ein Prozent"" im vergangenen Jahr als ""gesichert rechtsextremistische Bestrebung"" ein.

Das Bundesamt beschreibt den Verein als ""Projektförderungs- und Vernetzungsagentur"", in deren Kampagnen Migranten pauschal herabgewürdigt werden. Ein Vorstand von ""Ein Prozent"" ist laut Unterlagen aus dem Vereinsregister John Hoewer.

Kampfsport mit Neonazis

Nach BR-Informationen arbeitet Hoewer für den rheinland-pfälzischen Bundestagsabgeordneten Sebastian Münzenmaier. Der Burschenschafter Hoewer knüpft Kontakte von italienischen Faschisten über die Identitäre Bewegung bis in die AfD.

Fotos, die dem BR vorliegen, zeigen ihn 2021 in Berlin beim Kampfsport-Training mit Neonazis aus dem Umfeld der NPD. Zudem gibt es Videos, die Hoewer im Januar 2017 in handgreiflichen Auseinandersetzungen mit linken Demonstranten in einem Hörsaal der Universität Magdeburg zeigen. Hoewer und Münzenmaier ließen Anfragen unbeantwortet, auch ""Ein Prozent"" äußerte sich nicht.

Der BR hat fünf AfD-Mitarbeiter im Bundestag identifiziert, die einen engen Bezug zu ""Ein Prozent"" haben. Auch Autoren der neurechten Zeitschrift ""Sezession"", des Verlags ""Antaios"" und des Magazins ""Compact"" arbeiten im Bundestag.

Diese Strukturen werden allesamt vom Verfassungsschutz beobachtet. Insgesamt arbeiten rund 20 Personen mit starkem Bezug zu Organisationen aus der Neuen Rechten im Bundestag - darunter auch solche, die als Referenten beim rechtsextremen ""Institut für Staatspolitik"" in Schnellroda aufgetreten sind.

Rund 25 Personen aus der ""Jungen Alternative""

AfD-Bundestagsabgeordnete beschäftigen auch Personen, die der Partei selbst zu extrem waren. So gibt es etwa ein Türschild mit dem Namen Frank Pasemann im Otto-Wels-Haus des Bundestages in der Straße Unter den Linden. Pasemann war in der vorigen Legislaturperiode selbst Bundestagsabgeordneter der AfD, im Jahr 2020 wurde er aus Partei und Fraktion ausgeschlossen.

Im Parteiausschlussverfahren wurden ihm parteischädigendes Verhalten und Antisemitismus vorgeworfen. Laut dem Türschild arbeitet er für den Abgeordneten Jürgen Pohl. Pasemann und Pohl äußerten sich auf Anfrage nicht.

Auch Marvin Neumann ist bei einem AfD-Abgeordneten beschäftigt. Der ehemalige Chef der Jungen Alternative (JA), der Jugendorganisation der AfD, trat 2021 unter Druck aus der Partei aus. Ihm war unter anderem eine Aussage über ""Weiße Vorherrschaft"" zur Last gelegt worden. Heute arbeitet er für Hannes Gnauck aus Brandenburg. Neumann und Gnauck ließen Anfragen unbeantwortet.

JA ""gesichert rechtsextreme Bestrebung""

Der Verfassungsschutz stuft die JA als ""gesichert rechtsextreme Bestrebung"" ein, die Organisation wehrt sich aktuell dagegen vor Gericht. Rund 25 JA-Mitglieder arbeiten den Recherchen zufolge für die AfD-Fraktion oder deren Abgeordnete im Bundestag. Zudem arbeiten dort einige Personen, die JA-Mitglieder waren und mittlerweile älter als 35 Jahre alt sind. Die Mitgliedschaft endet laut Satzung, wenn das 35. Lebensjahr vollendet wird.

Auch die AfD-Landesverbände Sachsen, Sachsen-Anhalt und Thüringen werden von den Verfassungsschutzbehörden in den jeweiligen Ländern als rechtsextrem eingestuft. Dutzende Mitglieder aus diesen Landesverbänden arbeiten für Abgeordnete und die Fraktion. Viele von ihnen sind zudem in anderen verfassungsfeindlichen Strukturen aktiv.

Während der Verfassungsschutz die AfD immer stärker ins Visier nimmt und Regierungsmitglieder wie Oppositionspolitiker mittlerweile gar ein Verbot der Partei diskutieren, zeigt die Recherche erstmals, in welchem Ausmaß die AfD Verfassungsfeinden Zugang zum Parlament gewährt.

Der Professor für Politikwissenschaft Armin Pfahl-Traughber, der bis 2004 im Bundesamt für Verfassungsschutz Referent für Rechtsextremismus war und seither an der Hochschule des Bundes forscht, sagte dem ARD-Politikmagazin Report München, es sei ein Problem, ""dass tatsächlich im organisatorischen Herzen der Demokratie in der Bundesrepublik Deutschland Rechtsextremisten sitzen"". Dort könnten sie ""Einfluss ausüben und Propaganda verbreiten"".

Aktivisten der ""Identitären Bewegung""

Einer der Mitarbeiter hat Hausverbot in den Bundestagsgebäuden: Mario Müller arbeitet für den Abgeordneten Jan Wenzel Schmidt aus Sachsen-Anhalt. Im Januar berichtete ""Correctiv"", dass Müller zu den Referenten des sogenannten ""Geheimtreffens"" in Potsdam gehörte.

Müller bewegt sich seit den Nullerjahren in der rechtsextremen Szene, mehrfach wurde er wegen Körperverletzungsdelikten verurteilt. Zuerst hatte die Die Welt über Müllers Beschäftigung bei Schmidt berichtet.

Dem BR liegen Fotos vor, die Müller damals im Umfeld der ""Jungen Nationaldemokraten"" zeigen, so hieß die Jugendorganisation der NPD. Später hat Müller sich als prominenter Kopf der ""Identitären Bewegung"" (IB) hervorgetan - ein Netzwerk von Aktivisten der ""Neuen Rechten"".

Das Bundesamt für Verfassungsschutz stuft die IB als rechtsextrem ein. Fotos, die der BR einsehen konnte, zeigen Müller im Jahr 2023 bei einer Wanderung mit Neonazis.

Müller äußerte sich auf Anfrage nicht. Sein Arbeitgeber Schmidt sagte dem BR am Rande einer Veranstaltung in einem AfD-Büro in Sachsen-Anhalt am Freitag: ""Ich behalte mein Personal, so wie es ist."" Es sei ihm wichtig, dass seine Mitarbeiter ""vernünftige Abschlüsse"" hätten. An das Publikum gewandt sagte er: ""Ich kann auch garantieren, dass die etablierten Parteien zu Recht Angst vor uns haben. Die haben zu Recht den Verfassungsschutz auf uns angesetzt. Wir werden maßgebliche Dinge verändern, wenn wir regieren.""

Mehr als zehn Personen aus dem Umfeld der Identitären

Der BR hat mehr als zehn Personen aus dem Umfeld der IB identifiziert, die für die AfD-Fraktion oder ihre Abgeordneten arbeiten. Dabei handelt es sich etwa um Aktivisten, die sich an Demonstrationen oder Aktionen beteiligten, Transparente oder Fahnen der Organisation trugen, für Publikationen der Szene schrieben oder sich in einer identitären Frauengruppe engagieren.

So etwa Marie-Thérèse Kaiser, die für den Parlamentarischen Geschäftsführer Bernd Baumann arbeitet. Nach eigenen Angaben engagiert sie sich ""bei der Fraueninitiative Lukreta"". Der Verfassungsschutz Nordrhein-Westfalen schreibt, bei ""Lukreta"" handle es sich um einen Personenzusammenschluss mit ""inhaltlichen und personellen Bezügen zur 'Identitären Bewegung Deutschland'"".

Kaiser tritt zudem als Content-Creatorin auf. Für den Verein ""Ein Prozent"" moderiert sie ein Videoformat. Ähnlich wie ihr Chef teilte sie auf Anfrage mit, die ""Beurteilung der AfD und ihres oppositionellen Vorfelds durch die Verfassungsschutzämter"" sei ""durchweg parteipolitisch geprägt und infolgedessen kein Maßstab für mein politisches Handeln"".","N. Armbrust, J. Barthel, S. Khamis, A. Meyer-Fünffinger, A. Nabert, V. Nierle, J. Streule, M. Zierer, BR","AfD, Bundestag",2024-03-12,CONTROL_International_Womens_Strike_2017_2024,single,True,1,"De, En, La"
