url,publisher,title,body,authors,topics,publishing_date,event_label,event_type,is_control,topic_id,topic_label
https://www.telegraph.co.uk/football/2024/03/12/david-raya-penalty-shoot-hero-kel-arteta-champions-league/,The Telegraph,David Raya’s shoot-out heroics the moment Mikel Arteta’s goalkeeper gamble paid off,"Raya saved two penalties in a tense shoot-out to send Arsenal into the Champions League quarter-finals – and repay his manager’s belief

Mikel Arteta must have been waiting for this moment. For David Raya’s moment. For the evening in which Raya fully won the affection and love of the Arsenal supporters. For the match in which the seemingly interminable debate around him and Aaron Ramsdale finally came to an end.

As Raya sprung across his goal during the penalty shoot-out, twice diving to his left and deploying those enormous hands that have carried him to this elite level of the game, he seized the spotlight at last. This was Arsenal’s victory but, in that precise moment, it felt like Raya’s night.

A few seconds later, after the shoot-out had been won and Arsenal’s victory was secured, Arteta threw his arms around his goalkeeper and turned towards the home fans. He did something similar with Kai Havertz earlier this season, after a late winner at Brentford. On both occasions the message to the supporters was the same: show your love to this man.

“A great moment, personally and collectively,” Raya said. “I am over the moon. Mentally it is difficult, but especially for me to be focused every second, you can’t switch off.

“This means everything. You play football for these kinds of things and I am lucky to be playing for Arsenal, to be in the Champions League and to get through to the quarter-finals. We are just going to enjoy the night.”

There have been awkward moments for Raya in his first season as an Arsenal player. Ramsdale’s enormous popularity with the fans, and indeed inside the club, has made it a tricky one to navigate at times. He has had to quietly earn the trust and respect of those around him, even if he always knew he had the full faith of Arteta and his coaches.

Most Arsenal supporters, in truth, have long come to accept that Raya is now the first-choice goalkeeper. The battle between him and Ramsdale is over. But this was still a momentous occasion for the Spaniard, a chance to finally announce himself as an Arsenal player and to further confirm his goalkeeping quality.

The shoot-out was only the second in the history of the Emirates Stadium. Funnily enough, the first took place a year ago this week, against Portuguese opposition in European competition. Arsenal lost on that occasion, with Ramsdale unable to make a save against Sporting Lisbon.

For Raya to produce not one but two saves will ensconce him in the consciousness of the Arsenal supporters, for a long time. This is a team, after all, that had lost each of their last five home knockout games in the Champions League. Not since 2010 have they reached the quarter-finals of this competition.

Raya is not a tall goalkeeper but he still has outstanding physical attributes. One of them is his athleticism, honed by years of work on the beaches of Catalonia and in the gyms of Blackburn Rovers, Southport and Brentford.

The other attribute is his enormous hands. “Like shovels,” according to his former coaches. As detailed by Telegraph Sport last month, Raya wears size 11 gloves – the largest size available, which are usually designed for palms that measure more than four inches across. For a man of his height (6ft), they are disproportionately large.

The shovels certainly came in handy at the biggest moment of Raya’s Arsenal career, and perhaps the biggest moment of his entire career. It was a fingertip that denied Wendell, the Porto defender, and gave Arsenal the momentum they needed in the shoot-out.

For Arteta, it was unquestionably a gamble to invest so much (he will eventually cost £30 million) in Raya, given Ramsdale’s success at the club. But the Arsenal manager saw an opportunity to get better, even if few others did, and to improve his team’s chances of success. This was the night that proved, once and for all, that it was a shrewd move.",Sam Dean,"Arsenal FC, Sport, Football, Standard, Champions League, US content, Mikel Arteta",2024-03-12,CONTROL_International_Womens_Strike_2017_2024,single,True,0,"In, The, To"
https://www.telegraph.co.uk/football/2024/03/12/mikel-arteta-accused-insult-porto-conceicaos-family/,The Telegraph,Mikel Arteta accused of insulting Porto manager Sergio Conceicao’s family in Spanish,"Arteta understood to have strongly denied the accusation, while Portuguese added that result of game ‘was unjust’

Mikel Arteta was accused of insulting the family of Porto manager Sergio Conceicao during a fractious night at the Emirates Stadium, as Arsenal reached the Champions League quarter-finals for the first time since 2010 with a dramatic penalty shootout victory.

Conceicao appeared to clash with Arteta at the end of the match, and was seen jabbing his finger in the Arsenal manager’s face. In his press conference a few minutes later, he claimed that Arteta had insulted him in Spanish during the game.

Arteta had earlier declined to comment about the argument with the Porto manager, instead choosing to hail “another big step” and a “magic” night for his Arsenal side. But it’s understood he strongly denied the accusation after being informed of Conceicao’s claim.

Conceicao has a history of clashing with Premier League managers. In 2020, after a match against Manchester City, he accused Pep Guardiola of “speaking about our country using ugly words” and added: “Guardiola’s attitude was extremely unpleasant.”

“The result was unjust,” said Conceicao. “The team [Porto] deserved to go through. What Arteta said, towards the bench in Spanish, he insulted my family. He should focus on training his team.”

David Raya, the Arsenal goalkeeper, was the hero as Arteta’s side triumphed in only the second ever shoot-out to take place at the Emirates Stadium. Raya’s two saves came after Leandro Trossard had struck for Arsenal in the first half.

“A magic night,” said Arteta. “It is a huge experience for us. David had some difficult moments to start but he stood up, he has an incredible personality and at the end he got rewarded.”

The Arsenal manager added: “For them [his players] to do it when the club has not done it for 14 years, that tells you the difficulty. They are willing to sacrifice anything to win. When you play that way you are going to be rewarded.

“I am so happy. It has been 14 years, which is a long time for a club like Arsenal. We had to really dig in and find the magic moment that we found at the end.

“You are very nervous [watching a penalty shoot-out], hoping for the best but you know it’s a bit of a lottery. We had prepared the day before so credit to the goalkeeping coaches and everyone that has contributed.

“It’s really difficult to play against Porto, they are really competitive. We didn’t get many moments where we could control the game, they’re a really good side.”

Arteta also revealed that some of the players who scored in the shoot-out had actually missed from the spot in training the day before.

Bukayo Saka, the England winger, was among those who converted. “I am buzzing,” he said. “I am so proud of the team, we showed a lot of character. I prepare myself and work a lot practising penalties. I was more than ready.

“Tonight was beautiful. I knew it was going to be a special night. The manager is buzzing, he is so happy for us.”",Sam Dean,"Arsenal FC, FC Porto, Sport, Football, Standard, Champions League, US content",2024-03-12,CONTROL_International_Womens_Strike_2017_2024,single,True,0,"In, The, To"
https://www.telegraph.co.uk/news/2024/03/12/electric-vehicles-much-harder-to-sell-say-dealers/,The Telegraph,"Electric vehicles much harder to sell, say dealers","Survey finds the second-hand market for EVs is limited as their value has fallen over the past year

Electric vehicles are becoming harder to sell because there is little second-hand market for them, a survey of dealers has found.

More than one in three used car dealers say they are “much less interested” in accepting an electric vehicle (EV) for sale than they were a year ago.

Price falls over the last year, driven by a combination of high electricity prices and high inflation at the start of 2023, have pushed down the value of second-hand EVs.

A survey of 66 independent dealerships around the country carried out by car trading website Honk Honk found that just 7 per cent of dealerships were more interested in EVs than they were a year ago, MailOnline reported.

Sebastien Duval, Honk Honk’s chief executive, said: “Dealers are much more risk averse after the difficult market they experienced last year, which means they’re hungry for cars that they know they can turn around for a quick sale.

“Right now, dealers can’t get enough small or medium petrol cars, medium diesels and even hybrids, since the market began recovering in 2024.

“But less than one in ten of them want to snap up a battery EV car more than they did than a year ago.”

Figures from Auto Trader show that asking prices for used premium EVs fell substantially over the past 12 months, slumping to their lowest since 2016.

The average asking price for a second-hand electric car from a premium brand such as Tesla, BMW or Lexus was around £34,500 in February, according to Auto Trader. In February 2022 that price was £50,500.

Honk Honk’s Mr Duval cautioned that families wanting to trade in older cars may be better off part-exchanging them for new EVs.

“It’s good news for anyone wanting to sell their traditional economical family car direct to a dealer,” he said. “But we warn anyone wanting to sell their older EV not to expect much enthusiasm from dealers.

“They are probably better advised to trade their older EV in to the dealer who is selling them another new EV.”

Under Prime Minister Rishi Sunak’s net zero pledges, the car industry must ensure that 22 per cent of all new vehicles sold this year are EVs.

Sales to ordinary consumers are falling, however, as the public turns its back on high-priced electric cars.

The Telegraph revealed this month that sales of EVs to ordinary drivers plunged by almost a fifth in the first two months of 2024.

Of nearly 40,000 new EVs registered in January and February, just 6,500 were sold to individuals. The remainder were snapped up by fleet leasing companies.

Car industry sources had called upon Chancellor Jeremy Hunt to grant tax breaks and encourage buying of more EVs.

Mike Hawes, the Society of Motor Manufacturers and Traders’ chief executive, said Mr Hunt’s Budget last week was “an opportunity to ensure that growth is greener”.

He added: “Tackling the triple tax barrier as the market embarks on its busiest month of the year would boost EV demand, cutting carbon emissions and energising the economy.

“It will deliver a faster and fairer zero emission transition, putting Britain’s EV ambition back in the fast lane.”",Gareth Corfield,"Electric cars, Standard, News, Car dealerships, Used cars, Car dealers, Sustainability",2024-03-12,CONTROL_International_Womens_Strike_2017_2024,single,True,0,"In, The, To"
https://www.telegraph.co.uk/opinion/2024/03/13/letters-government-go-further-secure-britain-energy-supply/,The Telegraph,Letters: The Government needs to go further to secure Britain’s energy supply,"Plus: Voting for Reform UK; the Princess and the picture; jobs for asylum seekers; Theresa May’s mistake; and the parakeet lottery

SIR – The belated recognition by the Government of the need both to retain and increase gas-fired electricity generation is a welcome step towards a more rational energy policy (report, March 12). So too is the recognition of the costs involved, and of energy loss from long-distance electricity transmission – even though this will undoubtedly result in higher electricity charges for consumers in the South and South East.Dare we hope that the next step will be an announcement that, rather than promoting an expansion of unreliable and energy-inefficient renewables for local power generation, the Government will finally recognise the huge potential benefits of small modular nuclear reactors as a dependable and energy-dense alternative, which will not require the extensive use of arable land currently protected from residential development?Meanwhile, a reversal of the fracking ban would provide a home-grown power source for the additional gas facilities and a welcome stream of tax revenue.Philip NieropExeter, Devon

SIR – Rishi Sunak is right to highlight the need for gas as part of the mix for electricity generation in Britain for years to come. For every gigawatt of installed wind- or solar-powered generation there has to be a similar alternative capacity as standby.What he fails to mention, however, is that this comes at a huge cost – and explains to a large extent why electricity is so expensive. P J CliftonColchester, Essex

SIR – This is a retrograde way of ensuring continuity of supply. Gas plants emit carbon dioxide and need to be operated for decades to recoup the investment. Far better for the environment and cheaper for us all would be investing in predictable renewable sources such as geothermal and tidal, coupled with energy storage.As well as batteries, there are many other methods for energy storage being developed and installed, such as pumped hydro, gravity weights in redundant mineshafts, flywheels, compressed air, green hydrogen, superheated salts and more.Michael MillerSheffield, South Yorkshire

SIR – We are pressured to switch from domestic gas boilers to electric heat pumps.Meanwhile, the Conservatives and Labour agree that new gas-fired power stations are needed to avoid blackouts. Those power stations will have switchgear containing sulphur hexafluoride, the most potent of the global warming gases. Is this the script for a new series of Yes, Prime Minister?John KnightBristol

Voting for change

SIR – Lee Anderson’s defection to Reform UK (Letters, March 12) is great news for the people of this country. Based on lifelong political beliefs, his move will encourage MPs of other parties, who only wish to serve the electorate, to jump ship. If voters want reform they have to vote for it. Voting for the same party over and over and hoping for change is a road to escalating disappointment. Cutting tax, cutting government spending and cutting red tape will allow the entrepreneurs to restore growth and fill the coffers once more. Rob WilliamsChurch Stretton, Shropshire

SIR – While I am aware that my vote for Reform UK will not keep the Labour Party out of office, it may do one of two things. A shattering loss for the Conservatives might finally bring them to their senses in time for a return to power after what will inevitably be a disastrous Labour term. Alternatively, if the Tories still fail to see sense, this will result in the party’s demise, leaving the way clear for Reform UK or another party, which will listen to, and act upon, the wishes of the silent voting majority.David VincentCranbrook, Kent

SIR – Miriam Cates and Danny Kruger (Commentary, March 12) can talk all they like about why Lee Anderson’s defection to Reform UK is guaranteed to ensure a Labour victory, but until we have a proportional representation voting system, at least disillusioned Tory voters who vote for Reform UK will have a clear conscience. Women suffered and even died to give others like me the vote, and I don’t intend to waste it.Sue HeeleyStorrington, West Sussex

Jobs for asylum seekers

SIR – We receive relatively small numbers of asylum seekers (report, March 11) in the UK compared to other European countries. Many are highly skilled and all can make much-needed contributions to our economy and society. We should be much more efficient at enabling them to do so. Asylum seekers and refugees typically only receive one English lesson a week and very little help to find work when they are eligible. This means we all miss out on tax revenues and other potential economic and social benefits. This is a sensible and compassionate nation. Surely we can do better and make the most of our opportunities.Simon MilwardStroud, Gloucestershire

Smart policing

SIR – I am staying on a small Caribbean island that was once a British colony. I recently saw an immaculately dressed police officer directing traffic at roadworks. As I drove past I thanked him. He came smartly up and gave a Dixon of Dock Green salute. What has happened to the British bobby?Robert AshtonShrewsbury

Mustard dot

SIR – My great-uncle Willie, who fought in the First World War, had a special plate with a large yellow dot painted on it. On to this, a small amount of Colman’s mustard was always added (Letters, March 12). This was to avoid him smothering his food with it, as he had lost all his taste and some of his vision when gassed.Marie-Louise NeillBattle, East Sussex

A pretty picture

SIR – Why on earth are people so petty as to question the Princess of Wales’s family photo (report, March 12)? Anyone keen on photography loves playing around with their pictures to try and perfect them, if they have the time to do it, which, with her busy schedule, she normally does not. I’m sure she amused herself while recuperating by making a pretty picture to celebrate Mother’s Day – for our benefit. Phyllis JonesBedford

Too much traffic

SIR – From the age of eight I was allowed and able to visit my best friend. She lived a mile and a half away (a 30-40 minute walk or 10-15 minute cycle ride). This gave me a sense of independence, connected me with my surroundings and doubtless freed up precious time for my busy parents.The physical road infrastructure has not changed; what has changed is the sheer number of vehicles. In recent years, when I needed to push my father in his wheelchair, I couldn’t even cross the roads I used to ride on. Drivers were coming so frequently that there were no gaps for me to cross, and were going so fast that they were oblivious to our need.Drivers who oppose moves towards low-traffic neighbourhoods clearly feel that something has been taken from them. What they may fail to see is what has been taken from us all: the right to residential spaces not totally dominated by motor traffic, and the right of children to independence and safety. Maybe now is a good time for us all to reflect on how our choices to drive for any and every journey have affected others – and start to correct the balance of how we travel.Mary WaltonExeter, Devon

Parakeet lottery

SIR – We live just eight miles from West Malling and can assure Philip Pretty (Letters, March 11) that the Underriver parakeet population is flourishing.Nick JordanUnderriver, Kent

SIR – There certainly used to be parakeets in north Kent. In 1970 we lived in Southfleet and had a flock that regularly sat on my whirligig washing line. They seemed to enjoy going round and round. I’m not sure that my washing was pleased. Diane HollandGravesend, Kent

Museums can help new technologies take off

SIR – I’m not surprised that museums are using their collections to great effect. Science, transportation and military museums have a particular relevance to today’s problems. They hold historic information, often backed up by original objects available for examination. During my time at the Royal Air Force Museum, I assisted the RAF and industry on a number of occasions. We worked on in-flight refuelling and celestial navigation for the long-range flights to attack Port Stanley airfield during the Falklands conflict, special fuel valves for land-speed record-breaking, and multi-fuel engine technologies for future aircraft designs.Museums are not just visitor attractions; they are repositories of information, experience, successes and failures. Their often derided “reserve collections”, characterised as gathering dust in basements, are actually treasure troves of stored knowledge. Centres of excellence, such as the Tank Museum in Bovington, Dorset (Features, March 6), are all around us, but it often takes an emergency to recognise their full potential.Dr Michael A FoppSoulbury, Buckinghamshire

Theresa May’s mistake in Brexit negotiations

SIR – Charles Moore (Comment, March 9) is right about Theresa May, and Philip Duly (Letters, March 11) cuts her too much slack. Having ordained an overlong six-week campaign before the 2017 general election, Mrs May threw away a 24-point lead in the polls – mainly by staying almost completely absent from the campaign after humiliating herself early on with a U-turn on social care. Having chickened out, she lost an overall majority – against a Labour Party that was led by the unelectable Jeremy Corbyn.Worse than that, Mrs May seemed not to understand how negotiation works. Her trump card with the EU was the timing of the submission of notice under Article 50, which set a two-year clock ticking for Britain’s departure from the EU. The European Commission was desperate to clarify the British position so the EU could arrange its coming budget. We were in no hurry, and she should have made clear that we would not submit notice until broad parameters for negotiation had been agreed. That would, for example, have prevented the disastrous Northern Ireland Protocol and enabled negotiation to be restricted to economic matters only. Instead, Mrs May triggered Article 50 rapidly, giving away her ace in the hole and setting the two-year clock ticking against herself. Somehow she seems not to have anticipated that this would happen. Gregory ShenkmanLondon SW7

Letters to the Editor

We accept letters by email and post. Please include name, address, work and home telephone numbers. ADDRESS: 111 Buckingham Palace Road, London, SW1W 0DT EMAIL: dtletters@telegraph.co.uk FOLLOW: Telegraph Letters on Twitter @LettersDesk NEWSLETTER: sign up to receive Letters to the Editor here",Letters to the Editor,"Energy industry, Fracking, Opinion, Comment, Net Zero, Gas, US content, Letters, Nuclear power",2024-03-13,CONTROL_International_Womens_Strike_2017_2024,single,True,0,"In, The, To"
https://www.telegraph.co.uk/politics/2024/03/13/keir-starmer-vote-legalise-assisted-dying-esther-rantzen/,The Telegraph,Starmer promises vote on legalising assisted dying,"Law could be changed by the end of the decade if Labour wins general election

Sir Keir Starmer has promised to give MPs a vote on legalising assisted dying if Labour wins the next general election.

The Labour leader said he would hold a vote in the next parliament, opening the door to the law being changed before the end of the decade.

He made the comments after a conversation with Dame Esther Rantzen, the Childline founder and broadcaster who has terminal cancer and has publicly said she was considering assisted dying.

Dame Esther, 83, revealed in December that she had joined Dignitas, the Swiss organisation which provides physician-assisted suicide.

The last parliamentary vote on assisted dying was in 2015 and was defeated. The Prime Minister has indicated that he is open to another vote on the issue, but he has not committed to when.

The phone call between Sir Keir and Dame Esther was recorded by ITV News.

‘In favour of changing the law’

Sir Keir said: “I’m personally in favour of changing the law. I think we need to make time. We will make the commitment. Esther, I can give you that commitment right now.”

Asked by ITV News whether he would like a vote to take place in the next parliament, meaning at most five years from the next general election, Sir Keir said: “Oh yes, definitely.

“I think Esther would agree with this. For people who are going through this or are likely to go through it in the next few months or years, this matters hugely and delay just prolongs the agony.”

Sir Keir has previously floated the idea of support for a vote but this is the first time he has explicitly committed to that happening under a Labour government.

It would be a free vote, meaning that political parties would be expected not to whip their MPs into voting a particular way, with politicians instead able to vote with their conscience.

It is almost a decade since MPs last voted on legalising assisted dying.

In that vote, in September 2015, 330 MPs voted against the move and 118 in favour, meaning it was comfortably defeated.

At the time, Sir Keir voted to legalise assisted dying.

Whether a future vote would pass will depend on the make-up of the 650 MPs after the election, which is expected to be held this autumn.

Changes enacted in other nations

Those campaigning to legalise assisted dying often note the suffering that can be experienced by terminally ill patients and point to how law changes have been enacted in other nations.

Critics voice fears about whether the threshold for assisted dying could be set too low, with people potentially pressured into participation, and some have religious concerns.

A recent poll of more than 10,000 people by Opinium Research, conducted for the Dignity in Dying campaign, found three quarters of respondents supported making it lawful for terminally ill adults to access assisted dying in the UK.

It is unclear what exact wording for the legal change would be proposed.

Asked how he would address concerns about people being pressured into assisted dying, Sir Keir said: “I think that’s the crucial question.

“Firstly, I think the debate has to be conducted with respect. I personally think the law should be changed. There will be people equally passionate, with powerful points to make about why it shouldn’t be.”

“When I consulted on this [while director of public prosecutions] for the prosecutor’s guidelines, the churches and faith groups and others were very, very powerful in the arguments they made. We have to respect that and find the right balance in the end.

“I do think most people coalesce around the idea that there is a case [for assisted dying] where it is obviously compassionate, it is the settled intent of the individual, and there are safeguards with teeth to protect the vulnerable.”

Rishi Sunak has previously expressed openness to holding a free vote on assisted dying.

The Prime Minister said last month: “What the Government has always said, and I would commit to this of course, is if parliament decided that it wanted to change the law then of course the Government would facilitate doing that in a way that was legally effective.”

However, there has been no indication from Downing Street that parliamentary time is going to be found for such a vote before the next general election.

Dame Esther, who has Stage 4 lung cancer, revealed her thinking to the BBC’s Today Podcast before Christmas, saying: “I have joined Dignitas. I have in my brain thought, well, if the next scan says nothing’s working I might buzz off to Zurich – but it puts my family and friends in a difficult position because they would want to go with me.

“And that means that the police might prosecute them. So we’ve got to do something. At the moment, it’s not really working, is it?”

She added that if she was prime minister “I would get them to do a free vote on assisted dying. I think it’s important that the law catches up with what the country wants.”",Ben Riley-Smith,"UK News, Labour Party Conference, Politics, Standard, News, Assisted dying, General Election 2024, Keir Starmer",2024-03-13,CONTROL_International_Womens_Strike_2017_2024,single,True,0,"In, The, To"
https://www.telegraph.co.uk/us/news/2024/03/13/alec-baldwin-evidence-rust-civil-lawsuit-court-film-crew/,The Telegraph,Alec Baldwin may not have to give evidence in Rust civil case,"A lawsuit filed by crew members claims the actor and El Dorado Pictures caused ‘emotional distress’ following the death of Halyna Hutchins

A judge has ruled that US actor Alec Baldwin will not have to give sworn evidence in a civil lawsuit until after his involuntary manslaughter trial.

The lawsuit, filed by three crew members from the film set Rust, claims Baldwin and his production company El Dorado Pictures caused “emotional distress” as a result of negligence following the death of cinematographer Halyna Hutchins.

She was killed on the western film set in October 2021 after a prop gun held by Baldwin went off in Santa Fe, New Mexico.

On Tuesday, Judge Bryan Biedscheid “partially granted” a motion filed by Baldwin’s lawyers to “stay the action” - meaning a temporary suspension of legal proceedings - pending the resolution of his criminal case.

”There will be no depositions of Mr Baldwin individually or related to El Dorado Pictures between now and the conclusion of the criminal trial in this matter,” the judge ruled, during the virtual hearing.

However, the judge said he is not “staying” written discovery which “moves the case forward” and is “appropriate under the circumstances”, meaning parties can continue to gather evidence to use in this case.

It comes after Baldwin was re-charged with involuntary manslaughter in January this year, and will face a trial beginning on July 10.

Before the judge’s decision, Baldwin’s lawyer Robert Schwartz said lawyers for those bringing the civil action were trying to “create a record in which a jury could draw negative inferences against Mr Baldwin” if he gave his civil deposition.

”While Mr Baldwin is fighting for his freedom, here we are fighting over his money,” he said.

The hearing comes days after Rust armourer Hannah Gutierrez-Reed was found guilty of involuntary manslaughter after a two-week trial.

The charge in which she has been found guilty carries a maximum penalty of 18 months in prison and a 5,000 dollar (£3,900) fine.

Baldwin, who starred as lead actor and co-producer of the film, was pointing a gun at Ms Hutchins during a rehearsal when the weapon went off, killing her and wounding director Joel Souza.

The US star previously said he pulled back the hammer, but not the trigger, and the gun fired.

He was initially charged in January 2023, which was formally dismissed, before he was re-charged a year later.",Our Foreign Staff,"US News, Hollywood, US content, Alec Baldwin, Standard, News",2024-03-13,CONTROL_International_Womens_Strike_2017_2024,single,True,0,"In, The, To"
https://www.telegraph.co.uk/us/politics/2024/03/13/joe-biden-wins-democratic-nomination/,The Telegraph,Biden wins Democratic nomination and sets the stage for Trump rematch,"Biden has clinched the Democratic presidential nomination with a victory in Georgia

Joe Biden has secured the Democratic nomination ahead of November’s presidential election, clinching the required delegates with a victory in Georgia on Tuesday night.

As the incumbent president, Mr Biden faced little serious opposition, but he has seen some resistance to his nomination on the campaign trail this year.

The 81-year-old is facing a collapse in support among some groups that traditionally support his party, including Latino voters and young liberals.

The Georgia result puts Mr Biden on a total of 1,972 delegates to the Democratic National Convention this August – four more than the number required for a national majority.

He is expected to pick up further delegates in Washington state, Mississippi and Hawaii later on Tuesday night.

Georgia’s primary also saw victory for Donald Trump, the sole remaining Republican contender.

Early results suggested Mr Trump had won around 81 per cent of the vote, after 13 per cent of ballots had been counted.

Despite Nikki Haley’s decision to drop out of the primary after Super Tuesday on March 6, the South Carolina governor won around 16.5 per cent of the vote.

The results later on Tuesday night are expected to formally establish Mr Trump and Mr Biden as the two main parties’ nominees for November’s election.

Mr Trump currently has 1,089 pledged delegates for the Republican nomination, of the 1,215 required to win. He must win 137 of the 161 delegates available to declare victory on Tuesday.

The primary season has concluded more quickly than usual, due to Mr Trump’s dominance of the Republican race.

Although incumbent presidents usually win the nomination of their party without serious challengers, most opposition parties see a contest between candidates who have not served in the White House.

Mr Trump is the second president in US history in 100 years to be ousted from office and return at a future election, giving him the status of a de-facto incumbent.

Ms Haley was the last of Mr Trump’s rivals to drop out of the race, after Ron DeSantis, Chris Christie, Vivek Ramaswamy and Tim Scott suspended their campaigns.

Most Republican candidates have gone on to endorse Mr Trump, although Ms Haley urged her supporters to “always make up your own mind”.

Welcoming the results on Tuesday, Mr Biden’s campaign released a statement from the president emphasising his message that Mr Trump’s campaign is based on “resentment, revenge, and retribution that threatens the very idea of America”.

“Voters now have a choice to make about the future of this country,” he said.

“Are we going to stand up and defend our democracy or let others tear it down?

“Will we restore the right to choose and protect our freedoms or let extremists take them away?

“Will we finally make the wealthy pay their fair share in taxes – or will we allow corporate greed to run rampant on the backs of the middle class?”

Mr Biden and Mr Trump’s early status as presumptive nominees will increase pressure on the President to debate his predecessor before the scheduled presidential television debates in the autumn.

Mr Trump has already called for an event to be organised and said he would attend even if it was run by the “corrupt” Democratic National Committee.",Tony Diver,"US Politics, Politics, Democrats, Standard, US Election, US News, Joe Biden, US content",2024-03-13,CONTROL_International_Womens_Strike_2017_2024,single,True,0,"In, The, To"
https://www.telegraph.co.uk/news/2024/03/12/failed-asylum-seekers-rwanda-paid-thousands-country-origin/,The Telegraph,"Failed asylum seekers to be paid £3,000 to move to Rwanda","New deal, separate to the stalled deportation scheme, is first time migrants are paid to leave without going back to their country of origin

Failed asylum seekers are to be offered £3,000 to move to Rwanda under a voluntary scheme drawn up by the Government to help clear the backlog of migrants stuck in Britain.

The new agreement with Rwanda, which is separate to the stalled deportation scheme, is aimed at removing thousands of migrants whose claims have been rejected and cannot remain in the UK, but are unable to return to their own country.

In return for the £3,000 support normally offered to repatriated migrants and the prospect of citizenship in Rwanda, they would be able to opt to be sent to the central African state, deemed by the Government a safe third country.

The move comes as the Government is attempting to get deportation flights off to Rwanda after the scheme has been blocked by legal challenges since June 2022 and amid criticism of the £350 million cost of the agreement with the African state.

The Safety of Rwanda Bill, which is designed to secure the deportation flights, returns to the Commons next week when the Government will reverse Lords amendments in a ping pong battle to get it onto the statute book.

Rishi Sunak has made stopping the boats across the Channel one of his key five pledges with the deportation flights central to his strategy of creating a deterrent to further crossings.

New laws mean anyone who arrives illegally will be deported to their home state or a safe third country like Rwanda.

The new scheme is not designed to deter further illegal crossings but instead mirrors existing voluntary returns system that enables failed asylum seekers, foreign criminals and other migrants with no right to remain in the UK to return to their home country.

Under the voluntary returns schemes, they can currently receive financial assistance worth up to £3,000 to return to their “country of origin”.

However, the new Rwanda deal is the first of its kind because it would mark the first time migrants were paid to leave the UK without going back to their country of origin. Ministers believe the new scheme is legal, as resettlements would be voluntary.

The opportunity will be open to anyone who has had their asylum application rejected, which would apply to tens of thousands of people in the UK.

Any failed asylum seeker who chooses to be relocated will also be entitled to the same five year package of measures as those agreed in April 2022 for migrants forcibly removed.

On arrival in Rwanda, they would get help and housing from the country’s Government for up to five years, as well as integration programmes to help them study, undertake training, and work.

Asylum seekers who refuse the offer of £3,000 will remain left in limbo, unable to officially work or claim benefits and without accommodation.

Last year the Home Office rejected 30,967 asylum applications. A total of 19,253 foreign nationals opted for voluntary resettlement to their home country, of which 4,010 were failed asylum seekers and 15,243 were foreign criminals or visa overstayers. There were an additional 6,393 enforced returns last year.

A report by the National Audit Office earlier this month revealed that the UK Government will pay Rwanda £171,000 for each migrant relocated to the African country, in addition to at least £370 million in other costs.

Stephen Kinnock, shadow immigration minister, said: “Even government ministers are finally recognising that their Rwanda scheme has no chance of succeeding, so they’re resorting to paying people to go there instead.

“We know from the treaty that capacity in Rwanda is very limited, so ministers should now explain what this new idea means for the scheme as it was originally conceived, and they should also make clear how many people they expect to send on this basis, and what the cost will be.”",Charles Hymas,"Rwanda, Migration, Standard, News, Home Office, Immigration, Migrants",2024-03-12,CONTROL_International_Womens_Strike_2017_2024,single,True,0,"In, The, To"
https://www.telegraph.co.uk/news/2024/03/12/groundsman-drives-over-child-cricket-bat-rage-windsor/,The Telegraph,Groundsman drives over child’s cricket bat after ‘seeing red’,"Clifford Gatford was 2.5 times over the limit as he drove dangerously close to a picnicking family and their dog

A cricket club groundsman drove a buggy over a child’s cricket bat in a spat with a picnicking family, a court heard.

Clifford Gatford, who had worked as groundsman at Windsor cricket club for 20 years, “saw red” when he thought the family, with young children, were using the wickets and the cricket square.

The 55-year-old had sworn at the children, aged 10 and 13 years, causing them to fear they would be assaulted, a court heard.

One of the children pushed him over in response, a court heard.

Gatford, who was around 2.5 times over the drink drive limit, returned to the scene 20 minutes later, driving the all-terrain buggy, described as a John Deere Agriculture Tractor, he used for the maintenance of the cricket fields.

Dramatic video footage played in court showed Gatford driving past the picnicking family and their dogs twice, at speed, getting dangerously close to them on the Romney Lock Road and home park at Windsor cricket club.

Sarita Basra, prosecuting, told how on May 29 last year, Gatford drove over the family’s picnic blanket, damaged some of their food items and broke one of the children’s £100 cricket bat.

The footage showed Gatford, wearing his orange hi-vis jacket and a baseball cap, stopped his buggy and told the family: “I told you, you cannot play on the wickets.”

Twelve month community order

Lauren Sales, defending, said Gatford had no previous convictions and that he had “severe learning difficulties, as well as a speech impediment”.

“He specialises in ground works, specifically cricket pitches,” Ms Sales said. “His vulnerabilities meant he behaved in the way that he did.

“He managed to hold down that job for 20 years and he lost it because of that behaviour.”

Gatford appeared in Reading Crown Court today after having admitted dangerous driving, driving with excess alcohol, threatening behaviour, criminal damage to the cricket bat and common assault in that he put the child in fear of violence and driving otherwise than in accordance with a licence.

Neil Millard, the judge, told Gatford: “I well understand the time and preparation that goes into preparing a grass cricket wicket and the year and hours that are required to do so. However, that does not excuse what you did next and I think you recognise that.

The judge said he would have considered jailing Gatford, but because of his vulnerabilities gave him a 12 month community order, including 15 Rehabilitation Activity Requirement days and 150 hours unpaid work.

The judge also ordered Gatford, of Vale Road in Windsor, to pay £100 compensation to the family for a new cricket bat.

“Clearly you are a man who likes cricket,” the judge added. “You recognise the child should have a new cricket bat and you will pay for that.”",Telegraph Reporters,"Court cases, Standard, News",2024-03-12,CONTROL_International_Womens_Strike_2017_2024,single,True,0,"In, The, To"
https://www.telegraph.co.uk/news/2024/03/12/palestinian-israel-citizen-granted-uk-asylum/,The Telegraph,Palestinian granted asylum in UK after warning of ‘apartheid’ state in Israel,"Home Office U-turn could have wide ramifications for other Palestinian citizens of Israel seeking asylum, lawyers say

A Palestinian citizen of Israel is to be granted asylum by the Home Office on the basis that he has a “well-founded” fear of persecution if returned to Israel, because of his campaigning activities in the UK.

The 24-year-old, known only as “Hasan”, claimed he faced an increased risk of persecution because of his Palestinian solidarity activism in the UK and his anti-Zionist political opinions.

He alleged Israel maintained an “apartheid” system where Palestinian citizens were oppressed.

The decision by the Home Office came less than 24 hours before a tribunal hearing where the department was to defend its original decision to refuse the claim.

Hasan’s lawyers said the Home Office’s decision to grant asylum could have widespread ramifications for other Palestinians who claim asylum in the UK and elsewhere.

They brought the case under the 1951 Refugee Convention and the European Convention on Human Rights (ECHR), as a breach of international law on the basis that he would face persecution if he returned.

It was Hasan’s belief, his lawyers said, that Israel was governed by “an apartheid regime that engages in systematic and pervasive discrimination, persecution and violence touching on all aspects of Palestinian life”.

Supplementary claim follows attack

Hasan’s lawyers made a supplementary claim after the start of the Hamas-Israel war, which followed Hamas’s surprise attack on southern Israel on Oct 7, 2023.

They argued that the security situation for Palestinian citizens of Israel had worsened further as the war in Gaza had gone on.

About a fifth of Israel’s population – about two million people – is Palestinian, although that figure also includes the Arab population of East Jerusalem who have a lesser status, that of permanent residents.

Franck Magennis, a barrister at Garden Court chambers, said while it was not uncommon for Palestinians from Gaza to obtain asylum in the UK, he could not find reference to a similar case applying to a Palestinian from Israel. The 24-year-old is understood to have spent most of his life in the UK.

“What’s so shocking about this case is that Israel is normally considered a staunch ally of the UK Government, and that the UK considers it the only democracy in the Middle East and in no way an apartheid regime. But what this reflects is a staggering contradiction in the heart of British foreign policy,” Magennis said.

Israel has long rejected arguments that it pursues an apartheid-like policy towards Palestinians. It argues that its war against Hamas was undertaken in self-defence and is aimed at elimination of the group as a political and military threat.

A shift in foreign policy

British foreign policy towards Israel, initially strongly supportive after the Hamas attack, has shifted in recent weeks to focusing on the need for a humanitarian pause in the fighting in Gaza, where the bulk of the strip’s 2.3 million pre-war population are sheltering in dire conditions in and around Rafah in the south.

In a statement, Hasan said: “This is a victory not just for me but for all Palestinians living under the apartheid Israeli regime.

“Without even having to step into court, the UK Government has now accepted that the Palestinian struggle for freedom should not just be limited to Gaza and the West Bank but to all parts of historic Palestine under Israeli rule.”

A Home Office spokesman said: “All asylum claims are carefully considered on their individual merits in accordance with the immigration rules. Where more information is provided or becomes available, the outcome of a decision can change.

“It is longstanding government policy that we do not routinely comment on individual cases.”",Charles Hymas,"Standard, News, Palestine, Home Office, Immigration, Israel, Israel-Hamas War",2024-03-12,CONTROL_International_Womens_Strike_2017_2024,single,True,0,"In, The, To"
https://www.telegraph.co.uk/news/2024/03/12/robert-jenrick-tells-government-axe-eu-rules-housebuilding/,The Telegraph,Rishi Sunak urged to scrap EU rules blocking house building,"Robert Jenrick leads calls for Prime Minister to show ‘ambition’ and abandon nutrient neutrality laws

Rishi Sunak has been warned his government “lacks ambition” as five former housing ministers urged him to scrap EU rules that are blocking up to 150,000 new homes from being built.

Robert Jenrick is spearheading calls from senior Tories for the Prime Minister to axe “farcical” nutrient neutrality laws in an attempt to win back younger voters.

He is backed by Sir Simon Clarke, who served in the post in 2022, Greg Clark, who was housing secretary under David Cameron, and Rachel Maclean and Brandon Lewis, who have both served as junior housing ministers.

The plea will pile pressure on No 10 to take radical action to fix the housing crisis, which has been blamed for a collapse in working-age support for the Conservatives.

Rules inherited from the EU currently mean that builders must prove new developments will not lead to increased levels of certain chemicals in nearby rivers.

Mr Sunak attempted to rip up the red tape last year, but was thwarted after Labour reversed its support for the reforms and voted them down in the Lords.

He has since come under pressure to revive the plan including from Michael Gove, who is pressing for a commitment to scrap the rules to be included in the Tory manifesto.

Mr Jenrick, who served as housing secretary under Boris Johnson, said the Government’s “lack of legislative agenda” meant there was time to pass a new Bill now.

Writing in The Telegraph, he said: “With roughly six months until a general election, the Government should be pulling every lever at its disposal to turn things around.

“Yet the lack of ambition for a party with a 50-seat majority is striking. While we are privileged to be in government we can and must drive through reforms on the big national issues that affect people’s lives.”

He said a short Bill could be fast-tracked through Parliament “if there was the political will”, adding that boosting housebuilding could support 500,000 jobs.

“No government serious about growth would leave this gift to our economy on the shelf,” he wrote.

“It would show younger voters that we are on their side – easing the housing costs that consume an intolerable amount of their disposable income.”

‘An obvious obstacle’

His call for fresh legislation to scrap nutrient neutrality rules is being supported by all four former Tory housing ministers who are still MPs.

Sir Simon said: “It’s time to bring back legislation to tackle one of the most obvious obstacles to building the homes British families need and, by so doing, to help tackle our spiralling rent and housing costs.”

Mr Clark added: “This is a big force that is blocking the building of many much-needed homes.

“It can’t be kicked into the infinite future. It’s a problem that needs to be solved at the same time as mandating improvements to water quality.”

Sajid Javid, another former holder of the post, is understood to also be privately supportive of reviving the reforms.

The calls have also been echoed by Ms Maclean and Mr Lewis.

Ms Mclean said: “It’s an ideal opportunity for us to unblock 100,000 homes that are badly needed. It was such hypocrisy that Labour whipped their peers to block it.”

“It’s a shame the Government did not resolve this last year when they said they would. We owe to the people who need those homes and the wider economic benefit they will deliver,” Mr Lewis added.

Defeat in House of Lords

The Prime Minister’s attempt to rip up nutrient neutrality rules failed last September when Sir Keir Starmer u-turned on his support and whipped Labour peers to oppose it.

Because the plan was tabled as an amendment to the Levelling Up Bill in the Lords, after it had passed the Commons, MPs could not overturn the upper house’s vote.

Mr Gove told peers last month it was not possible to revive the reforms before the next election “because we simply could not find time in our legislative timetable for it”.

A government spokesman said: “Our proposals would have supported the delivery of 100,000 homes held up by defective EU rules, while protecting and improving the environment.

“We are now investing over £110 million to unlock housing in areas impacted by nutrient neutrality rules, to tackle nutrient pollution and build thousands of homes that communities want and need.”

The Government can fix Britain’s housing crisis – if it wants to

By Robert Jenrick

“Over the years we’ve let negative economic forces run out of control. We stalled the judgment day but we no longer have that luxury. We’re out of time.”

So said Ronald Reagan in his first speech on the US economy upon ascending to the presidency in 1981. So it is for the UK economy in 2024.

As then, the answer now is to change course – not just redistributing what we already have but actually increasing our national wealth. This requires us to press ahead reforming welfare, incentivising entrepreneurship, deregulating, lowering taxes to boost investment, and getting Britain building again.

Yet in recent months Parliament has resembled one of the recumbent lions that lie beside its entrance. The House of Commons regularly sits for only three days a week, often finishing early in the afternoon, such is the lack of legislative agenda.

When Parliament has sat, it has consumed itself with issues better suited to a local council, like the regulation of Soho’s rickshaw cabs. When debating issues of national significance, like illegal migration, it has recoiled at asserting itself as our sovereign legislative body. So-called “emergency” legislation to tackle the national security emergency in the Channel is still being debated in Parliament four months after being introduced. Crisis, what crisis?

‘Time to pull every lever’

With roughly six months until a general election, the Government should be pulling every lever at its disposal – whether primary or quicker secondary legislation – to turn things around. Yet the lack of ambition for a party with a 50-seat majority is striking. While we are privileged to be in government, we can, and must, drive through reforms on the big national issues that affect people’s lives.

Take just one issue: improving home-ownership rates. The time to push through the significant planning reforms I proposed back in 2021 has passed – watered down following the misdiagnosed Amersham by-election defeat (an uprising against the disruption of HS2).

But there is no shortage of alternative interventions the Government could make that would boost home ownership and ease the housing crisis. They should build on the legal migration restrictions I secured last December with additional measures to relieve pressure on our housing stock and, instead of endlessly subsidising demand with talk of 99 per cent mortgages, focus instead on boosting supply.

To the credit of Michael Gove, the Housing Secretary, and Rachel Maclean, the then housing minister, they took on the vested interests and environmental quangos late last year to do exactly this. The Government attempted to repeal legacy EU laws on nutrient neutrality, which were preventing new homes being built, including cases where planning permission has already been granted.

‘A small proportion of pollution’

The farcical regulations had been used to stop the redevelopment of empty spaces above high street shops, new care homes, and families building their own dream homes. Yes, nutrients entering our rivers from the construction of new homes are a problem, but they make up a very small proportion of overall pollution. Despite presenting a compelling case, with millions of pounds invested in environmental mitigations, the Government was blocked by Labour peers in the House of Lords.

Six months on, the housing crisis has only deteriorated. The market has been grossly distorted by this regulation, with house builders now purchasing viable rural businesses like fish farms, only to shut them down and lay off the employees to secure prized credits that enable stalled housing sites to be completed.

The industry now estimates that 150,000 homes, which would sustain 500,000 jobs, are ready to go, but have been paused. Workmen from the Solent to the Wye sit idle, with the equivalent of 1.5 per cent of GDP left on the table because of the inability to cut red tape.

Another way is possible. The Government must realise the power that it wields and bring a Bill to the Commons to force the Lords to think again. A short six-clause Bill is ready and could be pushed through Parliament using unused time within the remaining session if there was the political will. No government serious about growth would leave this gift to our economy on the shelf.

At a time when money is tight, squeezed by vast Covid debt and high interest rates, this cost-free intervention would be an essential economic stimulus that would get Britain building again. It would show younger voters that we are on their side, easing the housing costs that consume an intolerable amount of their disposable income. And it would demonstrate to the country a Conservative government delivering conservative policies – building homes, boosting home ownership and driving growth – while Labour yet again sides with the blockers.

As Reagan said, let’s “go to work to turn things around”.",Nick Gutteridge,"Rishi Sunak, New homes, Politics, Robert Jenrick, Housing market, Standard, News, Housing crisis",2024-03-12,CONTROL_International_Womens_Strike_2017_2024,single,True,0,"In, The, To"
https://www.telegraph.co.uk/news/2024/03/12/vandals-attack-more-20mph-signs-in-wales/,The Telegraph,Vandals attack more than 150 20mph speed limit signs in Wales ,"Transport minister says defacement makes clear public has rejected Labour’s blanket enforcement

More than 150 speed limit signs in Wales have been attacked by vandals since Labour introduced its blanket 20mph speed limit.

Vigilante motorists have been tearing down 20mph signs after Mark Drakeford’s Welsh government introduced the reduced limit in September.

The reduction was met with widespread opposition and more than 469,000 people so far have signed a petition on the Welsh Assembly website calling for it to be revoked.

Natasha Asghar, a Conservative transport minister, said: “No matter how the Labour Government try to spin it, people will never accept the barmy 20mph speed limit project.”

Ms Asghar said she did not condone vandalism but the incidents make it clear that the public has rejected the 20mph limit.

Across Gwent, councils have recorded 145 incidents of vandalism to 20mph signs since September.

Carmarthenshire county council said it was becoming “increasingly concerned” after what it described as “a spate of incidents” directed at road signs.

A 20mph sign in the county was snapped in half and others have been sprayed in black paint to hide the 20 figures, it said.

Cllr Edward Thomas, Carmarthenshire’s cabinet member for transport, said attacks on signs were a “serious act of vandalism”, which presented “a significant risk to life”.

He added: “The absence of warning signs could contribute to a road traffic collision.

“Not only is the illegal removal of these signs dangerous and irresponsible to road users, but replacing these signs will come at a significant cost to the local authority – placing more strain on the public purse.”

Similarly, Monmouthshire council said it had recorded 22 incidents of vandalism to its 20mph signs over the past six months.

The Welsh Government provided £34 million to Wales’s 22 local councils for new signs required to alert drivers of the speed limit.

All councils said funding for new signs was also intended to cover anticipated repair costs.

Gwent Police figures show two recorded incidents of vandalism to speed signs since September, with one person arrested and charged.

Lee Waters, the Welsh Government minister behind the 20mph rollout, announced his resignation as transport secretary last week.

Reflecting on the level of public dislike for the scheme, he wrote on X, formally Twitter: “When I leave my transport role in a fortnight, I’ll be deleting my account. Elon can shove it up his X. I now get a pile of malign comments for even the most innocuous posts.”

The Welsh Government said 97 per cent of motorists are complying with the reduced limit, adding that it is intended to lead to fewer traffic accidents, injuries and deaths.",Gareth Corfield,"Roads, Wales, Standard, News",2024-03-12,CONTROL_International_Womens_Strike_2017_2024,single,True,1,"De, En, La"
https://www.telegraph.co.uk/opinion/2024/03/12/rishi-sunak-gas-net-zero-blackouts/,The Telegraph,A belated recognition of the value of gas,"The Government has left our energy sector in a muddle

Just a week after extending a windfall tax on North Sea energy in the Budget, the Government is now anxious to see gas continue to play a key role in providing power to the nation. Rishi Sunak announced the replacement of dozens of gas power stations coming to the end of their lives.

They would be needed as a back-up when renewable energy, like wind and solar, were not available because of weather conditions. Without gas, there would be blackouts in pursuit of net zero. As a salutary argument against the pell-mell rush to a carbon-neutral future it could hardly be bettered.

The binding net zero by 2050 mandate was one of the final legacies of Theresa May when she stepped down as prime minister in 2019. The consequences of achieving decarbonisation in such a relatively short timescale were never properly assessed. The Labour Party says it will decarbonise power by 2030, an absurdly ambitious target.

That gas will be needed for the foreseeable future because of the intermittent nature of renewables has been apparent for years. Mr Sunak’s announcement is at least a recognition of this reality, though only up to a point.

For instance, he is looking to the private sector to build the new power stations. But why would they invest in something so short-term in a hostile tax environment and with the likelihood of a Labour government insisting upon the plants being converted to carbon capture and storage or closed?

The economic model is unsustainable because gas prices would be pushed higher if the plants were operating only sporadically as a stand-in for renewables on calm, sunless days. Turning them on and off is expensive and inefficient. The new gas stations should be allowed to operate economically but they probably won’t be. A better investment may be in small modular nuclear reactors. What has happened to them?

In his article in this newspaper yesterday, Mr Sunak also highlighted the glaring contradiction in the net-zero strategy. “We have cut the role of fossil fuels across the UK’s electricity system,” he said. “Emissions from the power sector are down by 65 per cent since 2010. While other nations continue to build coal-fired power stations, our last one is closing this year.” That is precisely the problem: for as long as countries like China and India continue to develop carbon-based energy sources, our paltry reductions will make little difference to global warming.",Telegraph View,"Rishi Sunak, Opinion, Politics, Comment, Net Zero, Gas, Electricity bills, Telegraph View, UK economy",2024-03-12,CONTROL_International_Womens_Strike_2017_2024,single,True,1,"De, En, La"
https://www.telegraph.co.uk/rugby-union/2024/03/12/england-media-ireland-woodward-six-nations-wigglesworth/,The Telegraph,England hit back at ‘media’ taking credit for win over Ireland,"Attack coach Richard Wigglesworth believes team’s determination to improve was the inspiration for the victory not their critics

England attack coach Richard Wigglesworth hit out at the media for taking credit for the 23-22 victory over Ireland with Sir Clive Woodward claiming the team were inspired by his pre-match column.

Writing for the Daily Mail, Woodward wrote: “I honestly believe that Borthwick’s players had read my pre-match column because they were so quickly out of the blocks.” Prop Joe Marler reacted to the claim on X, formerly Twitter, by posting a dinosaur emoji.

England were widely criticised for their performance in the 30-21 defeat by Scotland which clearly fed through to the players. In a television interview following the Ireland win, man-of-the-match Ben Earl stated that “apparently we are the worst England team ever”.

However, Wigglesworth was at pains to emphasise that the wider public reaction played no part in England producing their best performance to date under head coach Steve Borthwick.

“Will the players hear and see it, because you have got your phone right in front of you and use it in an emotional moment, someone like Ben Earl coming from it? Absolutely but let’s just stop there you guys taking some credit from their performance,” Wigglesworth said. “The general lines of what I felt, the players got themselves to that point with a lot of hard work.

“What you talk about as a disaster (against Scotland) for us is a learning experience so at the end we are moving the dial in the right direction. We have to find everything each week. There are emotional buttons the players want to press themselves but at the core is are we trying to move our game on, trying to get better, having real clarity on what we are going after so we get better.”

The biggest transformation in England’s performance between Murrayfield and Twickenham was in their attack. Having committed 25 handling errors against Scotland, England’s back line play was far slicker against Ireland, conjuring two tries off transition and one from a multi-phase move.

It is understood that having prioritised bedding in Felix Jones’ new defensive system in the first few weeks, England switched their focus to training at a high tempo over the past two weeks. Yet while Wigglesworth was unable to provide a definitive answer why the attack suddenly clicked into place, he believes the result has helped to secure the squad’s belief that their methods can bear fruit.

“You’d love as a coach to know the one bit [of why it clicked],” Wigglesworth said. “Because there’s all the stuff in the melting pot. Results, and then the reaction, the training time, how it focuses the mind. We definitely trained and had a focus on what we were going to do with the ball, and how we were going to do it. I’m not saying that focus wasn’t there on Scotland but it probably … that performance, the lads were hurt by what they did with the ball.

“It probably focused the mind, like ‘right this is what we want to look like, this is what we want to put out there’. And then they ended up executing that. Because I think a few players had talked around: ‘It’s been coming in training,’ because that’s what they want to put out there. That’s how they want to go and use the ball. And then they put it together, after a few weeks together.

“One of the lads just said to me that it’s like, they knew something was there, and now they’ve got a little bit of evidence. I’ll be clear, ‘lads we’re nowhere near where we have to get to, to be a top team that we want to be. But there’s a little bit of evidence of, OK right, that’s what we’ve been working on, and if we get X, Y and Z right then we can put it on the field in a Test match against a very good team’.”",Daniel Schofield,"England Rugby Union Team, Six Nations, Rugby Union, Sport, Standard",2024-03-12,CONTROL_International_Womens_Strike_2017_2024,single,True,0,"In, The, To"
https://www.telegraph.co.uk/us/news/2024/03/12/us-announces-surprise-300m-military-aid-for-ukraine/,The Telegraph,US announces surprise $300m for Ukraine,"Pentagon finds savings in budget previously thought exhausted, allowing White House to sidestep congress

The US announced a surprise $300 million military aid shipment for Ukraine on Tuesday after Pentagon accountants found savings in a budget that was presumed to be exhausted.

The White House sidestepped Republicans in Congress, who have blocked a much larger package for Volodymyr Zelensky’s flagging forces in Eastern Ukraine, and announced more weapons to last for a “short period”.

The announcement came as Joe Biden was preparing to host Poland’s Andrzej Duda and Donald Tusk, the Polish president and prime minister, who came bearing warnings that Russia’s aggression will not stop at Ukraine.

“This ammunition will keep Ukraine’s guns firing for a period, but only a short period,” said Jake Sullivan, the White House’s national security adviser.

He added that the aid may only last a fortnight, leaving Ukraine outgunned on the front lines against Russia.

William Burns, the CIA’s director, warned on Monday that without more aid from the US, Ukraine could lose “significant” territory this year”, while a threat assessment by the US’s 18 intelligence agencies found the congressional deadlock was “increasingly shifting the momentum in Moscow’s favour”.

Mr Sullivan said: “It is nowhere near enough to meet Ukraine’s battlefield needs and it will not prevent Ukraine from running out of ammunition in the weeks to come.”

The shipment includes long-range US-made HIMARS rocket systems, anti-aircraft and anti-tank weapons, artillery shells and small arms ammunition, the Pentagon said.

Republican congressmen have stalled Mr Biden’s request for a $61 billion aid package for Ukraine, amid opposition to funding foreign wars and concern about giving Mr Biden a congressional win in an election year.

One senior Pentagon official said the savings for Tuesday’s package came from bulk orders of weapons in earlier shipments, which were delivered at a lower cost than expected.

“In one instance, with 25mm ammunition, we were buying 120,000-plus rounds,” the official said.

“We estimated initially a unit cost of $130 each, but we ended up getting a better price of $93 to help us as we negotiated the contract with the vendor.”

The announcement comes despite a $10 billion deficit in the budget used to send weapons to Ukraine. Lloyd Austin, the secretary of defence, is understood to be concerned about exceeding that figure.

In his opening remarks at his meeting with the Polish leaders, Mr Biden said: “We must act before it literally is too late.

“Because as Poland remembers, Russia won’t stop at Ukraine. Putin will keep going, putting Europe, the United States and the entire free world at risk.”",Tony Diver,"Republicans, Russia, Russia-Ukraine war, Standard, News, US Election, US News, Joe Biden, US content, Ukraine",2024-03-12,CONTROL_International_Womens_Strike_2017_2024,single,True,0,"In, The, To"
https://www.telegraph.co.uk/us/politics/2024/03/12/joe-biden-memory-report-smear-democrats-robert-hur/,The Telegraph,"Joe Biden memory report was a smear, say Democrats","Party accuses special prosecutor Robert Hur of lying about the president’s mental capability for political gain

The special prosecutor who published a bombshell report raising questions about Joe Biden’s memory has denied Democrat accusations that it was a smear, arguing that the “president himself put his memory squarely at issue”.

Robert Hur’s claim that there were “significant limitations” in Mr Biden’s recall created a political storm for the president when it was released on February 5.

His report said Mr Biden was unable to remember when his son died or when he served as vice president, and that he should not be prosecuted for improper storage of classified documents because a jury would find him to be a “well-meaning, elderly man with a poor memory”.

The claims forced Mr Biden to give an impromptu press conference to insist he was mentally capable, and the report was dismissed by Democrats, who said he had deliberately lied about the president’s memory to discredit him.

Appearing before the House Judiciary Committee on Tuesday, Mr Hur defended his findings and claimed he had remained impartial during the investigation.

The government-appointed prosecutor said his report had given a “thorough evaluation and explanation of the evidence” and that “partisan politics had no place whatsoever in my work”.

“The evidence and the president himself put his memory squarely at issue,” he said.

He repeated his claim that Mr Biden’s memory was “poor”, and that in two interviews conducted last October, he had struggled to recall basic facts about his own life.

Mr Hur was attacked by both Democrats and Republicans on the committee, with Mr Biden’s supporters arguing that the lawyer had been too critical of the president’s memory.

Adam Schiff, a Democrat representative for California, said: “You were not born yesterday, you knew exactly what you were doing. It was a choice. You made a choice. It was a political choice; it was the wrong choice.”

Hank Johnson, another Democrat, said that Mr Hur had “smeared” the president for political gain.

Mr Hur responded that he decided not to “shape [or] sanitise” his report for political purposes and that he had no intention of serving in a Republican administration.

The lawyer was also criticised by Republicans who said that he was wrong not to pursue criminal charges against Mr Biden for improperly keeping classified documents from his time as vice president in his garage.

Matt Gaetz, a House Republican, said Mr Biden was “senile” and had told “lies” about the interviews with Mr Hur’s team, and compared the case to the legal action against Donald Trump over classified documents he allegedly kept from his presidency.

Another said that Mr Hur was part of a “praetorian guard” that protects “the swamp” and “elites”.

The committee session, ostensibly designed to shed light on the investigation into Mr Biden, was used by representatives from both major parties to boost their candidate ahead of November’s election.

However, a transcript of the conversation between Mr Biden and Mr Hur did reveal more detail about Mr Biden’s memory slip-ups, after he claimed they had been invented.

Although it shows the president had a sharp memory of much of his time in office during the interview, his recollection occasionally appeared to fade.

In one part of the transcript, Mr Biden appeared not to remember the details of his son Beau dying of brain cancer in 2015.

In a discussion about the period between 2017 and 2018, the president told Mr Hur: “Remember, in this time frame, my son is - either been deployed or is dying”.

In a separate discussion, he asked: “What month did Beau die? Oh, God, May 30…”

His team told him the year that Mr Biden Jr had died, and he responded: “Was it 2015 that he died?”

In Mr Hur’s report last month, he wrote that Mr Biden “did not remember, even within several years, when his son Beau died”.

Mr Biden responded that it had been the lawyer who first raised the issue of his son’s death, telling reporters: “Frankly, when I was asked the question, I thought to myself, it wasn’t any of their damn business. How in the hell dare he raise that?”

But the transcript showed it was Mr Biden who first mentioned his son’s death, using it as a reason why he may not remember the details of the documents he was storing at the time.

In other sections of the interview, the president forgot the word “fax machine”, and was left grasping for a description of the device that transmits images of documents over phone lines.

He also forgot the name of the National Archives, the federal agency that takes custody of official records.",Tony Diver,"US Election, Joe Biden, US content, Politics, Democrats, Standard",2024-03-12,CONTROL_International_Womens_Strike_2017_2024,single,True,0,"In, The, To"
https://www.telegraph.co.uk/world-news/2024/03/12/police-station-rats-eat-confiscated-marijuana-new-orleans/,The Telegraph,Rats eat confiscated marijuana from police station’s evidence room,"Superintendent says New Orleans’ force headquarters is infested with rodents in appeal to move officers into a new high-rise building

A pack of rats invaded a New Orleans police station and ate a stash of marijuana in the building’s evidence room.

Anne Kirkpatrick, the police superintendent, told the city council on Monday that an infestation of the rodents had played havoc with the force’s headquarters.

“The rats are eating our marijuana,” she told the council’s criminal justice committee. “They’re all high.”

The story of the skunk-swallowing rodents was Ms Kirkpatrick’s best attempt to persuade the New Orleans authorities to allow police to move into a new high-rise building, after months of maintenance issues at their current premises.

Ms Kirkpatrick said the building on New Orleans’s Broad Street had become infested with cockroaches, rats and other pests, which defecated on officers’ desks and destroyed police property.

“It is not just at police headquarters. It is all the districts. The uncleanliness is off the charts,” she said.

“The janitorial cleaning [team] deserves an award, trying to clean what is uncleanable.”

The 1968 headquarters, which is home to around 400 staff, has suffered from broken elevators and air conditioning, forcing employees to work from home for months at a time.

City council members said they may be required to move New Orleans’s law enforcement authorities into temporary accommodation until a new building can be found.

Oliver Thomas, who chairs the committee, told nola.com that he was “surprised” to hear of rats eating cannabis from the evidence room.

However, the Louisiana rat pack is not the first example of rodents disrupting drug enforcement operations.

In 2022, a court in Uttar Pradesh, India, reported that rats had chewed through more than 200 kilograms of contraband cannabis in three separate police stations.

Sanjay Chaudhary, the judge, noted: “Rats are tiny animals and they have no fear of the police. It’s difficult to protect the drug from them.”

A study by Indiana University–Purdue University Indianapolis and Indiana University Bloomington on the effect of marijuana on rodents reported in 2019 that they “tended to become less active and their body temperature also was lowered”.

The paper said that mice were found to voluntarily consume cookies laced with THC, the active ingredient in cannabis, even after discovering its effects.",Tony Diver,"Drugs, Rats, New Orleans, Standard, World News, US News, USA, US content",2024-03-12,CONTROL_International_Womens_Strike_2017_2024,single,True,0,"In, The, To"
https://www.telegraph.co.uk/news/2024/03/12/covid-inquiry-biased-say-scientists/,The Telegraph,"Covid Inquiry appears fundamentally biased, say scientists","Leading academics claim process ‘not living up to its mission’ by failing to examine costs of lockdown

The Covid Inquiry appears to be “fundamentally biased” and is failing to examine the costs of lockdown, leading scientists have warned.

In a letter to Baroness Hallett, the inquiry chairman, the group of 55 professors and academics express their concerns that the process is “not living up to its mission” to evaluate the mistakes made during the pandemic, assess whether Covid measures were appropriate, and to prepare the country for the next pandemic.

They warn that a “lack of neutrality” means the inquiry “gives the impression of being fundamentally biased” and appears to have led to “predetermined conclusions, for example, to lockdown faster next time”.

In the letter published on Tuesday, the group states that the inquiry is neglecting to hear evidence from those who suffered from the “negative effects” of pandemic policy decisions, or scientists who disagree with choices made by the government.

As the second module of the inquiry comes to a close, they call for this to be urgently addressed and greater focus to be placed on the “economic and social cost of Covid policies to British society”.

The letter was organised by Dr Kevin Bardosh, an expert in infection medicine at Edinburgh University and Prof Sunetra Gupta, an epidemiologist at Oxford University.

Worklessness ‘worrying trend’

It comes as Richard Hughes, chairman of the Office for Budget Responsibility (OBR), warned on Tuesday that worklessness had become a “worrying trend” in the economy since the pandemic.

Mr Hughes told the Treasury select committee that the economy had been growing as a result of net migration but now the economy was suffering from a reversal in its workforce amid “rising levels of inactivity and a falling participation rate”.

He said: “It looks as though persistently high levels of inactivity seem to be a feature of the post-pandemic environment and one which is worrying from the point of view of human welfare.”

So far the Covid Inquiry has examined the Government’s resilience and preparedness, as well as decision making and political governance across the UK.

The next set of inquiry modules include one on the Government’s business and financial response, and another focussing on education, children and young people. Academics hope the cost of lockdown policies will be scrutinised more closely in these upcoming sections of the inquiry.

The group includes academics from York, Durham, Bristol and Exeter universities as well as Imperial College London and King’s College London, in fields ranging from global health policy and medicine to ethics, law and statistics.

Dr Bardosh, who is director of Collateral Global, a British think-tank which was set up to examine pandemic policies, told the Telegraph ahead of the publication of the letter that he wanted to write to Lady Hallett before the list of “core participants” is drawn up for the next set of modules.

While anyone can submit evidence to the inquiry, “core participant” groups enjoy special status, including the right to representation and the ability to make legal submissions, suggest questions for witnesses and receive disclosure of documentation.

‘Time to recognise their biases’

“The letter is an attempt to get the inquiry to recognise that they have got some things wrong, they still have time to redirect it to be more impartial,” Dr Bardosh said.

“It is really important that the inquiry recognises they have had these biases and shortcomings in Modules One and Two so they don’t carry it over into the other modules.”

Previously, MPs have written to Lady Hallett to urge caution about the direction of the inquiry. But this is the first time that a group of eminent academics have raised concerns.

The letter goes on to say that the inquiry is taking “key assumptions for granted instead of examining and critiquing them”.

It states: “The consensus position in pre-2020 pandemic plans was that non-pharmaceutical interventions, including lockdown, had weak evidence of effectiveness, and were predicted to cause substantial harm to society, especially if used for prolonged periods.

“This informed the initial response to Covid in early 2020. Yet, the Inquiry assumes that these measures are effective and appropriate. As a result, it downplays the harms to society caused by two years of emergency infection control mandates.”

The academics also note that the inquiry “lacks impartiality” in the selection and questioning of expert witnesses.

“It has given preferential treatment to scientific advisers on Sage, who have a vested interest in maintaining the justification for their policy recommendations,” they say.

‘Confrontational rather than inquisitorial’

“Very few scientists with an alternative position have been asked to testify, and the Inquiry has been confrontational rather than inquisitorial in its questioning of these views.

“The Inquiry has not seriously questioned the hypotheses and assumptions offered to government, especially from government appointed modellers, which were used to justify Covid policies. Neither has it seriously examined the social and economic costs of lockdown.”

Sage is the Government’s Scientific Advisory Group for Emergencies.

A spokesman for the inquiry said: “The Inquiry was established in June 2022 and is entirely independent. Lady Hallett, chairman of the Inquiry, has said repeatedly that she will not reach any conclusions until she has considered all of the evidence; that includes the written evidence.

“The Inquiry does not act on assumptions and has called expert witnesses who question the use of lockdowns and other interventions, as well as experts who advised on the imposition of lockdowns.

“The Inquiry will consider important issues such as the impact of lockdowns, key scientific and policy questions as well as population health and wellbeing in forthcoming modules. Our modular approach is clearly set out on our website and we will report during the lifespan of the Inquiry, with the first report scheduled for this summer.”","Camilla Turner, Neil Johnston","Pandemics and epidemics, Covid Inquiry, UK coronavirus lockdown, Standard, News",2024-03-12,CONTROL_International_Womens_Strike_2017_2024,single,True,0,"In, The, To"
https://www.telegraph.co.uk/news/2024/03/12/finance-boss-allegedly-destroyed-business-of-entrepreneur-w/,The Telegraph,Entrepreneur claims financier destroyed her business after complaint about his behaviour,"Attempt allegedly made to ‘suffocate and kill’ company following ‘major falling out’

A finance boss “destroyed” an entrepreneur’s bamboo electric toothbrush company after she complained about his behaviour, a court has heard.

David Slinger, 71, co-director of corporate finance company Synergy in Trade faces allegations from businesswoman Sophie Perhar, 46, that he had “improper motives” for calling in administrators to “suffocate and kill” her business after the pair had “a major falling out”.

London’s High Court heard that Mrs Perhar launched The Sustainable Bathroom Company in January 2019 as a wholesaler of environmentally friendly bathroom products developed by herself. By early 2022, the company had a supply agreement with Aldi, the German supermarket chain.

In April of that year, Synergy agreed to lend the company up to £350,000 over three years to meet manufacturing costs in return for a 30 per cent share of profits.

The toothbrushes were made in China and supplied to Aldi, with payments from the retailer due to go into an account controlled by Synergy, so that the finance company could be paid back.

But Aldi were provided with the wrong bank details and payments for more than €500,000 went into another business account controlled by Mrs Perhar instead. Mrs Perhar then went on to pay out around €329,644 from the account to meet other “urgent” debts, the court heard.

Subsequently, on 5 June last year, she received a demand for repayment of the loan, plus interest, on the basis that she had breached the terms of her company’s borrowing agreement.

Just three hours later, Mr Slinger, acting as a secured creditor, put The Sustainable Bathroom Company into administration.

Mrs Perhar is now suing, claiming that Synergy had “approved” her making the payments, rather than transferring the money to her lender.

She told Mr Justice Michael Green that she believes Synergy had no legal right to put her company into administration and that Mr Slinger appointed administrators for “vindictive” and “improper” reasons – allegations which his barrister James Morgan KC told the judge are “hotly contested.”

She told the judge he was “very angry” with her after she “went to his female business partner and complained about his inappropriate conduct” towards her.

The full details of the alleged conduct have not been made public, but she told the judge Mr Slinger had made “veiled threats that he could ruin my business, whilst at the same time talking to me inappositely about his personal life”.

In her written submissions, Mrs Perhar argued that the administration order was “unlawful,” adding: “The nature of the business was trading with large supermarkets and the day the company was put into administration Mr Slinger knew that this business was instantly suffocated and killed.

“Mr Slinger’s entire improper motivation was to cause as much hardship and pain for Mrs Perhar under threats of bankruptcy.”

A full trial of Mrs Perhar’s claim is set to take place later this year, but the case reached court last week as she appealed against preliminary findings made by a judge last August.

The judge had ruled that she breached the terms of her loan agreement with Synergy. However Mrs Justice Green allowed Mrs Perhar’s appeal, overturning the findings of breach made by the lower judge. He said it would be decided at the full trial whether Synergy was entitled to appoint administrators.

The administration of The Sustainable Bathroom Company Ltd will be put on hold until after the full trial.",Telegraph Reporters,"Crime, Aldi GmbH, Standard, News",2024-03-12,CONTROL_International_Womens_Strike_2017_2024,single,True,7,"Free, Irs, Tax"
https://www.telegraph.co.uk/news/2024/03/12/foreign-governments-poll-owning-uk-media-firms/,The Telegraph,"Foreign governments should not be allowed to own UK media firms, say two thirds of voters","Majority of poll respondents say platforms should remain in British hands as UAE-backed takeover of The Telegraph hangs in the balance

Two thirds of voters believe that foreign governments should not be able to own UK media organisations, an opinion poll has found.

The survey of 5,299 adults by Lord Ashcroft, the former Tory donor-turned-pollster, posed the question as the United Arab Emirates-backed takeover of The Telegraph hangs in the balance.

Respondents were told about the Telegraph bid and asked “whether foreign governments should be involved in the ownership of UK media outlets”.

Some 66 per cent of those polled agreed that “foreign governments should not be allowed to own UK media outlets, directly or indirectly”.

Opposition highest among Tory voters

In contrast, 14 per cent of respondents said that it should be allowed as long as the owners do not influence what the outlets publish or broadcast, while 5 per cent said there was “no problem” with the arrangement. The rest selected the “don’t know” option.

A breakdown of responses by how people voted at the last general election revealed that opposition to foreign government ownership was highest among Tory voters, at 76 per cent.

RedBird IMI, a fund that is 75 per cent financed by the UAE, is trying to gain control of The Daily Telegraph, The Sunday Telegraph and The Spectator magazine.

The result of investigations into the bid by Ofcom, the media regulator, and the Competition and Markets Authority have now been handed to the Culture Department, with no decisions yet announced.

But government ministers have been considering an intervention on Wednesday to head off an amendment from a Tory peer seeking to give Parliament a veto on foreign state ownership.

Takeover amendment tabled

Baroness Stowell, the Tory chairman of the Communications and Digital Committee, has tabled an amendment to the Digital Markets, Competition and Consumers Bill.

It would require both the House of Commons and the House of Lords to approve any proposed foreign state takeover of a UK newspaper before it were allowed to go ahead.

However, government ministers are understood to be looking at proposing their own law change on Wednesday.

Parliament veto

One option which has been drawn up would see the law changed to make foreign state ownership of UK media firms much more difficult. Another would bring in a Parliament veto.

Wrangling between ministers, officials and Lady Stowell was said to be continuing on Tuesday night.

If the Government promises a new amendment in Wednesday’s debate it will be possible for the exact wording to be laid at the Bill’s third reading, which is not usually allowed.

It is understood that the government amendment, if announced, would be attached to the Digital Markets, Competition and Consumers Bill but apply to the existing Enterprise Act.

Protect editorial independence

Both sides were being tight-lipped on behind-the-scenes negotiations on Tuesday. Should a compromise be reached, it will likely be announced in the Lords on Wednesday afternoon.

MPs from across the aisle have raised the alarm about the implications of The Telegraph being majority-owned by Abu Dhabi, with some raising press freedom concerns.

Any government law change making it harder for foreign state ownership of UK newspapers is expected to apply to any deal not yet passed, meaning it could impact the Telegraph sale.

RedBird IMI has pledged to protect editorial independence with legally binding undertakings that the UAE will be a passive investor only and that management of The Telegraph will be the sole responsibility of RedBird, the US private equity firm providing a quarter of the purchase price.",Ben Riley-Smith,"Polls, Media Outlets, Telegraph sale, US content, Standard, News",2024-03-12,CONTROL_International_Womens_Strike_2017_2024,single,True,0,"In, The, To"
https://www.telegraph.co.uk/news/2024/03/12/paul-o-grady-will-fortune-dogs-battersea-cats-money/,The Telegraph,Paul O’Grady gave part of £15.5m fortune to his dogs,"Television presenter left £125,000 for care of his five pets as well as donations to three animal charities

Paul O’Grady’s gave a share of his £15.5 million to his five dogs in his will.

The television presenter left £125,000 to the care of his beloved pets along with £500,000 to the Battersea Cats and Dogs Home, which was the focus of ITV’s For the Love of Dogs.

O’Grady, who died last March, aged 67, left a total of £775,000 to a series of organisations, including donations of £50,000 to elephant and orangutan charities.

He also donated £50,000 to the Salvation Army, which he had supported throughout his life after seeing the difference they made in his home town of Liverpool as he was growing up.

A friend close to him said in an interview with the Sun: “This is typical of Paul as he put his money where his mouth was by leaving cash to charities that had special meaning to him.

“And though £125,000 seems like a lot of money to spend on his dogs, they also meant the world to him and he wanted to ensure they always receive the best love and care.”

The majority of his estate is expected to be divided up between Andre Portasio, his widower, Sharon Mousley, his daughter and Sheila Rudd, his sister.

Joan Marshrons, his agent, is also in his will, which he drew up in 2017, along with nine others including Milo and Otis Sainsbury, his godchildren.

Ms Marshrons will care for his dogs – Nancy, Arfur, Conchita, Eddie, and Sausage – under instructions set out in his will, which said: “The legacy shall mean £25,000 in respect of each animal. I direct that Joan shall take over the responsibility of each animal… to use each legacy for the upkeep and maintenance of each animal until its death.”

The Indian Wildlife Trust, known as Wildlife SOS, and the Sepilok Orangutan Rehabilitation Centre in Borneo, also benefited from £100,000 between them.

Mr O’Grady died of cardiac arrhythmia on March 28.",Liz Perkins,"Celebrity News, Standard, Dogs, Charities, News",2024-03-12,CONTROL_International_Womens_Strike_2017_2024,single,True,0,"In, The, To"
https://www.telegraph.co.uk/news/2024/03/12/sharon-stone-names-producer-sex-billy-baldwin-sliver/,The Telegraph,Sharon Stone names producer who urged her to have sex with co-star,"Basic Instinct actress says she was advised to sleep with Billy Baldwin while filming Sliver to boost their ‘chemistry on screen’

Sharon Stone has named the producer who allegedly put pressure on her to have sex with a co-star so they would have better “chemistry on screen”.

The Basic Instinct actress, 66, claimed Robert Evans had encouraged her to sleep with Billy Baldwin while they were shooting the 1993 thriller Sliver in order to boost his performance in front of the camera.

Evans, who won an Oscar for Chinatown in 1975, apparently told her that sleeping with her on-screen lover would “save the movie” and “get things back on track”.

Stone said she was seen as the film’s “real problem” because she did not want to have sex with Baldwin and had encouraged the studio to hire a better actor instead.

She claimed that Evans, who was married seven times and died in 2019, called her into his office to put pressure on her.

Stone told the Louis Theroux Podcast: “He called me to his office. He had these very low 70s/80s couches, so I’m essentially sitting on the floor when I should have been on set.

“And he’s running around his office in sunglasses explaining to me that he slept with Ava Gardner and I should sleep with Billy Baldwin, because if I slept with Billy Baldwin, Billy Baldwin’s performance would get better, and we needed Billy to get better in the movie because that was the problem.

“The real problem with the movie was me because I was so uptight, and so not like a real actress who could just f--- him and get things back on track,” she added. “The real problem was I was such a tight a---.”

Evans was widely praised as a visionary director for his production work, including in the first two Godfather films.

But his career declined as his drug addictions took hold and in 1980 he was given a suspended prison sentence for cocaine trafficking.

Stone recalled the incident in her 2021 memoir, The Beauty of Living Twice, but did not name Evans or Baldwin at the time.

She wrote: “He walked back and forth in his office with the balls falling out of the spout and rolling all over the wood floor as he explained to me why I should f--- my co-star so that we could have on-screen chemistry.

“Nobody’s that good in bed. I felt they could have just hired a co-star with talent, someone who could deliver a scene and remember his lines.”

Writing on X, formerly Twitter, Billy Baldwin, 61, and said: “Not sure why Sharon Stone keep talking about me all these years later?

“Does she still have a crush on me or is she still hurt after all these years because I shunned her advances? Did she say to her gal pal Janice Dickinson the day after I screen tested and ran into them on our MGM Grand flight back to New York.

“I’m gonna make him fall so hard for me, it’s gonna make his head spin.

“I have so much dirt on her it would make her head spin but I’ve kept quiet.”

He added: “The story of the meeting I had with Bob Evans imploring him allow me to choreograph the final sex scene in the photo below so I wouldn’t have to kiss Sharon is absolute legend.

“Wonder if I should write a book and tell the many, many disturbing, kinky and unprofessional tales about Sharon? That might be fun.”

Sliver was widely criticised when it was released, earning Razzie and Stinker awards for the worst film of the year.

‘No suspense, no drama, no logic’

One review lamented there was “no suspense, no drama, no tension, no logic” and called Baldwin’s performance “unbearably flat”.

Stone also told the podcast that she lost custody of her adopted son, Roan, because of her role in Basic Instinct, filmed a year before Sliver.

In one famous scene, her character is being interrogated by the police when she slowly uncrosses and crosses her legs, revealing that she is not wearing any underwear.

More than a decade later, a judge asked Roan during a custody battle if he knew that “your mother makes sex movies?”.

He eventually decided that the eight-year-old should stay with Phil Bronstein, Stone’s former husband. The couple had adopted Roan in 2000 following a string of miscarriages.

Stone said the loss of her son left her in “shock”, causing her to stop eating and eventually ending up in hospital.

Referring to the scene, she said: “Because of that, people tried to diminish me as a person [for] playing this incredibly powerful, manipulative, sociopathic character and for playing it well.

“But because you saw this quarter of a frame up my skirt, they wanted to diminish me as a human being, me personally, the woman who played the part. And I mean, I lost custody of my child over that.

“The judge said that I made sex films. The judge asked my tiny child if he knew that his mother made sex films. I was in shock.

“I ended up in the Mayo Clinic with an extra heartbeat in the upper and lower chambers of my heart, because I just stopped eating.”

She added: “I didn’t even know what was happening to me. I was just so confused that I could play a part for three months and lose my child.”",Benedict Smith,"US News, Celebrity News, US content, Standard, Film industry, News",2024-03-12,CONTROL_International_Womens_Strike_2017_2024,single,True,0,"In, The, To"
https://www.telegraph.co.uk/news/2024/03/12/tate-lyle-caribbean-reparations-indentured-labour/,The Telegraph,Tate and Lyle faces Caribbean demands for reparations over indentured labour,"Sugar refiner among British companies under pressure to compensate countries such as Guyana in expansion of slavery row

Tate and Lyle could face demands from Caribbean nations to pay reparations for profits made from indentured labour, as British companies come under fresh pressure to address their colonial history.

British refiner Tate and Lyle sourced sugar from the colony of British Guiana, now Guyana, where plantations were worked by indentured labourers shipped from India to replace newly freed slaves.

Campaigners in Guyana are planning to demand reparations from the company for its exploitation of indentured labour through new lobbying bodies.

The Telegraph understands that a new set of formal demands being drafted by Caribbean nations will include an insistence that companies that profited from slavery and colonialism should pay reparations.

The revised set of demands, which will be put to Britain and other former colonial powers, will also include new clauses covering indentured labour as well as slavery.

Profited from indentured labour

Under the indenture system, workers agreed to work for a set number of years in exchange for a pay-off at the end, such as land or a return passage to their place of origin, but most never returned after being duped into their bonded labour.

As a company that profited from this labour, Tate and Lyle is set to face a formal call to address its history in future under the expanded demands for reparations.

Dr Eric Phillips, head of Guyana’s Reparations Committee, said that a planned lobbying body which will push for reparations specifically for indentureship will take on the British sugar giant.

He said that a new “Indentureship Commission” would research the history of Tate and Lyle, “quantify the harms” inflicted by the company’s profiting from indentured labour, and then “propose a solution” involving appropriate reparations.

The work of establishing a new official lobbying body to pursue indenture reparations, mirroring the Caribbean region’s slavery reparations commission, is still under way.

Tate and Lyle was formed in 1921 from a merger of sugar refining companies set up by Henry Tate and Abram Lyle, businesses which were founded in 1859 and 1865 and operated following the abolition of slavery in 1834.

However, during the latter half of the 19th century, sugar plantations made use of bonded labour largely recruited from the Indian peasantry, who faced disease, brutal conditions, and a lack of rights under what was termed at the time “a second system of slavery”.

The Tate gallery group, founded with funding from Henry Tate, acknowledged this history in 2019, but Tate and Lyle itself has not made a formal statement on the issue.

More British companies are likely to face calls for reparations from the 14 nations within Caricom (Caribbean Community), whose dedicated Reparations Commission is currently revising a set of formal demands which will be put to the British government.

It is understood that the revised 10 Point Plan for reparative justice will include clauses specifically demanding that companies which profited from slavery atone for their exploitation.

After Black Lives Matter protests in 2020, the brewery Greene King, founded by a slave owner, and Lloyds of London, which insured slave ships, both promised to invest heavily in diversity and inclusion initiatives in response to their connections to slavery.

‘They want to be judge and jury’

However, Guyana’s Dr Phillips has criticised these initiatives, saying: “What Lloyds of London has done is to deliberately confuse corporate social responsibility with reparations.

“It is an insult and shows the indifference of these companies to acknowledging their complicity in crimes against African humanity.

“They want to be judge and jury for their own criminal case. Outrageous and egregious behaviour on their part.”

Mohamed Irfaan Ali, the President of Guyana, believes companies can play a part in the reparations process but has insisted the British government and others must address the issue fo slavery.

He told the Telegraph: “The slaughter of our indigenous populations, the Trans-Atlantic Trade in captive Africans, and slavery, were institutionalised systems supported and sanctioned by European governments.

“We are not averse to those companies and individuals who were complicit in crimes against humanity from making apologies and being part of a system of reparative justice.

“But we believe that it would be much better for the governments of the nations involved to set the example and to accept their countries’ culpability in these crimes against humanity.”

Tate and Lyle, Greene King and Lloyds of London have been contacted for comment.",Craig Simpson,"Caribbean, Sugar, UK News, Slavery, Standard, News",2024-03-12,CONTROL_International_Womens_Strike_2017_2024,single,True,1,"De, En, La"
https://www.telegraph.co.uk/politics/2024/03/12/labour-police-anti-semitic-islamophobic-non-hate-crime/,The Telegraph,Labour will order police to record anti-Semitic and Islamophobic non-hate crime incidents,"Shadow home secretary Yvette Cooper says this plan would enable officers to identify and track individuals who might pose a threat

A Labour Government would require police to record non-hate crime incidents of anti-Semitism and Islamophobia under plans to combat extremism, Yvette Cooper has pledged.

She believes there needs to be a zero-tolerance approach to ensure that anti-Semitic and anti-Muslim hatred that falls short of criminality is recorded by the police, including the perpetrators’ names.

It would reverse a decision by Suella Braverman, the former home secretary, to downgrade the monitoring of non-crime hate incidents, so that those specifically related to anti-Semitism and Islamophobia could be logged by police.

In an article for The Telegraph, the shadow home secretary also said the Government needed to make sure that anti-Semitic and Islamophobia hate crimes faced the “full force of the law”.

In her article, Ms Cooper said the Government’s response to growing extremist threats had been “too slow, too confused and at times completely counterproductive”.

She made the comments before an announcement on Thursday by Michael Gove, the Communities Secretary, of a new official definition of extremism that will enable the Government and bodies such as universities and councils, to ban funding for or engagement with Islamist and far-Right groups.

The definition, which will replace the existing Prevent counter-terror programme’s definition, will enable Government and public bodies to bar groups from venues or campuses and block funding if they are judged to be promoting an extremist ideology that “undermines” or “overturns” British values.

Ms Cooper said the Government needed to set out a “comprehensive strategy, not simply a new definition”, especially since ministers had failed to update the strategy for nine years.

Setting out a three-point plan, she said the new strategy needed to draw on “wide community engagement including working with schools, faith groups, local councils, universities, workplaces and regulators”.

She backed the proscription of Hizb ut-Tahrir as a terrorist organisation and urged the police to take “robust action” against the minority of demonstrators on pro-Palestinian protests supporting proscribed terrorist groups or promoting “vile” anti-Semitism.

“There is a historic tradition of peaceful protest in Britain but we can never stand for security threats,” said Ms Cooper.

She said there also needed to be a “new and effective hate crime action plan”. This would include reversing the current presumption, specifically for anti-Semitic and Islamophobic hate, that personal data on perpetrators of such hate should only be recorded by police where there is a “real risk” of significant harm or future criminal offending.

Labour believes such a move would enable police to better map anti-Semitic and anti-Muslim abuse and identify and track individuals who might pose a threat to Jewish or Muslim communities.

Ms Cooper said the Government also needed to review whether there needed to be changes to the law to tackle “hateful extremism”, as recommended by Sir Mark Rowley, the Metropolitan Police Commissioner, and Sara Khan, the former counter-extremism tsar.

Two years ago, Sir Mark authored a review with Ms Khan which found that extremists were able to operate with “impunity” in the UK and incite hatred because of a “gaping chasm” in British legislation. They argued that the gaps meant extremists could steer their way around the law to glorify terrorism without being prosecuted.

Ms Cooper said online radicalisation needed to be at the heart of any new plan to tackle extremism. She cited Matt Jukes, the head of UK counter-terror police, who warned in January of a “new radicalisation moment” based in large part on the “extraordinary amount” of misleading and hateful online content.

“Last week, we found examples of extremist and criminal antisemitic and Islamophobic content on X within minutes of searching, and despite reporting it, much of the content remains online,” she said.

Ms Cooper backed the call by three former Tory home secretaries - Dame Priti Patel, Amber Rudd and Sir Sajid Javid - for a united, non-party political approach to tackling extremism.

To defeat extremists and strengthen our democracy, we must do so together

Serious action is needed to challenge and defeat extremism in our country. Our democracy and communities have always been resilient and strong, but only because each time we have been tested by terrorism, extremist violence or dangerous hate, we have come together to face it down.

Countering those threats is more important now than ever - at a time when anti-Semitism reports have risen to a record high, Islamophobia reports have trebled and counter-terror police chiefs have warned about growing online radicalisation with increased risks from both Islamist and far-Right extremists.

But it requires serious leadership and a long-term plan driven by the need to keep communities safe, not headline-chasing or short-term political games. Thus far the Government’s response to growing extremist threats has been too slow, too confused, and at times completely counter-productive. We can’t carry on like this. So, as ministers prepare to make new announcements on extremism this week, I urge them to work with communities and on a constructive cross-party basis, to build the consensus needed to tackle this scourge head-on.

For a start that means the Government needs to set out a comprehensive strategy not simply a new definition. The last Countering Extremism Strategy was nine years ago and there has been a damaging failure to update it since then.

It must draw on wide community engagement including working with schools, faith groups, local councils, universities, workplaces and regulators. Rightly, the Government has proscribed Hizb ut-Tharir and rightly the police must take robust action against the small number of demonstrators supporting proscribed terrorist groups or promoting vile antisemitism.

There is a historic tradition of peaceful protest in Britain but we can never stand for security threats. But the Countering Extremism Strategy needs to be much wider, and it needs to address the fact that in too many communities, the networks that used to work together to counter extremism and toxic ideologies have been hollowed out. It must also be linked to the more targeted Prevent programme – but unbelievably, in some key areas, the Government is currently cutting the Prevent programme back.

Secondly, online radicalisation needs to be at the heart of the new plan. This is one of the areas that troubles counter-terror police the most. Matt Jukes warned in January of a “new radicalisation moment” based in large part on the “extraordinary amount” of misleading and hateful online content. But the Government has done nothing in the months since then. Last week, we found examples of extremist and criminal antisemitic and Islamophobic content on X within minutes of searching, and despite reporting it, much of the content remains online.

Thirdly, we need to make sure that antisemitic and Islamophobic hate crimes face the full force of the law. That requires a new and effective Hate Crime Action Plan. The former head of UK counter-terror police has spoken on multiple occasions about the failure to address hate crime, creating a “permissive environment capable of pushing the most extreme ideologues over the edge”, and yet last month, the Government revealed they have abandoned the promised new Hate Crime Strategy. Nor have they yet responded to the calls from Sir Mark Rowley and Sara Khan to look at certain gaps in the law.

So far, it appears the Government is not planning to do any of these things but is instead focused on a new definition of extremism that they haven’t consulted anyone on. We will scrutinise it when it is published. But the test for the Government on this new plan is not about the headlines they garner, it is about whether our communities are more safe and secure as a result.

The previous home secretary Suella Braverman spent her time ramping up the rhetoric, including irresponsibly inflaming tensions against the police. Rather than sowing seeds of division we know will make things worse, this work has to be about building consensus and marginalising hate.

On Monday, three former Conservative home secretaries and many other experts urged ministers to “build a shared understanding of extremism and a strategy to prevent it”, rather than playing short-term party politics. Rightly they argue that to defeat extremists and strengthen our democracy, we must do so together.

The Government must listen to their advice.",Charles Hymas,"Labour Party, UK News, Anti-Semitism, Politics, Islamophobia, Standard, News, Extremism, Metropolitan Police Service, Yvette Cooper",2024-03-12,CONTROL_International_Womens_Strike_2017_2024,single,True,1,"De, En, La"
https://www.telegraph.co.uk/racing/2024/03/12/cheltenham-festival-2024-willie-mullins-opening-day/,The Telegraph,Willie Mullins has opening day to remember – as nephew wins race named in honour of mother Maureen,"Irish trainer bags hat-trick at Prestbury to close in on century of Cheltenham Festival wins

Already this year, the Prestbury Cup, the annual face-off between British and Irish trainers across the Cheltenham Festival, looks like a non-event. After the first day, the score stands 6-1 to Ireland. Though frankly, even if the Cup was restricted to Great Britain against the County Carlow trainer Willie Mullins, it would still be a formality. Mullins would simply walk it.

It was a day that reinforced the Irishman’s pre-eminence at the festival: across the seven races, he trained six of the favourites. After missing out in the opening race here, he closed in on his century of Cheltenham winners with victory in three of the following chases, including the big one the Champion Hurdle. Good things, clearly, come to those who wait.

His Cheltenham score now stands on 97. And there appears to be no nervous nineties as he closes in on his ton. Indeed, the bookies, who know a thing or two about certainties, long ago refused to take any bets on him reaching that mark by Friday.

Everyone knows he will do it. Because the domination of this year’s Cheltenham by the Irish trainer is about as unexpected as Pep Guardiola still being in with a chance of winning the Treble: the best tend to come out on top. There is no secret, no hidden ingredient, nothing covert about his approach. He wins because he knows what to do with the increasingly excellent horses being placed under his control.

Indeed, it is a measure of Mullins’ reach that Henry de Bromhead, the Irish trainer who held him at bay by winning the opener with Slade Steel, ridden by his brilliant house jockey Rachael Blackmore, has been reduced to the supporting cast. De Bromhead seemed genuinely surprised as he stood in the winners enclosure after his victory that anyone wanted to speak to him. After all, Mullins was standing not far away.

Nobody minds his smothering control when money is being made

John Inverdale, the veteran broadcaster, has suggested that such is Mullins’s overwhelming domination, we are in danger of seeing jump racing reduced to the level of Formula One: a lengthy procession behind the four-legged equivalent of Red Bull. But if that is a worry, it was clearly not one shared by the thousands of racing enthusiasts ramming into the festival grandstands.

British crowds tend to favour the underdog. They like the romance of struggle, of the unexpected, of the outsider. Unless, clearly, they have money on it. When Mullins’s horses – invariably the favourites – won, the noise greeting them as they crossed the finish line was invariably raucous and heartfelt. Nobody seemed to object to his smothering control of the narrative. Not when there was money being made. Because as far as the punters are concerned, this is what Mullins does: he delivers.

As the City financier Rich Ricci will tell you. Gaelic Warrior, the horse he owns, won the Arkle Chase. Ricci never watches the races unfold, turning his back to the action. And has admitted he has never so much as got into a saddle in his life. But, like a stock or a share, he knows how to spot a horse. Or more to the point, he knows how to spot a trainer. He went into partnership with Mullins in 2007. They have never looked back.

“At the time he had finished second in the Irish trainers’ competition seven times on the bounce,” explained Ricci, a man who favours a vociferous style of tweed in his tailoring. “I said: ‘What do you need to go from second to first?’ He said: ‘I just need ammunition.’”

He has been firing ever since. And Ricci knows why. As Gaelic Warrior got a little over-vigorous in the winners’ enclosure, he was obliged to quickly take evasive action. There was no chance of getting a picture of the two of them standing together. “That fella’s big and he’s mad,” he said of the horse.

But it was his opinion of Mullins that was more pertinent. “Training a horse like that, it’s testament to his ability. I’m delighted for him. He’s a good man and a great trainer.”

Mullins himself put it slightly differently. Self-effacing, charming, understated, he deflected the praise onto Paul Townend, the jockey who was aboard all his winners on the opening day.

On tough, heavy terrain on his home gallops in Ireland, Mullins trains his horses to have deep reserves of stamina. Which, on a day when the going was softened by a continuous barrage of rain over the past fortnight, was what made the difference. Better prepared, better readied, better sharpened: this is what develops winners.

Though there must be an increasing consistency of racegoers who are coming round to the belief that there is something else behind the Mullins hold as it becomes ever more dominant. After all, the final race of the day was not one of those that a horse trained by Willie himself won.

Nonetheless, in a race named after his mother Maureen, victory came to Corbetts Cross. And the trainer of that winner? Emmet Mullins, Willie’s nephew. There must be something in the name.",Jim White,"Cheltenham Festival, Comment, Racing, Sport",2024-03-12,CONTROL_International_Womens_Strike_2017_2024,single,True,0,"In, The, To"
https://www.telegraph.co.uk/travel/news/southend-london-airport-glory-days-regional-travel/,The Telegraph,How Southend Airport wants to bring back the glory days,"Passenger numbers at London’s smallest airport have fallen almost 90 per cent in five years, but things are finally looking up again

Five years ago, Telegraph Travel reported on London Southend’s “remarkable renaissance”. Two million passengers departed the Essex airport in 2019 on 9,467 flights, a year-on-year increase of around 30 per cent.

“Southend is the fastest growing airport in the country – and this week rolled out the red carpet for its newest airline: the low-cost behemoth that is Ryanair,” we wrote. Routes at the time included Prague, Barcelona, Bergamo, Bilbao and Alicante. It seemed the only way was up.

Since then, however, things have gone rather awry. Ryanair left in 2021, as pandemic-era rules around air travel took their toll, and four of the five routes listed above are no more. Only 475 departures were recorded in 2023 – a 95 per cent fall on the 2019 figure. As I write this, London Southend’s daily departures board shows just two flights: EasyJet Flight 7858 to Amsterdam, and EasyJet Flight 7989 to Alicante (delayed by 45 minutes). Southend has gone from being Britain’s fastest growing airport to its most rapidly spiralling.

But a glimmer of hope has emerged. The airport’s owner, Esken (formerly the Stobart Group) has reportedly agreed a deal to hand control over to Carlyle, the US private-equity firm to which it is £193.75 million in debt. The deal includes £32 million of new funding to help secure the airport’s future. And as the news was breaking, EasyJet announced extra summer services from Southend to Palma de Mallorca, Paris and Faro, the gateway to the Algarve. Perhaps the glory days could be returning for London’s smallest airport.

A chequered history

Older readers might recall that Southend, during the Sixties, was actually Britain’s third busiest hub, behind only Heathrow and Manchester.

During that heyday it handled nearly 700,000 passengers a year with services to destinations including Paris, Ostend, Rotterdam and the Channel Islands. British United Air Ferries, which specialised in cross-Channel flights carrying cars and their owners, became synonymous with Southend. But competition from standard cross-Channel ferry services and the growth of Stansted and Luton airports ushered in its rapid decline.

The seeds of its revival were sown in 2008, when it was bought for £21 million by the Stobart Group, which then spent more than £100 million regenerating it. EasyJet began services from Southend in 2012; Flybe joined soon after. The arrival of Ryanair in 2019 seemed certain to cement its place as a modestly successful yet unheralded alternative for those living in London and Essex.

It was also, at the time, winning the praise of passengers tired of the experience at the capital’s more crowded hubs. The readers of consumer magazine Which? rated Southend London’s best airport for four consecutive years, and in its 2018 poll – which examined eight categories including baggage reclaim, seating, toilets, queues at security and passport control – it achieved an overall score of 84 per cent, putting it behind only Doncaster-Sheffield among all Britain’s airports. Bigger isn’t necessarily better.

Then came Covid. The pandemic made many people reluctant to travel, two years of ever-changing rules hindered those who did want to get away, and financial support from the Government was often labelled insufficient. Then, just as holidays were returning to normal, rising energy costs began forcing both businesses and millions of Britons to tighten their belts.

The British airports on the brink

Southend is far from the only UK airport battling to get back to its best. Data from aviation analysts OAG shows that only three of Britain’s airports have reached their pre-Covid heights. Southend’s 1,064 scheduled departures in 2024 – though a number of flights may still be added – represents a fall of almost 89 per cent.

Southampton is another airport facing an uncertain future. It welcomed a record 2.1 million passengers on 19,988 departures in 2017. This year only 7,266 departures are scheduled (down 53.7 per cent). It was hit hard by the failure of Flybe in March 2020, as well as the collapse of the relaunched Flybe, which had been planning to return to Southampton, in January 2023. It is hoped a runway extension, which was completed last September, allowing larger aircraft to visit, will help it stay profitable.

Then there’s Exeter, another former Flybe hub. It saw 6,985 departures in 2019, but only 2,335 are scheduled for 2024 (down 66.6 per cent). It needed £5 million of taxpayer cash to stay afloat during the pandemic, and continues to lose money.

All will be desperate to avoid the fate of Doncaster-Sheffield, which closed entirely in 2022, despite experiencing its busiest ever year in 2019, when it welcomed 1.4 million passengers on 4,615 departures, to destinations as diverse as Gdansk, Vilnius, Malaga, Amsterdam and Tenerife, and despite its popularity with fliers (as per the Which? surveys).

Will London Southend bring back the glory days?

So what is London Southend’s ceiling? Can it hit two million annual passengers again? The airport is certainly bullish about the future. A spokesperson said: “In terms of our near-term growth plans, we’re aiming to beat our previous high of two million passengers (from 2019) in the next two to three years. By 2030, we’re projecting to be serving more than five million passengers per year.”

CEO John Upton, in a statement, added: “With a fast-growing population of approaching eight million within an hour [of the airport], and with other London airports facing a capacity cliff-edge, we are ideally placed to serve those airlines looking to grow their operations in the London market. We are also already seeing our passenger volumes double year-on-year with EasyJet again announcing more route capacity.”

An aviation expert expressed doubt that reality will match these lofty ambitions, however. OAG’s John Grant said: “[The deal with Carlyle] finally gives a clarity of ownership and subsequent direction, and London could certainly do with the extra capacity. But can they ever achieve the passenger numbers seen previously? Probably not – those volumes were achieved at giveaway rates and losses. Realistically, they are perhaps an 800,000 annual passenger-type facility.”",Oliver Smith,"News, Travel, US content, Southend, Standard, Airport",2024-03-12,CONTROL_International_Womens_Strike_2017_2024,single,True,0,"In, The, To"
https://www.telegraph.co.uk/world-news/2024/03/12/ghislaine-maxwell-appeal-hearing-prosecution/,The Telegraph,"Ghislaine Maxwell ‘should never have been prosecuted’, say lawyers in appeal hearing","The disgraced socialite was convicted in 2021 of recruiting and grooming four underage girls

Ghislaine Maxwell should never have been prosecuted for sex trafficking, her lawyers argued as they launched an appeal of her 20-year prison sentence.

The US government decided to “take another shot” at the disgraced socialite because of media pressure, they claimed.

Maxwell, 62, was convicted in 2021 of having recruited and groomed four underage girls for Jeffrey Epstein, the paedophile and billionaire financier.

However, her lawyers argue that she was immune from the charges because of a plea deal that Epstein struck in 2008, in which he pleaded guilty to state prostitution charges to end a federal investigation.

Diana Fabi Samson, acting for Maxwell, said the agreement, though struck in Florida, gave Maxwell immunity across the US.

Ms Fabi Samson went on to claim that Maxwell’s prosecution “strikes a dagger” into trust between the government and defendants, suggesting that it could imperil future plea agreements.

“That promise was fulfilled for many years until 2018 when certain articles in the Miami Herald brought renewed interest in the case,” she said.

“The result of that was the justice department looked into the matter and the Southern District of New York decided to take another shot.”

Reporting by the Miami Herald brought to light the testimonies of dozens of women who said they had been abused by Epstein.

It also reported the details of what it characterised as Epstein’s “sweetheart deal”, which a federal judge later ruled was illegal.

Andrew Rohrbach, acting for the US government, said there was no “affirmative intent” for the agreement to “bind the southern district of New York or any other districts in the nation.”",Benedict Smith,"Jeffrey Epstein, Ghislaine Maxwell, USA, US content, Standard, World News",2024-03-12,CONTROL_International_Womens_Strike_2017_2024,single,True,0,"In, The, To"
https://www.telegraph.co.uk/world-news/2024/03/12/radhika-merchant-speech-borrowed-sarandon-ambani/,The Telegraph,"Radhika Merchant, marrying into super-rich Ambani family, ‘borrows’ marriage speech","Pre-wedding speech given in front of Bill Gates and Ivanka Trump seems to have a lot in common with dialogue from a Susan Sarandon film

A woman marrying into Asia’s richest family appears to have borrowed part of a pre-wedding speech she gave in front of Bill Gates and Ivanka Trump from a Susan Sarandon film.

The extravagant pre-wedding celebrations earlier this month of Radhika Merchant and Anant Ambani, the son of India’s richest man, are thought to have set the family back more than £100 million, with the singer Rihanna performing for guests.

Now footage of the speech suggests Ms Merchant drew inspiration from the movie Shall We Dance, which features Sarandon, Richard Gere and Jennifer Lopez.

Clip viewed online

A clip which cuts between the speech given by Ms Merchant and one given by Sarandon’s character has been viewed thousands of times online.

In the 2004 movie, Sarandon tells Mr Gere’s character: “Every day you’re saying your life will not go unnoticed because I will notice it. Your life will not go unwitnessed because I will be your witness.”

In a video of Ms Merchant’s speech, she tells her fiance: “Your life will not go unnoticed because I will notice it. Your life will not go unwitnessed because I will witness it.”

Rihanna is rumoured to have been paid £5 million to perform at the ceremony, which started on Feb 28.

The party was also attended by Mark Zuckerberg, head of Meta, the Qatari prime minister, the Queen of Bhutan and Bob Iger, CEO of Disney. Among the Indian guests were top businessmen, politicians, Bollywood stars and cricketers.

Anant’s father Mukesh Ambani, 66, is currently the world’s 10th-richest man, with a net worth of $115 billion, according to Forbes. He is also the richest person in Asia.

Among other assets, the Ambani family owns a 27-storey private apartment building worth $1 billion in Mumbai. Named Antila, it has three helipads, a 160-car garage, a private movie theatre, a swimming pool and a fitness centre.

When Mukesh Ambani’s daughter married in 2018, Beyoncé performed at her pre-wedding festivities. Hillary Clinton and John Kerry, two former US Secretaries of State, were among those who rubbed shoulders with Indian celebrities and Bollywood stars in the western Indian city of Udaipur.",Bilal Kuchay,"Bollywood, Standard, World News, India, Rihanna, Mumbai, US content",2024-03-12,CONTROL_International_Womens_Strike_2017_2024,single,True,0,"In, The, To"
https://www.telegraph.co.uk/columnists/2024/03/12/i-know-why-britain-is-so-miserable-lost-minority-nonsense/,The Telegraph,I know why Britain is so miserable – we’re not allowed to be proud of our country,"The UK has become prey to a parasitic shadow culture that accuses us of bigotry simply for holding core British beliefs

“I want my country back.” When Lee Anderson uttered those words in his no-nonsense, Nottinghamshire miner’s style, as he announced he was defecting from the Conservative Party to Reform UK, how many of us silently concurred? We, too, would like our country back, if you don’t mind.

The feeling has been growing for quite some time. There is a sad, wistful kind of unspoken grief that our nation is being abducted by aliens who are hostile to its history and traditions, who pretty much despise everything we love about Britain and who work through any means possible (except democracy) to change and subvert it. Everything is bad about this country, or so they claim, apart from its ability to provide generous funds for their cruelly oppressed lives and rich material for their grievances.

It reminds me of those parasites scientists have discovered that hijack their host’s brain and body. Apparently, such manipulation can take several forms. For instance, suicide of the host. Well under way in the UK; the Church of England is starving parishes to death while lavishing £1 billion on slavery reparations. See also the RAF discriminating against white males, traditionally rather reliable defenders of our nation against her enemies.

Another method is decreasing the fear of predators so that the host gets eaten (the universities in bed with the Chinese who nick our intellectual property spring to mind). And then there’s making the host defend or nurture the invader (think cuckoos – you can come up with examples, I’m sure).

I realise it is considered obligatory at this point to make some “diversity is our strength” assertion. Forgive me if I don’t bother. Unity is our strength and it always has been. Back in the 1980s, when I was doing teacher training in London, the fashionable mantra was “celebrate our differences”. Even in my Leftie, dungareed, Cyclists Against the Bomb phase (so vital in bringing down the Iron Curtain), I had an inkling that wasn’t quite right. Didn’t all meaningful human connection depend on finding points of similarity with another person, not differences? But the international socialists who, even back then, dominated the academies, despised so-called “Little Englanders” and encouraged every tradition except our own. So it was that, as a young teacher, I was told to give pupils “their culture” rather than British culture which, looking back, was a fundamentally racist notion, I think. Why should 13-year-old Satwinder, born in Southall, want to hear stories about the subcontinent? (“Please, Miss, we’re English, we like ice skating,” she pleaded.) Those stories meant nothing to her and teaching them impeded integration while chipping away disastrously at a shared national identity.

This acute nostalgia that so many of us experience, an intense feeling of loss of country, is not primarily to do with race (there are millions of non-white British, some of them among our greatest patriots), although mass immigration – uncontrolled by the Conservatives who promised voters they would decrease it – has definitely taken its toll. You can’t issue 1.2 million long-term visas in a single year (2022), as the Government did so recklessly, and not expect individuals here to suffer a decline in their standard of living – access to housing, to healthcare which is already among the worst in the developed world.

Yet this truth, self-evident to anyone in Lee Anderson’s Ashfield constituency, has been strenuously downplayed by our ruling elite. It was not until last week that we heard Jeremy Hunt, the Chancellor, concede quietly in his Budget that growing our economy through mass migration might not be such a brilliant idea after all. We may have the sixth highest GDP in the world, but our “GDP per capita” finds us limping along in 21st place. If we were paying high taxes for Scandinavian-quality services, that might be bearable, but most encounters with the state, whether it be the National Death Service or public transport, are enough to induce deep despair. If there’s anyone left who doesn’t have depression already, that is.

It’s official: British people are very unhappy. A huge Mental State of the Year study revealed last week that the UK was the second most miserable place in the world. Somehow, we managed to be slightly more cheerful than Uzbekistan. (Did it stop raining for half an hour by any chance?) Each country was awarded a score. Between 0 and 50 means enduring, 50-100 means managing, and 100 to 200 means thriving. Britain scored a pitiful 49 overall, while the average among all countries was 65. Why would people in South America and Africa be “thriving” when we Brits are just about “enduring”?

Perhaps their populations aren’t constantly being told their history is something of which to be ashamed. Perhaps their children aren’t exposed to a pernicious gender ideology at school that induces feelings of self-loathing. Perhaps thousands of previously sane young people haven’t been put on “affirmative” trans pathways that maim their bodies and destroy their fertility. Perhaps their governments, when they are elected to promote centre-Right values, haven’t espoused sanctimonious, oat-milk globalism and aren’t busy capitulating to every clamorous minority and Leftist instead of championing mainstream opinion. Perhaps women are still women in those happier countries, men still men, and the difference between the sexes sparks joy not allegations of being “gender critical” (or whatever nonsense term they’ve invented to beat us with).

Perhaps their leaders haven’t let people holding views incompatible with their values into their countries, with millions of them being a burden on hard-working taxpayers who get called “bigot” if they dare to emit a squeak of disquiet. Perhaps their politicians had the foresight to build enough houses (and sewers, hospitals and nuclear power stations) to cope with the rapid demographic change that people never voted for. Or perhaps they never permitted rapid demographic change in the first place, knowing it would strain the social fabric until finally it unravelled.

You know, I have a hunch that it’s totally fine in all those places more contented than the UK to be proud of your country and for that uncomplicated patriotism to be a source of nourishment when times are hard. Pulling together, social cohesion and a powerful sense of loyalty and belonging are to be prized above top-down policies of diversity, equity and inclusion. Perhaps Britons are miserable because, appallingly and uniquely, we are taught not to like ourselves, to be guilty and ashamed of who we are.

They knew that they could never steal our country from us by fair and open means, I think. So, cunningly, groups like Stonewall infiltrated institutions and corporations. Taxpayers’ cash was thrown at lobbyists, even extremists, who pushed ideas that were not recognised by their government and were a dangerous affront to common sense. The NHS spends £40 million a year (enough to pay the salaries of 1,150 nurses) on woke initiatives such as calling a pregnant woman a “birthing person”. Who agrees with that? Third-party providers get rich selling divisive Critical Race Theory propaganda to schools. British children are made to feel like strangers in a strange land. Weak-minded executives, who thought it would be win-win to bolster their company’s woke credentials, allowed a radical, politicised minority to use them to influence the behaviour of the majority.

Honestly, it’s sinister. Every week, I am sent some story by a Telegraph reader or listener to my Planet Normal podcast that reveals how this cultural coup is being achieved by stealth. Jon, who works at Tesco, was recently asked to complete an online training course on harassment in the workplace. The very first question/scenario pertained to trans co-workers. The scenario read:

“Refusing to address a trans colleague with the correct pronouns.

“Words that we use to refer to people’s gender in conversation, for example, ‘he’ or ‘she’. Some people may prefer others to refer them [sic] in gender neutral-language and use pronouns such as they/their and ze/zi.”

Jon was given two options: “Likely to be harassment” or “Unlikely to be harassment”. “Knowing my right to hold ‘gender-critical views’ (what an awful phrase!),” says Jon, “I clicked ‘unlikely to be harassment’ and Tesco told me that I was wrong. My intention to use pronouns that align with a colleague’s sex and my own sense of reality would in fact be harassment.”

In another scenario, Jon was told: “A non-binary colleague is unhappy that their supervisor is not using the pronouns they have requested. Their supervisor responds that they cannot be made to say anything that is not grammatically correct.

“Would this be considered harassment?

“Yes – at Tesco, we treat everyone how they want to be treated, so if someone tells you their preferred pronouns we should respect that and use them … continuously refusing to use someone’s preferred pronouns is unacceptable and could be deemed as harassment.

“No – The manager is correct and no one can make someone else say something that isn’t grammatically correct. Everyone has a right to say what they think and express their views.”

Jon was confident that the “No” option was objectively the correct answer. “I was both astonished and not astonished to find that Tesco disagreed,” he says. “The correct answer is NOT the answer which includes the sentiment: ‘Everyone has a right to say what they think and express their views.’ According to Tesco, to think you have the right to express your views and say what you think is an example of harassment. It is harassment if you don’t immediately adopt, sincerely or insincerely, the trans person’s ideology as your own.”

Jon tells me he could not pass the training without clicking the “Yes” box with which he disagreed. “Whoever is in charge of training at Tesco HQ actually believes that the feelings of some individuals take priority over the liberal values the West has spent centuries building.”

And that, dear reader, is how they stole our tolerant, decent, beautiful, funny, united Britain. By obliging good people like Jon to agree with things that are anathema to the majority (not least supermarket shoppers) while allowing an aggressive minority to gain enormous power and intimidate the hell out of us.

So, this is how you end up with two-tier policing of the Pro-Palestine marches through London in which Met officers arrest a solitary protester waving a placard saying “Hamas is terrorism” (official Government policy) while thousands of people calling for the eradication of Israel are allowed to go on their merry, anti-Semitic way.

That’s why our appeasing Home Office just committed £117 million for security at mosques and other sites to combat “anti-Muslim hate incidents” when, I think it’s fair to say, most Britons strongly believe the nation has other priorities.

“I feel we are slowly giving our country away,” Lee Anderson said. “We are allowing people to erase our history. We are giving up our streets to a minority of people who literally hate our way of life. We are allowing people into our country who will never integrate and adapt to British values.”

The Government suspended their former deputy chairman and demanded he apologise for broadly stating (if clunkily) what the majority of its (increasingly former) voters think. Which is one reason why the Tories won’t hold a single seat in the Red Wall, and will struggle everywhere else. By standing for Reform, at least Lee Anderson has a fighting chance. I wish him all the best and hope other Tory MPs will be bold enough to join him. (Why bother staying loyal to a party so disloyal to its own base?) We desperately need a Conservative Party to vote for.",Allison Pearson,"Opinion, Allison Pearson, Daily Features, Lifestyle, Comment, Reform UK, Woke, Lee Anderson, Columnists, US content, Conservative Party",2024-03-12,CONTROL_International_Womens_Strike_2017_2024,single,True,0,"In, The, To"
https://www.telegraph.co.uk/food-and-drink/features/chocolate-shortage-baking-prices-inflation-cocoa-harvest/,The Telegraph,A chocolate lover’s guide to surviving the shortage,"With stocks set to dwindle, here’s how to make your chocolate last – and the best ways to enjoy it

People who design supermarkets know exactly what they’re doing. Before you approach the queue for the till your basket resembles that of a health influencer – all pulses, natural yoghurt and greenery.

But while you’re waiting, your eyes can’t help but fall upon the shiny display of chocolate bars; before you know it, a Twirl has found its way into your basket, a little treat tucked between the kale and the bag of lentils.

Until now, a chocolate bar was just that – a little treat. It was the perfect cheap thrill that wouldn’t break the bank but would bring a guaranteed dose of joy. Now, amid rising food inflation and a revolving door of shortages, chocolate has become the fastest rising item in our basket.

In the UK, chocolate prices have increased more dramatically than any other commodity in the past 12 months. In the first two months of the year they shot up by more than 40 per cent; on February 27, prices reached a 40-year high when, in London, cocoa futures traded at £5,827 per tonne. On the same day last year they traded at £1,968.

Behind the spike is a complex brew of climate change and global demand. Ghana and Ivory Coast – where 60 per cent of the world’s cocoa comes from – have been hit by hotter, drier weather which has impacted the cocoa harvest. Meanwhile, two major diseases have spread through the crop. Experts predict cocoa production will fall by 20 per cent this year, pushing down the global supply and inevitably pushing prices up.

Cadbury’s has warned it may have to raise prices or shrink its products, as has Nestle. Meanwhile, artisan chocolatiers are predicting chocolate could soon return to the days when it was a once-in-a-blue-moon treat rather than a daily sugar hit.

“If this trend continues, it isn’t going to be ‘I can have a bar a day, I can buy it whenever I like’,” chocolatier Paul A Young told the Telegraph, “it is going to be like it was when I was a kid, which was an occasional treat.”

Gabriella Cugno, the master chocolatier who made all the chocolates for the Wonka film, says chocolate couverture prices for her small business have increased by “around 20 per cent in the past year, with notices [from producers] they will increase more in the coming months”.

“I’ve had to up my prices which is a really tricky thing to do. Pricing is one of the most difficult things for artisan producers, especially at the moment – in a cost of living crisis, we don’t want to raise our prices so that it becomes really unaffordable, but we have to to keep afloat. If we keep the prices the same it’s not sustainable.”

The cost of other key ingredients like butter and sugar have risen too. “The cost of everything has gone up hugely,” says Cugno, speaking from her kitchen in Cardiff, where she is racing to create hundreds of exquisite chocolate eggs in time for Easter. “Chocolate is a bit more difficult to get hold of. A lot of producers have said there might be longer waitlists.”

While big companies could choose to deal with price rises by changing their recipes and reducing cocoa levels, artisan chocolatiers like Cugno are dedicated to producing a quality product with a high cocoa content. “I wouldn’t alter my recipe whatsoever. I would absolutely not compromise on flavour and quality. If the consumer wants a good quality product and we want to make a good quality product for the consumer, we’re just going to have to go with the increases.”

So if chocolate is set to become a luxury – and if, God forbid, it suddenly becomes harder to track down a bar when a craving strikes – how should we go about rationing it?

How to store your chocolate

If you want to make your chocolate last longer, you’re going to need to find a way to store it. Most chocolate takes a long time to go off, but it does lose some of its intensity if left unwrapped in the fridge or the cupboard.

The unique creamy but crisp texture can deteriorate too – fresh chocolate has that snap when you break off a piece, but turns molten in your mouth; old chocolate softens and becomes less pleasing to eat.

“The most important thing with chocolate is to keep it airtight,” says Cugno. “If it’s in a packet and you’ve opened it and can’t reseal it, it’s not totally airtight. I transfer it into a container.”

You can keep that container in the fridge if you like your chocolate cold, or a cupboard would do. “Really just the coolest place you can,” says Cugno.

And with the cheaper stuff, you can always freeze it. If you have never frozen a box of After Eights or a Gold Bar, try it – you’ll never look back.

The chocolate with the longest shelf life

If you’re partial to a Mars Bar or one of those addictive Lindt balls, you’re in luck. Mass-produced chocolate with a high sugar content “tends to last a bit longer because of the preservatives”, says Cugno.

You can eke out the smarter stuff too – especially if it’s a plain, unadorned bar. “If it’s just solid chocolate with no other fillings that would last a really long time,” says Cugno. Anything with caramel and praline tends to last pretty well, she says, because of the high cooked sugar content.

A fruity number might not fare so well. And if you do have a very fruity one knocking about (or really any chocolate with a strong flavour, like mint) beware storing it with your other chocolate – it could go the way of a box of Quality Street in which everything ends up tasting like the strawberry one.

Cugno recommends keeping your chocolate away from anything with a strong smell. “Chocolate can absorb those smells. If you leave a chocolate with a banana for instance or washing powder, the chocolate can end up actually absorbing some of that smell and you get an altered taste.”

How to make a little go a long way

So you’re down to your last six squares. How do you make them last? Baking with chocolate can stretch it, though if you want to make something taste really chocolatey you need “quite a lot of it”, says Cugno.

Chopping a bar into little chunks and baking it into a batch of cookies is probably the most efficient use, especially if you bulk out the dough with nuts. Even if each cookie only has three chocolate chunks in it, it’ll still satisfy a chocolate craving. This Ottolenghi recipe for chocolate, banana and pecan cookies, for example, only uses 100g of dark chocolate and makes 24 cookies. Eat one a day for five days and you’re still only consuming the same amount of chocolate as in two squares of a 10-square 100g bar – easy to do in a single sitting.

If you’re in need of a chocolatey pudding to feed a crowd that won’t require lots of choc, this lava cake uses just 20g of dark chocolate and a few teaspoons of cocoa powder.

Speaking of which, as chocolate gets more expensive, you could lean on cocoa powder to get your chocolate fix. Cocoa may also see a price rise, but as a store cupboard staple, it’s likely to remain an affordable option compared to a bar of dark chocolate.

A little goes a long way. A simple marble cake for example, like this one from Kirsten Tibballs, uses just 30g of cocoa powder. Or if you love the bitter, dark flavour of a really good chocolate cake but don’t want to fork out for three bars, try baking with cocoa powder and treacle, as in Xanthe Clay’s loaf cake.

And if nothing but pure chocolate will do, pick something dark. Most of us feel satisfied after a couple of squares of 70%, whereas it’s almost impossible not to eat an entire bag of Mini Eggs because of the sugar content.

“If you get quite rich chocolate, whether it’s artisan or not – something with caramel or something darker with less sugar – the flavour might last longer and it’ll have more impact,” says Cugno. “So you can actually get away with eating smaller amounts and having the same fix.”

Alternative ways to satisfy your cravings

Chocolate satisfies partly because of the balance of fat and sugar, which is very addictive. “With sweets it’s just sugar,” says Cugno, “whereas with chocolate you’ve got the sugar, the creaminess, and the actual chocolate flavour. And because it melts quite slowly in your mouth, it lasts a long time so you get a lot of flavour. It’s a whole mouthfeel. It’s an experience.”

Replicating that isn’t easy, but a dark caramel sauce, with some of those same sweet bitter notes that chocolate brings, could make a nice substitute. Try this Stevie Parle recipe with treacle and dates for a pleasingly dark toffee pudding.

Nut butters, meanwhile, can do a good job of replicating the mouth feel of chocolate. A date stuffed with almond or peanut butter, for example, fills your mouth with salty sweetness in a similarly satisfying way. Or take this almond and banana pudding, which could provide a good alternative to a chocolate mousse.

And if it’s chocolate ice cream you are craving? Try making a nutty alternative, like this simple peanut butter number from Stevie Parle, or Diana Henry’s salty-sweet tahini ice cream.",Eleanor Steafel,"Chocolate, Lifestyle, Standard, Baking, Cost of living crisis, Food and drink, Cocoa, US content, Inflation, Food and Drink Editor's Choice",2024-03-12,CONTROL_International_Womens_Strike_2017_2024,single,True,0,"In, The, To"
https://www.telegraph.co.uk/golf/2024/03/12/jay-monahan-pga-tour-players-championship-best-field-liv/,The Telegraph,PGA Tour chief insists Players Championship remains ‘best field in golf’ despite LIV defections,"Jay Monahan claims tour has never been stronger despite three of last five major winners missing its flagship event

Jay Monahan has defended the PGA Tour retaining the controversial tagline of “the best field in golf” here at the Players Championship, despite the absence of three of the last five major winners because of the ongoing LIV Golf split.

Indeed, in his hour-long state of the game address at this flagship event on Tuesday, the PGA Tour commissioner went yet further and suggested that the PGA Tour has “never been in a stronger position”.

And when pressed on the apparent absurdity of that statement – what with world No 3 Jon Rahm having recently jumped ship to join Brooks Koepka, Cam Smith and other big names including Dustin Johnson, Bryson DeChambeau and Phil Mickelson in the Saudi-funded league – the American was bullish.

“We are here at the week of [the] Players, and you’ve got 144 players competing and they’re the greatest players in the world, and this is the greatest tour in the world,” he said. “It is the greatest tour in the world… that is a constant.”

The tour’s PR department annually hails the Sawgrass feature-piece as boasting the “best field”, with statisticians pointing out that because of the qualifying criteria of the four majors, the strength runs deeper at this $25 million event.

Purely as regards to world rankings, this remains true, but the detractors will claim that is largely because the systems are skewed towards the US circuit, with LIV Golf unrecognised and having no access to points. And those critics of the format are not just on LIV.

Englishman Matt Fitzpatrick has turned down Greg Norman on a few occasions, but he readily acknowledges the flaws in the rankings format. “I don’t think the world rankings are a true representation of the golf game at the minute,” the world No 8 said last week. “I don’t really look at them or pay attention to them anymore. I just don’t think they’re right,”

There is no question that the Players – once trumpeted as “the fifth major” – has been weakened by the sport’s civil war, with even Brandel Chamblee, the former PGA Tour winner turned arch LIV critic on the Golf Channel, admitting he has “mild disappointment that they’re not here”.

However, Chamblee does not believe it has affected the standing of this event. “I don’t think that it detracts from the prestige of this tournament in any substantive way,” he said.

Of the last five major winners, the 2023 USPGA champion Koepka, the 2023 Masters victor Rahm, and Smith, who won the 2022 Open, will miss the Players.

PGA Tour continue merger talks with Saudis

That is plainly a ridiculous and illogical point of view and one that Monahan holds, in public anyway. The American continues to talk with the Saudi sovereign wealth fund with a view to unifying the sport and claimed that last year’s $3 billion investment from the Strategic Sports Group – a conglomerate of US sports teams owners fronted by the Liverpool FC owners – has “accelerated” the negotiations.

“It was important for SSG and it was important for the tour to engage directly with the Public Investment Fund prior to finalising the deal [in January], which is why I joined principals from SSG on a trip to Saudi Arabia to meet with Yasir [Al-Rumayyan, the PIF governor and LIV chairman],” Monahan said.

“There’s a mutual respect there that I think is helpful towards ultimately getting a deal done, and I think it is that level of discussion that has helped accelerate the conversations.”

Monahan declined to discuss details of the negotiations, which will include a pathway back to the PGA Tour for the LIV rebels who have been banned.

But he insisted: “I do believe that negotiating a deal with PIF is the best outcome. It would be in the best interest of the game and ultimately would be in the best interest of the tour. That’s the spirit with which we approach the conversations and the negotiations, and I think that that goes both ways.”",James Corrigan,"Sport, Standard, Golf, LIV Golf Invitational Series, The Players Championship, US content, PGA Tour",2024-03-12,CONTROL_International_Womens_Strike_2017_2024,single,True,0,"In, The, To"
https://www.telegraph.co.uk/health-fitness/fitness/strength/how-to-recover-from-injury-yoga-exercise/,The Telegraph,My life changed forever after an accident – but this exercise got me walking again,"When a car crushed her foot and left her with a permanent injury, Vicki Baumann, 62, used yoga to improve her strength and mobility

While I’ve been doing yoga on and off for the last 25 years, I’d never fully understood how important it was to my wellbeing. But in 2012, my life changed in the blink of an eye. Crossing Oxford Street in Central London, a speeding car snagged my foot, crushing the bones. The pain was immense, and I passed out. Taken to the nearest hospital, I was told it was fractured and given a temporary cast to wear.

It was only once the cast was removed at my local hospital a few days later that the true extent of my injury became clear. The swelling hadn’t gone down and the doctor had a concerned look on his face as he sent me for an MRI scan.

The results showed it was serious and I was immediately checked in for an operation. The danger was the complexity of the injury – a Lisfranc injury, which affects the way the foot holds itself. Because I’d had a crush and twist injury it had fractured the metatarsals, and it was vital to get it repaired within seven days of the accident, or I could suffer “drop foot” where the toes drag along the ground permanently.

It was the weekend of the London Olympics finale, and I spent it lying in hospital with my leg up, with ice packs round my swollen foot, watching the celebration of all the amazing athletes with the nurses – unable to move. The irony was not lost on me.

Trying not to contemplate what I was up against and what the impact might be, I kept myself calm during the 10 weeks of bed rest, the long rehabilitation and the gruelling sessions of physio as I slowly learned to use and walk on that foot again.

I was just living moment-to-moment and dealing with each phase, slowly and determinedly getting myself back to fitness. But once I was off crutches and starting to swim, I realised I was quite traumatised. The accident, surgery and rehabilitation had left me drained and depressed. As it became clear how much my life had changed, I seriously lost my mojo.

I had always been a very active person, riding motorbikes and hiking in mountains.

Once I could walk, I went running to build strength, but a half-marathon proved too much – I started getting problems with the foot again. The consultant said no more marathons and my confidence took another knock.

That’s when I started doing yoga intensively, four or five classes a week, with my old teacher. It felt good to be back on the yoga mat – a familiar place, where I felt calm, doing moves that I knew and trusted. Over time I saw a change in what my foot could do. Yoga gave me back much of the strength, flexibility and movement that I’d lost. Gradually my confidence returned, and I felt like I’d come back to myself.

Your perspective shifts when something so life-changing happens. Lying in bed for all those weeks after the accident, wondering whether I’d be able to hike mountains like before, whether I’d even walk OK, facing all those worries about how my post-injury life might be different, left me determined that the accident wasn’t going to define who I was in the future.

I wasn’t going to be somebody who couldn’t live my life how I wanted. So, when I eventually trained to be a yoga teacher, I didn’t let my life-long fear of exams stand in my way – and now fully qualified, I love sharing the power of yoga in my classes and on my retreats.

My foot will never be ‘normal’ again. It needs regular exercise, otherwise I get pain, especially if I sit still too much. There’s a constant throb and the bones and nerves sit differently than before, so I’m always moving my toes and flexing my foot. But thanks to daily yoga my foot is so much stronger than it could have been. I know it’s now as good as it’s going to be, and I can’t ever see myself stopping doing yoga – if I did it would just stiffen up, as would I!

Sadly, I’ve had to give up certain things. I don’t ride my motorbike anymore and I can’t run. I’ve just had to accept I can’t do everything I could do, but I can still live a lovely life. Yoga has really added to that, giving me opportunities I never thought I would have. It’s given me the stability and strength to tackle whatever I may face in the future.

As told to Marina Gask

Four yoga moves to improve mobility and balance

Warrior 3 “Virabhadrasana III’

Benefits: The small muscles of the feet and ankles are worked to maintain balance and stability in the standing leg.

1. From a standing position, place your feet hip-width apart, and hands in prayer position.

2. Inhale and then with an exhale, slowly lift one foot off the ground, stretching your leg behind you, toes pointed to the wall behind. At the same time, drawing your body forward, stretch your arms out in front of you, palms together.

3. Maintaining the position, keep your body parallel to the floor. Keep stretching the toes behind and fingers forward, while engaging the muscles of the standing leg.

5. Gaze softly forward. Hold for 30 seconds, or longer if you are able.

6. With an inhale, slowly bring your leg back down and feet together and with your arms over the head, go back to standing position. Repeat on the other leg.

Tree Pose ‘Vrksasana’

Benefits: Improves sense of balance. Strengthens feet, ankles, calves, thighs and spine.

1. Start in mountain pose (‘Tadasana’), standing with feet together, equal weight across both feet, hands by your side.

2. Bend and lift one leg up, bringing the foot inside the thigh, toes pointing down. If this is too difficult, start by bringing your foot above the ankle or to the calf.

3. Bring both hands into a prayer position. Inhale and slowly stretch the arms over the head, palms together.

4. Bring your gaze softly to a point directly in front of you. Hold for 30 seconds – longer if you are able.

5. Exhale, bringing the arms back to prayer position, lower your foot to the floor. Repeat on the other leg.

Chair Pose ‘Utkatasana’

Benefits: Strengthens and stretches the feet, ankles, thighs and legs, tones your core and increases ankle mobility.

1. Start in mountain pose (‘Tadasana’) standing with feet together, equal weight across both feet, hands by your side.

2. Stretch your arms straight above your head, palms together.

3. Slowly bending your knees, sit back as if sitting on a chair – keeping your knees over ankles (check you can see your toes). Sit back as far as possible, thighs parallel to the floor.

4. Keep stretching your arms straight up, lengthening your spine, breathe and hold for 30 seconds – longer if you are able.

5. Inhale as you straighten the legs, bring arms back to the side, and return to standing position.

Downward Facing Dog “Adho Mukha Svanasana’

Benefits: Strengthens and stretches your ankles and tones the legs, while strengthening the whole body.

1. Starting on your hands and knees, wrists under your shoulders, knees under your hips, feet hip-width apart.

2. Spread your fingers wide, middle finger pointing forward. Press the floor firmly through your fingers, knuckles and palms.

3. Exhale and tuck your toes under and lift your knees off the floor.

4. Draw your pelvis up toward the ceiling, and your buttocks toward the wall behind you.

5. As you stretch up and back, you will find your heels can get closer to the floor. Do not try and flatten your feet – rather keep drawing your hips up and back whilst drawing your chest toward your thighs. Through this action, over time you will find your heels can reach comfortably to the floor.

6. Hold for 30 seconds – longer if you are able.",Vicki Baumann,"Health and Fitness, Yoga, Strength training, Standard, Strength, At-home fitness, Fitness, US content",2024-03-12,CONTROL_International_Womens_Strike_2017_2024,single,True,10,"Weekend, Workouts, Your"
https://www.telegraph.co.uk/money/investing/stocks-shares/renishaw-engineering-profited-china-interest-rates-fall/,The Telegraph,This engineering firm has profited from China and will soar when interest rates fall,"Questor share tip: the company’s solid balance sheet and sound strategy mean its risk/reward ratio remains appealing

Stock market investors are interested in the future rather than the past. Take the rather disappointing half-results released by FTSE 250 industrial company Renishaw last month. They showed a decline in revenue of 5pc and a fall in pre-tax profits of 23pc amid tough operating conditions.

Yet the company’s shares surged 16pc higher on the day of release because of an upbeat outlook for the second half of the year. It’s the future that matters.

Renishaw expects to generate pre-tax profits of between £122m and £147m for the full year. Assuming an average of those figures, this equates to a year-on-year rise in profits of 16pc in the second half of the year.

Looking further ahead, analysts expect the company to produce earnings per share growth of 17pc in the 2025 financial year. This suggests that despite having a lofty price-to-earnings ratio of 27, the stock is not fully valued ahead of an improving global economic outlook.

Indeed, the company, a specialist in measuring systems that provide precise data to a wide range of customers is a highly “cyclical” business. It has suffered from a period of economic uncertainty that has prompted weak demand across several of its key regions.

For example, it reported a 6pc decline in sales in Europe, the Middle East and Africa in the first half of the year, while revenue in the Americas slumped by 13pc. This was in spite of parts of its business generating strong growth – its analytical instruments and medical devices segment recorded sales growth of 16pc, for instance.

Profit margins, meanwhile, narrowed in the first half of the year. The company’s gross profit margin before engineering costs was down three percentage points year-on-year at 61pc, with targeted price rises for its products failing to fully offset employee pay rises and adverse currency effects.

Encouragingly, it was able to limit the increase in engineering, distribution and administration costs to just 3pc.

Ultimately, though, Renishaw requires a more buoyant economic environment to deliver sustained growth in sales and earnings. Although expectations for interest rate cuts across developed economies remain highly changeable, given that inflation is proving to be stickier than previously expected, they are nevertheless firmly on the horizon.

Once time lags following their implementation have passed, interest rate cuts should act as a stimulus on the global economy and catalyse the financial performance of cyclical companies.

China, meanwhile, remains the company’s largest single market. It accounted for 27pc of total revenue in the first half of the year. The country’s uncertain near-term economic outlook amid of property market weakness could weigh on the company’s financial prospects in the short run.

However, with the company recording an 11pc rise in sales in China during the first half of the year and the country’s GDP growth rate forecast to remain in excess of 4pc in both the current year and next year, exposure to the world’s second-largest economy could ultimately have a positive, rather than negative, influence on financial performance.

In any case, the company’s strong financial position means it is well placed to overcome ongoing economic uncertainty. Although its net cash position declined from £193m at the end of its previous financial year to around £164m at the time of its half-year results in December, it remains relatively high and provides significant scope to make acquisitions amid a period of depressed asset prices.

Since Questor first recommended its purchase in December 2022, Renishaw’s share price has risen by 12pc. This equates to a nine percentage point outperformance of the FTSE 250 index.

While the stock’s recent surge clearly flatters its overall performance, its 21pc gain since the start of the year shows that cyclical stocks can generate surprisingly high returns in a short space of time given the prospect of improved operating conditions.

With the global economy’s growth rate set to ultimately benefit from an end to the current era of restrictive monetary policy, the prospects for cyclical stocks are likely to dramatically improve over the coming years.

While the company’s rich market valuation may dissuade some investors from buying it, a solid balance sheet, sound strategy and diverse range of operations, alongside attractive growth potential, mean it continues to merit purchase. Keep buying.

Questor says: buy

Ticker: RSW

Share price at close: £42.18",Robert Stephens,"Investing, Questor, Standard, Shares, Share tips, Money",2024-03-12,CONTROL_International_Womens_Strike_2017_2024,single,True,2,"February, Inflation, Rates"
https://www.telegraph.co.uk/music/artists/the-moody-blues-justin-hayward-interview/,The Telegraph,The Moody Blues’ Justin Hayward: ‘I’m the band member from hell’,"The rock musician on how Timothée Chalamet’s Chanel advert made him go viral, surviving Sixties hedonism, and feeling like an ‘outsider’

Justin Hayward was on tour when he turned on the television and saw Timothée Chalamet advertising Bleu de Chanel The charming Chalamet, directed by Martin Scorsese and drenched in blue light, fixes the camera with his moody gaze. But the drama is in the music: “Nights in White Satin”, the epic, swirling, existential ballad Hayward wrote when he was 19.

“Someone told me Shazam and Spotify went mental,” says Hayward, now 77, visibly buoyed by new appreciation for his 1967 hit. What does its renaissance mean to him? “There are kids falling in love to that song now, and they’re going to love it in 50 years’ time,” he says.

It is a characteristically self-effacing reaction from the former Moody Blues frontman, a rare example of a rock musician who has largely eschewed fame and glamour. Hayward has one of the most successful and enduring British music careers, yet he is barely recognised in the street.

He has, however, gigged nearly constantly since the 1950s, first as a schoolboy, then as guitarist for hire. He joined “the Moodies”, as he calls them, as vocalist and songwriter in 1966, after which they sold upwards of 70 million albums (“we stopped counting”) and enjoyed worldwide success as a live act for five decades.

Now, Hayward is touring again with a new band which includes the acclaimed acoustic guitarist Mike Dawes, vocalist and keyboardist Julie Ragins and flautist Karmen Gould. “Everybody is there for the music,” he says of playing live, which he adores. “Nobody comes to see a celebrity.”

US audiences behave differently, he says. “You could close your eyes on stage and know that you’re in America, where people go ‘Whoop Woo! Love you, man!’ That’s not going to happen in Swansea.”

But he appreciates them all. “The music means something, particularly to my generation. An audience brings an aura, and it’s tangible. It’s something I would never give up.”

Hayward lives in France with Marie, his wife of 54 years, a former model and with whom he shares a daughter, Doremi. For the interview he has chosen his sister’s kitchen in south-west London over a chi-chi hotel. He is friendly, witty, cerebral and naturally reticent.

I sense traces of the international rock career: his West Country lilt is blended with mid-Atlantic inflection; his hair, now white, remains long and feathered; he still wears rock-and-roll sideburns. That career must also have brought him financial security. “Well, I have a nice car,” he concedes.

But Hayward was formed in provincial England. Born in Swindon in 1946, he describes “a golden youth” packed with siblings, friends, church and grammar school. Both his parents were teachers: “I had a degree of privilege. No money, because teachers didn’t get any. But we had bucketloads of books.”

Everything changed when Hayward discovered rock and roll. “I heard Buddy Holly when I was 11. Elvis had been the thing but I knew I couldn’t be that person at the front, a lead-singer. Buddy was in a group, which was completely self-contained. He was my model.”

He set about forming bands, buying his first guitar, a Gibson 335, at 14, with his father acting as guarantor. “Our lives revolved around music,” he says.

Hayward answered advertisements for jobbing musicians – “two or three a week” – until Marty Wilde hired him, and he sometimes played three gigs a day. Hayward moved to London, starting writing songs and in 1966 fired off another demo, which found its way to Eric Burdon of the Animals who recommended him to founding Moody and keyboardist Mike Pinder, who was seeking a replacement for frontman Denny Laine.

The Moodies were in decline, having failed to repeat the success of 1965’s Go Now!. Hayward was to reverse their fortunes by writing new material.

“But there was no strategy, no plan,” says Hayward. “They were from Birmingham. I was the outsider. They thought my accent was funny. I just wanted everything to be better all the time: pushing and pushing forward. I’m the group member from hell, I really am. People have told me that.”

But the Moodies would likely not have survived without Hayward’s gift for songs somewhere on the cusp of progressive rock and psychedelia, and his appetite for hard work.

The band toured the industrial heartlands of America “as everyone’s opening act”, opening for Canned Heat, Jefferson Airplane and Cream. “It was another world, a real hippy time. But it was frightening as well. They had the draft and we were playing to people who were going to Vietnam.”

The Moodies put out the orchestral “Days of Future Passed” album, recorded to demonstrate Decca’s advanced Deramic Stereo Sound technology, perfect for the emerging psychedelic era. It reached number three in the US album charts.

“‘Nights’ had come out but it wasn’t a big hit [it reached number 19 in the UK on first release]. FM radio was just taking off and the Decca recordings were beautiful – just what FM radio was crying out for. A big spread of mind-expanding stereo.”

Then came the hit albums: In Search of the Lost Chord; On the Threshold of a Dream; To Our Children’s Children’s Children; Every Good Boy Deserves Favour – and solo hits for Hayward.

But he remained an unshowy star. Hayward didn’t realise he was a success until 1973 when the Moodies sold out Madison Square Gardens twice in one day.

“Ray [flautist Ray Thomas] got a load of tickets and gave them away on the street outside. We both looked up at this great big sign, the Moody Blues, and we bought thought, maybe we’ve made it. I often think of the people we gave tickets to. They must have seen us on stage and thought, aren’t they the ones who gave us free tickets?”

Drugs were everywhere. Hayward says he enjoyed LSD, though only took it 12 times – the first with his bandmates in Richmond Park (“listening to the grass grow – ha ha ha”). Why did he emerge unscathed when so many of his friends – which included Jimi Hendrix – and contemporaries did not survive the era’s hedonism?

“We weren’t personalities, so we didn’t have that kind of pressure,” says Hayward. “We could be ghosts going through it somehow, shadows passing through this business.”

These days, Hayward listens to whatever catches his attention. “I have no musical prejudices,” he says. He was finally awarded an OBE for services to music in 2022, decades after contemporaries such as Mick Jagger and Rod Stewart received honours.

There will be no more Moody reunions. Hayward, Pinder and guitarist John Lodge are the only surviving members from their 1960s pomp: drummer Graeme Edge died in 2021, Ray Thomas in 2018. “When Graeme passed it really hit me,” says Hayward. “He loved the group. The rest of us had our own lives but it was his whole life, keeping it going.”

Rather endearingly, when Hayward saw the Chanel campaign, he rushed out to take a selfie next to an illuminated bus-stop advert bearing Chalamet’s face – he shows me on his phone. His live set includes classics – “tracks that if I went to see someone like me I’d feel miffed if they didn’t play” – Forever Autumn, Wildest Dreams, and of course Nights in White Satin.

A new generation is mesmerised by its somnambulistic orchestration. Scorsese must recognise the track’s timeless quality: it was also featured in his film Casino.

Hayward has previously said the lyrics were inspired by a present of satin sheets from a girlfriend. Does he remember much more?

“It makes sense to me, but I struggle to explain it. There were so many tiny emotions moved over very quickly in those few lyrics,” he says. “But I really don’t know, because when I wrote it I never thought anyone would ever hear it. It came from the heart, that’s all I know.”",Helen Barrett,"Pop music, Culture Editor's Choice, Standard, Music, Celebrity News, Artists, Features interview, Rock music, Timoth&eacute;e Chalamet, Culture",2024-03-12,CONTROL_International_Womens_Strike_2017_2024,single,True,0,"In, The, To"
https://www.telegraph.co.uk/news/2024/03/12/boris-johnson-couldnt-save-sunak-even-if-he-wanted-to/,The Telegraph,Boris Johnson couldn’t save Sunak – even if he wanted to,"The former Prime Minister does not think he owes No 10’s current incumbent anything

In the tumultuous hours after the Tories failed to win the 2010 election, Rachel Johnson suggested the party call for her brother. “It’s all gone tits up, send for Boris,” she tweeted.

At the time, Boris Johnson was two years into his first term as mayor of London, having led his party to a spectacular victory over Ken Livingstone. After overturning 40 years of Labour dominance in the capital, he secured a second term before returning to Westminster and becoming prime minister. His next political win was even more impressive: delivering an 80-seat majority at the 2019 general election, the Tories’ best result since 1987.

Perhaps it is not surprising, then, that faced with an existential threat in so-called Red Wall seats in the north, Tories are once again talking about “sending for Boris”. Desperately seeking anyone or anything that might revive the party’s fortunes, party strategists want to bring back the man some call the “big dog”.

Just one problem: Johnson is in no mood to come to the rescue. Should Rishi Sunak swallow his pride and blow the whistle for help, the old St Bernard is unlikely to come running. Indeed, Johnson is said to be “furious” at the suggestion that he is ready to leap into action to support the PM’s efforts to avoid a catastrophic defeat.

The truth, according to a stellar source, is that the two men have not spoken for more than a year – and Johnson has no desire to spoil what he sees as an unblemished election-winning record by lending his weight to what is widely expected to be a doomed campaign.

Claims that Boris is laying the ground for a return to front-line politics began circulating last weekend in the wake of shock opinion polls showing the gap between the Tories and the insurgent Reform UK may have narrowed to as little as five or six points. Of course Sunak still has the best part of a year in which to turn his party’s fortunes around.

What haunts Tory strategists is the fact that Reform is already popular enough to cost the Conservatives some 90 seats – without the full throttle involvement of Nigel Farage. How much worse might it get, they wonder, if the party’s rabble rousing honorary president throws himself into the campaign?

The defection of Lee Anderson – a one-time Tory deputy party chairman – to Reform UK on Monday has further jangled nerves. In what appears to be a damage limitation operation to discourage other Red Wall MPs from jumping ship, shadowy “government sources” are making ever louder noises about a Boris comeback, putting it about that he is limbering up for a tour du nord to help save old colleagues’ seats.

What wishful thinking! For a start, Johnson does not feel he owes Sunak anything. Quite the reverse – for the PM played an active role in his predecessor’s downfall, and was less than helpful (as Johnson saw it) over his resignation honours nominations, a row that led to accusations of “betrayal”.

Even without this toxic personal history, why would a fellow who can travel the world meeting interesting people and making millions from a few funny speeches volunteer to trudge around Dudley North and Bishop Auckland? It is not even as if Johnson would be assured of a warm welcome.

Sure, his charisma is missed by some voters, but he is far from universally admired. Should he take to the campaign trail in the many places hammered by an influx of unskilled migrants, he might find himself pelted with eggs.

So as Sunak stares down the barrel of a historic electoral wipeout, he should probably start looking elsewhere for a saviour. His predecessor will be more inclined to schadenfreude than selflessness. Under the circumstances, who can blame him?",Isabel Oakeshott,"Rishi Sunak, Opinion, Politics, Comment, Reform UK, News, Conservative Party, General Election 2024, Boris Johnson",2024-03-12,CONTROL_International_Womens_Strike_2017_2024,single,True,0,"In, The, To"
https://www.telegraph.co.uk/news/2024/03/12/britains-electoral-system-going-to-crush-reform-party/,The Telegraph,Britain’s electoral system is going to crush the Reform party insurgency,"History suggests that Right- wing voters would be better off trying to change the Conservatives’ direction

There is a touch of Howard Beale about Lee Anderson. Beale was the character played by Peter Finch in the film Network who encouraged his viewers to open their windows and shout into the street: “I’m as mad as hell and I’m not going to take this anymore.”

“We all know things are bad – worse than bad – they’re crazy,” rants Beale. “I don’t know what to do about the depression and the inflation and the Russians and the crime in the street. All I know is that first, you’ve got to get mad.”

Since the Ashfield MP, once a Labour member, then Tory and now Reform, has his own show on GB News, I’m only surprised we aren’t hearing the pent-up anger of the nation reverberating through the land. “I want my country back,” Mr Anderson declared in a Bealesque moment on Monday. Maybe we could all bellow it from our windows. Maybe we should all get mad.

In fact, many of us already are. The polls showing Labour miles ahead and the Conservatives facing an extinction level event later this year disguises one key factor – the huge number of don’t knows and undecideds who are wondering whether they can bring themselves to vote at all.

Never before have I heard so many friends and colleagues say they may sit on their hands come the election. Most are Conservatives who have had it with the party but would never back Labour and think voting Reform is a waste of time.

They have good reason to be sceptical. Insurgent parties are doing well across Europe where similar anger with the establishment has taken hold. In Italy, Giorgia Meloni’s Brothers of Italy is in government; in the Netherlands, Geert Wilders has led his Party for Freedom into a commanding position, even if it is yet to form an administration after two months of talks; in Germany, the AfD has emerged as the main party in the east and has national support of up to 20 per cent. The latest insurgent party to perform well is Chega in Portugal, which won 18 per cent of the vote and 48 seats in last weekend’s elections.

Here, Reform could secure 18 per cent of the vote this autumn and win no seats. The fundamental difference, of course, is that proportional representation (PR) operates in all these other countries, while the British system remains first-past-the-post, at least for national elections.

One reason why more people are unlikely to vote is that they think it is a waste of time because an election will not bring about the result and policies they wish to see. If they vote Reform and thereby deny the Conservatives dozens of seats, then Labour wins a landslide. What would be the point of that for people who want the Tories to move further to the Right and do more about immigration, cut taxes and curb spending?

Using an election to deliver a punishment beating to a party that has failed to live up to its promises is ultimately self-defeating if an even worse government takes over as a result. Reform is talking about winning more votes than the Conservatives and supplanting them as the main party of the Right, but it is hard to imagine that happening.

It didn’t happen with Ukip and the party did run the Tories close, boosted by the profile it gained from doing so well in European elections – under PR. Moreover, when Douglas Carswell and Mark Reckless defected from the Conservatives in 2014, they resigned their seats and contested by-elections, which they won.

Arguably, that ensured David Cameron put the promise to hold a referendum on EU membership into the Tory manifesto for the 2015 general election. Once the decision to leave was made (even if it did take years to fulfil) Ukip’s raison d’etre was essentially over; but it had demonstrated the potential for a new party of the Right with national reach, hence its re-emergence as Reform.

The big disappointment with the Anderson defection is that he did not resign and fight a by-election. This was even more surprising since he had previously been a champion of just such a requirement for anyone switching parties. A by-election in Ashfield would have tested the party’s support, which has only been around 10 per cent in other contests recently. With a local candidate, it is not inconceivable that Reform might have won and given it the profile it still lacks, not least with Nigel Farage staying in the background.

Mr Anderson said it was too close to a general election to foist a contest on his constituents, but that sounded like an admission of defeat. By-elections in election years can have a big impact – Labour’s narrow win in Darlington in 1983 helped Michael Foot stay on as Opposition leader, which proved disastrous for the party at the national poll held just a few weeks later.

The by-elections fought by Roy Jenkins and Shirley Williams in 1981 put the breakaway SDP on the map and triggered an exodus from the Labour Party, with some 30 defections. Not that it did them any good, mind you. At the 1983 general election, the SDP/Liberal Alliance secured 25 per cent of the vote and won 23 seats. Labour notched up just 27 per cent yet bagged 209 seats.

If ever there was an argument for proportional representation along continental lines, there it was. Yet it has never been adopted. Tony Blair led Paddy Ashdown a merry dance before the 1997 election by hinting at his support for PR. When he won a majority of 170, his enthusiasm evaporated. The Tory failure to win outright in 2010 meant a Coalition deal with the Lib Dems, the price of which was a referendum on voting reform. But the Alternative Vote is not PR and the country could not get excited at the prospect, with 68 per cent opposed on a 42 per cent turn-out.

The Labour conference voted for PR in 2022, in what supporters called “a seismic shift towards a fair voting system”, only for Sir Keir Starmer to shoot it down. It won’t be in the party’s election manifesto.

The trouble with PR is that it can cause chaotic, as opposed to merely incompetent, government. Moreover, our major parties are themselves coalitions, with the Right sometimes dominating the Tories and the Left Labour, as during the Foot and Corbyn years. If disgruntled Tories tempted to support Reform really want a new movement, then they need to take control of the Conservative Party as Thatcher did and shift its political axis once more. Just shouting out of the window will get them nowhere.",Philip Johnston,"Opinion, Politics, Comment, Alternative for Germany (AfD), Reform UK, News, Philip Johnston, Lee Anderson, Brexit, Conservative Party",2024-03-12,CONTROL_International_Womens_Strike_2017_2024,single,True,0,"In, The, To"
https://www.telegraph.co.uk/news/2024/03/12/british-museum-hew-locke-imperialism-cultural-heritage/,The Telegraph,British Museum exhibition will look at legacy of imperialism,"Project by artist Hew Locke will explore institution’s history and current controversies over cultural heritage

The British Museum has commissioned an exhibition exploring how its collection “reflects the legacies of imperialism”.

Hew Locke, an artist who is known for works dealing with colonialism, has been asked to take on the history and current controversies of the museum.

The planned project will focus on how “the museum collection reflects the legacies of British imperial power”, according to promotional information.

Referencing many repatriation debates involving the museum, such as the ongoing row over the Elgin Marbles, the show will also take on “today’s often-contentious and deeply felt debates around cultural heritage”.

Edinburgh-born artist Mr Locke said: “I have been visiting the British Museum’s collections for 40 years, and this project has enabled me to engage with them in a much deeper way than ever before, and in a way few artists have had the privilege of doing.

“I want to bring people beautiful objects with awkward histories, and smaller objects easy to walk by, that are just as compelling when you stop and look.

“There is a fascinating story hidden in plain sight, here and in many other museums across the country.”

It is understood that Mr Locke’s work will be on display in one of the British Museum gallery spaces alongside some contentious items from the museum’s collection, although details of which artefacts will be brought into the exhibition are yet to be confirmed.

Mr Locke has become known for pieces tackling Britain’s colonial history, including a work intended for the Fourth Plinth in Trafalgar Square that dressed Field Marshal Sir George White, who led troops to crush the Indian Mutiny, in Indian devotional dress.

In 2022, he was commissioned by Tate Britain to create The Procession, a series of sculptures formed into a large crowd carrying “historical and cultural baggage”, according to the gallery’s description of the piece.

It was written that the sculptures reflected “evidence of global financial and violent colonial control embellished on their clothes and banners, alongside powerful images of some of the disappearing colonial architecture of Locke’s childhood in Guyana”.",Craig Simpson,"British Empire, History, US content, British Museum, Standard, News",2024-03-12,CONTROL_International_Womens_Strike_2017_2024,single,True,0,"In, The, To"
https://www.telegraph.co.uk/news/2024/03/12/homerton-nhs-fertility-centre-patient-embryo-failed-defrost/,The Telegraph,‘Doctors said one embryo failed to defrost... then they said the other was missing’,"As the scale of the Homerton Fertility Centre embryo crisis becomes clear, one patient shares her experience of a ‘chaotic’ facility

From the day 35-year-old Isabelle* was first referred to the Homerton Fertility Centre, she knew something was wrong.

“It has been horrific,” she says. “I can’t fully explain it, because it sounds like lots of the things have been so small. But it has been like a constant drip of chaos and confusion. There is a real power imbalance – you’ll just do what they say, because, by this point, you’re quite desperate. We’ve waited so long, we can’t just give up on it.”

In December, when Isabelle was waiting for a key IVF appointment one morning, feeling exhausted and vulnerable having been trying for a baby for three years, she received two devastating phone calls. One of her embryos had failed to defrost, a voice told her. A couple of hours later, they called back to say that another had, quite simply, been lost.

Last week, the centre’s licence was suspended with immediate effect and it was reported to the police, days after The Telegraph contacted the regulator asking about concerns from whistleblowers that embryos were being destroyed or going missing. The regulator, the Human Fertilisation and Embryology Authority (HFEA), said it had “significant concerns” about its practices, including the potential contamination of processes and botched “experimental techniques” used for embryo freezing.

Documents seen by The Telegraph show that the clinic and the HFEA were aware that embryos were not surviving its freezing processes as far back as last June, but the unit continued to operate.

Even further back, an inspection of the clinic in May 2023 found a litany of failings and multiple concerns such as failures to report incidents and near misses. At the end of December, regulators were warned of a risk that 153 frozen embryos may not survive and 45 patients had been affected. Whistleblowers fear the true number may be much larger.

Speaking now, Isabelle is able to tell the story of her experience at Homerton as if she is almost detached from it. But after two of her embryos were lost, she sunk into a “situational depression”. Memories from the weeks after that are a blur. She barely remembers Christmas.

Isabelle and her husband, who are based in Hackney, east London, have been happily married for two years. “I always knew I wanted kids,” she says. “We have loads of nieces and godchildren and we love them all.” The couple started trying for a baby at the end of 2020, and when Isabelle wasn’t pregnant by September 2021, they sought the advice of her GP. They expected a wait, but her GP was quick off the mark. The couple were referred to the Homerton Fertility Centre – one of the leading units in London, which treats around 360 patients per year – in the spring of 2022.

Right from the start, there were issues. They were told there was a delay of about 18 months – this they expected – and that the clinic was understaffed. It was “really chaotic”, but Isabelle put this down to a post-pandemic backlog. Then, things started to unravel. The centre lost one of her husband’s blood samples and also sent her “garbled” letters in broken English, littered with typos and spelling errors. One seen by The Telegraph refers to “theur best qwuality enbryos”. These incidents – the kind that could perhaps be overlooked in isolation – stacked up.

Every test had come back clear, so Isabelle and her husband’s struggle to conceive remained unexplained. After an 18-month wait, Isabelle was finally offered an egg collection in summer 2023, which was a success. She was told the clinic had six viable embryos.

But that relief was short lived – when the first of the couple’s embryos was implanted shortly afterwards, it was unsuccessful. Isabelle was booked in for another transfer two months later.

Around six weeks before the appointment was due to take place, the couple received a call from the clinic saying they needed to come in for a meeting. The details were vague. “They told us that there had been an issue with the freezing … They said they ‘didn’t know if it would affect us’, but obviously they did sort of know,” she says.

Despite these obvious alarm bells, Isabelle was told moving to a different hospital would be nigh-on impossible, so they persevered. On the cold winter morning Isabelle was due to have a second embryo transfer, she was travelling from work to the hospital when a clinician called. The first high-grade embryo had failed to defrost, as they had discovered that morning, and they were calling to say that a second “couldn’t be located”.

“There was something already in the back of my mind, but when they called… I just felt completely helpless. I had a panic attack on the street,” she says. Her husband left work to come and pick her up. “We just sat in silence in the Costa in the hospital, waiting to hear if another embryo would survive.

“The embryologist said, ‘that happens.’ But I’ve never heard of that happening, ever,” she says. “And since reading the news reports, I’ve realised that there have been other incidents at Homerton, that [embryos] just ‘couldn’t be located’… They told us that it was an isolated incident.”

Whistleblowers say some of the problems at the centre relate to a botched technique of “inverted straw freezing”, which means that embryos are stored upside down in liquid nitrogen. This means that the embryos are exposed to the air more quickly on thawing, causing them to die. But it does not appear that this explains all cases, including others where the embryo could simply not be found, at the point of retrieval.

After two unsuccessful transfers and the loss of two embryos, Isabelle and her husband have been left wondering whether the quality or viability of their surviving embryos have been affected by faulty freezing processes. “We’re left with questions about whether or not they’re not implanting because of us, or them,” she explains.

Staff at the clinic had said, “you just need to trust us, Isabelle, trust your doctors,” but as she points out: “It’s quite a lot when you are already quite vulnerable. Being told, ‘you just have to trust us.’ And then two months later, the clinic is suspended.”

The situation might have been bearable had clinic staff treated Isabelle with more care. She had been booked in to have a non-medicated transfer, which means the embryo was due to be transferred based on her menstrual cycle.

The day before her transfer date, she had the last in a long line of scans and blood tests. “You go through quite a lot to get to that point – I’d had five scans that week and it had all been quite traumatic,” she says. “The doctor said: ‘This blood test will say whether you can go ahead or not … But don’t worry, if we cancel it, you can just try naturally.’” Isabelle found the exchange upsetting given she was three years into trying for a baby.

Her experience at the clinic sent her into a spiral of anxiety. “I heard IVF is really tough, and I always assumed it was the physical stuff … but the emotional toll and constant waiting has been awful,” she says. “I’d been going into scans shaking. There have been a few times where I’ve taken my partner to appointments, because I was like: ‘Am I going crazy? Why am I finding this harder than it should be? Why am I so anxious?’ … They are just really bad communicators. No consistency.”

The centre was apologetic about the loss of Isabelle’s embryos, she says, and offered a second collection for free. That took place a few weeks ago. Just last weekend, the couple received a call to say it had been successful and hoped this was the start of a new chapter. The first Isabelle heard of its suspension – and the IVF scandal she had unwittingly become part of – was on the news. They have still not been contacted.

“They don’t know if they will be allowed to reopen in May … I’m torn. I want it to be successful, but at the same time, I want to get out of there,” she says.

Isabelle feels lucky to have the option of IVF on the NHS, given it is such a postcode lottery. But at what cost?

“We’re really lucky to have this free round that people don’t get. But it has come, for us, at a huge emotional cost. Is it worth it, for free, if you’re completely traumatised by the end of it? I don’t know.”

When contacted for comment, Homerton Fertility Centre said: “We are very sorry to any patient who has had a poor experience with our fertility service. The Trust Chief Executive would be happy to discuss these matters with them.”",Abigail Buchanan,"NHS (National Health Service), Daily Features, Fertility, Standard, News, Other features, In vitro fertilisation (IVF), Features interview, Reproductive health",2024-03-12,CONTROL_International_Womens_Strike_2017_2024,single,True,0,"In, The, To"
https://www.telegraph.co.uk/news/2024/03/12/science-nature-mammals-size-gender/,The Telegraph,"Most female mammals not smaller than males, US scientists discover","A separate study has explained why medium-sized animals such as cheetahs run faster than large or small creatures like elephants or ants

Male mammals are not bigger than females in the majority of species, contrary to popular belief, scientists have found.

Princeton University compared male and female body masses of 429 species in the wild and discovered that in 55 per cent of cases, females were either the same size, or larger, than males.

Species in which females are larger include the domestic rabbit, the horseshoe bat, the spotted hyena, the golden hamster, several whales and some seals.

Likewise, male and female lemurs, golden moles, horses, zebras and tenrecs are usually similar sizes.

The researchers said the “larger male” narrative may have emerged because more studies have been carried out on “charismatic” species where males are noticeably bigger, such as lions, elephants and pandas.

Humans also have noticeable sex differences, with the average human male height worldwide being nearly five feet six inches, compared to women at just over five feet two inches.

Writing in the journal Nature Communications, first author Dr Kaia Tombak, a postdoctoral fellow at Princeton, said: “A long-standing narrative postulates that in mammals, males are typically larger than females.

“Darwin treated it as a matter of common knowledge, as have many subsequent evolutionary biologists. It may be time to retire the ‘larger males’ narrative.”

A separate study by Imperial College and Harvard University found that size also matters when it comes to speed, with medium-sized animals running fastest.

The team developed a model of muscles and discovered that for small animals, running is like trying to accelerate in a low gear while cycling downhill. For larger animals it is like trying to accelerate when cycling uphill in a high gear.

Sweet spot

In contrast, animals about the size of a cheetah exist in a physical sweet spot at around 7.8 stone (50kg), consequently the fastest, reaching speeds of up to 65 miles per hour.

Lead author Dr David Labonte, from Imperial College London’s Department of Bioengineering, said: “The fastest animals are neither large elephants nor tiny ants, but intermediately sized, like cheetahs.”

Co-author Dr Peter Bishop from Harvard University added: “For large animals like rhinos or elephants, running might feel like lifting an enormous weight, because their muscles are relatively weaker and gravity demands a larger cost.

“As a result of both, animals eventually have to slow down as they get bigger.”

This research was also published in the journal Nature Communications.",Sarah Knapton,"Mammals, Standard, Nature, News, Animals, Imperial College London, Scientific research, US content",2024-03-12,CONTROL_International_Womens_Strike_2017_2024,single,True,0,"In, The, To"
https://www.telegraph.co.uk/news/2024/03/12/scotland-clinical-director-quits-after-covid-whatsapp-furor/,The Telegraph,Scotland’s clinical director quits to seek ‘new challenges’,"Jason Leitch was criticised after deleting Covid Whatsapp messages en masse

Scotland’s most high-profile medic during the pandemic is stepping down after the UK Covid Inquiry was shown private messages in which he attacked opposition politicians.

Prof Jason Leitch will leave his role as national clinical director at the end of April. He became a household name in Scotland during the pandemic as he conducted many of the daily televised briefings with Nicola Sturgeon, the first minister at the time.

The former dentist won widespread praise for his communication skills and Ms Sturgeon led tributes to him, saying he was a “key part” of her team and a “reassuring presence for many across the country”.

His departure comes after he faced criticism over the mass deletion of his WhatApp messages dating from the pandemic.

A message retrieved from someone else showed him saying: “WhatsApp deletion is a pre-bed ritual.” This occurred less than 24 hours after Boris Johnson announced the UK public inquiry.

In a chat with Humza Yousaf shortly after the May 2021 Holyrood election, he accused a Conservative MSP of being “rude” and “harrumphing like a child”, and described a Labour MSP as a “smart-arse”.

Prof Leitch passed on to Mr Yousaf the details of a conversation he had had with Anas Sarwar, in which he said the Scottish Labour leader complained about two of his new MSPs.

It also emerged he advised Mr Yousaf how to get round Ms Sturgeon’s rules on wearing a face mask at a dinner he was attending on Nov 19, 2021.

Craig Hoy, the Scottish Tory chairman, said: “Jason Leitch’s position became untenable when damning revelations about him were first revealed at the Covid inquiry.”

He said Prof Leitch had “belatedly done the right thing by resigning” and said the SNP “must guarantee that the next person in this crucial public-facing role fully restores confidence among the public.”

Announcing his departure, Prof Leitch said: “The Covid pandemic was an unprecedented challenge for all countries and I am proud of my colleagues inside and outside Government for their incredible work.

“It was a privilege to be able to communicate with the public so directly and be part of that co-ordinated response, and I will forever be grateful for the public’s attention and willingness to follow the guidance – it saved lives.”

Prof Leitch, who has held the role since Jan 2015, said he wanted to look “for new challenges” and to spend more time with charities he worked with. He will also leave his post at NHS Tayside at the end of April.

The Baptist is a board member of the Nazareth Trust, which runs a hospital and nursing school in Northern Israel, and the Indian Rural Evangelical Fellowship, which runs an orphanage, college and nursing school in south-east India.

‘A valued adviser’

Ms Sturgeon wished him “all the very best for the future”, saying: “I always valued the advice and support he gave me, first as health secretary and then FM.”

Mr Yousaf said: “He played a huge role in helping me and fellow ministers navigate the Covid pandemic by providing advice to help reach the best decisions, and by communicating so well with the public. I of course wish him every success in the future.”

In messages shown to the public inquiry, Mr Yousaf told Prof Leitch in Nov 2021 he knew that he did not have to wear a mask when seated.

However, he was not sure about the rules around whether he needed one when “standing talking to folk”, despite being the health secretary at the time.

Prof Leitch replied: “Officially yes. But literally no one does. Have a drink in your hands at ALL times. Then you’re exempt. So if someone comes over and you stand, lift your drink.”

Three days beforehand Ms Sturgeon had used a Covid statement to the Scottish Parliament to continue wearing face coverings in “when moving about in hospitality” settings.",Simon Johnson,"Covid Inquiry, Scotland, Nicola Sturgeon, Standard, News",2024-03-12,CONTROL_International_Womens_Strike_2017_2024,single,True,0,"In, The, To"
https://www.telegraph.co.uk/news/2024/03/12/widow-husbands-ashes-jewellery-identify-body/,The Telegraph,Widow who had ‘husband’s ashes’ made into jewellery told she may be victim of body mix up,"Body was one of 35 recovered from funeral parlour following a police raid

A widow who had her late husband’s ashes made into jewellery has been told she needs to identify his body eight months later as part of a major police investigation into a funeral home.

Police told the unidentified woman that her late husband’s body had been found in a freezer at Legacy International Funeral Directors in Hull, East Yorkshire, after raiding the premises following reports of “concern for the care of the deceased”.

Humberside Police said on Tuesday that they had recovered 35 bodies from the premises, with formal identification yet to take place.

Assistant Chief Constable Thom McLoughlin also said officers had found a “quantity of what we suspect to be human ashes”.

The chain is facing accusations from families that they were given the wrong ashes after their loved ones’ funerals.

Police said that a hotline set up for the public to report concerns had received more than 1,000 calls since Friday.

A friend of a family from Beverley, East Yorkshire, said they were told by police on Saturday that the body of their loved one, who died in July, last year, was still in a freezer at the Legacy Funeral Directors.

The friend, who wanted to remain anonymous, said several women in the family had been wearing jewellery made from the ashes of their late loved one.

They said: “They then paid quite a bit of money to have the ashes turned into crystal jewellery for his widow, daughter and grand-daughter to wear to remember him.

“But now they have found out that he wasn’t cremated and he has been in the freezer all this time.

“Apparently, the police have told them that he could have only been frozen under the direction of the Coroner.”

‘If it’s not him, then who is it?’

The friend added: “The widow is distraught. The family thought they had his remains, and are now asking ‘if it’s not him, then who is it?’

“They are now grieving again, they have lost that closure that a funeral gives you.

“His widow has now been told by the police that she will have to go and identify the body of her dead husband – imagine that!”

Earlier this week a mourner told the Telegraph she had been informed by police that her stepfather may be one of the bodies recovered – despite the family being given what they were told were his ashes a month ago.

ACC McLoughlin encouraged anyone worried about the care of their late relatives to come forward, telling a press conference on Tuesday: “The dedicated phone line remains open and thus far we have received over 1,000 calls from concerned members of the public since Friday.”

“I would encourage anyone who has concerns about the service they have received from Legacy Independent Funeral Directors that have not yet contacted us to please contact us on the dedicated helpline.”

A 46-year-old man and a 23-year-old woman arrested in connection with the investigation launched last week have since been released on bail.

They were arrested on suspicion of prevention of a lawful and decent burial, fraud by false representation and fraud by abuse of position.

Legacy has three branches, two in Hull and one in Beverley, a town nine miles north-west from Hull.

‘An extremely complex and sensitive investigation’

Around 120 officers have been deployed for the “extremely complex and sensitive investigation” with “heartbroken families at the core of it”, officers said.

ACC McLoughlin said: “I recognise this is a distressing time for all those affected and I have no doubt it will have a significant impact across all our local communities and beyond.

“However, this is an incredibly lengthy investigation and a highly intricate one at that, with many lines of inquiry.”

In a direct message to the families involved, he said: “My heart goes out to you all and I can only imagine how distressing this is and upsetting it will be for you and your families.

“I know that they will want and need much more information than I can give you today.

“But as we progress with the investigation, I want to reassure you that we will provide you with updates as soon as we can.

“And I also want to give you a personal commitment that I will do everything possible to give you the answers that you deserve.”

The force declined to provide any further details, citing operational sensitivities.","Max Stephens, Fiona Parker","Funerals, Crime, Police, Standard, News",2024-03-12,CONTROL_International_Womens_Strike_2017_2024,single,True,0,"In, The, To"
https://www.telegraph.co.uk/politics/2024/03/12/suspect-asylum-seeker-conversions-interrogation/,The Telegraph,Suspect asylum seeker conversions interrogation was a broad church,"An Anglican, a Catholic and a Baptist walked into the room – but home affairs committee session proved no joke

In the middle of Lent – like millions, I’ve given up voting Conservative – the home affairs committee interrogated Rev Matthew Firth, a former CofE vicar who claimed that the church has become a “conveyor belt” for suspect asylum seeker conversions.

An earnest fellow, he said he’d been warned that “as a result of the evidence you give today, people might try to get you”. Outside the room, a nun was toying with a baseball bat.

Apparently, “six or seven” foreigners would be presented to him for baptism every “two or three weeks”, each having had an encounter with the Holy Spirit after their initial asylum application was rejected (Jesus is similarly drawn to parole boards). But, said chair Diana Johnson, only a total of 15 asylum seekers were baptised at your church over a 10-year period – so how do we explain the discrepancy in numbers?

To examine the issue further, an Anglican, a Catholic and a Baptist walked into the room (no joke). True to type, the Anglican Bishop of Chelmsford spoke the impenetrable gospel of HR; the general secretary of the Catholic Bishops’ Conference deferred to the Pope; and the Baptist, Steve Tinning, radiated love – revealing, with a sunbeam smile, that up to 30 of the Christian converts on the Bibby Stockholm barge are going to one of his churches.

You’d imagine that this would make him the star of the hearings. Heavens no. Instead the Tories turned their guns on the poor old bishop, demanding to know if she thinks Rev Firth is a liar or if the CofE is pursuing a political agenda. We heard extracts from its guidance for accompanying parishioners through the asylum process. It includes digs at Brexit and Right-wing journalism.

Did the bishops vote in the Lords against the Rwanda plan as a party, the Tories asked? No, she replied, we simply all think exactly the same way. “We want to be part of the conversation going forward,” she added, which I believe is a quote from the Beatitudes.

It’s fascinating to note how the Conservative Party now openly hates the CofE, regarding it as a Trojan horse for undermining Christian civilisation. Is this true? Can’t say: I’ve never been an asylum seeker. But I am a Catholic, and our conversion programme is so long and tedious that one suspects it is consciously designed to put people off.

I’ve also been a Baptist, and would warn any Islamist tempted to give those folks a try: “Don’t think you can get baptised and just disappear”. They’re more determined than MI5. Attend one coffee morning and you’re on the books for life. Oh, you could try fleeing back to Syria, but you’ll still get a knock on the door from a sweet lady with a Bible to ask where you’ve been and can you lead a prayer group next Tuesday?

As for the CofE – yes, I’ve tried that church, too – and the Bishop let the cat out of the bag when she admitted that, conveyor belt or not, all baptisms are down across the board. The panel asked how the Home Office can determine if a convert has truly embraced Britain’s Christian culture. The honest answer? If the refugee shows up once at Christmas and then never again.",Tim Stanley,"UK News, Catholicism, Comment, Politics, Christianity, News, Church of England, Religion, Home Office, Migrants",2024-03-12,CONTROL_International_Womens_Strike_2017_2024,single,True,0,"In, The, To"
https://www.telegraph.co.uk/royal-family/2024/03/12/princess-of-wales-conspiracies-debunked/,The Telegraph,Vogue copies and brick inconsistencies – Princess of Wales conspiracies debunked,"Mother’s Day photo meant to reassure reignites rumour mill with unsubstantiated claims

The photograph of the Princess of Wales and her children was intended to reassure the public by quashing wild social media theories about her health and whereabouts.

Kensington Palace hoped that the first authorised picture of the mother of three since Christmas Day would put an end to the speculation by showing that she was alive and recovering well from abdominal surgery.

However their intentions may have done the opposite, prompting another flood of conspiracy theories.

The Princess’s admission that she had edited the image created uncertainty and suspicion about every element of the picture and the decision to release it.

An unexpected sighting of her in a vehicle with the Prince of Wales on Monday, despite the fact that they were headed to different destinations, prompted further curiosity.

Vogue vexation

One of the theories that gained the most traction on social media was that the Princess had taken the photograph of herself that featured on the cover of Vogue magazine in 2016 and superimposed it on the family portrait.

The claim was dreamt up by Ruby Naldrett, the social media editor for the Daily Mirror, after she dug out the Vogue cover and shared it in a group chat with her friends, who “agreed instantly” that it was a perfect match.

The reporter published her “analysis” on X, formally Twitter, and it quickly went viral with more than 42 million views and nearly 3,000 comments.

Naldrett has admitted it is pure speculation and she has no evidence to support her claims.

“It’s just a theory and it could be wrong,” she said.

Eliot Higgins, the founder of the Bellingcat investigative research agency, which identified Sergei Skripal’s Russian poisoners, said that when he first saw the Vogue theory, he thought it was a “parody”.

He wrote on X: “If you actually look closely at the details you’ll see numerous small differences. Great way to get clicks, if you don’t care about your credibility.”

He highlighted differences between the two images such as the reflection in the Princess’s eye, lower teeth being clearer in the smile, more wrinkles and lines and differences with the eyelashes.

Flourishing foliage

Many conspiracy theorists pointed to the green leaves on the trees in the background of the photograph as proof that it was not genuine.

They claimed the trees would not be green so early in the year.

Horticultural experts rejected the claims, insisting that the mild winter meant that many plants and trees were currently in leaf in the UK.

The photograph was taken at the family home, Adelaide Cottage in the grounds of Windsor Great Park, which is also awash with greenery.

Baffling bricks

Many have claimed that the photograph of the Princess seated alongside her husband in a black Range Rover as it drove through Datchet High Street on Monday had been faked.

One post on X, with more than 100,000 views, claimed the bricks in the background did not match up while another insisted that the silhouette of the Princess had been superimposed from another photograph taken in 2016.

The Telegraph has spoken to the photographer who captured the image. They admit it was a “lucky” shot and that they had no idea the Princess would be travelling with the Prince.

Royal insiders put such claims down to “hysteria” that has gotten out of hand.

Divorcing delusions

The fact that the Princess was not wearing her wedding or engagement rings in the portrait only served to fan the flames.

The absence of jewellery was particularly noticeable because her diamond and sapphire engagement ring is so recognisable, having once belonged to Princess Diana.

Conspiracy theorists claimed it meant the Prince and Princess were headed for divorce.

More sensible sources pointed out that major surgery required the removal of jewellery and that certain types of treatment led to weight gain and weight loss.

Others noted the photograph was taken at home and had been taken by Prince William. The Princess does not always wear her engagement ring.

Clothing confusion

One conspiracy theory that gained traction on TikTok focused on the fact that Princess Charlotte and Prince Louis wore almost identical outfits as they did when visiting a baby bank in Maidenhead last November.

Allyn Aston said: “I’m kinda thinking that they probably took this photo on the day of that event back in November when they filmed it [the visit]... but of course they’re not going to release a picture that’s supposed to be brand new with them all in the same outfits from a publicised event, so they just kinda tinkered it a little bit.”

She told viewers: “They’re definitely pulling the wool over your eyes with this one.”

Well-placed sources told The Telegraph that the photograph was taken last Friday in Windsor.","Victoria Ward, Ewan Somerville","UK News, Photography, Vogue, Prince Louis, Princess Charlotte, Standard, News, Royal Family, Princess of Wales, The Royal Family, US content",2024-03-12,CONTROL_International_Womens_Strike_2017_2024,single,True,0,"In, The, To"
https://www.telegraph.co.uk/tv/2024/03/12/royal-kill-list-sky-history-review-joseph-fiennes-charles/,The Telegraph,"Royal Kill List, review: a bit like being taught history by a Guy Ritchie film","This baffling docu-drama about Charles II swaps the usual talking heads for the starry trio of Joseph Fiennes, Jared Harris and Sheila Atim

The 17th century is having a sexy makeover. Earlier this month there was Mary & George, which is all orgies and swearing. Now we have Royal Kill List (Sky History), which is mostly torture and swearing. It’s a swaggering docu-drama about Charles II, made by a team that has overdosed on Guy Ritchie films. They’ve billed it as “the ultimate revenge thriller”. “Remind me,” a bewigged Charles asks Parliament, “which of you c---s killed my father?”

The production company is 72 Films, which specialises in hefty documentaries (Rise of the Nazis, 9/11 One Day in America) and fly-on-the-wall series about Premier League football teams. Royal Kill List is also billed as a “landmark” documentary, which it absolutely isn’t, but it is at least trying to do something dramatically different.

In place of the usual talking heads, we have actors Joseph Fiennes, Sheila Atim and Jared Harris. They provide the narration, but speak directly to camera. Each speaks from a different perspective: Harris for the Republicans, Atim for the Royalists and Fiennes for Charles himself.

So, for example, Atim remarks that Charles’s life is one of hedonistic excess and emptiness, to which Fiennes retorts: “Emptiness? Give me a break. By any standards he’s a handsome guy, but as a king he’s a f---ing rock star. Women are throwing themselves at him. Get over it.”

This kind of writing makes me cringe, but it does bring the subject to life. As does the torture. The dramatic scenes are well-acted and with high production values, which means the sight of William Prynne’s face – the letters S and L, for “seditious libeler”, were carved into his cheeks as punishment for insulting Charles I’s queen – will make you recoil. Prynne also had his ears cut off.

Mercifully this happened before the period covered by this programme, so we don’t see it. We do see the results of traitors being castrated and disembowelled, the camera getting up close to organs and entrails slopped into baskets. The story of Charles II vowing to take revenge on the traitors who killed his father is succinctly told. But the language quickly becomes too wearing.

When the monarch complains of being thrown from his horse, he rages: “I’m going to have that f---er killed and then I’m going to f---ing eat it.” His mistress, Barbara Villiers, sighs at executions: “We’re so over heads on spikes.” Modernising language is one thing, but did 17th-century women really speak like bored Kardashians?",Anita Singh,"Culture Editor's Choice, History, Television Editor's Choice, Documentary, Sky, Review, Culture, Guy Ritchie, Television",2024-03-12,CONTROL_International_Womens_Strike_2017_2024,single,True,0,"In, The, To"
https://www.telegraph.co.uk/world-news/2024/03/12/fukuyama-toxic-cat-loose-japan/,The Telegraph,"Avoid ‘toxic cat’ that left bright yellow paw prints, warns Japan","Footage of the animal appears to show it fleeing from a metal plating factory after falling into a chemical vat

The inhabitants of a city in Japan have been warned not to approach a cat after it tumbled into a vat of hazardous chemicals and then fled, leaving bright yellow paw prints in its wake.

The discovery was made by a worker at a metal plating factory in the city of Fukuyama, after he found paw marks leading away from the vat.

When staff checked their security cameras, they found images of the feline fleeing the plant.

It is not known how the cat managed to climb out of the 10ft-deep vat after falling into it.

In the black and white video footage, it appeared to be unharmed and scampered across a forecourt.

But it may not have remained that way for very long – the vat contained hexavalent chromium, an orange and brown chemical that is carcinogenic and can cause skin inflammation.

“We immediately alerted police, the Fukuyama city authorities and neighbours near our factory,” a representative from the company told Agence France-Presse.

The spokesman added: “The incident woke us up to the need to take measures to prevent small animals like cats from sneaking in, which is something we had never anticipated before.”

Officials advised locals not to approach or touch the cat if they came across it. Instead, they are asked to immediately call the police.

“I hope the cat is caught soon before it causes any harm,” one local said.

As of Tuesday evening, no sightings had been reported.

There are an estimated nine million domestic cats in Japan, with the number growing steadily each year.

Cat cafes are popular as well. These are coffee shops where customers can play with cats that roam freely around the premises.

There are more than 600 cat cafes across the country, according to the Japan Times.",Nick Squires,"Cats, Asia, Standard, Japan, World News",2024-03-12,CONTROL_International_Womens_Strike_2017_2024,single,True,0,"In, The, To"
https://www.telegraph.co.uk/world-news/2024/03/12/haiti-warlord-jimmy-barbecue-cherizier-power-vacuum/,The Telegraph,Haiti warlord Jimmy ‘Barbecue’ Chérizier set to take advantage of power vacuum,"‘Charismatic, brutal thug’ has unleashed wave of bloodletting on his nation forcing resignation of prime minister Ariel Henry

The Haitian warlord Jimmy “Barbecue” Chérizier claims that his nickname was inspired by his mother’s grilled chicken street stand.

But critics of the 46-year-old former police officer have another explanation: he has a habit of setting fire to his opponents’ homes while they are still inside.

In one incident in 2018, 70 people were killed after he allegedly torched 400 houses in La Saline slum in the capital, Port-au-Prince.

Either way, the nickname has stuck.

Chérizier, a warlord who has unleashed a wave of bloodletting on Haiti, heads an alliance of brutal gangs that calls itself G9 Family and Allies.

After nearly two weeks of his men storming government buildings, police stations and Haiti’s largest airport, he has now managed to force out the shattered nation’s last remaining government figure, Ariel Henry, the prime minister.

Chérizier has been accused of multiple massacres, including while he was still in the notoriously corrupt Haitian National Police, from which he was fired in 2018.

He is now the subject of United Nations sanctions for alleged human rights abuses.

Typically sporting a beret, military camouflage and a machine gun, he likes to make public appearances posing as a Robin Hood-style figure fighting for the poor.

That is despite leading a crime empire that preys on ordinary Haitians, routinely engaging in robbery, extortion, kidnapping and rape.

‘Charismatic, brutal thug’

Part of Chérizier’s carefully curated do-gooder image has hinged on his violent opposition to the deeply unpopular Mr Henry, who failed to live up to his promises to hold elections.

“He is a charismatic, brutal thug,” says Dr Vanda Felbab-Brown, an expert on non-state armed actors, from US think tank the Brookings Institution.

“But Chérizier does have some legitimacy with some of the population, who have no choice about who rules over them at the minute. Unlike some other gang leaders, he does provide some social support to the poor.”

One of eight siblings born near La Saline and brought up singlehandedly by his mother after his father died when he was five, Chérizier claims to be a “revolutionary” seeking to overturn an unjust economic system based on “apartheid”.

He has also cited François “Papa Doc” Duvalier, the ruthless dictator who ruled Haiti from 1957 to 1971, as an inspiration.

Duvalier was notorious for his personality cult rooted in Haitian mythology and his “Tonton Macoute” death squads that crushed all dissent to his kleptocratic rule.

In 2021, Chérizier told looters ransacking businesses in Port-au-Prince: “It is your money which is in banks, stores, supermarkets and dealerships, so go and get what is rightfully yours.”

Long-term goals remain uncertain

As his power grew in the past three years, Chérizier and G9 engaged in ferocious turf wars with a rival group of gangs calling itself G-Pep, while Mr Henry watched on ineffectually.

It is that power vacuum that, ironically, allowed Chérizier to claim to be representing long-suffering ordinary Haitians by demanding Mr Henry’s resignation, which he has now provided.

The gang leader’s long-term goals remain uncertain. He was, says Dr Felbab-Brown, an ally of Jovenel Moise, the president whose 2021 assassination triggered Haiti’s latest downward spiral, and probably wants to align himself with any new government.

Under Moise’s administration, prosecutors were reported to turn a blind eye to G9’s drug trafficking and other crimes provided they maintained order in Port-au-Prince’s slums, often using unremitting violence.

But what is clear is that since founding G9 in 2020, Chérizier has – at the point of a gun – amassed significant power and wealth, which he now appears unwilling to relinquish.

As he once again demanded Mr Henry’s resignation last week, the gang leader, wearing a bulletproof vest, declared: “Either Haiti becomes a paradise for all of us or a hell for all of us.”

For ordinary Haitians, living in constant fear of a random act of gang violence, the latter outcome must seem far more likely than the former.

That is, in large part, thanks to Chérizier and his violent assault on Haiti’s collapsing state institutions.",Simeon Tegel,"Caribbean, United Nations, Haiti, Latin America, Standard, World News",2024-03-12,CONTROL_International_Womens_Strike_2017_2024,single,True,0,"In, The, To"
https://www.telegraph.co.uk/world-news/2024/03/12/north-korea-television-poland-chollima-front-central-tv/,The Telegraph,North Korea’s state-run TV to be beamed around the world,"Subscribers will be able to binge watch the dictatorship’s unique brand of earnest singing, marching soldiers and weeping newscasters

Soap opera fans tired of Netflix can now tune in to the best dramas from the hermit kingdom of North Korea.

For as little as £16 a month, subscribers can now binge watch the dictatorship’s unique brand of earnest singing, marching soldiers and weeping newscasters.

Shiwani TV will broadcast state-run Korean Central TV and its radio station anywhere in the world from the second half of the year.

Among the content available are soaps about soldiers weeding out disloyal class enemies and sitcoms from gleaming Pyongyang apartments.

And there are also plans for an app for users to have all the latest news and gossip about Kim Jong-un, the supreme leader, beamed directly to their smartphones.

The spread of North Korean propaganda is in stark contrast to the dire state of the country’s economy.

Some Covid-era restrictions remain in place and borders are closed, prompting Britain to send inspection teams in recent weeks to its embassy shuttered since the pandemic

Meanwhile, North Korea has been ramping up weapons tests and threatening war with the South, while moving closer to Russia’s orbit.

Korean Central TV, North Korea’s only legally accessible channel, shows a steady stream of missile launches, military parades and bad news about everywhere which isn’t North Korea.

The new venture is the brainchild of the Chollima Front, which describes itself as an independent initiative of friendship between Poland and North Korea.

Chollima Front’s website says it aims to understand North Korea “and its culture… and to make verified information about the country available in the public space”.

The service will be made available worldwide, including in the United States and South Korea, where it could breach national security laws and be illegal to access.

The channel said it will not pay fees to North Korea or have any contractual arrangement with the secretive Communist state. The North Korean embassy in Warsaw is reported to be supportive of the plan.

The channel “operates within the laws of Poland, Canada and Germany, and also respects certain relevant North Korean laws,” a spokesman told The Telegraph.

He said there were no subscribers yet because the service had not yet been launched.

“But I can gladly say that it is untrue to suggest that no one is interested,” he added.

“Currently we have around 50 people that have requested to be informed when registration will be opened. These people are from all over the world, mainly Poland, the USA, Japan, the UK and South Korea.”

Viewers looking to swap Celebrity Big Brother for a taste of the real thing can look forward to the emotional commentary provided by Ri Chun Hee, a veteran newsreader, at moments of historical significance.

There’s Our Neighbours, a sitcom centred around a modern and shiny apartment building in Pyongyang with the heartfelt message that those loyal to the regime will be rewarded with fashionable clothes and household appliances.

Young Researchers follows a group of schoolchildren who use laptop computers and other advanced technology, including drones, to solve problems in the reclusive rogue state.

Sport fans will be able to sample censored footage of world-famous events like Wimbledon, many months after they have been held.

North Korean soap operas tell stirring stories of heroic soldiers and workers devoting themselves to the party and rooting out class enemies and now even include adverts.

Dramas describe a protagonist’s gradual realisation of his duties towards the state or discover they are orphans, raised by the party.

In these tearjerkers, a character’s “mother” has bravely looked after him at great sacrifice, even foregoing the chance to get married, in adherence to the North Korean theory of the “Socialist Grand Family”.

When The Telegraph tuned in to the state broadcaster, there was a lot of singing and soldiers staring meaningfully into the distance.

There was also footage of fields, hopeful children and skyscrapers and trains, despite reports that North Korea is once again facing food shortages.

The new service could fill the gap left after two state-run North Korean websites were shut down in January.

As for the Chollima Front, it is reported to only have about 12 members, mostly Poles, but also Germans and Canadians.

“Chollima Front is a very small organisation whose members are a few young Polish people with communist political views,” a Polish North Korea and East Asia studies scholar, who requested anonymity, told Radio Free Asia.

“No one in Poland is interested in North Korean culture, especially in comparison to South Korean culture,” he said.","James Crisp, Nicola Smith, Matthew Day","Poland, North Korea, Standard, Germany, World News, Kim Jong-un, US content, South Korea",2024-03-12,CONTROL_International_Womens_Strike_2017_2024,single,True,0,"In, The, To"
https://www.telegraph.co.uk/business/2024/03/12/morrisons-posts-1bn-loss-debt-interest-payments-soar/,The Telegraph,Morrisons posts £1bn loss as debt interest payments soar,"Interest costs amounting to £735m help push the retailer further into the red

Morrisons plunged to a £1bn loss last year amid a surge in debt interest payments linked to its private equity takeover.

The supermarket chain, which was acquired by Clayton, Dubilier & Rice (CD&R) for £10bn in 2021, fell deeper into the red for the year ending October 2023 as finance costs grew.

Accounts for Morrison’s parent company, Market Topco, show the group made a pre-tax loss of £1.1bn last year after racking up £735m in interest costs.

These were tied to external debt and inter-company loans, with the debt-financing bill 23pc higher than the £593m incurred in 2022.

The losses reveal the scale of the challenge facing new chief executive Rami Baitiéh, who has set out a bold vision to transform the Bradford-based retailer.

The Frenchman, who was hired from Carrefour to replace David Potts in November, has been battling to improve Morrisons’ fortunes after it lost its spot as Britain’s fourth-largest grocer to German discounter Aldi in 2022.

He has vowed to “reinvigorate” the business after admitting the group had fallen “below the pack”.

The cost of living crisis has prompted a shift from shoppers to Aldi and Lidl, although Mr Baitiéh has sought to stage a fightback by matching its prices to the German discounters.

Results for Morrisons’ holding company show that revenue slipped to £18.4bn from £18.7bn in 2023, while underlying profits, with excludes debt interest costs, rose to £970m from £911m.

Fuel sales plunged more than £560m to £3.4bn last year, which was before the company sold off its 337 petrol forecourts to Motor Fuel Group in a £2.5bn deal two months ago.

Morrisons is expected to use a large chunk of that cash to pay down its £5.4bn debt pile.

The retail giant was snapped up by CD&R three years ago, taking the FTSE 250 company off the London stock market for the first time since 1967.

Interest rates were extremely low at the time of the deal, although a sharp rise in borrowing costs has left the supermarket vulnerable to increased financial pressures.

Despite this, Mr Baitiéh has vowed to transform the business.

Earlier this year, he said: “I must be very direct. Since the pandemic, Morrisons has not been on peak form.

“Our market share has slipped slowly but consistently, our like-for-likes – although an improving and encouraging trend – have been below the pack for a while and the switching data has not been encouraging.”

His shake-up led to the sudden exit of stores chief David Lepley last month, who left the business after working at Morrisons for nearly eight years.

However, Mr Baitiéh retains the support of Sir Terry Leahy, the former Tesco chief who chairs Morrisons and serves as a senior adviser to CD&R.

The US private equity fund recently hired Dave Lewis, another former Tesco boss, as a senior adviser but he is not expected to be involved in operations at Morrisons.

A Morrisons spokesman said: “Morrisons’ financial performance highlights the progress the company has made, delivering six consecutive quarters of like-for-like growth.”

It said statutory profits had been hit by “a number of non-cash items” but stressed that “the underlying performance of the business is strong.”

Morrisons currently holds 8.8pc of the grocery market, according to the latest figures from Kantar, down from 9.1pc last year and compared to 9.4pc held by Aldi.

It recently emerged that Morrisons has hired advisers to explore the potential sale of its Rathbones bakery business, as first reported by The Telegraph.

Deloitte has been drafted in to field interest from potential suitors, although discussions over Rathbones’ future are thought to be at an early stage.

The Rathbones site produces more than 50,000 tonnes of baked products each year, including crumpets, bread rolls and hot cross buns.

Speculation over the potential sale of its manufacturing sites has been persistent for many years, although bosses have recently sought to play down the prospect of this happening.

Since taking over Mr Baitiéh has highlighted the importance of Morrisons’ manufacturing sites.",Michael Bow,"Retail and Consumer industry, Supermarkets, Business, Standard",2024-03-12,CONTROL_International_Womens_Strike_2017_2024,single,True,2,"February, Inflation, Rates"
https://www.telegraph.co.uk/business/2024/03/12/millions-of-households-face-200-increase-energy-bills-gas/,The Telegraph,Millions of households face £200 jump in energy bills,"Plans to boost UK’s energy security with gas-fired power stations to cost consumers £5bn

Households face paying almost £200 extra on their energy bills under plans to keep Britain’s lights on by building more gas-fired power stations.

Experts said the policy, announced by Rishi Sunak on Tuesday, would result in a bill of around £5bn for consumers, equivalent to £178 per household, most likely spread over a decade or more.

Tom Smout, of Aurora Energy Research, which conducted the findings, said: “What consumers are being asked to buy is energy security.

“The priority is to keep the lights on by having backup for the intermittency of renewables.

“An extra 5Gw of new backup generating capacity is needed to keep the lights on. Each gigawatt of capacity will cost about £1bn.”

Documents published on Tuesday by the Government said plans to boost Britain’s energy security by building more gas-fired power stations will be funded by bigger payments to plant operators, resulting in higher energy bills for homes and businesses.

Electricity generators will be paid via the so-called capacity market, an auction system that pays operators to be on 24-hour standby to deliver power when supplies become tight.

The plants will only be fired up when renewable sources like wind and solar fail to deliver, typically due to poor weather.

According to official estimates published on Tuesday, gas plants are only expected to be used for around 700 hours in 2030 – the equivalent of about 29 days.

The predicted figure for 2035 is below half of that and falls to less than 100 hours from 2040 onwards.

It follows a stark warning from ministers that for at least the next two decades Britain risks having too little generating capacity to keep the lights on.

Britain’s ability to generate electricity has become increasingly reliant on the weather as net zero targets spur a shift to renewable power sources such as offshore wind and solar power.

However, periods of low wind and less sunlight, a phenomena known as “dunkelflaute”, create problems for energy supplies as it causes renewable production to plummet.

Announcing the new gas-fired power stations on Tuesday, Claire Countinho, the Energy Secretary, said: “A weather-dependent, renewables-based electricity grid means we will need to have flexible power for when the wind doesn’t blow, and the sun doesn’t shine.

“Without gas backing up renewables, we face the genuine prospect of blackouts.”

Britain has about 32 gas-fired power stations with the capacity to generate about 27 gigawatts (Gw), enough to power around 20 million homes.

But uncertainty over energy policy during the past two two decades means few new ones have been built, leaving Britain with a fleet of ageing gas plants.

More than half face closure within the next few years, slashing generating capacity by 15Gw and leaving just 12Gw of existing plants available to the National Grid.

Another 9Gw of new capacity is already expected, which would take the total to 21Gw

But this falls short of the 22 to 28Gw of gas-fired plants that the Government estimates will be needed in 2035 to keep the lights on.

The new power stations would get most of their income from capacity payments – the money offered by the Government to build power stations and keep them on standby.

If, however, they switched on, they would get more money for the power they generated.

Kisha Couchman, deputy director of Energy UK, which represents suppliers, said: “The pathway to net zero set out by the Climate Change Committee does include a small role for unabated gas to ensure security of supply but the Government must also ensure that there is a clear decarbonisation pathway for these plants, either through carbon capture and storage or hydrogen.”

However, Baroness Brown, vice-chairman of the Climate Change Committee, said: “It is disappointing that the Government seems to be focused on fossil fuels as a stop gap and not long duration energy storage as a secure solution.”","Jonathan Leake, Matt Oliver","Energy industry, Gas bills, Gas, National Grid, Business, Standard",2024-03-12,CONTROL_International_Womens_Strike_2017_2024,single,True,0,"In, The, To"
https://www.telegraph.co.uk/business/2024/03/12/nord-stream-sues-insurers-lloyds-london-pipeline-blasts/,The Telegraph,Nord Stream sues insurers for €400m over pipeline blasts,"Lloyd’s of London among defendants as Swiss-based company seeks damages for 2022 explosions

Nord Stream is suing insurers including Lloyd’s of London for more than €400m (£345m) over explosions that tore apart pipelines used to transport Russian gas to Europe.

The Swiss-based company, which operates two pipelines known as Nord Stream 1 and 2 in the Baltic Sea, has filed a claim at the High Court seeking damages over the 2022 explosions.

The blasts reignited tensions between Russia and the West amid fighting in Ukraine, as countries pointed fingers over who was responsible.

Danish police recently closed an investigation into suspected “sabotage” of the pipes, saying there was not enough evidence to bring a criminal case.

Sweden has also closed an investigation into the matter, although German authorities are still inquiring.

Russia and Ukraine have both denied responsibility for blowing up the pipeline.

Nord Stream is part-owned by Russian state-owned gas group Gazprom. The other owners are Western energy groups, including Engie, Gasunie, E.On and Wintershall Dea.

Lloyd’s of London’s EU subsidiary, Lloyd’s Insurance Company, and Bermudan reinsurer Arch Insurance are listed as defendants in the civil case, which was filed by Nord Stream last month.

Both Lloyd’s and Arch are representative defendants, meaning several more firms who underwrote Nord Stream’s insurance policy may be liable if damages are awarded.

“We can confirm that there is a contractual dispute in the Commercial Courts in London between Nord Stream AG and the insurers of the Nord Stream gas pipeline system,” a Nord Stream spokesman said.

“However, we ask for understanding that we are not in a position to provide any detailed comments to the legal proceedings.”

According to the legal claim, first reported by the Financial Times, Nord Stream estimates that the cost of repairing the pipeline and replacing the lost gas inventory is up to €1.35bn.

It is seeking to claim €400m of this back from insurance policies.

One of the pipelines looked “mangled” in one area following the blast, according to the claim, but “appeared smooth” and “to have been cut” in another area.

The pipeline was insured using both primary and secondary insurance, which means the primary insurers must pay out damages before the secondary insurance kicks in.

According to reports, Nord Stream is claiming the blasts should trigger both primary and secondary insurance payouts. Lloyd’s and Arch are yet to file their defence of the claim.

A Lloyd’s spokesman said: “Lloyd’s is not at liberty to discuss individual policies or policyholders, nor can it comment on matters in litigation.”

Arch Insurance declined to comment.",Michael Bow,"Russia, Russia-Ukraine war, Nord Stream 2, Business, Standard, Insurance industry, Ukraine",2024-03-12,CONTROL_International_Womens_Strike_2017_2024,single,True,0,"In, The, To"
