url,publisher,title,body,authors,topics,publishing_date,event_label,event_type,is_control,topic_id,topic_label
https://www.voanews.com/a/black-boxes-seized-after-technical-failure-on-boeing-made-latam-plane-/7523986.html,Voice Of America,Black Boxes Seized After 'Technical' Failure on Boeing-made LATAM Plane ,"New Zealand investigators Tuesday seized the flight recorders from a Boeing-made LATAM plane, searching for the cause of a mid-air plunge that injured dozens of terrified travelers.

The Boeing 787 Dreamliner was en route from Sydney to Auckland Monday evening when it lurched earthward without warning, slinging some unrestrained passengers out of their seats and smashing others into the cabin ceiling.

""Everyone started screaming, crying,"" said Australian receptionist Ellie Addison, one of 263 passengers aboard flight LA800.

""People were launched out of their seats, there was blood pouring from people's faces.""

It is the latest in a string of headline-grabbing safety incidents to trouble U.S. plane maker Boeing.

Both Boeing and Chile-based LATAM Airlines have promised to cooperate with authorities to pinpoint the cause of the unspecified ""technical event.""

Confusion has clouded early investigations, with both Chilean and New Zealand safety watchdogs suggesting the other nation was taking the lead.

New Zealand accident investigators said Tuesday they had started gathering evidence, ""including seizing the cockpit voice and flight data recorders"".

But, a spokesman added, ""it is Chile's investigation.""

Sales administrator Veronica Martinez said it felt like the plane had stopped mid-air, and then ""we just plunged"".

""People were flying, babies fell, it was horrible, lots of people were injured,"" she told AFP.

Emergency crews raced to Auckland Airport to meet the incoming flight, dispatching more than a dozen ambulances and other medical vehicles.

Support worker Gabriel Felipe de Oliveira Adaime said the flight was ""traumatizing"", while fellow passenger Agustin Ramonda said it was ""one of the worst three seconds of my life"".

Paramedics said they treated about 50 patients. Four people remained in hospital as of Tuesday morning, Health officials told AFP.

The flight arrived on time, LATAM said in a statement.

'Black swan event'

Passenger Brian Jokat said he spoke to one of the pilots after the plane touched down.

""I asked him 'what happened?' and he said to me 'I lost my instrumentation briefly and then it just came back all of a sudden',"" the passenger told national broadcaster Radio New Zealand.

Air accident safety investigator Joe Hattley told AFP that technical problems were rare in modern aircraft.

""That flight record will be key to understanding this event,"" said Hattley, who also teaches at the University of New South Wales in Australia.

""It will tell investigators if it was an atmospheric event or a technical problem with the aircraft.""

Ashok Poduval, a commercial airline pilot for 15 years and now chief executive of the Massey University School of Aviation, said the incident appeared to be an ultra-rare ""black swan event.""

""A malfunction of the autopilot or unexpected clear-air turbulence are some of the possibilities that could cause an upset of this nature,"" he said.

Data from airline tracker FlightAware showed the plane began losing altitude about two hours into the three-hour flight. But it was unclear if this was part of its descent into Auckland.

Safety issues

U.S. manufacturer Boeing said it ""stands ready to support the investigation-related activities as requested.""

The aircraft maker has suffered a series of safety issues in recent years, including the fatal Lion Air and Ethiopian Airlines crashes of 737 MAX planes in 2018 and 2019 that killed more than 350 people.

The manufacturer is still reeling from a near-catastrophic incident in January when a fuselage panel on a Boeing 737 MAX 9 Alaska Airlines jet blew off mid-flight in the United States.

Last week, a Boeing 777 jetliner bound for Japan had to make an emergency landing shortly after takeoff from San Francisco when a wheel fell off and plunged into an airport parking lot, damaging several cars.

U.S. regulators earlier this month gave Boeing 90 days to come up with a plan addressing quality control issues, with the Federal Aviation Administration chief saying the company must ""commit to real and profound improvements.""

Boeing's share price has dropped 25% since the start of the year.

Upstream Aviation consultant Tim Collins said Boeing has had some production issues, ""but generally most aircraft are good and reliable.""

He said Boeing made up about 50% of the global jet fleet.

""While some people might think twice about Boeing's reputation, the same would happen if an Airbus crashed tomorrow.""",Agence France-Presse,East Asia,2024-03-12,CONTROL_International_Womens_Strike_2017_2024,single,True,0,"In, The, To"
https://www.voanews.com/a/israel-strikes-lebanon-in-response-to-rocket-barrage-/7523981.html,Voice Of America,Israel Strikes Lebanon in Response to Rocket Barrage ,"The Israeli military said Tuesday it carried out airstrikes to destroy three launchers that were used to send part of a barrage of 100 rockets fired from Lebanon toward the Israel-occupied Golan Heights.

The cross-border violence was the latest round in consistent fighting that has raised international concerns about the spread of the Israel-Hamas war in the Gaza Strip to other parts of the region.

Israel also reported Tuesday carrying out new airstrikes in the Khan Younis area of southern Gaza as it pushes forward with its campaign to eliminate the Hamas militant group.

As the United Nations warns of an accelerating food crisis in Gaza, a ship loaded with 200 tons of aid departed Cyprus on Tuesday on its way to bring relief by sea.

The project is a collaboration among the United Arab Emirates, the Spanish charity Proactiva Open Arms and the aid group World Central Kitchen.

The effort includes building a jetty at the Gaza coast and would represent a new approach to bringing aid to Gaza where truck deliveries have been limited by the fighting and Israeli inspections.

World Central Kitchen founder Jose Andres said on X that the ship was on its way, and that while the effort could fail, “the biggest failure will be not trying.”

“We could bring millions of meals a day,” Andres said. “The people of the north will be fed!”

A separate U.S. military mission is heading to the Mediterranean Sea to start construction of a temporary pier on the Gaza coastline to provide passage for more truckloads of humanitarian aid to famished Palestinians. Officials, however, said it could be two months before the facility is built and operating.

The eventual plan is for more food and medical supplies to be dispatched to the temporary pier in Gaza from Cyprus after Israeli forces inspect the cargo to make sure no weaponry is included for Hamas militants.

The temporary pier is needed because Gaza has no port infrastructure and has been under an Israeli navy blockade since 2007, when Hamas took control of the enclave. There have been few direct sea arrivals since then.

Israel said Monday that an airstrike in Gaza over the weekend targeted a senior Hamas military leader, but it was still trying to determine whether he had been killed.

The strike on the presumed hideout of Marwan Issa took place ""between Saturday and Sunday,” Israeli military spokesperson Rear Admiral Daniel Hagari told a news briefing Monday.

He said the compound in central Gaza was used by two senior members of Hamas, including Issa, who Israel accuses of being one of the key planners behind Hamas’ October 7 terror attack on Israel.

Issa is second in command of Hamas' military wing, the Ezzedine al-Qassam Brigades.

""We are still examining the results of the strike, and final confirmation has yet to be received,"" Hagari said.

Israel began its military campaign to wipe out Hamas after the group’s October 7 terror attack on Israel that killed about 1,200 people according to Israeli tallies and led to the capture of about 250 hostages. Gaza health officials say Israel’s offensive has killed more than 31,000 people and injured 72,700 others.",VOA News,"Middle East, Gaza, palestinians, Israel, Lebanon",2024-03-12,CONTROL_International_Womens_Strike_2017_2024,single,True,0,"In, The, To"
https://www.voanews.com/a/internet-personality-tate-brought-to-romanian-court-on-uk-arrest-warrant/7523935.html,Voice Of America,Internet Personality Tate Brought to Romanian Court on UK Arrest Warrant,"Internet personality Andrew Tate was arrested for 24 hours in Romania on a British warrant, his PR representative said on Tuesday, and the Bucharest Court of Appeals was set to decide on whether to extradite him.

Tate and his brother Tristan were detained on allegations of sexual aggression dating back to 2012-15, which they ""categorically"" deny, his PR team said. The warrant was issued by Westminster Magistrates Court.

""Brothers Andrew and Tristan Tate were forcibly detained for 24 hours and handed a European arrest warrant by UK authorities. The charges, dating back to 2012-2015, include allegations of sexual aggression,"" Andrew Tate's PR representative said in a statement. ""The Bucharest Court of Appeal is slated to make a pivotal decision today on whether to execute the mandate.""

The court had yet to decide when it will convene to address the warrant. It was not immediately available for comment.

Tate, who gained millions of fans by promoting an ultra-masculine lifestyle, was indicted in June in Romania along with his brother and two Romanian women for human trafficking, rape and forming a criminal gang to sexually exploit women. They have denied the charges.

The case has since been with the Bucharest court's preliminary chamber, which needs to decide whether the trial can start. A decision has yet to be made, with Romanian courts backlogged.

The Bucharest Court was also set to rule on Friday whether to maintain a seizure of Tate's assets enforced by Romanian prosecutors at the start of 2023.

The Tate brothers were held in police custody pending the criminal investigation from late December 2022 until April, to prevent them from fleeing the country or tampering with evidence. They were placed under house arrest until August.

They have since been under judicial control, a lighter preventative measure meaning they have regular check-ins with the police but can move around freely except for leaving the country.",Reuters,"Europe, Romania, human trafficking, United Kingdom, Andrew Tate, Tristan Tate, sexual aggression",2024-03-12,CONTROL_International_Womens_Strike_2017_2024,single,True,0,"In, The, To"
https://www.voanews.com/a/us-delegation-leaves-saudi-arabia-early-over-kippah-row/7523949.html,Voice Of America,US Delegation Leaves Saudi Arabia Early Over Kippah Row,"A U.S. delegation on religious freedom said Monday it cut short its visit to Saudi Arabia after one of its members was asked to remove his Jewish head covering, or kippah.

The United States Commission on International Religious Freedom (USCIRF) said its delegation was near Riyadh visiting Diriyah, a historic town that is a UNESCO World Heritage Site, when the commission's chair, the Orthodox Rabbi Abraham Cooper, ""refused their requests that he remove his religious head covering.""

""No one should be denied access to a heritage site, especially one intended to highlight unity and progress, simply for existing as a Jew,"" Cooper said in a statement.

The USCIRF said Cooper and its vice chair Reverend Frederick Davie were invited to tour the site last Tuesday as part of their official visit when, after several delays to the tour, officials requested that Cooper remove his kippah ""while at the site and anytime he was to be in public, even though the Saudi Ministry of Foreign Affairs had approved the site visit.""

Saudi Arabia ""is in the midst of encouraging change under its 2030 Vision,"" Cooper noted. ""However, especially in a time of raging anti-Semitism, being asked to remove my kippah made it impossible for us from USCIRF to continue our visit.""

The USCIRF said it was particularly regrettable it happened to the representative of ""an American government agency that promotes religious freedom.""

The commission is a U.S. government advisory body mandated by Congress.

Davie, the USCIRF vice chair, described the incident as ""stunning and painful,"" adding: ""It directly contradicted not only the government's official narrative of change but also genuine signs of greater religious freedom in the Kingdom that we observed firsthand.""

The Saudi embassy in Washington did not immediately respond to AFP request for comment.

The incident comes against a backdrop of tensions between Saudi Arabia and U.S. ally Israel over the war in Gaza, and US efforts to promote normalization of ties between the two states once the conflict is over.",Agence France-Presse,"Middle East, USA, Saudi Arabia, United States, Rabbi Abraham Cooper, United States Commission on International Religious Freedom",2024-03-12,CONTROL_International_Womens_Strike_2017_2024,single,True,0,"In, The, To"
https://www.voanews.com/a/reports-south-korean-held-in-russia-for-spying-was-a-missionary/7523869.html,Voice Of America,Reports: South Korean Held in Russia for Spying was a Missionary,"A South Korean citizen arrested in Russia on suspicion of espionage was a missionary who supported North Korean laborers based in Russia's Far East, South Korean media reports said on Tuesday.

The man, named as Baek Won-soon, was transferred from Vladivostok to Moscow and is accused of handing over classified information to foreign intelligence agencies, Russian state news agency Tass reported.

Baek, 53, was described as a ""deeply religious"" person who was also registered as the founder of a travel company based in Vladivostok, according to Tass.

It was the first time a South Korean has been detained in Russia for alleged espionage, Tass said.

South Korean television network JTBC said Baek had travelled to Vladivostok from China earlier this year to carry out missionary work for North Korean workers in Russia, citing an unidentified acquaintance.

He was also involved in helping North Koreans to defect, Yonhap news agency quoted an unnamed acquaintance as saying.

South Korea's foreign ministry said its consulate had been providing assistance since it became aware of the arrest. It declined to give more details as the matter was currently under investigation.

The South Korean government is communicating with Russia for the safe return of its national, a foreign ministry spokesperson told reporters on Tuesday.

U.S. and South Korean officials have raised concerns that Russia has accepted new groups of North Korean workers in defiance of a U.N. resolution amid a blossoming of ties between Moscow and Pyongyang.

A 2017 U.N. Security Council resolution required countries to expel North Korean workers by 2019 on the grounds that their labor was exploited to earn foreign currency for North Korea's banned nuclear and ballistic missile programs. But thousands reportedly remain in China and Russia.

North Korean construction workers and loggers still remain in Russia, holding student or tourism visas there, a South Korean government report said last year.

Ties between Russia and South Korea have been increasingly strained by Moscow's growing relations with North Korea amid allegations that Pyongyang has supplied munitions for the war in Ukraine.

South Korea, a U.S. ally, has denounced Russia's invasion and supplied economic and humanitarian aid to Kyiv, but has so far stopped short of sending weapons.

Since the Ukraine war, South Korea has had a special travel advisory urging its citizens not to travel to Russia.",Reuters,"East Asia, Europe, South Korea, russia, espionage, North Korea",2024-03-12,CONTROL_International_Womens_Strike_2017_2024,single,True,0,"In, The, To"
https://www.voanews.com/a/guyana-says-haitian-prime-minister-resigns/7523836.html,Voice Of America,Guyana says Haitian Prime Minister Resigns,"President Irfaan Ali of Guyana says Prime Minister Ariel Henry of Haiti has resigned.

Ali made the announcement late Monday in the Jamaican capital of Kingston, where leaders of the regional body Caribbean Community, or CARICOM, have been meeting to discuss the crisis in Haiti. Ali said Henry will step aside to allow for the establishment of a transitional authority.

Henry’s reported resignation comes a week after his plane was forced to land in the U.S. Caribbean territory of Puerto Rico when it was denied entry into the Dominican Republic, which shares the island of Hispaniola with Haiti.

Henry departed Haiti the week before on a mission to the South American nation of Guyana and the east African nation of Kenya to gain support for the deployment of a multinational United Nations peacekeeping force to Haiti, which has been plagued by brutal and uncontrolled gang violence in the capital, Port-au-Prince, and beyond.

The gangs used Henry’s absence to attack the National Penitentiary and another prison in Port-au-Prince, killing several people and allowing thousands of inmates to escape into the city. Gangs also staged shooting attacks on Haiti’s main airport.

Jimmy “Barbecue” Cherizier, the leader of an alliance of gangs that staged last week’s attacks, told reporters Tuesday that the gangs would not allow Henry to return to Haiti and urged him to resign.

The government has declared a state of emergency and a nighttime curfew.

During the conference with regional leaders in Jamaica Monday, U.S. Secretary of State Antony Blinken announced that Washington would contribute an extra $100 million to support the U.N.-backed security force in Haiti , along with another $33 million in humanitarian aid.

Henry, a neurosurgeon by profession, has served as acting prime minister since the 2021 assassination of President Jovenel Moise plunged the Caribbean nation into chaos. He was scheduled to step down in February, but delayed elections due the worsening security situation and a political stalemate with opposition forces.",VOA News,"Americas, Haiti, Guyana, ariel henry, Kenya, haiti violence",2024-03-12,CONTROL_International_Womens_Strike_2017_2024,single,True,0,"In, The, To"
https://www.voanews.com/a/russia-says-ukrainian-drone-attack-hit-fuel-facility/7523840.html,Voice Of America,Russia Says Ukrainian Drone Attack Hit Fuel Facility,"Russian officials reported Ukrainian drone attacks Tuesday targeting Moscow and several regions of western Russia.

Andrey Klychov, the regional governor of Oryol, said a drone crashed at a fuel facility, causing a fire but no casualties.

A Ukrainian drone also attacked the Belgorod region, which borders Ukraine, leaving some people without power, according to the regional governor.

Moscow Mayor Sergei Sobyanin said Russian air defenses destroyed a drone that was flying toward the Russian capital. He reported no damage or injuries from falling debris.

Officials in the Tula and Kursk regions also reported Ukrainian drones being destroyed in those areas Tuesday.

In Ukraine, authorities issued air alerts in multiple regions overnight.",VOA News,"Europe, Ukraine, Russian invasion of Ukraine, russia, ukraine",2024-03-12,CONTROL_International_Womens_Strike_2017_2024,single,True,1,"De, En, La"
https://www.voanews.com/a/former-us-official-s-work-for-chinese-client-stirs-concern-over-disclosure-loopholes/7523818.html,Voice Of America,Former US Official's Work for Chinese Client Stirs Concern Over Disclosure Loopholes,"When a Chinese drone company came under U.S. government scrutiny over its alleged ties to China's military, the company turned to one of America's pre-eminent lawyers: Loretta Lynch, a former attorney general in the Obama administration.

Lynch, who ran the U.S. Department of Justice from 2015 to 2017 and is now a partner at the Paul, Weiss law firm, wrote a letter to a senior Defense Department official last July on behalf of SZ DJI Technology Co Ltd, asking that her client be removed from a list of Chinese military companies.

Advocating for foreign clients is legal and U.S. law includes a public disclosure exemption for lawyers.

But the letter, seen by Reuters, is an example of what transparency advocates and some members of Congress - dozens of whom have supported bills to change rules - say are gaps in the law that allow lawyers and lobbyists, including former officials, to avoid disclosing their advocacy for companies possibly subject to U.S. sanctions.

The Paul, Weiss law firm declined to comment on the letter, and Lynch did not respond to Reuters emails. DJI also declined to comment, but it has said previously that it is not a military company and that it was prepared to formally challenge its inclusion on the list.

The Foreign Agents Registration Act (FARA), a decades-old law requiring public disclosure of work done on behalf of non-U.S. entities, includes a list of exemptions, including for commercial activities and legal representation.

The work by the onetime top U.S. law enforcement officer on behalf of a company the Department of Defense says poses ""threats to national security"" comes as U.S. agencies warn about companies with links to China's Communist Party and as lawmakers push to tighten FARA's disclosure requirements.

The U.S. Treasury and Commerce departments say DJI supported biometric surveillance and tracking of Muslim Uyghur minorities in China.

The Defense Department did not respond to a request for comment on Lynch's letter. DJI remained on the Pentagon list when it was updated in late January.

The Justice Department also declined comment on the letter and broader FARA enforcement.

Almost a dozen critics of FARA told Reuters the law's loopholes have allowed less transparency for other companies with alleged ties to China's military, including surveillance technology firm Hikvision and biotech firm WuXi AppTec.

Jim Risch, the top Republican on the Senate Foreign Relations Committee, says reforms to the law are needed, given the blurry lines between many Chinese companies and the Chinese government, and to keep former members of the U.S. government from effectively lobbying on their behalf.

""It is appalling that former senior U.S. officials use their connections to serve the interests of U.S. adversaries,"" Risch said.

However, the American Civil Liberties Union and others assert that broadening disclosure requirements could act as a barrier to legally protected free speech.

In 2022 the ACLU and 13 other groups wrote to the Justice Department about their concerns, cautioning that problems with the law could ""enable selective enforcement for bad faith or malicious reasons.""

Others argue that stricter FARA rules on disclosure could give authoritarian countries like Russia and China cover for their own stifling of free speech.

Jonathan Turley, a George Washington University law school professor, said some countries, such as Russia, label citizens and reporters as foreign agents to limit their activities.

""I do have concerns over some past investigations and prosecutions that targeted individuals who appeared to be engaging in First Amendment activities,"" Turley told Reuters.

Requesting a meeting

The Pentagon in 2022 placed DJI on its Chinese Military Companies list, a designation that serves as a warning about the risks of conducting business with those entities.

In her letter to Assistant Secretary of Defense Laura Taylor-Kale on behalf of DJI, Lynch urged the department to promptly remove the drone maker.

""The wide use and dependence on DJI products by a variety of U.S. stakeholders reinforces the importance and urgency of deleting DJI from the list,"" Lynch wrote.

She added that DJI requested ""a meeting to discuss this matter."" Reuters could not establish whether that meeting occurred.

Also signing the letter, labeled ""confidential treatment requested,"" were former Assistant United States Attorney Michael Gertzman and Associate White House Counsel in the Obama administration Roberto Gonzalez – now both partners at Paul, Weiss.

Gertzman and Gonzalez did not respond to requests for comment.

FARA enforcement has intensified in recent years, with the Justice Department prosecuting individuals for their work on behalf of Chinese interests and pushing some law firms to register.

Paul, Weiss attorneys have acknowledged growing enforcement tied to China.

In a 2022 memo to clients about a U.S. court's dismissal of a FARA case against casino magnate Steve Wynn, Lynch, Gonzalez and other Paul, Weiss attorneys wrote: ""The targeting of lobbying on behalf of China by the DOJ is further evidence of the Biden Administration's intention to use all of the legal tools at its disposal in a multi-faceted strategy to counter the perceived threat posed by China.""

Paul, Weiss did not respond to questions about the memo and a White House spokesperson did not immediately respond to a request for comment.

At the Justice Department's request, the Sidley Austin law firm in 2022 retroactively registered its lobbying on behalf of Hikvision, a company the U.S. says has been implicated in human rights violations toward Uyghurs.

Sidley Austin declined to comment on its registration. While the firm had not originally filed under FARA it had disclosed under the Lobbying Disclosure Act, which has less rigorous disclosure requirements, according to the Justice Department.

The Justice Department has called for the repeal of an LDA exemption from FARA filing.

Hikvision did not respond to a request for comment but has previously denied reports that the company is complicit in human rights abuses.

Congressional pressure again has begun to tick up.

On March 5, the House of Representatives select committee on China asked the Justice Department to review trade association Biotechnology Innovation Organization's lobbying on behalf of Chinese biotech firm WuXi AppTec for possible FARA requirements.

BIO told Reuters that its advocacy was fulfilling its duty to let Congress and patients know the impact of potential policies and ""nothing more.""

WuXi AppTec, when asked by Reuters about the House committee's request, said it objected to ""inaccurate assertions and preemptive actions against our company without due process,"" adding it was confident lawmakers would see it as a trusted partner.

Reform is up to Congress

Some experts, including those who have concerns about extending FARA's reach, agree the law is vague and presents particular challenges for attorneys.

David Laufman, a partner at law firm Wiggin and Dana who previously oversaw the Justice Department's FARA enforcement, said while lawyers may not need to register under FARA if they avoid policy discussions with government officials, the only way to know for certain is to seek an opinion from the Justice Department.

""In the meantime, life goes on for attorneys. We have to represent our clients,"" he said.

Reforms to the law would be up to Congress. Several bipartisan bills to close FARA loopholes have been proposed.

One, proposed last year in the House and Senate, could require retroactive FARA registration by anyone who acts as an ""agent for a foreign principal.""",Reuters,"USA, China News, Loretta Lynch, attorney general loretta lynch, department of justice, United States, China, foreign lobbying",2024-03-12,CONTROL_International_Womens_Strike_2017_2024,single,True,0,"In, The, To"
https://www.voanews.com/a/us-intelligence-chiefs-deliver-grim-warning-for-ukraine/7523825.html,Voice Of America,US Intelligence Chiefs Deliver Grim Warning for Ukraine,"The frozen military conflict between Ukraine and Russia is starting to thaw and will likely tilt in Moscow’s favor if the United States fails to quickly come through with additional military aid, according to top U.S. intelligence officials, in a grim assessment delivered to U.S. lawmakers.

Monday’s warning comes nearly a month after the U.S. Senate voted in favor of a stand-alone foreign aid bill that would send $60 billion in aid to Ukraine as it tries to hold on to territorial gains more than two years after Russian forces invaded.

But the lawmakers in the House of Representatives have refused to bring the bill up for a vote, leaving other Western nations scrambling to provide Ukraine with enough weapons and ammunition to hold off a renewed Russian offensive.

The $60 billion “is absolutely critical to Ukraine's defense right now,” Director of National Intelligence Avril Haines told members of the Senate Intelligence Committee.

“Ukraine's retreat from Avdiivka and their struggle to stave off further territorial losses in the past few weeks have exposed the erosion of Ukraine's military capabilities with the declining availability of external military aid,"" she said. “Without that assistance, it is hard to imagine how Ukraine will be able to maintain the extremely hard-fought advances it has made against the Russians.""

The director of the Central Intelligence Agency told lawmakers the war is at a crossroads, and that what happens next likely hinges on the provision of U.S. aid.

""The Ukrainians are not running out of courage and tenacity. They're running out of ammunition,” said the CIA’s William Burns. “And we're running out of time to help them.""

Both Haines and Burns reiterated previous assessments: that up until now, Ukraine’s military has inflicted serious damage on Russia’s forces.

U.S. officials believe at least 315,000 Russian troops have been killed or wounded, and that two-thirds of Russia’s prewar tank inventory has been destroyed. The Russian military, which had been undergoing a modernization program, has been set back years.

Russia’s invasion has also served to galvanize the West, with Sweden and Finland joining the NATO military alliance.

But Haines and Burns told lawmakers that none of those strategic defeats have managed to change the calculus of Russian President Vladimir Putin.

“Putin continues to judge that time is on his side,” Haines said, cautioning that the Russian leader is as entrenched as ever.

""He continues to see NATO enlargement and Western support for Ukraine as reinforcing his long-held belief that the United States and Europe seek to restrict Russian power and undermine him,"" she said, telling lawmakers that Putin’s response has been to push ahead with efforts to grow the Russian military, pouring more money into ammunition production and into the purchase of military supplies from Iran and North Korea.

U.S. intelligence officials also see signs Putin is continuing to move forward with plans to modernize and fortify Russia's nuclear weapons arsenal, already thought to be the largest and most diverse in the world.

And there are signs that Russia is willing to take chances to gain an advantage.

“We remain concerned that Moscow will put at risk long-standing global norms against the use of asymmetric or strategically destabilizing weapons, including in space and in the cyber domain,"" Haines said.

Some lawmakers echoed the concerns, urging colleagues to pass the legislation to get Ukraine the military supplies it needs.

“My fear is the decision thus far by the House of Representatives not to even take up legislation that would support Ukraine in the fight against Putin aggression has been one of the most short-sighted decisions on a national security issue that I can possibly imagine,” said Senate Intelligence Committee Chairman Mark Warner, a Democrat.

“The impact and long-term consequences of us abandoning Ukraine ... it's a 50-year mistake that would haunt this country,” added independent Senator Angus King.

And U.S. intelligence officials warned of a cascading global impact if the additional aid for Ukraine fails to materialize.

""The consequence of that will not just be for Ukraine or for European security but across the Indo-Pacific,” said the CIA’s Burns. “If we're seen to be walking away from Ukraine, not only is that going to feed doubts amongst our allies and partners in the Indo-Pacific, it's going to stoke the ambitions of the Chinese leadership in contingencies ranging from Taiwan to the South China Sea.""

The intelligence officials said while China remains wary, for now, it has been emboldened by Russia.

In particular, the intelligence officials said Russia was forced to grant China some long-sought concessions in exchange for support for Moscow’s war against Ukraine.

Iran and North Korea have likewise benefited, they said, warning the impact remains to be seen.

The changing dynamics have ""the potential to undermine, among other things, long-held nonproliferation norms,"" Haines said.

But she added that while Russia, China, Iran and North Korea are growing closer, the prospects for a true alliance are, for now, remote.

“Parochial interests, a desire to avoid entanglements, and weariness of harm and instability from each other's actions will likely limit their cooperation … absent direct conflict between one of these countries and the United States,” Haines said.

Israel – Gaza

The U.S. intelligence officials also addressed concerns about the ongoing conflict in Gaza, where Israeli forces continue to pursue fighters of the Hamas terror group despite warnings from the United Nations and aid groups about the devastating impact on civilians.

""We're going to continue to work hard at this — I don't think anybody can guarantee success,"" the CIA’s Burns told lawmakers when asked about ongoing efforts to get a temporary cease-fire.

Burn recently traveled to the Middle East to meet with officials from Israel, Egypt and Qatar.

He said the deal currently under consideration would provide for the return of about 40 Israeli hostages still held by Hamas, most of them wounded or ill women or older men, in exchange for a six-week-long cease-fire that would allow the U.S. and its allies to surge in desperately needed aid.

“I understand Israel's need, and the president [Joe Biden] has emphasized this, to respond to the brutish attack that Israelis suffered on the 7th of October [by Hamas],” Burns told Republican Senator Tom Cotton.

“But I think we all also have to be mindful of the, you know, enormous toll that this has taken on innocent civilians in Gaza,” he added.

Gaza fallout

Haines further warned lawmakers that the crisis in Gaza has “galvanized violence by a range of actors,” and that it “is likely that the Gaza conflict will have a generational impact on terrorism.""

But Haines said for now, Iran and its Lebanese proxy, Hezbollah, appear reluctant to try to push too hard to manipulate the fighting for their benefit.

""We continue to assess that Hezbollah and Iran do not want to cause an escalation of the conflict that pulls us or them into a full-out war,"" she said.

Still, Haines acknowledged other Iranian-linked groups, like the Houthis in Yemen, have become “aggressive actors,” launching dozens of attacks on international shipping.",Jeff Seldin,"USA, Europe, Ukraine, Gaza, U.S. intelligence, russia, ukraine, Israel, China, avril haines",2024-03-12,CONTROL_International_Womens_Strike_2017_2024,single,True,0,"In, The, To"
https://www.voanews.com/a/us-carries-out-strikes-on-houthi-missiles-after-latest-red-sea-attack/7523834.html,Voice Of America,US Carries Out Strikes on Houthi Missiles After Latest Red Sea Attack,"U.S. forces carried out airstrikes Monday against an underwater drone and 18 anti-ship missiles in the latest response to operations by the Yemen-based Houthi militant group that have threatened Red Sea shipping lanes.

The U.S. Central Command (CENTCOM) reported the six strikes came hours after the Iran-backed Houthis fired two anti-ship ballistic missiles at the Liberian-flagged, Singaporean-owned container ship Pinocchio.

CENTCOM said the missiles did not hit the ship, and that there were no reported injuries.

The United Kingdom Maritime Trade Operations said the ship was about 130 kilometers southwest of Saleef, Yemen, at the time of the attack.

Houthi military spokesman Yahya Sarea claimed responsibility for the attacks, which the Houthis have said are being carried out in solidarity with the Palestinians in Gaza amid Israel’s war against Hamas.

Sarea said Monday the Houthi campaign would escalate during the Muslim holy month of Ramadan.

Some information for this report came from The Associated Press, Agence France-Presse and Reuters",VOA News,"Middle East, Yemen, red sea, houthi, United States, Red Sea shipping",2024-03-12,CONTROL_International_Womens_Strike_2017_2024,single,True,0,"In, The, To"
https://www.voanews.com/a/palau-s-president-relieved-by-security-pact-funding-approval/7523806.html,Voice Of America,Palau’s President Relieved by Security Pact Funding Approval,"Critical funds to counter China in the Pacific are finally on their way to three U.S. allies: Palau, Micronesia and the Marshall Islands.

On Friday, the Senate passed a funding package that provides $7 billion over 20 years for the Compacts of Free Association (COFA) as part of a partial government funding bill. It was signed into law by President Joe Biden over the weekend.

“Extending Compact-related assistance is a critical component of the administration’s Pacific Partnership, Indo-Pacific, and National Security Strategies,” said U.S. Secretary of State Antony Blinken in a statement. “We look forward to working with our partners in the Freely Associated States over the next two decades of COFA-related cooperation.”

The compacts are agreements that give the U.S. strategic access to these regions of the Pacific Ocean. In return, the U.S. provides grants to fund education, health care and infrastructure in these nations, whose citizens are then entitled to study, work and live in the U.S. without a visa.

The United States has had compact agreements in effect with Micronesia and the Marshalls since 1986 and with Palau since 1994.

The compacts were signed last year but funding stalled as U.S. lawmakers struggled to reach agreement on full-year spending. Palau has been forced to borrow to pay for basic government services like education and health care while waiting for $890 million — its share of the funds.

“It’s not Oct. 1, but it’s at least within this fiscal year, and really just in time,” Palau President Surangel Whipps Jr. told VOA in an interview on Monday.

“[This] allows us to stop borrowing to keep government operations going; it allows us to hire those critical police officers, health care workers and education teachers that we need,” he said.

Palau’s economy tanked after Chinese tourism dropped by more than 50% in the wake of the COVID pandemic. The island nation maintains diplomatic relations with Taiwan under repeated pressure from Beijing to switch alliances.

Whipps says he recently met with investors from Singapore and Japan, as well as United Airlines with a request for direct service to Japan. He said now that COFA is funded, he can promise a stable and secure environment to financiers.

“[It’s important that we’re] opening up new markets so that we're diversified and more resilient, not so dependent on the Chinese tourism, which could be weaponized,” said Whipps.

Coordinated push

The final passage comes after a coordinated pressure campaign, from members of Congress as well as the Pacific region.

“The COFA agreements send a clear message of U.S. commitment to the Pacific region and take a much-needed international strong stand for the ideals of democracy and freedom,” American Samoa Representative Aumua Amata Coleman Radewagen said in a statement after the House passed COFA on Wednesday.

“I’ve appreciated the partnership of my colleagues on both sides of the aisle and thank the many advocates -- in Hawaii and in COFA communities across the country -- whose hard work made this victory possible,” Hawaii Senator Mazie Hirono said in a statement after the Senate passed COFA, Friday.

The leaders of Micronesia and the Marshall Islands joined Whipps in February in drafting a letter to congressional leaders warning of the consequences of not funding the compacts.

Like Palau, the Marshall Islands maintains diplomatic relations with Taiwan, while Micronesia has diplomatic relations with Beijing.

“There have been ‘carrot and stick’ efforts from the PRC [People’s Republic of China] to shift our alliances, including discontinuing support of Taiwan,” Marshall Islands President Hilda Heine wrote in the February letter.

At a Nuclear Remembrance Day ceremony in the Marshall Islands on March 1, President Heine said the funding delay had created doubt.

“At some point, our nation needs to seriously consider other options available to us if the U.S. is unable or unwilling to keep its commitments to us. Our nation has been a steadfast ally of the United States, but that should not be taken for granted,” she told the audience.

Delay sends signal

Experts say Washington’s funding delay sent a signal to the rest of the Pacific that undermines U.S. credibility.

“They see our agreements with these three Pacific nations as the bellwether for our entire engagement with the region,” Kathryn Hendel Paik, Center for Strategic and International Studies senior fellow, said Monday in an interview with VOA.

“Our waffling on this has really made them question a relationship that they were already starting to be skeptical on because, historically, we have not always been there for the Pacific and we’ve not always showed up the way we should have,” she said.

Charles Paul, Marshall Islands ambassador to the U.S., told VOA via Zoom on Monday, “We’re looking forward to having the compacts approved.”

He added that the agreement includes about $700 million to address the health impacts of radiation introduced in the 67 American atmospheric nuclear tests between 1946 and 1958.

In a 13-minute video posted Saturday on Facebook, Wesley Sinima, president of the Federated States of Micronesia, said the funding delay stirred up “doubt and uncertainty.” He added, however, that the final agreement will “contribute to greater peace and prosperity” for the Micronesian people and “greater security and stability for the Indo-Pacific region and the world.”

As for Palau, President Whipps said he’s been invited to Washington in the coming weeks for an exchange of diplomatic notes to finalize the compacts. He hopes to attend.",Jessica Stone,"USA, East Asia, Marshall Islands, Pacific Islands, Palau, Federated States of Micronesia, United States, China, compacts of free association, Palau President Surangel Whipps Jr.",2024-03-12,CONTROL_International_Womens_Strike_2017_2024,single,True,1,"De, En, La"
https://www.voanews.com/a/kremlin-nato-chief-at-odds-over-papal-suggestion-of-ukraine-russia-talks/7523327.html,Voice Of America,"Kremlin, NATO Chief at Odds Over Papal Suggestion of Ukraine-Russia Talks","The Kremlin on Monday agreed with a comment made by Pope Francis, during an interview with Swiss broadcaster RSI, that Ukraine should have the “courage” to negotiate with Russia two years after the Russian invasion of Ukraine.

""It is quite understandable that [the pope] spoke in favor of negotiations,"" Kremlin spokesman Dmitry Peskov told reporters.

Peskov said President Vladimir Putin had repeatedly said Russia was open to peace talks. ""Unfortunately, both the statements of the pope and the repeated statements of other parties, including ours, have recently received absolutely harsh refusals,"" he said.

Putin has essentially offered to freeze the battlefield along its current front lines, an option Ukraine rejects.

Such an agreement would mean giving up territory that Moscow has seized that amounts to more than a sixth of Ukraine.

Peskov said Western hopes of inflicting a ""strategic defeat"" on Russia were ""the deepest misconception,"" adding: ""The course of events, primarily on the battlefield, is the clearest evidence of this.""

However, NATO Secretary-General Jens Stoltenberg said now is “not the time to talk about a white flag.” Speaking at NATO headquarters in Brussels, Stoltenberg said negotiations would be undertaken only if they preserved Ukraine as a sovereign and independent nation and only when Putin realized that he would not win on the battlefield.

""If we want a negotiated, peaceful, lasting solution, the way to get there is to provide military support to Ukraine,"" the NATO chief said.

""It's not the time to talk about surrender by the Ukrainians. That will be a tragedy for the Ukrainians,"" he said. ""It will also be dangerous for all of us, because then the lesson learned in Moscow is that when they use military force, when they kill thousands of people, when they invade another country, they get what they want.""

Kyiv on Sunday criticized Francis' call for Ukraine to negotiate an end to the war, with President Volodymyr Zelenskyy saying the pontiff was engaging in “virtual mediation.”

In his nightly video address Sunday, Zelenskyy thanked Ukrainian religious leaders who are on the front line, “protecting life and humanity,” and who show support with “prayer, conversation and deeds.”

“This is what the church is,” he said, “one with the people. Not two and a half thousand kilometers away — somewhere, looking for a virtual [mediation] between those who want to live and those who want to destroy you.”

In a statement published on its website, the German Bishops' Conference said it was ultimately up to Ukraine to decide, ""after careful consideration, when the moment has come for peace negotiations.""

""The fact that Pope Francis did not address the points mentioned here in his interview caused irritation among many observers, which we can understand,” the German bishops said. “It would be good if the Holy See communicated a substantive clarification of its position on these issues.""

Vatican spokesperson Matteo Bruni responded to the criticisms Sunday, saying that the pontiff urged “a stop to hostilities [and] a truce achieved with the courage of negotiations,” rather than an outright Ukrainian surrender.

Francis was asked in an interview last month with Swiss broadcaster RSI about the debate between those advocating for Ukraine to engage in peace talks and those who say those negotiations would legitimize Russia’s act of aggression.

“I think that the strongest one is the one who looks at the situation, thinks about the people and has the courage of the white flag, and negotiates,” Francis said.

Ukrainian Foreign Minister Dmytro Kuleba also criticized the pope’s remarks on social media, saying that ""our flag is a yellow-and-blue one. This is the flag by which we live, die and prevail. We shall never raise any other flags.""

Meanwhile, political wrangling in the U.S. Congress is stalling a $60 billion aid package to a Ukraine military short of ammunition.

Russia is currently poised to produce nearly three times more artillery munitions than the U.S. and Europe do for Ukraine, according to a Monday report by CNN based on NATO intelligence.

For every shell Ukraine fires along the front lines, Russia fires between five or six, according to defense analysts. The imbalance restricts Ukraine's ability to suppress Russian attacks and provide cover for its own troop movements.

While Russia increases weapons production and can maintain a much higher rate of fire than Ukraine, Western experts say Moscow also faces some constraints and has turned to North Korea to bolster its munitions supplies.

Russia’s military said Monday that it had thwarted multiple Ukrainian drone attacks on Russian territory.

The Russian defense ministry said its air defenses destroyed four drones over the Bryansk region, two over the Oryol region and another Ukrainian drone over the Belgorod area.

Ukraine’s defense ministry issued alerts Monday warning of Russian aerial attacks in the Donetsk, Sumy, Dnipropetrovsk and Kharkiv regions.",VOA News,"Europe, Ukraine, Pope Francis, russia, ukraine",2024-03-11,CONTROL_International_Womens_Strike_2017_2024,single,True,1,"De, En, La"
https://www.voanews.com/a/us-assessing-expansion-of-chip-export-controls-impacting-china-s-military/7523381.html,Voice Of America,US Assessing Expansion of Chip Export Controls Impacting China's Military,"The United States is constantly assessing the need to expand export controls to stop China from acquiring advanced computer chips and manufacturing equipment that could be used to boost its military, U.S. Commerce Secretary Gina Raimondo said Monday.

The U.S. export controls were launched in 2022 to counter the use of chips for military applications that include the development of hypersonic missiles and artificial intelligence.

Last year, the U.S. Commerce Department broadened the export controls, sparking protests from China’s Commerce Ministry that the restrictions violated international trade rules and “seriously threaten the stability of industrial supply chains.""

China said it would take “all necessary measures” to safeguard its rights and interests and urged Washington to lift the export controls as soon as possible.

'Are we doing enough?'

Asked if the U.S. was planning to further broaden the chip export controls to China, Raimondo said in a news conference in Manila that it was constantly under consideration.

“We look at this every single day,” Raimondo said. “Technology is changing faster than ever, which means we have to wake up every day and ask ourselves, ‘Are we doing enough?’ ""

She said her job ""is to protect the American people"" and to make sure China cannot access sophisticated U.S. technologies - including semiconductor technology and artificial intelligence technology - that could be used to bolster the Chinese military.

The U.S. would continue to sell semiconductors worth billions of dollars to China, Raimondo said.

“I want to be clear. We have no interest to decouple our economies,” she said, but added, “We cannot allow China to have access, for their military advancement, to our more sophisticated technology.”

'Ironclad' relationship

Raimondo said she was sent by President Joe Biden to Manila with a delegation of executives from 22 American companies, which she said plan to invest about $1 billion in the Philippines, Washington’s oldest treaty ally in Asia. The U.S. investments would include training large numbers of Filipinos to attain high-tech skills that could help them land high-salary jobs, she said.

""The U.S.-Philippine alliance is ironclad. It is sustained over 72 years, and we remain steadfast friends and increasingly partners in prosperity,"" she said.

Raimondo met President Ferdinand Marcos Jr. and quoted him as saying “he cannot imagine the Philippines’ future without a close bond with the United States.""

“I want to say here today: The feeling is mutual,” Raimondo said. “But President Biden acknowledges we can do more.""

Marcos invited businesses from the U.S., the third-largest trading partner of the Philippines, to invest in more than 198 planned infrastructure projects worth $148 billion.",Associated Press,"USA, China News, Philippines, Chinese military, u.s. technology, China, Gina Raimondo, u.s. export controls",2024-03-11,CONTROL_International_Womens_Strike_2017_2024,single,True,0,"In, The, To"
https://www.voanews.com/a/us-canada-indigenous-groups-have-proposal-to-address-cross-border-mining-/7523358.html,Voice Of America,"US, Canada, Indigenous Groups Have Proposal to Address Cross-Border Mining ","The U.S., Canada and several Indigenous groups announced a proposal Monday to address pollution from coal mining in British Columbia that officials say has been contaminating waterways and harming fisheries on both sides of the border for years.

The proposal would be executed through a century-old U.S.-Canada boundary waters treaty, establishing independent boards to study the pollution’s extent and make cleanup recommendations.

Details were obtained by The Associated Press in advance of the proposal's public release. It comes after Indigenous groups in British Columbia, Montana and Idaho lobbied for more than a decade for the federal governments in the U.S. and Canada to intervene and stop the flow of pollution.

Scientists from the U.S. Environmental Protection Agency several years ago confirmed high levels of selenium in fish and eggs in Montana’s Kootenai River downstream of Lake Koocanusa, which straddles the U.S. Canada border. The chemical, released when coal is mined and washed during processing, can be toxic to fish, aquatic insects and the birds that feed on them.

Some members of the Ktunaxa Nation — which includes two tribes in the U.S. and four first nations in Canada — depend on those fish populations for sustenance.

“The fish, especially the smaller ones, you see a lot of damage. You're starting to get abnormalities in their bodies, reproductive issues,” said Tom McDonald, vice chairman of the Confederated Salish and Kootenai Tribes in northwestern Montana. “It has to stop.”

Selenium concentrations in water entering Lake Koocanusa have been increasing for decades, and studies have shown it’s coming from coal mines in the Elk River valley of British Columbia. The Elk River drains into the Kootenai before it crosses the border into Montana, then flows into Idaho and eventually joins the Columbia River.

Diplomatic groundwork for Monday's proposal was laid last year, when President Joe Biden and Prime Minister Justin Trudeau announced in March 2023 that the U.S. and Canada hoped to reach an “agreement in principle” in the following months to reduce the pollution in the Elk-Kootenai watershed in partnership with tribes and first nations.

“All the parties know that time is of the essence,"" said Stephenne Harding, senior director for lands at the White House Council on Environmental Quality. “The pollution levels in this system are increasing and we need shared solutions to protect people and species. This process helps bring together all the data and the knowledge … so we have it in one place where we can make important decisions.”

Gary Aitken Jr., vice chairman of the Kootenai Tribe of Idaho, said tribal leaders have been lobbying for federal intervention for at least 12 years.

“It’s been frustrating,” he said. “We hope it’s a turning point and that the governments will work in good faith to finally begin” cleanup work.

The proposal — submitted through a bilateral panel known as the International Joint Commission — calls for no more than two years of study to gauge the extent of pollution.

The goal is to develop a plan to reduce pollution impacts “as quickly as possible,” said U.S. Deputy Assistant Secretary of State Rachel Poynter.

“This is a first step, and we recognize that, but it is a critical key first step,” Poynter said.

Officials from Montana, Idaho and British Columbia also would be invited to participate.

Senator Jon Tester of Montana issued a statement saying he's pleased that officials in Canada are involved after previous complaints from tribes that they were not cooperating.

“I'll continue to put pressure on the State Department to hold the Canadian government accountable,” the Democratic lawmaker added. A Canadian coal company paid a $60 million fine in 2021 after pleading guilty in a court case involving pollution discharges in British Columbia blamed for harming fish populations. Investigators found Teck Resources Limited discharged hazardous amounts of selenium and calcite from two coal mines.

Teck Resources spokesperson Chris Stannell said in response to Monday's proposal that the company is making progress in improving water quality. It has built four water treatment plants that are removing at least 95% of the selenium from treated water, he said, with six more treatment plants planned by 2027.

Coal from the region is mined through a highly disruptive method known as mountaintop removal and sold to foundries for steel and metal production.",Associated Press,"USA, Americas",2024-03-11,CONTROL_International_Womens_Strike_2017_2024,single,True,0,"In, The, To"
https://www.voanews.com/a/russia-arrests-south-korean-man-for-spying-tass/7523715.html,Voice Of America,Russia Arrests South Korean Man for Spying: TASS,"A South Korean citizen has been arrested in Russia on suspicion of espionage, Russian state news agency TASS reported Monday.

TASS quoted law enforcement agencies as saying the man, whom it named as Park Won-soon, had been detained in the far eastern city of Vladivostok before being transferred to Moscow for ""investigative actions.""

The state news outlet said it was the first such case against a South Korean national. It did not provide any details on the nature of the alleged spying.

South Korea's Ministry of Foreign Affairs said in a statement its consulate has been providing assistance since it became aware of the arrest. It declined to give more details as the matter was currently under investigation.

Russia regards South Korea as an ""unfriendly"" country because of Seoul's support for Western sanctions against Moscow over the war in Ukraine.

At the same time, Russia has cultivated closer relations with North Korea, which the United States says is providing munitions to Moscow for use in the war. North Korea and Russia have denied this, although they have pledged to strengthen military cooperation.",Reuters,"East Asia, Europe, Vladivostok, russia, espionage, South Korea",2024-03-12,CONTROL_International_Womens_Strike_2017_2024,single,True,0,"In, The, To"
https://www.voanews.com/a/israel-s-foreign-minister-demands-un-designate-hamas-a-terror-organization/7523722.html,Voice Of America,Israel’s Foreign Minister Demands UN Designate Hamas a Terror Organization,"Israel’s foreign minister demanded Monday that the U.N. Security Council designate Hamas as a terrorist organization and impose “heavy sanctions.”

“I am demanding from the Security Council of the United Nations to put as much pressure as possible on the Hamas organization to release immediately and unconditionally all the kidnapped hostages,” Israel Katz said.

The council would have to agree in a resolution to take such a step. Currently, several council members, including the United States, Britain and Japan, have designated Hamas a terror group in their domestic legislation.

Katz addressed a meeting of the 15-nation Security Council requested by the United States, France and Britain to discuss a report by Pramila Patten, the U.N. special representative of the secretary-general, on sexual violence in conflict.

Patten and a team of nine technical experts conducted a two-week mission to Israel from January 29 to February 14 and found “clear and convincing information” that Hamas had carried out sexual violence, including rape, against victims of the October 7 terror attacks inside Israel.

At least 1,200 people were killed that day, some victims of sexual violence before their deaths.

Patten’s report also concluded that such violence could be continuing against hostages in captivity.

“Today, each and every one of you members of the Security Council have the opportunity to save 134 innocent lives,” Katz said of the remaining hostages held by Hamas and other militant groups. “By doing so, you will show the world that the Security Council can be a shining light of justice and hope for all people. It is in your hands.”

Some of the hostages' families sat behind Katz in the council chamber.

Katz, who was at the U.N. for the first time since the war started, criticized the U.N. for being silent “for too long” on Hamas’ actions, saying in meetings since October 7, “The U.N. never condemned nor disapproved these Hamas brutal crimes.”

While the Security Council has not issued a formal condemnation in the name of the council, most council members have individually and repeatedly condemned the October 7 attacks in public meetings. So have Secretary-General Antonio Guterres, the president of the General Assembly, and senior officials of the organization.

Earlier Monday, Guterres reiterated his call for the immediate and unconditional release of the hostages both to the press and in a meeting of hundreds of delegates gathered to discuss women’s rights.

He also reiterated his appeal for an immediate humanitarian cease-fire, which Israel opposes.

Scathing letter

Since the terror attacks, Israeli officials have been highly critical of the United Nations, its agency that assists Palestinian refugees known as UNRWA, and of Guterres himself. Katz did not meet with the U.N. chief Monday and sent him a scathing letter, seen by VOA, in which the Israeli foreign minister accuses Guterres of “allowing [the U.N.] to become an epicenter of antisemitism and anti-Israel incitement” during his tenure.

Hours before the United Nations published Patten’s report on March 4, Israeli officials took issue with it on social media. Katz recalled his U.N. ambassador to Israel for consultations and accused the U.N. of trying “to silence” Patten’s report — a claim she dismissed at the council meeting.

“I must be clear and categorical: There has been no attempt by the secretary-general to silence my report or suppress its findings,” she said. “On the contrary, I received his full support politically, logistically and financially, and he also gave clear instructions for the public release of my report and its immediate transmission to the Security Council.”

In the Israeli foreign minister’s letter, he blamed the secretary-general for what he characterized as indifference to the report’s contents and appeared to accuse him of being antisemitic.

“Your reluctance to lead a decisive international stance against these atrocities, instead of fixating criticism on Israel — a nation in self-defense after a barbaric massacre — signals a distressing bias,” Katz wrote. “If the victims would not have been of Jewish or Israeli dissent, your office would have responded in a much [more] vigorous way.”

A U.N. official told VOA that the content of Katz’s letter “in no way reflects the reality of who Antonio Guterres is and what he has been doing as secretary-general since October 7.”

Patten told the council that her team could not verify some reports of rape and sexual abuse on October 7, including a widely reported case of a pregnant woman living on Kibbutz Be’eri, whose womb was allegedly torn open, and her fetus stabbed before they both died.

The U.N. team also visited Ramallah in the West Bank to hear information about allegations of conflict-related sexual violence carried out against Palestinians following October 7.

“While I did not receive any reports of rape, interlocutors raised with me instances of sexual violence in the context of detention of male and female Palestinians such as invasive body searches; unwanted touching of intimate areas; beatings, including in the genital areas; threats of rape against women and threats of rape against female family members — wives, sisters, daughters — in the case of men; and inappropriate strip searches and prolonged forced nudity of detainees,” she told council members.

The Palestinian envoy said the council had shown “unprecedented reactivity” convening a briefing on a report released one week ago and had not shown similar speed over the years on reports related to abuses of Palestinians.

“We hope that this meeting marks a change in this attitude and that more attention will be given by the council to this matter in an unbiased manner,” Riyad Mansour said.",Margaret Besheer,"Middle East, United Nations, sexual violence, Hamas, Israel, Israel Katz, terror organizations",2024-03-12,CONTROL_International_Womens_Strike_2017_2024,single,True,0,"In, The, To"
https://www.voanews.com/a/portugal-s-center-right-prepares-to-rule-far-right-warns-of-instability/7523734.html,Voice Of America,Portugal's Center Right Prepares to Rule; Far Right Warns of Instability,"Portugal's center-right Democratic Alliance (AD) won Sunday's general election by a slim margin and is preparing to govern without an outright majority as the far-right Chega warned of instability if it is not included in government.

With 99.1% of the vote counted, the AD won 79 seats in the 230-seat legislature, followed by the Socialists with 77 seats, prompting the latter to concede defeat.

Chega, meaning ""enough,"" came in third, quadrupling its parliamentary representation to 48 lawmakers after campaigning on a clean governance and anti-immigration platform.

Chega voters said before the poll that Portugal was in a bad way, and they wanted changes in housing, education, health care and justice in Western Europe's poorest country.

AD leader Luis Montenegro told reporters Sunday that he expected President Marcelo Rebelo de Sousa to formally invite him to form a government.

Rebelo de Sousa, who will meet with political parties from Tuesday until March 20, told the Expresso newspaper Friday that he would do everything he could to prevent Chega from gaining power. Those remarks drew criticism as the head of state is mandated to remain neutral.

Chega leader Andre Ventura told reporters the vote clearly showed that the country wants a government of the AD with Chega.

Ventura said in an interview with the TVI broadcaster that he would vote against the state budget if the AD did not negotiate it with his party.

""If there is no negotiation, that would be a humiliation for Chega and I would vote against it,"" Ventura said.

The outcome was broadly in line with pre-election opinion polls, but the AD's victory was significantly smaller and Chega's growth was larger than predicted, political scientist Andre Azevedo Alves told Reuters.

Alves, a professor at Lisbon's Catolica University and St. Mary's University in London, added that the fragility of an AD government because of its reliance on either the Socialists or Chega to pass legislation made it unlikely to last for several years.

Javier Rouillet from rating agency DBRS Morningstar warned that if the new government was unable to pass legislation, another round of elections could be held later this year or in early 2025.

Chega's surge was boosted by Ventura's communication skills and widespread dissatisfaction with the mainstream parties, he said, factors that could help it garner even better results in the European Parliament elections.

""Political disaffection was brewing for a very long time,"" said political scientist Pedro Magalhaes, at Lisbon's Institute of Social Sciences. ""But there was no political supply to address this political demand.""

Marina Costa Lobo, who heads institute, said she believed Montenegro would keep his word and not strike a formal deal with Chega but there might be ""piecemeal"" agreements between the two going forward.

""It's difficult to predict Chega's behavior because they're an anti-system party,"" she said, adding the far-right's success in Portugal was a harbinger of what can be expected in the European Parliament election in June.

Out of the system

Euro-intelligence consultants said the result marked a new political chapter in Portugal after alternate governance by two mainstream parties for the past 50 years.

""We don't know who'll be in charge of the country. The far right has little or nothing to offer,"" doctoral student Jorge Catanheira, 29, told Reuters.

The election result underscored a political tilt to the far right across Europe and a dwindling of Socialist governance.

Chega has since 2020 been part of the European Parliament's Identity & Democracy group, which is expected to see gains in June.

Spain's far-right VOX and Matteo Salvini, who leads Italy's co-ruling party Lega, congratulated Ventura.

Portugal's PSI stock index fell 0.3% at open, in line with a decline by European peers, before flattening out.

""The impact of the elections on the market turned out to be nil,"" XTB analysts said in a note.

Under Socialist leadership since 2015, Portugal has grown at solid annual rates above 2%, except for the pandemic-induced slump of 2020, but many struggle to make ends meet because of low salaries and a housing crisis.

Voter turnout was 66.23%, the highest in nearly three decades.

Magalhaes said it was possible turnout reached such levels because voters who had been ""out of the system"" came back to support the radical right.",Reuters,"Europe, Portugal, democratic alliance, chega, Luis Montenegro",2024-03-12,CONTROL_International_Womens_Strike_2017_2024,single,True,2,"February, Inflation, Rates"
https://www.voanews.com/a/former-trump-aide-navarro-ordered-to-report-to-us-prison-this-month/7523321.html,Voice Of America,Former Trump Aide Navarro Ordered to Report to US Prison This Month,"Ex-Donald Trump adviser Peter Navarro has been ordered to report to prison this month, his lawyers said in a court filing, which could make him the first senior member of the former president's administration to do so for efforts to overturn his 2020 defeat.

Navarro, who served as Trump's trade adviser, is due on March 19 to begin his four-month sentence for defying a subpoena from the U.S. House of Representatives committee that investigated the January 6, 2021, Capitol attack, his lawyers revealed in a court filing late Sunday.

They are asking a federal appeals court in Washington to pause the sentence while Navarro appeals his conviction. His defense team indicated they would ask the U.S. Supreme Court to intervene if his request is denied.

Navarro, 74, was found guilty of contempt of Congress last September for refusing to turn over documents or sit for an interview with the Democratic-led House committee that investigated the Capitol riot, a failed attempt by Trump supporters to overturn Trump’s defeat in the 2020 election. He was sentenced in January.

Navarro, a China hawk who also advised Trump on the response to the COVID-19 pandemic, has claimed Trump invoked the legal doctrine of executive privilege, which shields some presidential records and communications from disclosure.

A federal judge found that Trump had not formerly invoked the privilege.

Steve Bannon, a one-time top strategist to Trump, was also sentenced to four months in prison for defying a subpoena from the January 6 panel, but a judge has allowed him to remain free while he appeals.",Reuters,"USA, Donald Trump, peter navarro, january 6 hearings",2024-03-11,CONTROL_International_Womens_Strike_2017_2024,single,True,0,"In, The, To"
https://www.voanews.com/a/nato-hq-raises-swedish-flag-strengthening-baltic-region-against-russian-threat-/7523285.html,Voice Of America,"NATO HQ Raises Swedish Flag, Strengthening Baltic Region Against Russian Threat ","Sweden’s flag was raised in a ceremony Monday at NATO’s headquarters in Brussels after it officially joined the Western defensive alliance last week, ending its long-held policy of military nonalignment.

“We are now an ally among allies. After more than 200 years of military nonalignment, this is a historic step but also a very natural step. We've been preparing for decades and in details for the last two years,” Swedish Prime Minister Ulf Kristersson said at a news conference ahead of the ceremony.

“With this membership, Sweden has come home. Home to the security cooperation of democracies. Home to the security cooperation of our good neighbors. Today, I'd like to say thank you to all of our allies. We have chosen you, and you have chosen us. All for one, one for all,” Kristersson added.

NATO Secretary-General Jens Stoltenberg welcomed the alliance’s 32nd member.

“Sweden's accession shows again that NATO's door remains open. No one can close it. Every nation has the right to choose its own path, and we all choose the path of freedom and democracy. The brave people of Ukraine are fighting for these values as we speak,” Stoltenberg said.

Ratification delay

Sweden and Finland simultaneously applied to join NATO in May 2022, three months after Russia’s full-scale invasion of Ukraine.

Finland — which shares a 1,340-kilometer border with Russia — joined NATO relatively quickly, in April 2023.

However, Sweden’s bid was delayed by NATO members Turkey and Hungary. Ankara accused Sweden of harboring Kurdish separatists, whom it considers terrorists. The passing of a new anti-terrorism law in Sweden persuaded Turkey to ratify its accession to the alliance.

Budapest appeared to object to Swedish criticisms of a perceived democratic backsliding in Hungary. A meeting between Hungarian Prime Minister Viktor Orban and his Swedish counterpart last month in Budapest, and a new bilateral defense deal, overcame those differences — and Hungarian lawmakers approved Sweden’s application on February 26.

Strategic change

After two centuries of military nonalignment, NATO membership marks a significant change for Sweden and its people. Opinion polls show most Swedes approve of the change.

“A couple years ago, I was really against Sweden joining NATO, because I was really for this neutrality policy that we have. But now ... I guess we had to take a stance, really,” 24-year-old Stockholm student Carl Fredrik Aspegren told Reuters.

Information technology worker Hakan Yucel, 54, agreed.

“I think it feels much safer now. Before, we were outside and felt a little bit alone,” he said.

Baltic defense

Sweden is due to launch a fleet of new submarines by 2028 designed to protect vulnerable subsea infrastructure in the Baltic. Its accession brings valuable military capabilities to NATO, according to Barbara Kunz, a senior researcher at the Stockholm International Peace Research Institute.

“With all Nordic countries now being members of NATO and also the Baltic states being members of NATO, that allows for real holistic planning of the defense of Northern Europe and the Baltic Sea area. Sweden is particularly qualified to operate in the Baltic Sea, which is a very special region. It's like shallow waters in which you can't really see that well, so Sweden is very good at that,” Kunz told Reuters.

NATO exercises

Swedish forces are already training in the Norwegian Arctic with NATO allies, part of the military exercise Steadfast Defender 2024, the alliance’s largest military drills since the Cold War, with some 90,000 troops taking part.

Last month, Russian President Vladimir Putin said he intends to strengthen his country’s military presence along its western borders to, in his words, “neutralize threats associated with the next expansion of NATO.”

NATO said it is a defensive alliance and highlights that it was Russia’s unprovoked, illegal invasion of Ukraine that prompted Sweden and Finland to seek membership.",Henry Ridgwell,"Europe, Sweden, nato",2024-03-11,CONTROL_International_Womens_Strike_2017_2024,single,True,1,"De, En, La"
https://www.voanews.com/a/nigeria-s-cryptocurrency-crackdown-will-have-consequences-experts-say/7523302.html,Voice Of America,"Nigeria's Cryptocurrency Crackdown Will Have Consequences, Experts Say","Economic analysts and crypto enthusiasts are raising concerns following Nigeria's ban on end-to-end transactions — a type of payment processing — involving its currency, the naira, on the world’s largest cryptocurrency exchange platform, Binance.

Binance disabled all its naira services on Friday after Nigerian authorities accused the company of exploitation, devaluation of the naira and money laundering.

The restriction on naira services on Binance exchange held firm as of Monday. But critics said the measure might increase youth unemployment in a country already struggling with soaring inflation.

The latest measure by authorities followed recent moves to try to save Nigeria's currency from collapse and address economic problems.

Authorities said Binance manipulated exchange rates through speculation and rate-fixing, leading to the devaluation of the naira.

The government also accused the company of terrorism financing and money laundering, saying $26 billion worth of transactions on the platform were untraceable.

Binance denied any wrongdoing in a statement posted on its website last month.

Central Bank blamed

Public finance expert Isaac Botti said transactions on Binance were not the source of Nigeria's economic problems.

""It is something that was caused as a result of our reckless demand and utilization of hard currency in Nigeria,"" Botti said. ""The major challenge is not in the amount of fictitious assets or dollars that people kept in their crypto accounts. It is in the volume of dollars that was released physically by the Central Bank of Nigeria.""

Nigeria has 13 million cryptocurrency holders, more than any other African country. Kenya is next with 4.4 million.

In a statement last week, Binance said any remaining naira on the platform would be automatically converted to Tether — a cryptocurrency stablecoin pegged to the U.S. dollar.

Last year, Nigeria introduced currency controls and ended petrol subsidies with the aim of reviving the economy.

But afterward, the naira plummeted to record lows. Analysts said the government ban on Binance could lead to job losses.

Blockchain expert Jahdiel Chidi agreed but said Nigerians would turn to new crypto exchanges to possibly fill the gap created by Binance’s exit.

""The implication is that people are going to go to other exchanges,"" Chidi said, ""I mean, there are other options and platforms that you can do the same thing that was obtainable on Binance.""

In February, Nigerian authorities cracked down on local currency exchange operators and revoked more than 4,000 licenses after the exchange rate dropped to 1,900 naira to one dollar.

Chidi said the Nigerian government must look for better measures in addressing the country’s current foreign exchange challenges.

""I think it was a decision made from the point of hurry without critical investigation into the accusation of Binance's involvement in certain naira-dollar exchange rates,"" Chidi said. ""The main issue that I think they should look at is to focus on the import duty. That's one of the things that has devalued the naira. Binance just happens to be a victim of wrong decisions by the government.""

Last year, the Central Bank reversed its stance on crypto companies, allowing them to operate — a move that was then viewed as a positive posture toward digital currency assets.",Timothy Obiezu,"Africa, naira, cryptocurrency, Nigeria, binance",2024-03-11,CONTROL_International_Womens_Strike_2017_2024,single,True,0,"In, The, To"
https://www.voanews.com/a/trump-asks-to-delay-hush-money-trial-until-us-supreme-court-reviews-immunity-claim-/7523310.html,Voice Of America,Trump Asks to Delay Hush Money Trial Until US Supreme Court Reviews Immunity Claim ,"Donald Trump on Monday asked the New York judge overseeing his criminal case on charges stemming from hush money paid to a porn star to delay the trial until the U.S. Supreme Court finishes reviewing his claim of presidential immunity in a separate case.

The first-ever criminal trial of a former U.S. president is set to begin on March 25 in a New York state court in Manhattan.

Trump has pleaded not guilty to 34 counts of falsification of business records.

Prosecutors say he directed his former lawyer and fixer, Michael Cohen, to pay porn star Stormy Daniels $130,000 to keep quiet before the 2016 election about a sexual encounter she says they had a decade earlier, and then falsely recorded his reimbursement to Cohen as legal expenses.

Trump denies the encounter with Daniels, whose real name is Stephanie Clifford.

The move was the latest by Trump seeking to delay the four upcoming criminal trials he faces until closer to, or even after, his expected Nov. 5 election rematch with Democratic President Joe Biden.

The Supreme Court is scheduled to hear arguments April 25, a month after the scheduled start of jury selection in Trump’s hush money case. It is the first of his four criminal cases slated to go to trial.

Trump has pleaded not guilty in all criminal cases, which he has termed ""election interference.""

In their court filing on Monday, Trump's lawyers said the outcome of the Supreme Court's review was relevant to the hush money case because prosecutors were seeking to present evidence of statements Trump made while he was president.

Last month, prosecutors said they planned to introduce evidence of a ""pressure campaign"" by Trump in 2018 to ensure Cohen did not cooperate with a federal investigation into the payment to Daniels. Cohen pleaded guilty that year to violating campaign finance law.

In their court filing on Monday, Trump's lawyers called prosecutors' claim of a pressure campaign ""fictitious."" They said Trump's social media posts about Cohen were ""official communications"" about ""matters of public concern"" and thus immune from state prosecution.

""Without immunity from criminal prosecution based on official acts, the President's political opponents will seek to influence and control his or her decisions via de facto extortion,"" Trump's lawyers wrote.

A spokesperson for the Manhattan district attorney's office, which brought the charges, declined to comment.

Last year, Trump made a similar argument as part of an unsuccessful push to move the hush money case from state court to federal court. In denying Trump's request in July 2023, U.S. District Judge Alvin Hellerstein wrote that the payment to Daniels ""was a purely personal item.""

""Hush money paid to an adult film star is not related to a President's official acts,"" Hellerstein wrote.",Reuters,"USA, Donald Trump",2024-03-11,CONTROL_International_Womens_Strike_2017_2024,single,True,0,"In, The, To"
https://www.voanews.com/a/experts-question-central-sahel-military-alliance-among-juntas/7523165.html,Voice Of America,Experts Question Central Sahel Military Alliance Among Juntas,"Less than a week after West Africa’s three military led countries of Burkina Faso, Mali and Niger said they are forming a joint counterterrorism force, experts are voicing concerns about the arrangement.

The security situation in the Sahel region has deteriorated since the militaries overthrew their respective civilian-led governments due to insecurity and threats from jihadist groups. But some experts say the latest move could do more harm than good as the countries struggle with bad governance and a suspension of international support.

After hosting his counterparts from Burkina Faso and Mali in Niamey last week, Nigeran General Moussa Salaou Barmou, chief of armed forces, said the three West African nations will be better positioned to create conditions for region security by officially combining counterterrorism efforts.

Millions have been displaced by terror threats and attacks throughout all three countries.

Oluwole Ojewale, a regional coordinator at the Senegal-based Institute of Security Studies, calls the tripartite deal to fight terror along shared borders a significant development.

“The criminals, the terrorist groups, the jihadists, the bandits that are operating in those three areas, particularly in their border areas, they have safe havens across those countries,” Ojewale said. “They are recruiting from those countries, and they are perpetrating their attacks in those three countries. I think it's a welcome development that they want to collaborate in terms of providing a military solution to the crisis.”

Military leaders in Bamako, Niamey and Ouagadougou say they toppled their civilian-led governments for failing to deal with insecurity, particularly emanating from terror groups.

Since taking power, however, all three nations have seen conflict fatalities from political violence increase by 38% and civilian deaths by over 18%, according to the Armed Conflict Location and Event Data Project.

All three military leaders have been at odds with other leaders in the Economic Community of West African States, a regional economic bloc, about how to return democratically elected civilian governments to power.

Western economic support and security backing has been suspended for all three countries since the military juntas came to power.

David Otto, head of security and defense analysis with the Geneva Center for Africa Security and Strategic Studies, says good governance and popular support is needed to defeat the terrorist threat.

“The success of any operational or any security or defense pact often is tied to economic stability,” he said. “[And] it is also tied to people's support. If the people in these countries do not have daily bread and the governance structure becomes weak, then that could also have a direct impact on the successes of these operations.”

Ojewale says a lack of international support may hinder their shared security goals. With the main support coming from Russia, he said, there might be a question of how much support is available because of the war in Ukraine.

But, he added, if the alliance can gather intelligence and be proactive in addressing the counterinsurgency operation and potential attacks, “Maybe they might be able to gain some mileage, but it’s yet to be seen.”

Experts note that given the current insecurity situation in these countries, their militarized approach to counterterrorism is likely to continue to escalate and increase violence within the community.",Mohammed Yusuf,"Africa, Mali, Niger, Burkina Faso",2024-03-11,CONTROL_International_Womens_Strike_2017_2024,single,True,1,"De, En, La"
https://www.voanews.com/a/poll-most-us-teens-feel-happy-or-peaceful-without-their-smartphones/7523107.html,Voice Of America,Poll: Most US Teens Feel Happy or Peaceful Without Their Smartphones ,"Nearly three-quarters of U.S. teens say they feel happy or peaceful when they don't have their phones with them, according to a new report from the Pew Research Center.

In a survey published Monday, Pew also found that despite the positive associations with going phone-free, most teens have not limited their phone or social media use.

The survey comes as policymakers and children's advocates are growing increasingly concerned with teens' relationships with their phones and social media. Last fall, dozens of states, including California and New York, sued Instagram and Facebook owner Meta Platforms Inc. for harming young people and contributing to the youth mental health crisis by knowingly and deliberately designing features that addict children. In January, the CEOs of Meta, TikTok, X and other social media companies went before the Senate Judiciary Committee to testify about their platforms' harms to young people.

Despite the increasing concerns, most teens say smartphones make it easier to be creative and pursue hobbies, while 45% said it helps them do well in school. Most teens said the benefits of having a smartphone outweigh the harms for people their age.

Nearly all U.S. teens (95%) have access to a smartphone, according to Pew.

Majorities of teens say smartphones make it a little or a lot easier for people their age to pursue hobbies and interests (69%) and be creative (65%). Close to half (45%) say these devices have made it easier for youth to do well in school.

The poll was conducted from Sept. 26-Oct. 23, 2023, among a sample of 1,453 pairs of teens with one parent and has a margin of error of plus or minus 3.2 percentage points.

Here are some of the survey's other findings:

— About half of parents (47%) say they limit the amount of time their teen can be on their phone, while a similar share (48%) do not do this.

— Roughly 4 in 10 parents and teens (38% each) say they at least sometimes argue with each other about how much time their teen spends on the phone. Ten percent in each group said this happens often, with Hispanic Americans the most likely to say they often argue about phone use.

— Nearly two-thirds (64%) of parents of 13- to 14-year-olds say they look through their teen’s smartphone, compared with 41% among parents of 15- to 17-year-olds.

— Forty-two percent of teens say smartphones make learning good social skills harder, while 30% said it makes it easier.

— About half of the parents said they spend too much time on their phone. Higher-income parents were more likely to say this than those in lower income buckets, and white parents were more likely to report spending too much time on their phone than Hispanic or Black parents.",Associated Press,"USA, Technology, smartphones",2024-03-11,CONTROL_International_Womens_Strike_2017_2024,single,True,0,"In, The, To"
https://www.voanews.com/a/un-chief-fears-global-rollback-in-womens-rights/7523225.html,Voice Of America,UN Chief Fears Global Rollback in Women’s Rights,"U.N. Secretary-General Antonio Guterres said Monday that women and girls around the world are suffering a rollback in rights, while millions more are bearing the brunt of wars and conflict.

“Hard-fought progress is being reversed,” Guterres told hundreds of women’s rights advocates, officials and activists at the opening of the annual two-week session of the Commission on the Status of Women at U.N. headquarters in New York.

He said women’s rights are essentially a question of power and he is worried by negative trends.

“First, despite enormous progress that all of you have helped realize – the patriarchy is far from vanquished. It is regaining ground,” said the secretary-general. “Autocrats and populists are attacking women’s freedoms and their sexual and reproductive rights. They promote what they call ‘traditional’ values.”

He said discrimination against women goes back thousands of years and it is not something that should be brought back, it should be turned back.

“We cannot accept a world in which grandmothers fear their granddaughters will enjoy fewer rights than they had,” he said. “We must speak out, loud and clear: Not on our watch.”

Female poverty

Over the next two weeks, delegates will review how to speed up achieving gender equality, with a focus on addressing poverty and investing in women and girls. U.N. Women says more than 100 million women and girls could be lifted out of poverty if governments prioritize education and family planning, fair and equal pay, and expanded social benefits.

The U.N. chief told the meeting that “poverty has a female face,” because women have less access to land, natural resources and other financial assets. They earn just 51 cents for every dollar men earn, and they are more likely to be food insecure. The U.N. says more than 10% of the world’s women are living in extreme poverty – on less than $2.15 a day.

“Today, one in 10 women lives in extreme poverty. And at the current rate of progress, as many as 342 million women will still be living in poverty in or by 2030,” said Sima Bahous, the executive director of U.N. Women. “This makes a mockery of our 2030 [development] agenda.”

Women also suffer more when it comes to conflict. The U.N. chief noted that more than two-thirds of the people killed and injured in Israel’s military operations in Gaza are reportedly women and children.

“Families seeking shelter from Israeli bombardment are struggling to survive, as hunger and malnutrition take hold. This is heartbreaking and utterly unacceptable,” he said of the war against Hamas. “Once again, I call for an immediate cease-fire in Gaza, the unconditional release of all hostages, and a massive increase in humanitarian aid.”

He also repeated an appeal for a cease-fire in Sudan, where thousands have been killed in 11 months of fighting between rival generals, and rape has widely been used as weapon of war.",Margaret Besheer,"USA, women's rights, gender equality, U.N. Secretary-General Antonio Guterres, Commission on the Status of Women",2024-03-11,CONTROL_International_Womens_Strike_2017_2024,single,True,0,"In, The, To"
https://www.voanews.com/a/us-sanctions-money-launderers-connected-to-al-shabab/7523193.html,Voice Of America,US Sanctions Money Launderers Connected to Al-Shabab,"The U.S. Department of the Treasury sanctioned 16 entities and individuals Monday for their role in fundraising and money laundering for the terrorist group al-Shabab.

Al-Shabab, which operates in Somalia, is an Islamist insurgency group with connections to al-Qaida.

Those sanctioned in connection with them were operating throughout the Horn of Africa, the United Arab Emirates and Cyprus, according to a Treasury statement.

Those sanctioned will have all U.S. assets frozen, and Americans will be barred from working with them.

In 2022, similar sanctions were imposed by the United States on other individuals connected with al-Shabab.

The U.S.-designated terror group has been waging an insurgency against the Somali government since 2006 and has controlled parts of the country, carrying out deadly terrorist attacks in the capital, Mogadishu.

Al-Shabab has funded itself by extorting businesses in Mogadishu and collecting taxes in the areas under its control.

In January 2023, the Somali government said it had shut down the financial infrastructure that supported al-Shabab. At the time, Somali Prime Minister Hamza Abdi Barre said his government had closed every known account connected with the militants.

However, the group has continued to function by taking cash from businesses in government-controlled areas.

Washington says al-Shabab brings in more than $100 million each year from their financial network and through extorting local businesses and people.

U.S. State Department spokesperson Matthew Miller said in a statement Monday the terror group’s threat is not “limited to Somalia.”

He added al-Shabab funds other al-Qaida-linked groups, which helps their “global ambitions to commit acts of terrorism and undermine good governance.”",VOA News,"USA, Africa, al-Shabab, U.S. Treasury Department, money launderers, sanctions, United States",2024-03-11,CONTROL_International_Womens_Strike_2017_2024,single,True,0,"In, The, To"
https://www.voanews.com/a/chinese-government-cracks-down-on-academic-fraud/7523009.html,Voice Of America,Chinese Government Cracks Down on Academic Fraud,"China is cracking down on academic research fraud following revelations in January that publishers have retracted thousands of works by Chinese academics in recent years. However, observers say that addressing the problem will be difficult because it is so pervasive.

According to the scientific journal Nature, some 14,000 papers were retracted from English language journals in 2023 alone, three-quarters of which involved a Chinese co-author.

Last month, the Chinese Ministry of Education gave universities a deadline to submit a full list of academic articles that journals have retracted over the past three years, allowing the ministry to audit the retracted research and determine how widespread fraud is in Chinese academic settings.

Although the findings of the Education Ministry’s review have yet to be released, Chinese academics, students, and professors say the problem is pervasive.

Part of the issue they say is that it is easy to pay for research to be written by ghostwriters and published in low-quality journals.

“If you have no problem financially, you can let others do your research for you. Whether it is publishing a paper or finding a journal, they have such a one-stop service,” Sun Fugui, a former graduate student at Ludong University in Shandong Province, told VOA Chinese. “And it's not just students, even teachers use these ghostwriters.”

The other problem, Sun adds, is that low-end Chinese academic journals frequently publish fraudulent research without checking for quality, as they previously faced little domestic backlash from publishing these pieces.

“The purpose of these journals is not to publish good papers or to let others see their

great academic achievements,” Sun said. “Their purpose is to meet students’ and

teachers’ need to publish papers.""

Yang Ningyuan, the former director of a psychology research institute at Zhengzhou University in Henan Province, said he had received at least a dozen calls from strangers offering to publish articles for him in exchange for cash, all of which he rejected.

""I know a friend who told me personally that he helped eight people write their doctoral dissertations and charged 20,000 yuan for each paper. These Ph.D.s eventually passed,” Yang told VOA Mandarin. “The interesting thing is that my friend himself is not a Ph.D. at all!”

Analysts believe the political nature of research in China is in part responsible for academic integrity issues.

Yun Sun, a senior fellow specializing in China at think tank the Stimson Center, said academic cultures in the United States and China both reward academics for publishing high volumes of papers.

“The difference, however, is with the transparency of information, freedom of academic exchanges, and access to the Chinese research. All are heavily controlled by the state in China,” Yun Sun said in a statement to VOA. “If data is fabricated here in a U.S. university, the person’s colleagues and peers will be able to know and challenge them. But when the fabrication happens in China, it is difficult to impossible to verify.”

Perry Link, a distinguished professor in Chinese and comparative literature at the University of California, Riverside said the volume of fabricated research in China reflects officials’ disregard for the truth.

""Fabricated research is part of a broader pattern of official language use in China in which a statement is valued based not on whether it is true or false but on whether it 'works,’” Link told VOA in a written statement. ""Government officials cannot 'crack down' in such a system. The problem is in the design of the system itself.""

Link said political involvement in research also dissuades researchers from producing high-quality new research.

“Value judgments in the universities are made ultimately by political authorities,” Link said. “Cutting-edge research, even in technical fields, normally is done best by free-thinking minds who see themselves at the cutting edge, not ‘under’ a political authority.”

Zhang Mingxin, a fourth-year undergraduate at a university in Beijing, said academic fraud as well as the government’s politicization of data have made it difficult for him to do research.

“Everyone knows that China's research is plagiarized, and it is no secret that it is falsified, but doing so will make the research very difficult,” Zhang told VOA Chinese. “Under strict government control, a lot of data is difficult to search, especially if some topics are relatively sensitive, and if you need to conduct social surveys, it will definitely be very difficult, because when people make relevant remarks, the government will definitely censor them, and if they are not careful, they may even be sent to jail.”

According to Yun Sun, Chinese universities will fall behind other global universities because of their unresolved academic integrity issues.

The Education Ministry has not yet released a plan to alleviate these concerns.

“Chinese academia has not been famous for its creativity and has only become more serious about plagiarism in recent years,” Yun Sun wrote. “As the Chinese academics try to compete with their global peers, the quality problems of their research will be more and more revealed.”",Evie Steele,"East Asia, China News, China, China Academic Research Fraud",2024-03-11,CONTROL_International_Womens_Strike_2017_2024,single,True,0,"In, The, To"
https://www.voanews.com/a/first-european-climate-risk-assessment-finds-continent-unprepared/7523053.html,Voice Of America,First European Climate Risk Assessment Finds Continent Unprepared,"Europe is facing growing climate risks and is unprepared for them, the European Environment Agency said in its first-ever risk assessment for the bloc Monday.

The agency said Europe is prone to more frequent and more punishing weather extremes — including increasing wildfires, drought, more unusual rainfall patterns and flooding — and it needs to immediately address them to protect its energy, food security, water and health.

These climate risks “are growing faster than our societal preparedness,” Leena Ylä-Mononen, the EEA's executive director, said in a statement.

The report identified 36 major climate risks for the continent, such as threats to ecosystems, economies, health and food systems, and found that more than half demand greater action now. It classified eight as needing urgent attention – like conserving ecosystems, protecting people against heat, protecting people and infrastructure from floods and wildfires, and securing relief funds for disasters.

The report said Europe is the world’s fastest-warming continent and has been heating up twice as fast as other regions since the 1980s. The heat has been linked to more intense rains and floods, and the report predicts rainfall decline and more severe droughts in southern Europe.

Without urgent and decisive action, it warns, many of the climate risks it identified could become catastrophic. To reduce climate risks and improve adaptation to warming, it recommends that the EU and its member states collaborate with regional and local bodies.

The report is “a huge wake-up call” for the continent, said Manon Dufour, Brussels director for climate think tank E3G, and could have implications for climate policy at both the European and national levels.

At the European level, Dufour said the report could ""open the eyes” of European leaders who are currently most focused on security issues, as climate can affect economic and energy security.

On a national level, Dufour said finance ministers should be spurred by the report “to make economic and social resilience the key priority.” She pointed to the report's finding that economic losses from heat waves and floods could reach 1 trillion euros ($1.1 trillion) a year by the end of the century.

“It’s clearly in our best interest to adapt to changing risks we can no longer avoid, including preparedness for bigger extremes and surprises, and to avoid the risks from getting further out of hand by reducing greenhouse gases,” said Maarten van Aalst, director-general at the Royal Netherlands Meteorological Institute.

Sven Harmeling, head of climate at Climate Action Network Europe, said Europe “can do more, even by 2030,” to slash emissions from the burning of coal, oil and gas, and can also step up its investments in adapting to climate change, particularly by preserving ecosystems like wetlands and forests that can both absorb carbon and act as natural extreme weather barriers.

He urged that any efforts to reduce the impact of warming “must deliver this in a way that provides social and economic benefits for all.”

Greenpeace EU climate campaigner Silvia Pastorelli agreed, adding that the bloc should focus any resilience programs, like retrofitting homes to help with heating in winter and cooling in summer, on the most vulnerable communities. “Fairness in the climate response is essential,” Pastorelli said.

The report says the EU and its member states have made “considerable progress” in understanding their climate risks and preparing for them.

For example, Europe “has done well in relation to coastal flooding,” according to Julie Berckmans, an EEA climate risk expert. She said there have been no catastrophic storm floods on the continent in 60 years, and some progress has also been made in managing the health risks from heat and large river floods.

But more action is needed in all these areas “because the risks are increasing rapidly,” she said. As a case in point, heat stress to populations is at critical levels, Berckmans said. One solution, she said, is countries and cities can improve their spatial planning to be more fit for the future health risk from heat.

The European Commission will present its plan of action Tuesday in response to the report.

EU Commission spokesperson Tim McPhie said EEA’s report has “given a very clear warning and a very clear call to action of what’s to come.”",Associated Press,"Science & Health, Europe, EU-Climate-Risk-Assessment",2024-03-11,CONTROL_International_Womens_Strike_2017_2024,single,True,0,"In, The, To"
https://www.voanews.com/a/india-successfully-tests-domestically-produced-multi-warhead-missile/7523045.html,Voice Of America,India Successfully Tests Domestically Produced Multi-Warhead Missile,"In a message posted to social media Monday, Indian Prime Minister Narendra Modi announced his nation has successfully tested its first domestically-produced missile capable of carrying multiple warheads.

From his account on X, formerly known as Twitter, Modi said he was “Proud of our DRDO scientists for Mission Divyastra, the first flight test of indigenously developed Agni-5 missile with Multiple Independently Targetable Re-entry Vehicle (MIRV) technology.”

DRDO is the acronym for India’s Defense Research & Development Organisation. Defense officials said the test flight, named Mission Divyastra, was carried out from Dr. APJ Abdul Kalam Island, off the coast of Odisha state.

The island, named for a former Indian president, is home to the nation’s top missile testing range.

A statement said the test missile was tracked by various telemetry and radar stations, and reported the mission accomplished the designed parameters.

Britain, China, France, Russia and the United States are among the nations that use MIRV technology, while Pakistan tested it in 2017, according to the Washington-based advocacy group Center for Arms Control and Non-Proliferation.

MIRV technology can deliver multiple warheads from a single missile.

India has been developing its medium- and long-range missile systems for several decades. Its Agni-5 missile, first successfully tested in 2021, has a range of 5,000 kilometers and is India’s first intercontinental ballistic missile, according to the Center for Arms Control and Non-Proliferation.",VOA News,"South & Central Asia, indian prime minister narendra modi, India, Multi-Warhead Missile",2024-03-11,CONTROL_International_Womens_Strike_2017_2024,single,True,0,"In, The, To"
https://www.voanews.com/a/trump-tiktok-poses-national-security-threat-but-banning-it-would-help-facebook/7522962.html,Voice Of America,"Trump: TikTok Poses National Security Threat, but Banning It Would Help Facebook","Former President Donald Trump said Monday that he still believes TikTok poses a national security risk but is opposed to banning the hugely popular app because doing so would help its rival, Facebook, which he continues to lambast over his 2020 election loss.

Trump, in a call-in interview with CNBC's ""Squawk Box,"" was asked about his comments last week that seemed to voice opposition to a bill being advanced by Congress that would effectively ban TikTok and other ByteDance apps from the Apple and Google app stores as well as U.S. web hosting services.

""Frankly, there are a lot of people on TikTok that love it. There are a lot of young kids on TikTok who will go crazy without it,"" Trump told the hosts. ""There's a lot of good and there's a lot of bad with TikTok. But the thing I don't like is that without TikTok you're going to make Facebook bigger, and I consider Facebook to be an enemy of the people, along with a lot of the media.""

""When I look at it, I'm not looking to make Facebook double the size,"" he added. ""I think Facebook has been very bad for our country, especially when it comes to elections.""

Trump has repeatedly complained about Facebook's role during the 2020 election, which he still refuses to concede he lost to President Joe Biden. That includes at least $400 million that its founder, Mark Zuckerberg, and his wife donated to two nonprofit organizations that distributed grants to state and local governments to help them conduct the 2020 election at the height of the COVID-19 pandemic.

The donations — which were fully permitted under campaign finance law — went to pay for things like equipment to process mail ballots and drive-thru voting locations.

TikTok, a video-sharing app, has emerged as a major issue in the 2024 presidential campaign. The platform has about 170 million users in the U.S., most of whom skew younger — a demographic that both parties are desperately trying to court ahead of November's general election. Younger voters have become especially hard for campaigns to reach as they gravitate away from traditional platforms like cable television.

Biden's 2024 campaign officially joined TikTok last month, even though he has expressed his own national security concerns over the platform, banned it on federal devices and on Friday endorsed the legislation that could lead to its ban.

The bill passed unanimously by the U.S. House Energy and Commerce Committee calls on China's ByteDance to divest its ownership of TikTok or effectively face a U.S. ban. Top Republicans, including House Speaker Mike Johnson, support the bill. Johnson has indicated it will soon come up for a full vote in the House.

As president, Trump attempted to ban TikTok through an executive order that called ""the spread in the United States of mobile applications developed and owned by companies in the People's Republic of China (China)"" a threat to ""the national security, foreign policy and economy of the United States."" The courts, however, blocked the action after TikTok sued, arguing such actions would violate free speech and due process rights.

Pressed on whether he still believed the app posed a national security risk, Trump said Monday: ""I do believe it. And we have to very much go into privacy and make sure that we are protecting the American people's privacy and data rights.""

""But,"" he went on to say, ""you have that problem with Facebook and lots of other companies, too."" Some American companies, he charged, are ""not so American. They deal in China. And if China wants anything from them they will give it. So that's a national security risk also.""

Biden in 2022 banned the use of TikTok by the federal government's nearly 4 million employees on devices owned by its agencies, with limited exceptions for law enforcement, national security and security research purposes.

He also recently signed an executive order that allows the Department of Justice and other federal agencies to take steps to prevent the large-scale transfer of Americans' personal data to what the White House calls ""countries of concern,"" including China.

Both the FBI and the Federal Communications Commission have warned that TikTok owner ByteDance could share user data — such as browsing history, location and biometric identifiers — with China's authoritarian government. TikTok said it has never done that and wouldn't do so if asked. The U.S. government also hasn't provided evidence of that happening.

Trump had first voiced support for the app in a post on his Truth Social site last week. ""If you get rid of TikTok, Facebook and Zuckerschmuck will double their business. I don't want Facebook, who cheated in the last Election, doing better,"" he wrote. ""They are a true Enemy of the People!""

Trump, in the interview, said he had not discussed the company with Jeff Yass, a TikTok investor and a major GOP donor. Trump said the two had recently met ""very briefly"" but that Yass ""never mentioned TikTok.""

Trump also confirmed he met last week with Elon Musk, the billionaire CEO of Tesla and SpaceX who has increasingly aligned himself with conservative politics. Trump said he didn't know whether Musk would end up supporting his campaign, noting they ""obviously have opposing views on a minor subject called electric cars,"" which Trump has railed against.",Associated Press,"USA, Technology, facebook, joe biden, donald trump, tiktok",2024-03-11,CONTROL_International_Womens_Strike_2017_2024,single,True,0,"In, The, To"
https://www.voanews.com/a/china-iran-russia-host-naval-drills/7522919.html,Voice Of America,"China, Iran, Russia Host Naval Drills","China, Russia and Iran are holding joint naval exercises this week near the Gulf of Oman, according to the Chinese defense ministry.

According to a ministry statement Monday, the exercises, dubbed “Security Bond-2024,” will take place from Monday to Friday and aims to “strengthen maritime cooperation” and “jointly safeguard regional maritime security.”

A similar round of drills was held last year in the same area between the three countries.

According to Iran’s state news agency, IRNA, the drills are set to start Tuesday with naval representatives from Pakistan, Kazakhstan, Azerbaijan, Oman, India and South Africa also set to observe the exercises.

Iranian state media added that the purpose of the drills is to “consolidate security and its foundations in the region and expand multilateral cooperation among the participating countries.”

In a statement published Monday, Beijing announced that China will be sending the “guided missile destroyer Urumqi, guided missile frigate Linyi and comprehensive supply ship Dongpinghu.”

According to Russian news agencies, Moscow’s defense ministry said, “The practical part of the exercise will take place in the waters of the Gulf of Oman in the Arabian Sea.” Moscow also added that the drills would facilitate maritime safety.

Russian state media reported ahead of this week’s drills that ships from Russia’s Pacific Fleet arrived at Iran’s Chah Bahar port Monday, led by the Varyag cruiser.

The maritime drills come as tensions are high in the region due to the war in Gaza and ongoing attacks on vessels in the Red Sea, launched by Iran-backed Houthi rebels.

Last week, Houthi leader Abdul Malik al-Houthi said that since October 19 of last year, rebels have launched 403 missiles or drones against 61 ships, causing disruptions to international trade.

The Houthi leader has previously pledged that attacks will further escalate if what he calls “the barbaric and brutal aggression against Gaza does not stop.”

Some U.S. officials have previously expressed concern over growing military ties between the three countries. Last year, former Chairman of the Joint Chiefs of Staff Mark Milley said that China, Russia and Iran would be a problem “for many years to come” for Washington.",Samuel Weinmann,"Middle East, East Asia, Europe, VOA News on Iran, China News, russia, China, iran",2024-03-11,CONTROL_International_Womens_Strike_2017_2024,single,True,0,"In, The, To"
https://www.voanews.com/a/india-announces-steps-to-implement-citizenship-law-that-excludes-muslims/7522781.html,Voice Of America,India Announces Steps to Implement Citizenship Law That Excludes Muslims,"Prime Minister Narendra Modi's government on Monday announced rules to implement a 2019 citizenship law that excludes Muslims, weeks before the Hindu nationalist leader seeks a third term in office.

The Citizenship Amendment Act provides a fast track to naturalization for Hindus, Parsis, Sikhs, Buddhists, Jains and Christians who fled to Hindu-majority India from Afghanistan, Bangladesh and Pakistan before Dec. 31, 2014. The law excludes Muslims, who are a majority in all three nations.

The law was approved by Indian Parliament in 2019, but Modi's government had held off with its implementation after deadly protests broke out in capital New Delhi and elsewhere. Scores were killed during days of clashes.

The nationwide protests in 2019 drew people of all faiths who said the law undermines India's foundation as a secular nation. Muslims were particularly worried that the government could use the law, combined with a proposed national register of citizens, to marginalize them.

The National Register of Citizens is part of Modi government's effort to identify and weed out people it claims came to India illegally. The register has only been implemented in the northeastern state of Assam, and the ruling Bharatiya Janata Party has promised to roll out a similar citizenship verification program nationwide.

Modi's government has defended the 2019 citizenship law as a humanitarian gesture. It argues that the law is meant only to extend citizenship to religious minorities fleeing persecution and would not be used against Indian citizens.

""These rules will now enable minorities persecuted on religious grounds in Pakistan, Bangladesh and Afghanistan to acquire citizenship in our nation,"" Home Minister Amit Shah wrote on X, formerly Twitter.

India's main opposition Congress party questioned the announcement, saying ""the timing right before the elections is evidently designed to polarize the elections.""

Human rights watchdog Amnesty India in a statement called the law ""discriminatory"" and said it ""goes against the constitutional values of equality and international human rights law."" It said the law ""legitimises discrimination based on religion"" and is ""exclusionary in its structure and intent.""

India is home to 200 million Muslims who make up a large minority group in the country of more than 1.4 billion people. They are scattered across almost every part of India and have been targeted in a series of attacks that have taken place Modi first assumed power in 2014.

Critics say Modi's conspicuous silence over anti-Muslim violence has emboldened some of his most extreme supporters and enabled more hate speech against Muslims.

Modi has increasingly mixed religion with politics in a formula that has resonated deeply with India's majority Hindu population. In January, he opened a Hindu temple at the site of a demolished mosque in northern Ayodhya city, fulfilling his party's long-held Hindu nationalist pledge.

Most poll surveys suggest Modi will win a majority in a general election that is scheduled to be held by May.",Associated Press,"South & Central Asia, India",2024-03-11,CONTROL_International_Womens_Strike_2017_2024,single,True,1,"De, En, La"
https://www.voanews.com/a/sen-bob-menendez-enters-not-guilty-plea-to-latest-criminal-indictment/7522814.html,Voice Of America,Sen. Bob Menendez Enters Not Guilty Plea to Latest Criminal Indictment,"Sen. Bob Menendez and his wife pleaded not guilty on Monday to new obstruction of justice charges in a New York court.

The new charges were in a rewritten indictment returned last week against the Democrat in Manhattan federal court.

""Once again, not guilty your honor,"" Menendez responded after Judge Sidney H. Stein asked him to enter a plea at a 20-minute hearing. Menendez had previously pleaded not guilty to charges in October.

Menendez and his wife, Nadine, entered the pleas to the indictment containing new charges of conspiracy to obstruct justice and obstruction of justice. Afterward, they briefly spoke to one another before leaving the courtroom together.

The couple is charged with conspiring with three businessmen to accept bribes of gold bars, cash and a luxury car in return for the senator's help in projects pursued by the businessmen.

Two of the three businessmen they allegedly conspired with also entered not guilty pleas on Monday. A third, Jose Uribe, pleaded guilty two weeks ago to bribery charges and agreed to testify against the others at a trial set for May 6.

The new allegations — part of what is now an 18-count indictment — are related to gifts prosecutors say the couple received from Uribe.

According to the indictment, Menendez caused his lawyer to falsely tell prosecutors overseeing the investigation that he was unaware that another of his business associates had helped his wife make a $23,000 mortgage payment on her New Jersey home. It said Nadine Menendez caused her lawyer to tell prosecutors last August that the mortgage payment and funds provided by Uribe for a Mercedes-Benz were loans when she knew they were bribes.

Menendez said in a statement last week that prosecutors have ""long known that I learned of and helped repay loans — not bribes — that had been provided to my wife.""

After his fall arrest, Menendez, 70, was forced to relinquish his chairmanship of the Senate Foreign Relations Committee but said he would not resign from Congress.",Associated Press,"USA, US MENENDEZ",2024-03-11,CONTROL_International_Womens_Strike_2017_2024,single,True,0,"In, The, To"
https://www.voanews.com/a/in-photos-children-in-gaza-ill-and-dying-for-lack-of-food-say-gaza-doctors-/7522700.html,Voice Of America,"In Photos: Children in Gaza Ill and Dying for Lack of Food, Say Gaza Doctors ","The United Nations says at least 20 children in Gaza have died of starvation and doctors say many more are increasingly suffering from grave physical and mental illnesses. For VOA, Enas A. Tantesh has this photo gallery from Rafah, Gaza, near the strip’s southern border with Egypt.","Enas A. Tantesh, Nedal Hamdouna, Amjed Tantesh",Middle East,2024-03-11,CONTROL_International_Womens_Strike_2017_2024,single,True,0,"In, The, To"
https://www.voanews.com/a/mothers-don-t-have-milk-to-feed-their-babies-say-gaza-doctors/7522727.html,Voice Of America,"'Mothers Don't Have Milk to Feed Their Babies,' Say Gaza Doctors","Children in Gaza haven’t been to school since the Israel-Hamas war began, but parents here say, right now, this is the least of their problems.

The United Nations says more than 12,000 children have died in the war, and 20 of starvation in recent weeks. Another 17,000 children have lost or been separated from their parents.

Most children in Gaza have been forced to flee their homes, and parents say even the best cared-for are traumatized.

“[My son] is constantly awake at night, crying,” says Hekmat Almasri, the mother of 12-year-old Abed Alrazeq Almasri. Since the war began, her husband, a doctor, has lived at the hospital where he works. His small family fled to a makeshift camp in Rafah, in Gaza’s south, where they live in a tent near the border with Egypt.

“[My son] says, ‘I miss my father. I wish we could go back home,’” adds Hekmat Almasri. “I want to live the normal life that we used to live.”

More than 31,000 people have been killed in Gaza, according to the Gaza ministry of health. The war began October 7, when Hamas attacked Israel, killing 1,200 people and taking 240 hostages.

Most of Gaza’s 2 million-plus population is now crowded into emergency shelters in Rafah, but hundreds of thousands of people are living in the north, where hunger has reached “catastrophic levels,” according to the U.N.

But even in the south, where the population of Rafah has increased six-fold in recent months as people await what Israel says is a coming assault, the food crisis has become an emergency. Pediatricians in the south say every child they see is suffering from noticeable psychological and physical trauma, and the consequences of hunger.

“All of them are having problems growing,” says Dr. Saeed Abdulrahman Mahmoud Marouf, a doctor at Abu Yousef Al Najjar Hospital. “All of them are sick. Even the mothers don’t have milk to feed their babies. They say, ‘I can’t make milk to give them and how could I possibly buy it?’”

Psychological damage

Some children, says Marouf, can clearly identify bombs, planes and who among their family or neighbors have died. Other children wail and cling to their parents nearly all the time. Many have started to hallucinate.

Despite the suffering, there are children who have hope that they will be reunited with loved ones, adds Almasri, the mother.

“I wish to go home,” says her son, Abed Alrazeq Almasri, when asked what he would ask for if he had one wish. He now spends his days searching for food and counting the days since he last saw his father in October. “I used to go to school, but now I don't go to school. I used to play with my friends.”

His mother says watching the children learn and relearn the depth of the crisis is heartbreaking.

“The mothers cannot answer their children’s questions,” she explains. “They can’t answer their needs… even for food. Children will ask for meat, or fish, or chocolate or sweets that they used to eat. But we can’t get it now.”

Hunger disaster approaching

Israel says it places no restrictions on the amount of aid that can get into Gaza, but it does inspect all deliveries to make sure they don’t carry weapons or other items meant for use by Hamas.

Israel blames the U.N. for the slow distribution of food aid, but the organization says

distribution problems are caused by the ongoing conflict and Israeli military checkpoints.

Amnesty International accuses Israel of “blocking and impeding the passage of sufficient aid into the Gaza Strip, in particular to the north which is virtually inaccessible.”

The U.N. says widespread starvation is imminent if access does not improve dramatically. Efforts to bring in aid via air or sea, they say, can provide only a fraction of the massive influx of food that is needed.

“Airdrops are a last resort and will not avert famine,” said Carl Skau, the World Food Program’s deputy executive director in a March 5 statement. “We need entry points to northern Gaza that will allow us to deliver enough food for half a million people in desperate need.”",Heather Murdock,"Middle East, Gaza, gaza humanitarian aid, gaza children",2024-03-11,CONTROL_International_Womens_Strike_2017_2024,single,True,0,"In, The, To"
https://www.voanews.com/a/pen-pal-program-offers-unique-world-view-to-us-ukraine-teens/7522768.html,Voice Of America,"Pen Pal Program Offers Unique World View to US, Ukraine Teens","Shortly after Russia’s invasion of Ukraine in February 2022, a pen pal program was set up between students in Ukraine and the United States.

Diana Makarenko is a 14-year-old girl who lives in Okhtyrka, which is near the Russian border in northeastern Ukraine. Her town was heavily bombed in the first several weeks of the war. Most of her classmates study online now, but she and a handful of her peers opt to attend school in person. They have to go into a bomb shelter every time the air sirens go off, which sometimes happens several times a day.

Minati Divakar is a 14-year-old girl who lives in the quiet suburb of Oakton, Virginia, a suburb outside the U.S. capital of Washington. She attends a top school and spends most of her free time studying in hopes of getting into a good college.

For the past six months, the girls have shared their lives over email and WhatsApp messages and through audio recordings.

“I wanted to find friends abroad,” Diana said. “To somehow communicate and learn the point of view of a person who learned about the war from the media, from the news, from the internet, and who did not personally experience it.”

For Minati, being a pen pal has been an eye-opening experience.

“I never expected to connect so deeply with someone who lives on the other side of the world, much less a war-torn country,” she said. “Like, who I am is not so different from who she is … despite her life 100% being much, much harder than mine could ever be.”",Vanessa Johnston,"USA, Ukraine, Unites States",2024-03-11,CONTROL_International_Womens_Strike_2017_2024,single,True,1,"De, En, La"
https://www.voanews.com/a/britain-princess-kate-apologizes-for-editing-family-photo-that-fueled-rumors-about-her-health/7522528.html,Voice Of America,Britain's Princess Kate Apologizes for Editing Family Photo That Fueled Rumors About Her Health,"Kate, Princess of Wales, apologized Monday for ""confusion"" caused by her editing of a family photo released by the palace — an image of Kate and her children that was intended to calm concern and speculation about the British royal's health but had the opposite effect.

Several news agencies that initially published the photo, including The Associated Press, withdrew the image over concerns about digital manipulation. Issued by the couple's Kensington Palace office on Sunday to mark Mother's Day in Britain, it was the first official photo of Kate since she had abdominal surgery nearly two months ago.

The retractions sent the online rumor mill, already rampant with speculation over Kate's operation and recuperation, into overdrive.

In a post on social media, Kate said that ""like many amateur photographers, I do occasionally experiment with editing.""

""I wanted to express my apologies for any confusion the family photograph we shared yesterday caused,"" the post said.

In the past, the palace has issued several of Kate's family snapshots featuring her and Prince William with their children Prince George, 10; Princess Charlotte, 8; and Prince Louis, 5.

The latest photo was taken by William, Kensington Palace said. In an accompanying message posted on social media, Kate said: ""Thank you for your kind wishes and continued support over the last two months. Wishing everyone a Happy Mother's Day.""

While there was no suggestion the photo was fake, AP retracted it because closer inspection revealed the source had manipulated the image in a way that did not meet AP's photo standards. For instance, the image shows an inconsistency in the alignment of Princess Charlotte's left hand.

Other major news agencies, including Getty, Reuters and AFP, did the same on Sunday.

Shortly before Kate's statement was issued on Monday, Britain's national news agency said it was following suit. AP said it had asked Kensington Palace for clarification about the image and ""in the absence of that clarification, we are killing the image from our picture service.""

Kensington Palace said it would not release the original unedited photograph. And while Kate's statement provided a measure of clarification, it looked unlikely to stop the swirl of rumor that has accelerated during her absence from public duties.

Former BBC royal correspondent Peter Hunt said the mishandled photo release ""is damaging for the royals.""

""They knew there would be intense interest in any picture they released of Kate,"" he wrote on X, formerly known as Twitter. ""Their challenge is that people will now question whether they can be trusted and believed when they next issue a health update.""

The royal family is under particular scrutiny because King Charles III has also had to cancel public duties while he undergoes treatment for an unspecified form of cancer. The monarch has canceled all his public engagements, though he has been photographed walking to church and meeting privately with government officials and dignitaries.

Charles' relative openness about his diagnosis was a departure for the generally secretive royal family. But it has been eclipsed in popular interest by curiosity over Kate's condition. In the absence of firm information, conspiracy theories have rushed to fill the vacuum.

The release of the photo followed weeks of gossip on social media about what had happened to Kate since she left a hospital Jan. 29 after a nearly two-week stay following planned surgery. She hadn't been seen publicly since Christmas Day.

Kate, 42, underwent surgery Jan. 16 and her condition and the reason for the operation have not been revealed, though Kensington Palace said it was not cancer-related.

Although the palace initially said that it would only provide significant updates and that she would not return to royal duties before Easter — March 31 this year — it followed up with a statement last month by saying she was doing well and reiterating its previous statement.

""Kensington Palace made it clear in January the timelines of the princess' recovery and we'd only be providing significant updates,"" the palace said Feb. 29. ""That guidance stands.""

At the time, royal aides told The Sun newspaper: ""We've seen the madness of social media and that is not going to change our strategy. There has been much on social media but the princess has a right to privacy and asks the public to respect that.""

Further questions were raised last week when the British military seemed to jump the gun in announcing Kate would attend a Trooping the Color ceremony in June, apparently without consulting palace officials.

It's up to palace officials, not government departments, to announce the royals' attendance at events. Kensington Palace didn't confirm any scheduled public events for Kate, and the army later removed reference to her attendance.

Veteran public relations consultant Mark Borkowski said the photo gaffe exposed a wider PR problem for the monarchy.

""There doesn't seem to be that much joined-up strategic thinking at the heart of the royal family at the moment, which leads to these problems where it's a very difficult organization to manage in terms of PR,"" he said.",Associated Press,"Europe, Britain",2024-03-11,CONTROL_International_Womens_Strike_2017_2024,single,True,4,"Kate, Middleton, Photo"
https://www.voanews.com/a/swedish-flag-raised-over-nato-headquarters/7522561.html,Voice Of America,Swedish Flag Raised Over NATO Headquarters,"The Swedish flag was raised for the first time over NATO headquarters in Brussels Monday ahead of the formal ceremony welcoming the Nordic country as the 32nd member of the alliance.

At a news conference immediately after, Swedish Prime Minister Ulf Kristersson joined NATO Secretary General Jens Stoltenberg in touting a stronger, more unified NATO.

“The security situation in our region has not been this serious since the Second World War, and Russia will stay a threat to Euro-Atlantic security for a foreseeable future,” Kristersson said. “It was in this light Sweden applied to join the NATO defense alliance to gain security, but also to provide security.""

Russia’s invasion of Ukraine in 2022 prompted both Sweden and Finland to seek membership in NATO after years in which both countries maintained military neutrality. Stoltenberg said, once again, that Russian President Vladimir Putin’s goals when he began the invasion have backfired.

“He wanted less NATO and more control over his neighbors. He wanted to destroy Ukraine as a sovereign state, but he failed,” Stoltenberg said. “NATO is bigger and stronger. Ukraine is closer to NATO membership than ever before.”

Sweden was formally welcomed into NATO last Thursday by U.S. Secretary of State Antony Blinken. About 20,000 Swedish military personnel participated in NATO exercises alongside Finnish and Norwegian troops last week in Norway and Finland.

After months of delay, Turkey ratified Sweden's admission earlier this year, and Hungary did so in recent days.

Turkey had expressed concern that Sweden was harboring and not taking enough action against Kurdish groups that it regards as terrorists, and Hungary's populist President Viktor Orban has shown pro-Russian sentiment.",VOA News,"Europe, nato, Sweden and Finland NATO bid",2024-03-11,CONTROL_International_Womens_Strike_2017_2024,single,True,1,"De, En, La"
https://www.voanews.com/a/blinken-heads-to-jamaica-for-urgent-haiti-talks-on-security-and-humanitarian-aid-/7522468.html,Voice Of America,Blinken Heads to Jamaica for Urgent Haiti Talks ,"U.S. Secretary of State Antony Blinken is heading to Jamaica Monday morning to join Caribbean leaders in discussing a solution to the political violence in Haiti and the urgent provision of humanitarian aid to its people.

The Caribbean Community, known as CARICOM, an alliance of Caribbean nations, said the talks will focus on stabilizing Haiti's security and addressing the urgent humanitarian needs.

CARICOM has been actively conversing with Haiti's stakeholders, including Prime Minister Ariel Henry, to seek a resolution.

Sunday, the U.S. military airlifted non-essential embassy personnel from Haiti and deployed additional U.S. forces to reinforce embassy security. This operation is the latest indication of Haiti's turmoil, with escalating gang violence prompting hundreds of thousands to flee their homes and threatening to bring down the government.

The State Department said the current security situation in Haiti is “unpredictable and dangerous,” and the U.S. embassy’s ability to assist U.S. citizens is “severely limited.”

The State Department’s Travel Advisory for Haiti has remained at Level Four: Do not travel to Haiti since July 2023.

“U.S. Embassy Port-au-Prince has been on Ordered Departure status since July 27, 2023. Adjustments during this time are not uncommon, nor do they represent a change in our overall posture,” a State Department spokesperson told VOA.

Security and Humanitarian Situation

Haiti declared a state of emergency March 3 following attacks by gangs on the main prisons in the capital city of Port-au-Prince. Prime Minister Henry was in Kenya at the time, finalizing a deal for a U.N.-supported peacekeeping mission aimed at addressing Haiti’s gang violence.

The gangs have demanded Henry's resignation. He is reportedly currently stranded in the U.S. territory of Puerto Rico.

Amid escalating gang violence in Port-au-Prince, the Haitian government has extended the state of emergency until April 3, and the nighttime curfew has been extended until March 11.

According to the International Organization for Migration's office in Haiti, the violence perpetrated by armed gangs has forced over 360,000 people across Haiti to flee their homes.

The U.N. Children’s Fund, or UNICEF, has warned that critical social services in Haiti are on the verge of collapse, and the humanitarian response that millions of children and civilians rely on as a last resort has been severely impaired.

Political Transition

Henry was appointed, not elected, after the assassination of President Jovenel Moise in 2021. Henry had initially promised to step down by early February but

later said security must be re-established first to conduct free and fair elections.

On February 29, CARICOM said the Haitian prime minister has committed to organizing general elections by August 31, 2025. CARICOM stated its intention to send an assessment team by March 31 of this year to evaluate electoral needs, aiming to support the planning and establishment of relevant institutions.

The United States has asked Henry to enact urgent political reform to prevent further escalation.

“As the situation on the ground grows increasingly dire, we and CARICOM have continued to call on stakeholders, including the prime minister, to make concessions in the interest of the Haitian people,” State Department spokesperson Matthew Miller said during a recent briefing.

“We are not calling on him (Ariel Henry) or pushing for him to resign, but we are urging him to expedite the transition to an empowered and inclusive governance structure that will move with urgency to help the country prepare for a multinational security support mission to address the security situation and pave the way for free and fair elections,” Miller added.

Security Mission

The United States has pledged $200 million to support the Multinational Security Support Mission in Haiti. The U.S. said the deployment of the mission will help the Haitian National Police in creating the security conditions necessary to conduct free and fair elections.

U.S. Secretary of State Blinken said last month, during an event on the sidelines of the G-20 foreign ministers’ meeting in Rio de Janeiro, that the U.S. funding would be allocated to assist the Haitian National Police “with planning, with intelligence, with airlift capacity, communications, and medical equipment and services.”

Blinken said gangs now control 80% of the capital, Port-au-Prince, and armed groups use sexual assault and rape to terrorize the population.

The new commitment builds upon a previous allocation of $189 million since July 2021 aimed at training and equipping the police force.

Additionally, the U.S. has contributed over $300 million for food, clean water, healthcare, services for survivors of gender-based violence, and other humanitarian aid during the last three years.",Nike Ching,"Americas, Haiti",2024-03-11,CONTROL_International_Womens_Strike_2017_2024,single,True,0,"In, The, To"
https://www.voanews.com/a/russia-s-free-grain-falls-short-of-significantly-fighting-hunger-in-africa/7522498.html,Voice Of America,"Russia's Free Grain Falls Short of Significantly Fighting Hunger in Africa
","Six African countries have received Russia's contribution of 200,000 tons of grain, fulfilling a pledge the Russian government made to the continent last July.

Russia's TASS state news agency on February 20 reported the country's agriculture minister, Dmitry Patrushev, said Burkina Faso, Mali, Eritrea and Zimbabwe each received 25,000 tons of grain, while the Central African Republic and Somalia got 50,000 tons each.

Russian President Vladimir Putin promised free shipments of grain to six African countries last July during a summit with 17 African heads of state and leaders in St. Petersburg.

On January 26, Burkina Faso confirmed it had received 25,000 tons of free wheat from Russia. Burkina's minister for solidarity and humanitarian action, Nandy Some Diallo, described the grain as a ""priceless gift"" that would help internally displaced and vulnerable people.

Mali, Eritrea, Somalia, Zimbabwe and the Central African Republic have also confirmed receiving ""free wheat"" from Russia.

On March 6, Sprinter, a content creator on X, wrote:

''Free supplies of Russian grain to Burkina Faso, Zimbabwe, Mali, Somalia, Eritrea, and the Central African Republic have made a significant contribution to the fight against hunger in Africa.''

That is misleading

Africa is the world's second-largest continent, made up of 54 countries with a combined population of 1.4 billion people, 20% of whom face food insecurity.

Last October, the United Nations Office for the Coordination of Humanitarian Affairs (OCHA) said that a record 149 million people in Africa were facing ""acute food shortages,"" 82% of whom were ""in conflict-affected countries, underscoring that conflict continues to be the primary driver of Africa's food crisis.""

In three of the African countries that received free Russian grain — Burkina Faso, Mali and the Central African Republic — mercenaries from Wagner, a private Russian military force, are accused of destabilizing governments.

Those three countries are ruled by military juntas supported by Russia.

Russia did not ship grain to Sudan, where, the U.N.'s World Food Program (WFP) said on March 6, the ""world's largest hunger crisis is looming.""

The situation is deteriorating in Sudan, where at least 25 million people need food.

Nine in 10 people across Sudan are facing ""emergency levels of hunger"" and are in areas ""largely inaccessible"" due to ""relentless violence and interference by the warring parties,"" the WFP said.

Since 2017, Wagner mercenaries have supported the paramilitary Rapid Support Forces in their fight against the Sudanese army.

Sprinter also failed to mention that Russia's decision to back out of the Black Sea Grain Initiative, reached after it invaded Ukraine on February 24, 2022, has deepened the hunger crisis in Africa.

That deal, reached in July 2022 and brokered by the U.N. and Turkey, allowed Ukraine to access Black Sea ports that Russia had blockaded, in return for an agreement to minimize the impact of sanctions on exporting Russian food and fertilizer.

Under the Black Sea Grain Initiative, which lasted only a year, Ukraine shipped 33 million metric tons of grain to global markets, improving food security and prices. Poor countries like Africa were the biggest beneficiaries of the agreement.

Somalia received 84,000 metric tons of wheat from Ukraine in 2022. As of last December, it had received only 25,000 tons of the 50,000 tons of grain that Russia had promised it.

According to the World Food Program, more than 6 million people in Somalia are in urgent need of food and 1.8 million children are malnourished. The situation continues to worsen due to drought and conflict.

The 200,000 metric tons of grain from Russia can barely feed Africa's hungry population for a week.

According to the WFP, ""1 metric ton of food, typically including cereals, pulses and oil, is sufficient for approximately 1,660 people for one day.""

The U.N.'s Food and Agriculture Organization wrote in its report ""The State of Food Security and Nutrition in the World 2022"" that 278 million Africans were affected by hunger in 2021.

The war in Ukraine was one of the main projected causes of a hunger crisis in Africa, the FAO said in its 2022 report:

""Another crisis is unfolding as this report is being written with potentially sobering implications for global food security and nutrition: the war in Ukraine.""

In an interview with Voice of America's Russian Service last July 27, John Kirby, director of strategic communications for the U.S. National Security Council, dismissed Putin's promise of free Russian grain to six African countries.

Kirby said Putin and Russia were to blame for volatile food prices and that African countries were ""going to have more problems with starvation, and with access to food and grain.""

He called on Russia to return to the Black Sea Grain Initiative, which had allowed Ukraine to ship grain from its Black Sea ports.",Voice of America,Fact Checks,2024-03-11,CONTROL_International_Womens_Strike_2017_2024,single,True,0,"In, The, To"
https://www.voanews.com/a/china-concludes-annual-parliamentary-meetings-as-xi-consolidates-power/7522397.html,Voice Of America,China Concludes Annual Parliamentary Meetings as Xi Consolidates Power,"China concluded its week-long annual parliamentary meetings in Beijing Monday, passing amendments that will further consolidate Chinese President Xi Jinping’s power and vowing to adopt several new pieces of legislation that aim to safeguard China’s sovereignty and security interests.

China’s rubber-stamp parliament passed revisions to the Organic Law of the State Council on Monday, which include clauses stipulating that the council shall uphold the leadership of the ruling Chinese Communist Party and safeguard the centralized leadership of the Communist Party’s Central Committee led by Xi.

“Under the strong leadership of the Chinese Communist Party Central Committee with comrade Xi Jinping at its core, we must adhere to Xi Jinping Thought on Socialism with Chinese Characteristics for a New Era as our guide and unswervingly push forward the Chinese-style modernization,” Zhao Leji, the chairman of the Standing Committee of the National People’s Congress, said at the closing ceremony of the week-long meeting.

The amendments come after the Chinese Communist Party announced an abrupt cancellation of Premier Li Qiang’s annual press conference at the end of the week-long parliamentary meetings.

Some analysts told VOA that the latest amendments and Beijing’s decision to cancel the premier’s press conference, which had been part of the annual parliamentary meeting “Two Sessions” for more than three decades, are part of the Chinese leadership’s effort to redefine the state council’s role.

“As Xi tries to strengthen his power, the state council has been downgraded to an organization focusing on implementing policies,” Liu Dongshu, an expert on Chinese politics at the City University of Hong Kong, told VOA by phone.

He said the development would make the state council less influential in the Communist Party’s decision-making process and serve as a “big step for Xi” to consolidate his power. “In the past, the premier, who is the head of the state council, was seen as another big political figure in China, but now, it will no longer be the case,” Liu said.

Since most decision-making power is now concentrated in Xi under the newly adjusted political structure, some experts say this could affect the Chinese leadership’s decision-making efficiency.

[The Communist Party’s] “decision-making could become slower because everything needs to pass through Xi, but I suppose policy implementation might become faster since once an order gets into the hands of someone at the state council, they don’t have to think about it other than how to implement the order,” Ian Chong, a political scientist at the National University of Singapore, told VOA by phone.

As China faces persistent economic headwinds, Liu in Hong Kong said Beijing’s attempt to consolidate Xi’s power may hurt the quality of its policies and be counterproductive to its efforts to boost foreign investors’ confidence in the Chinese economy.

“I can’t imagine a very robust discussion about policymaking [taking place within the Communist Party since] Xi has such a dominant power,” he told VOA, adding that this development may reduce foreign investors’ confidence in China. “People will feel like China becomes more untransparent,” Liu said.

Doubling down on national security

In addition to consolidating Xi’s power by adjusting the role of the state council, China’s rubber-stamp parliament also vowed to adopt several security-related laws in 2024, which follows the trend in recent years.

China’s top lawmaker Zhao Leji said last Friday that Beijing would enact “an emergency management law and an energy law” while revising “the National Defense Education Law and Cybersecurity Law.”

The announcement comes after Beijing adopted revisions to the Law on Guarding State Secrets last month, which broadened the scope of information deemed as “work secrets.” Last year, China also revised the anti-espionage law, which gives Chinese authorities more power to punish what it views as threats to national security.

Some academics say the plan to adopt more security-related legislation follows Beijing’s efforts to expand the scope of national security since Xi Jinping came to power more than a decade ago, and it reflects lawmakers attempts to cope with the rising economic and social challenges.

“Very soon after Xi became general secretary, he pushed the idea of “overall national security,” [which means that] national security would encompass a full gamut of issues, from politics to social and economic affairs,” Dali Yang, an expert on Chinese politics at the University of Chicago, told VOA in a video interview.

He said the Chinese government has become very “security conscious” due to the economic headwinds and social challenges. “This past year, the Communist Party leadership decided to introduce a society work department into the Party’s Central Committee, [which reflects the government’s] increasing effort to be conscious of the challenges facing China’s society and economy,” Yang added.

Chong in Singapore said the Chinese government’s plan to double down on national security may have negative consequences for China’s sluggish economy and the looming demographic crisis. “The thing to remember is that securitization is not cost-free,” he told VOA.

“Someone must pay for it, and right now, it seems that the heavy securitization is putting a drain on the Chinese economy and innovation while discouraging investors,” Chong said, adding that the government’s growing emphasis on national security may also deter Chinese citizens from getting married or having children.

Since the wide range of challenges facing China will likely persist, Chong said it’s important to observe how the tension between the economy and Beijing’s emphasis on security plays out.

“Adjustment has to come from one direction or another if he [Xi] wants to achieve some of his plans because there is a risk that he could be stuck in a situation where he doesn’t fully realize either plan,” he told VOA.",William Yang,"East Asia, China News",2024-03-11,CONTROL_International_Womens_Strike_2017_2024,single,True,0,"In, The, To"
https://www.voanews.com/a/five-of-six-missing-skiers-found-dead-in-switzerland-police-say-/7522355.html,Voice Of America,"Five of Six Missing Skiers Found Dead in Switzerland, Police Say ","Five cross-country skiers who went missing during a ski tour in Switzerland were found dead, while a search was still on for the sixth skier, police said in a statement on Monday.

The skiers, five of them members of the same family, went missing around Tete Blanche mountain on Saturday on the Zermatt-Arolla path, near the Matterhorn mountain that straddles the border between Switzerland and Italy.

The bodies were discovered Sunday in Tete Blanche sector, police said.

The skiers were between the ages of 21 and 58, according to an earlier police statement. Five belonged to one family from the Valais canton, while a sixth person is from the canton of Fribourg.

Police did not reveal the identity of those who were found dead.

Zermatt is a popular mountain resort renowned for skiing and attracts tourists from around the world.",Reuters,Europe,2024-03-11,CONTROL_International_Womens_Strike_2017_2024,single,True,0,"In, The, To"
https://www.voanews.com/a/hospitalized-after-technical-problem-on-auckland-bound-flight-/7522326.html,Voice Of America,12 Hospitalized After Technical Problem on Auckland-Bound Flight ,"Twelve passengers were hospitalized Monday after a LATAM flight from Sydney to Auckland experienced a technical problem that caused a sudden jolt, the airline and first responders told AFP Monday.

At least one person was said to be in a serious condition after flight LA800 experienced difficulties over the Tasman Sea.

Passengers told local media that the plane quickly lost altitude, flinging those without their seatbelts on toward the ceiling.

A passenger told radio network RNZ that ""people flew through the air because they weren't wearing their seatbelts,""

""Some people got pretty injured. People were really scared as well"" the man said, his voice shaking.

A spokesperson for the Chile-based airline said ""a technical event during the flight"" had ""caused a strong movement.""

""The plane landed at Auckland Airport as scheduled"", they added.

It was not immediately clear what caused the incident.

Gerard Campbell of the St John New Zealand ambulance service said medics were made aware of the problem as the plane descended into New Zealand's largest city.

A phalanx of more than a dozen ambulances and other medical vehicles rushed to the scene to treat the wounded.

""Our ambulance crews assessed and treated approximately 50 patients, with one patient in a serious condition and the remainder in a moderate to minor condition"", said Campbell.

""Twelve patients were transported to hospital"" he said, after earlier putting the number at 13.

LATAM said the plane involved was a Boeing 787 Dreamliner.

US plane-maker Boeing has suffered a series of safety issues in recent years, including fatal Lion Air and Ethiopian Airline crashes on 737 MAX planes.

Boeing is still reeling from a near-catastrophic incident in January, when a fuselage panel on a Boeing 737 MAX 9 Alaska Airlines jet blew off mid-flight.

The airline said LATAM ""deeply regrets any inconvenience and discomfort this situation may have caused.""",Agence France-Presse,"East Asia, New Zealand, boeing",2024-03-11,CONTROL_International_Womens_Strike_2017_2024,single,True,0,"In, The, To"
https://www.voanews.com/a/palestinians-mark-ramadan-as-israeli-strikes-hit-gaza-strip/7522308.html,Voice Of America,Palestinians Mark Ramadan as Israeli Strikes Hit Gaza Strip,"As Palestinians marked the beginning of the Muslim holy month of Ramadan, Israel reported Monday carrying out attacks across the Gaza Strip.

The continued violence followed weeks of negotiations that included Egypt, the United States and Qatar to secure a new cease-fire between Israel and the militant group Hamas before Ramadan that would have included a release of hostages held by militants in Gaza and Israel setting free Palestinian prisoners.

Hamas negotiators said when departing talks in Cairo last week that cease-fire negotiations would resume this week.

Israel’s military said its operations included conducting airstrikes and ground attacks in Khan Younis and other areas of southern Gaza, as well as in central Gaza.

The health ministry in Gaza said Monday that 67 people had been killed in Israel’s offensive during the past day, with at least 31,112 killed since war began in October.

A U.S. Army ship is on its way to the Mediterranean Sea on to start construction of a temporary pier on the Gaza coastline to provide passage for more truckloads of humanitarian aid to famished Palestinians, but officials said it could be as long as two months before the facility is built and operating.

The eventual plan is for more food and medical supplies to be dispatched to the temporary pier in Gaza from nearby Cyprus after Israeli forces inspect the cargo to make sure no weaponry is included for Hamas militants.

The temporary pier is needed because Gaza has no port infrastructure and Gaza has been under an Israeli navy blockade since 2007, when Hamas took control of the enclave. There have been few direct sea arrivals since then.

A Spanish charity ship carrying food aid was expected to soon set sail from Cyprus. The nongovernmental group Open Arms said its vessel would carry 200 tons of food, which its partner, the U.S. charity World Central Kitchen, would then unload on the shores of Gaza where it had constructed a basic dock.

The conflict started October 7 with the shock Hamas terror attack on Israel that killed 1,200 people according to Israeli tallies and led to the capture of about 250 hostages.

The United Nations has warned that hundreds of thousands of Palestinians are starving and that the daily number of aid trucks entering Gaza by land over the past five months has been far below the 500 that entered daily before the war because of Israeli restrictions and security issues.

The U.S. Central Command and the Royal Jordanian Air Force conducted a combined humanitarian assistance airdrop into northern Gaza on Sunday, dropping more than 11,500 meal equivalents, as well as other food including rice, flour, pasta, and canned food into the territory.

But officials say the airdrops are insufficient to cover the vast food needs in Gaza. Five people were also killed days ago when a food pallet hit them.",VOA News,"Middle East, Gaza, ramadan, Hamas, gaza palestinians, Israel - Palestinians, Bombing of Gaza, israel gaza",2024-03-11,CONTROL_International_Womens_Strike_2017_2024,single,True,0,"In, The, To"
https://www.voanews.com/a/south-korea-deploys-military-public-doctors-to-strike-hit-hospitals/7522312.html,Voice Of America,"South Korea Deploys Military, Public Doctors to Strike-hit Hospitals","South Korea will start deploying military physicians and doctors from public health centers to strike-hit hospitals on Monday to help care for patients affected by the walkout of nearly 12,000 trainee doctors from 100 hospitals over government reform plans.

Twenty military surgeons along with 138 public health doctors will be assigned to 20 hospitals for four weeks, Health Minister Cho Kyoo-hong said at a meeting on Sunday.

The number of military physicians called on to help so far was only a small fraction of the roughly 2,400 military doctors, according to a defense ministry briefing.

The government has denied the walkout which started on Feb. 20 has caused a full-blown health crisis, but some hospitals have had to turn away patients and delay medical procedures.

As of Friday morning, nearly 12,000 protesting doctors at 100 hospitals had left their posts in a dispute over a government plan to increase medical school admissions, health ministry data showed, defying pressure from authorities to return to work.

South Korean authorities have been trying to coax the doctors to return to work by warning them that their medical licenses could be suspended but so far appear to have had little success with the tactic.

The health ministry said notices had been sent to more than 4,900 doctors as of Friday to instruct them that authorities could start suspending licenses if they did not explain their action.

Doctors who returned to work before the administrative measure to suspend licenses was complete would be ""given leniency,"" Cho told KBS Radio on Monday.

The government has the power to order doctors back to work if it deems there is a serious risk to lives and public health.

The government has said the plan to increase annual medical school admissions by 2,000 starting from 2025 is vital to remedy a shortage of doctors in one of the world's fastest-ageing societies.

The striking doctors argue that simply adding medical students will not address pay and work conditions, and could possibly exacerbate the problems.

Critics of the policy also accuse President Yoon Suk Yeol of picking a fight over medical reforms to benefit his party ahead of parliamentary elections in April.

A survey published last week by the Yonhap news agency found 84% of respondents supported adding more doctors, while 43% said striking physicians should be sternly punished.",Reuters,"East Asia, Science & Health, South Korea, south korea doctors strike",2024-03-11,CONTROL_International_Womens_Strike_2017_2024,single,True,0,"In, The, To"
https://www.voanews.com/a/ukraine-s-oscar-winning-director-says-he-would-exchange-award-for-no-war/7522299.html,Voice Of America,Ukraine's Oscar-Winning Director Says He Would Exchange Award for No War,"Ukrainian director Mstyslav Chernov, who on Sunday won the first Academy Award for his country for the ""20 Days in Mariupol"" documentary about the Russian siege of the port city, said he would rather have no Oscar and no war waged against his country.

Chernov, a video journalist for The Associated Press, shot the film during the first days of Russia's 2022 invasion in Ukraine when trapped in Mariupol with a team of journalists. On Sunday, the film won the Oscar for best documentary feature.

""This is the first Oscar in Ukrainian history, and I'm honored,"" Chernov said in a powerful acceptance speech to a standing ovation.

""But probably I will be the first director on this stage who will say I wish I never made this film. I wish to be able to exchange this to Russia never attacking Ukraine, never occupying our cities ... but I cannot change history. Cannot change the past.""

Mariupol became a byword for horror during a nearly three-month-long Russian siege of the strategic port city between March and May 2022, with trapped civilians forced to bury their dead by the roadside.

At least 8,000 people were killed by fighting or war-related causes during the siege, one of the biggest battles of the nearly two-year war between Russia and Ukraine, the Human Rights Watch said in February.

Two years on the war, which has killed thousands on both sides, displaced millions and turned Ukrainian cities into rubble, has no end in sight, with President Volodymyr Zelenskiy calling continuously on his Western allies to provide Kyiv with necessary military supplies.

""This is a humanitarian emergency, and a matter of supporting the civilians that are being attacked and being killed,"" Chernov said at a press conference after the awards.

""It's not my job to try to convince anyone of anything. Our job is to provide as much context and information as possible.""",Reuters,"Arts & Culture, Europe, Ukraine, oscars academy awards, Russian invasion of Ukraine, mariupol ukraine, ukraine, Mstyslav Chernov, 20 Days In Mariupol, 96th Academy Awards",2024-03-11,CONTROL_International_Womens_Strike_2017_2024,single,True,0,"In, The, To"
https://www.voanews.com/a/al-qaida-s-yemen-affiliate-announces-death-of-leader/7522253.html,Voice Of America,Al-Qaida’s Yemen Affiliate Announces Death of Leader,"Al-Qaida’s branch in Yemen announced the death of its leader Khalid al-Batarfi on Sunday.

An al-Qaida video did not give any details about al-Batarfi’s death but showed him wrapped in a funeral shroud and the militant group’s flag, according to the SITE Intelligence group.

The United States had offered a $5 million bounty for al-Batarfi, who had led al-Qaida in the Arabian Peninsula (AQAP) since February 2020.

The group named Saad bin Atef al-Awlaki, who has a $6 million U.S. bounty, as its new leader.

AQAP has long been seen as al-Qaida’s most dangerous offshoot and has carried out attacks such as the 2015 assault on the French satirical weekly Charlie Hebdo.

The leader before al-Batarfi, Qassim al-Rimi, was killed in a U.S. drone strike in response to a 2019 attack at a U.S. Navy site in Florida.",VOA News,"Middle East, Yemen, al qaida, al-qaida yemen, Khalid al-Batarfi",2024-03-11,CONTROL_International_Womens_Strike_2017_2024,single,True,0,"In, The, To"
https://www.voanews.com/a/list-of-oscar-winners/7522232.html,Voice Of America,List of Oscar Winners,"A list of winners at the Academy Awards on Sunday:

BEST PICTURE: “Oppenheimer”

BEST ACTRESS : Emma Stone, “Poor Things”

BEST ACTOR: Cillian Murphy, “Oppenheimer”

SUPPORTING ACTOR: Robert Downey Jr., “Oppenheimer”

SUPPORTING ACTRESS: Da’Vine Joy Randolph, “The Holdovers”

DIRECTOR: Christopher Nolan, “Oppenheimer”

LIVE ACTION SHORT FILM: “The Wonderful Story of Henry Sugar”

SOUND: “The Zone of Interest,” Tarn Willers and Johnnie Burn

ORIGINAL SCORE: “Oppenheimer,” Ludwig GÃ¶ransson

ORIGINAL SONG: “What Was I Made For?” from “Barbie”

VISUAL EFFECTS: “Godzilla Minus One”

FILM EDITING: “Oppenheimer,” Jennifer Lame

DOCUMENTARY SHORT FILM: “The Last Repair Shop”

DOCUMENTARY FEATURE: “20 Days in Mariupol”

CINEMATOGRAPHY: “Oppenheimer,” Hoyte Van Hoytema

ANIMATED SHORT FILM: “WAR IS OVER! Inspired by the Music of John & Yoko”

ANIMATED FILM: “The Boy and the Heron”

ORIGINAL SCREENPLAY: “Anatomy of a Fall,” Justine Triet and Arthur Harari

ADAPTED SCREENPLAY: “American Fiction,” Cord Jefferson

MAKEUP AND HAIRSTYLING: “Poor Things,” Nadia Stacey, Mark Coulier and Josh Weston

PRODUCTION DESIGN: “Poor Things,” James Price, Shona Heath and Zsuzsa Mihalek

COSTUME DESIGN: “Poor Things,” Holly Waddington

INTERNATIONAL FEATURE FILM: “The Zone of Interest” (United Kingdom)",Associated Press,"Arts & Culture, 96th Academy Awards",2024-03-11,CONTROL_International_Womens_Strike_2017_2024,single,True,0,"In, The, To"
https://www.voanews.com/a/christopher-nolan-wins-at-oscars-where-oppenheimer-is-dominating/7522193.html,Voice Of America,"'Oppenheimer' wins best picture at Academy Awards, Emma Stone takes best actress","“Oppenheimer,” a solemn three-hour biopic that became an unlikely billion-dollar box-office sensation, was crowned best picture at a 96th Academy Awards that doubled as a coronation for Christopher Nolan.

After passing over arguably Hollywood’s foremost big-screen auteur for years, the Oscars made up for lost time by heaping seven awards on Nolan’s blockbuster biopic, including best actor for Cillian Murphy, best supporting actor for Robert Downey Jr. and best director for Nolan.

In anointing “Oppenheimer,” the Academy of Motion Pictures Arts and Sciences did something it hasn’t done for more than a decade: hand its top prize to a widely seen, big-budget studio film. In a film industry where a cape, dinosaur or Tom Cruise has often been a requirement for such box office, “Oppenheimer” brought droves of moviegoers to theaters with a complex, fission-filled drama about J. Robert Oppenheimer and the creation of the atomic bomb.

“For better or worse, we’re all living in Robert Oppenheimer’s world,"" said Murphy in his acceptance speech. ""I’d like to dedicate this to the peacemakers.”

As a film heavy with unease for human capacity for mass destruction, “Oppenheimer” also emerged – even over its partner in cultural phenomenon, “Barbie” – as a fittingly foreboding film for times rife with cataclysm, man-made or not. Sunday’s Oscars at the Dolby Theatre in Los Angeles unfolded against the backdrop of wars in Gaza and Ukraine, and with a potentially momentous U.S. election on the horizon.

The most closely watched contest of the Academy Awards went to Emma Stone, who won best best actress for her performance as Bella Baxter in “Poor Things.”

In what was seen as the night’s most nail-biting category, Stone won over Lily Gladstone of “Killers of the Flower Moon.” Gladstone would have become the first Native American to win an Academy Award.

Instead, Oscar voters couldn’t resist the full-bodied extremes of Stone’s “Poor Things” performance. The win for Stone, her second best actress Oscar following her 2019 win for “La La Land,” confirmed the 35-year-old as arguably the preeminent big-screen actress of her generation. The list of women to win best actress two or more times is illustrious, including Katherine Hepburn, Frances McDormand, Ingrid Bergman and Bette Davis.

“Oh, boy, this is really overwhelming,” said Stone. Nolan has had many movies in the Oscar mix before, including “Inception,” “Dunkirk” and “The Dark Knight.” But his win Sunday for direction is the first Academy Award for the 53-year-old filmmaker.

In his acceptance speech, Nolan noted cinema is just over a hundred years old. “We don’t know where this incredible journey is going from here,” said Nolan. “But to think that I’m a meaningful part of it means the world to me.”

Protest and politics intruded on an election-year Academy Awards on Sunday, where demonstrations for Gaza raged outside the Dolby Theatre in Los Angeles, and awards went to “Oppenheimer,” “The Zone of Interest” and “20 Days in Mariupol.”

Sunday's broadcast, hosted by Jimmy Kimmel, had plenty of razzle dazzle, including a sprawling song-and-dance rendition of the “Barbie” hit “I'm Just Ken” by Ryan Gosling, with an assist on guitar by Slash. A sea of Kens swarmed the stage.

The lead winner, as expected was “Oppenheimer,” the blockbuster biopic. Though not quite the clean sweep that some expected, “Oppenheimer” was overpowering all competition — including its release-date companion, “Barbie” — winning awards for its cinematography, editing, score and Robert Downey Jr.'s supporting performance.

Downey, nominated twice before (for “Chaplin” and “Tropic Thunder”), notched his first Oscar, crowning the illustrious second act of his up-and-down career.

“I’d like to thank my terrible childhood and the academy, in that order,” said Downey, the son of filmmaker Robert Downey Sr.

“Barbie,” last year’s biggest box-office hit with more than $1.4 billion in ticket sales, didn’t win an award until almost three hours into the ceremony. It won best song (sorry, Ken) for Billie Eilish and Finneas’ “What Was I Made For?” It’s their second Oscar, two years after winning for their James Bond theme, “No Time to Die.”

But after an awards season that stayed largely inside a Hollywood bubble, geopolitics played a prominent role. Protests over Israel’s war in Gaza snarled traffic around the Dolby Theatre in Los Angeles, slowing stars’ arrival on the red carpet and turning the Oscar spotlight toward the ongoing conflict. Some protesters shouted “Shame!” at those trying to reach the awards.

Jonathan Glazer, the British filmmaker whose chilling Auschwitz drama “The Zone of Interest” won best international film, drew connections between the dehumanization depicted in his film and today.

“Right now, we stand here as men who refute their Jewishness and the Holocaust being hijacked by an occupation which has led to conflict for so many innocent people, whether the victims of October the 7th in Israel, or the the ongoing attack on Gaza, all the victims, this dehumanization, how do we resist?” The war in Gaza was on the minds of many attendees, as was the war in Ukraine. A year after “Navalny” won the same award, Mstyslav Chernov’s “20 Days in Mariupol,” a harrowing chronicle of the early days of Russia’s invasion of Ukraine, won best documentary. The win, a first for The Associated Press and PBS’ “Frontline,” came as the war in Ukraine passed the two-year mark with no signs of abating.

Mstyslav Chernov, the Ukrainian filmmaker and AP journalist whose hometown was bombed the day he learned of his Oscar nomination, spoke forcefully about Russia's invasion.

""This is the first Oscar in Ukrainian history,"" said Chernov. “And I'm honored. Probably I will be the first director on this stage to say I wish I’d never made this film. I wish to be able to exchange this (for) Russia never attacking Ukraine.”

In the early going, Yorgos Lanthimos’ Frankenstein-riff “Poor Things” ran away with three prizes for its sumptuous craft, including awards for production design, makeup and hairstyling and costume design.

Kimmel, hosting the ABC telecast for the fourth time, opened the awards with a monologue that drew a few cold looks (from Downey, Sandra Hüller and Messi, the dog from best-picture nominee “Anatomy of a Fall”). But Kimmel, emphasizing Hollywood as “a union town” following 2023's actor and writer strikes, drew a standing ovation for bringing out teamsters and behind-the-scenes workers — who are now entering their own labor negotiations.

The night's first award was one of its most predictable: Da'Vine Joy Randolph for best supporting actress, for her performance in Alexander Payne's “The Holdovers.” An emotional Randolph was accompanied to the stage by her “Holdovers” co-star Paul Giamatti. “For so long I've always wanted to be different,” said Randolph. ""And now I realize I just need to be myself.""

Though Randolph’s win was widely expected, an upset quickly followed. Hayao Miyazaki’s “The Boy and the Heron” won for best animated feature, a surprise over the slightly favored “Spider-Man: Across the Spider-Verse.” Miyazaki, the 83-year-old Japanese anime master who came out of retirement to make “The Boy and the Heron,” didn’t attend the ceremony. He also didn’t attend the 2003 Oscars when his “Spirited Away” won the same award.

Best original screenplay went to “Anatomy of a Fall,” which, like “Barbie,"" was penned by a couple: director Justine Triet and Arthur Harari. “This will help me through my midlife crisis, I think,"" said Triet.

In adapted screenplay, where “Barbie” was nominated — and where some suspected Greta Gerwig would win after being overlooked for director — the Oscar went to Cord Jefferson, who wrote and directed his feature film debut “American Fiction.” He pleaded for executives to take risks on young filmmakers like himself. “Instead of making a $200 million movie, try making 20 $10 million movies,” said Jefferson, previously an award-winning TV writer.

The Oscars belonged largely to theatrical-first films. Though it came into the awards with 19 nominations, Netflix was a bit player. Its lone win came for live action short: Wes Anderson's “The Wonderful Story of Henry Sugar,” based on the story by Roald Dahl.

While “Barbie” bested (and helped lift) “Oppenheimer” at the box office, it took a back seat to Nolan’s film at the Oscars. Gerwig was notably overlooked for best director, sparking an outcry that some, even Hillary Clinton, said mimicked the patriarchy parodied in the film.",Associated Press,"USA, Arts & Culture, Hollywood, movies, Oscars, academy award, 96th Academy Awards",2024-03-11,CONTROL_International_Womens_Strike_2017_2024,single,True,0,"In, The, To"
https://www.voanews.com/a/sacred-job-iraq-kurds-digitize-books-to-save-threatened-culture/7522163.html,Voice Of America,'Sacred Job' Iraq Kurds Digitize Books to Save Threatened Culture,"Huddled in the back of a van, Rebin Pishtiwan carefully scans one yellowed page after another, as part of his mission to digitize historic Kurdish books at risk of disappearing.

Seen as the world's largest stateless people, the Kurds are an ethnic group of between 25 million and 35 million mostly spread across modern-day Iraq, Iran, Syria and Turkey.

In Iraq, the Kurds are a sizeable minority who have been persecuted, with thousands killed under the rule of late dictator Saddam Hussein and many of their historic documents lost or destroyed.

""Preserving the culture and history of Kurdistan is a sacred job,"" said Pishtiwan, perusing volumes and manuscripts from Dohuk city's public library in Iraq's northern autonomous Kurdistan region.

""We aim to digitize old books that are rare and vulnerable, so they don't vanish,"" the 23-year-old added, a torn memoir of a Kurdish teacher published in 1960 in hand.

In Iraq, the Kurdish language was mostly marginalized until the Kurds' autonomous region in the north won greater freedom after Saddam Hussein's defeat in the 1990-1991 Gulf War.

After the U.S.-led invasion of 2003 toppled the dictator, remaining documents were scattered among libraries and universities or held in private collections.

Once a week, Pishtiwan and his two colleagues journey in their small white van from the regional capital Irbil to other Kurdish towns and cities to find ""rare and old"" books.

They seek texts that offer insights into Kurdish life, spanning centuries and dialects.

In Dohuk's library, the archiving team scours the wooden bookshelves for hidden gems.

With the help of the library's manager, they carefully gather an assortment of more than 35 books of poetry, politics, language and history, written in several Kurdish dialects and some in Arabic.

Pishtiwan holds up a book of old Kurdish folk stories named after 16th-century Kurdish princess Xanzad, before gently flipping through the fragile pages of another religious volume, tracing the calligraphy with his fingers.

Back in the van, equipped with two devices connected to a screen, the small team starts the hourslong scanning process before returning the books to the library.

In the absence of an online archive, the Kurdistan Center for Arts and Culture, a nonprofit founded by the nephew of regional President Nechirvan Barzani, launched the digitization project in July.

They hope to make the texts available to the public for free on the KCAC's new website in April.

More than 950 items have been archived so far, including a collection of manuscripts from the Kurdish Baban principality in today's Sulaimaniyah region that dates back to the 1800s.

""The aim is to provide primary sources for Kurdish readers and researchers,"" KCAC executive director Mohammed Fatih said. ""This archive will be the property of all Kurds to use and to help advance our understanding of ourselves.""

Dohuk library manager Masoud Khalid gave the KCAC team access to the manuscripts and documents gathering dust on its shelves, but the team was unable to secure permission from the owners of some of the documents to digitize them immediately.

""We have books that were printed a long time ago — their owners or writers passed away — and publishing houses will not reprint them,"" Khalid said.

Digitizing the collection means that ""if we want to open an electronic library, our books will be ready,"" the 55-year-old added.

Hana Kaki Hirane, imam at a mosque in the town of Hiran, unveiled a treasure to the KCAC team — several generations-old manuscripts from a religious school established in the 1700s.

Since its founding, the school has collected manuscripts, but many were destroyed during the first war pitting the Kurds against the Iraqi state between 1961 and 1970, said Hirane.

""Only 20 manuscripts remain today,"" including centuries-old poems, said the imam.

He is now waiting for the KCAC website launch in April to refer people to view the manuscripts.

""It is time to take them out and make them available for everyone,” he said.",Agence France-Presse,"Middle East, Arts & Culture, Iraq, kurdistan, iraqi kurds, iraq kurds, kurdish culture, iraq kurdish region",2024-03-11,CONTROL_International_Womens_Strike_2017_2024,single,True,0,"In, The, To"
https://www.voanews.com/a/ethiopia-s-tigray-region-is-now-peaceful-but-extreme-hunger-afflicts-its-children/7522188.html,Voice Of America,"Ethiopia's Tigray Region Is Now Peaceful, But Extreme Hunger Afflicts Its Children","The cruel realities of war and drought seem to have merged for Tinseu Hiluf, a widow living in the arid depths of Ethiopia's Tigray region who is raising four children left behind by her sister's recent death in childbirth.

A two-year war between federal troops and regional forces killed one of her own sons, the rest of whom are already adults. And now, a lack of food stemming from the region's drought has left the youngest of the children she is raising malnourished.

She tries to forage seeds among the scarce greenery of the desert's yellow, rocky landscape. But she recently resorted to traveling to the nearby Finarwa health center in southeastern Tigray to try to keep the 1-year-old baby alive.

""When hungry, we eat anything from the desert,"" she said. ""Otherwise, nothing.""

She joined several other mothers seeking help at the center in the remote administrative area of Nebar Hadnet. A mother of five complained that she had no breastmilk for her eight-month-old baby. Another with 1-year-old twins said she needed sachets of baby food to keep ""my babies alive.""

Tigray is now peaceful, but war's effects linger, compounded by drought and a level of aid mismanagement that caused the U.N. and the U.S. to temporarily suspend deliveries last year.

Once-lush fields lie barren. Mothers, faces etched with worry, watch helplessly as their children weaken from malnutrition. Nearly 400 people died of starvation in Tigray and the neighboring Amhara region in the six months leading to January, the national ombudsman revealed in January, a rare admission of hunger-related deaths by a federal government.

Most of those deaths were recorded in Tigray, home to 5.5 million people.

Until the signing of a peace agreement in November 2022, the region was the scene of a deadly war between federal troops and forces loyal to the region's now-ousted ruling party. But months after the end of the conflict, the U.N. and the U.S. halted food aid for Tigray because of a massive scheme by Ethiopian officials to steal humanitarian grain.

An inadequate growing season followed.

Persistent insecurity meant only 49% of Tigray's farmland was planted during the main planting season last year, according to an assessment by U.N. agencies, NGOs and the regional authorities, and seen by the AP. Crop production in these areas was only 37% of the expected total because of drought. In some areas the proportion was as low as 2%, that assessment said.

The poor harvest prompted Tigray's authorities to warn of an ""unfolding famine"" that could match the famine of 1984-5, which killed hundreds of thousands of people across northern Ethiopia, unless the aid response was scaled up. Food deliveries to Tigray in the second half of last year, but only a small fraction of needy people in Tigray are receiving food aid, humanitarian workers say.

Finarwa, a farming community of about 13,000 people, is among the worst-hit places.

The town's health center still has war-damaged equipment and some of its rooms appear abandoned. Tadesse Mehari, the officer in charge of the clinic, said the lack of food at homes in the community has forced children to flee and beg in nearby towns.

""Nothing here to eat. So, for the sake of getting food and to save their lives, they are displaced anywhere, far from here,"" he said. ""So, in this area, a lot of people are suffering. They are starved. They are dying due to the absence of food.""

Some local leaders, feeling helpless, have been turning their own people away

Hayale Gebrekedian, a Nebar Hadnet district leader for five years, listened to the pleas of villagers who streamed into his office one recent afternoon. A widow named Serawit Wolde with 10 children was in tears as she recounted that five of them were falling ill from hunger.

""Please, any help,"" she told Hayale.

Hayale told the woman he had nothing to give. ""There simply isn't any (food),"" he said.

Hayale later told the AP, ""This place used to be a source of hope, even for those displaced by the war. We had enough for everyone, but now we can't even feed ourselves.""

""The war took everything,"" he said. There's nothing left.""

Havale said access to water was an additional challenge. Of the 25 wells that once sustained the community and its animals, only five remained functional. People now trek for over an hour and a half to access water, he said.

The region's drought has meant that some areas that usually get about 60 days of rain during the rainy season have seen only a few.

Some farmers aren't giving up.

Haile Gebre Kirstos, 70, continued to plough his parched land and plant sorghum in a village in Messebo, although rain fell ""only two days during the last rainy season,"" he said.

Once lush and teeming with livestock, the land is now a barren expanse, yet he remained hopeful even after the failure of the previous harvest.

Although the plowing usually doesn't begin until the rainy season in May or June, this year he started the work early, driven by extreme need. He spoke of farmers who have sold their oxen and farming tools to feed their families.

For him, the memory of the 1980s famine is haunting. ""It affected the entire region then,"" he said. ""Now, in some districts, it's either as bad as the 1980s, or even worse.""",Associated Press,"Africa, Ethiopia, famine, Africa hunger, UN ETHIOPIA HUNGER, ETHIOPIA TIGRAY FOOD AID, ETHIOPIA TIGRAY AID MALNUTRITION",2024-03-11,CONTROL_International_Womens_Strike_2017_2024,single,True,0,"In, The, To"
